{
  "iteration": 22,
  "question_id": "index_21",
  "status": "SUCCESS",
  "n_chains_requested": 16,
  "n_chains_completed_stream_with_content": 16,
  "n_chains_completed_stream_for_voting": 16,
  "error_chains_count": 0,
  "prompt_len": 586,
  "correct_answer_reference": "63",
  "individual_answers": [
    "63",
    "63",
    "63",
    "63",
    "63",
    "63",
    "63",
    "63",
    "63",
    "63",
    "63",
    "85 + 24\\sqrt{2}",
    "63",
    "63",
    "63",
    "63"
  ],
  "voted_answer": "63",
  "final_score": 1,
  "avg_kv_cache_usage": 0.27254494245508604,
  "max_kv_cache_usage": 0.5592916386460435,
  "processing_duration_sec": 549.0269746780396,
  "usage_aggregated": {
    "prompt_tokens": 135,
    "total_completion_tokens_across_all_requested_chains": 188584,
    "total_reasoning_tokens_counted": 182845,
    "total_non_reasoning_tokens_counted": 5707,
    "total_tokens_usage": 188719
  },
  "chains_for_voting_details": [
    {
      "chain_index": 1,
      "finish_reason": "stop",
      "extracted_answer": "63",
      "prompt_tokens": 135,
      "completion_tokens": 16949,
      "reasoning_tokens_counted": 16774,
      "non_reasoning_tokens_counted": 173
    },
    {
      "chain_index": 2,
      "finish_reason": "stop",
      "extracted_answer": "63",
      "prompt_tokens": 135,
      "completion_tokens": 21523,
      "reasoning_tokens_counted": 21508,
      "non_reasoning_tokens_counted": 13
    },
    {
      "chain_index": 3,
      "finish_reason": "stop",
      "extracted_answer": "63",
      "prompt_tokens": 135,
      "completion_tokens": 12007,
      "reasoning_tokens_counted": 11580,
      "non_reasoning_tokens_counted": 425
    },
    {
      "chain_index": 4,
      "finish_reason": "stop",
      "extracted_answer": "63",
      "prompt_tokens": 135,
      "completion_tokens": 8401,
      "reasoning_tokens_counted": 7802,
      "non_reasoning_tokens_counted": 597
    },
    {
      "chain_index": 5,
      "finish_reason": "stop",
      "extracted_answer": "63",
      "prompt_tokens": 135,
      "completion_tokens": 10243,
      "reasoning_tokens_counted": 9870,
      "non_reasoning_tokens_counted": 371
    },
    {
      "chain_index": 6,
      "finish_reason": "stop",
      "extracted_answer": "63",
      "prompt_tokens": 135,
      "completion_tokens": 14359,
      "reasoning_tokens_counted": 14282,
      "non_reasoning_tokens_counted": 75
    },
    {
      "chain_index": 7,
      "finish_reason": "stop",
      "extracted_answer": "63",
      "prompt_tokens": 135,
      "completion_tokens": 10582,
      "reasoning_tokens_counted": 10143,
      "non_reasoning_tokens_counted": 437
    },
    {
      "chain_index": 8,
      "finish_reason": "stop",
      "extracted_answer": "63",
      "prompt_tokens": 135,
      "completion_tokens": 9498,
      "reasoning_tokens_counted": 8921,
      "non_reasoning_tokens_counted": 575
    },
    {
      "chain_index": 9,
      "finish_reason": "stop",
      "extracted_answer": "63",
      "prompt_tokens": 135,
      "completion_tokens": 12960,
      "reasoning_tokens_counted": 12483,
      "non_reasoning_tokens_counted": 475
    },
    {
      "chain_index": 10,
      "finish_reason": "stop",
      "extracted_answer": "63",
      "prompt_tokens": 135,
      "completion_tokens": 7849,
      "reasoning_tokens_counted": 7773,
      "non_reasoning_tokens_counted": 74
    },
    {
      "chain_index": 11,
      "finish_reason": "stop",
      "extracted_answer": "63",
      "prompt_tokens": 135,
      "completion_tokens": 12213,
      "reasoning_tokens_counted": 11724,
      "non_reasoning_tokens_counted": 487
    },
    {
      "chain_index": 12,
      "finish_reason": "stop",
      "extracted_answer": "85 + 24\\sqrt{2}",
      "prompt_tokens": 135,
      "completion_tokens": 17073,
      "reasoning_tokens_counted": 16818,
      "non_reasoning_tokens_counted": 253
    },
    {
      "chain_index": 13,
      "finish_reason": "stop",
      "extracted_answer": "63",
      "prompt_tokens": 135,
      "completion_tokens": 7943,
      "reasoning_tokens_counted": 7595,
      "non_reasoning_tokens_counted": 346
    },
    {
      "chain_index": 14,
      "finish_reason": "stop",
      "extracted_answer": "63",
      "prompt_tokens": 135,
      "completion_tokens": 7335,
      "reasoning_tokens_counted": 6686,
      "non_reasoning_tokens_counted": 647
    },
    {
      "chain_index": 15,
      "finish_reason": "stop",
      "extracted_answer": "63",
      "prompt_tokens": 135,
      "completion_tokens": 9897,
      "reasoning_tokens_counted": 9220,
      "non_reasoning_tokens_counted": 675
    },
    {
      "chain_index": 16,
      "finish_reason": "stop",
      "extracted_answer": "63",
      "prompt_tokens": 135,
      "completion_tokens": 9752,
      "reasoning_tokens_counted": 9666,
      "non_reasoning_tokens_counted": 84
    }
  ],
  "error_chain_details": []
}