{
  "iteration": 16,
  "question_id": "index_15",
  "status": "SUCCESS",
  "n_chains_requested": 16,
  "n_chains_completed_stream_with_content": 16,
  "n_chains_completed_stream_for_voting": 16,
  "error_chains_count": 0,
  "prompt_len": 533,
  "correct_answer_reference": "6300",
  "individual_answers": [
    "11516",
    "18928",
    "225",
    "19800",
    "450",
    "8568",
    "24475",
    "9009",
    "6525",
    "18928",
    "4050",
    "900",
    "5400",
    "5850",
    "18928",
    "225"
  ],
  "voted_answer": "18928",
  "final_score": 0,
  "avg_kv_cache_usage": 0.5037920340932923,
  "max_kv_cache_usage": 0.949861764925652,
  "processing_duration_sec": 568.4809534549713,
  "usage_aggregated": {
    "prompt_tokens": 114,
    "total_completion_tokens_across_all_requested_chains": 260209,
    "total_reasoning_tokens_counted": 254052,
    "total_non_reasoning_tokens_counted": 6125,
    "total_tokens_usage": 260323
  },
  "chains_for_voting_details": [
    {
      "chain_index": 1,
      "finish_reason": "stop",
      "extracted_answer": "11516",
      "prompt_tokens": 114,
      "completion_tokens": 18084,
      "reasoning_tokens_counted": 17624,
      "non_reasoning_tokens_counted": 458
    },
    {
      "chain_index": 2,
      "finish_reason": "stop",
      "extracted_answer": "18928",
      "prompt_tokens": 114,
      "completion_tokens": 17717,
      "reasoning_tokens_counted": 17423,
      "non_reasoning_tokens_counted": 292
    },
    {
      "chain_index": 3,
      "finish_reason": "stop",
      "extracted_answer": "225",
      "prompt_tokens": 114,
      "completion_tokens": 18101,
      "reasoning_tokens_counted": 17867,
      "non_reasoning_tokens_counted": 232
    },
    {
      "chain_index": 4,
      "finish_reason": "stop",
      "extracted_answer": "19800",
      "prompt_tokens": 114,
      "completion_tokens": 14402,
      "reasoning_tokens_counted": 13926,
      "non_reasoning_tokens_counted": 474
    },
    {
      "chain_index": 5,
      "finish_reason": "stop",
      "extracted_answer": "450",
      "prompt_tokens": 114,
      "completion_tokens": 7953,
      "reasoning_tokens_counted": 7517,
      "non_reasoning_tokens_counted": 434
    },
    {
      "chain_index": 6,
      "finish_reason": "stop",
      "extracted_answer": "8568",
      "prompt_tokens": 114,
      "completion_tokens": 16513,
      "reasoning_tokens_counted": 16049,
      "non_reasoning_tokens_counted": 462
    },
    {
      "chain_index": 7,
      "finish_reason": "stop",
      "extracted_answer": "24475",
      "prompt_tokens": 114,
      "completion_tokens": 20699,
      "reasoning_tokens_counted": 20298,
      "non_reasoning_tokens_counted": 399
    },
    {
      "chain_index": 8,
      "finish_reason": "stop",
      "extracted_answer": "9009",
      "prompt_tokens": 114,
      "completion_tokens": 18523,
      "reasoning_tokens_counted": 18492,
      "non_reasoning_tokens_counted": 29
    },
    {
      "chain_index": 9,
      "finish_reason": "stop",
      "extracted_answer": "6525",
      "prompt_tokens": 114,
      "completion_tokens": 16509,
      "reasoning_tokens_counted": 16061,
      "non_reasoning_tokens_counted": 446
    },
    {
      "chain_index": 10,
      "finish_reason": "stop",
      "extracted_answer": "18928",
      "prompt_tokens": 114,
      "completion_tokens": 15214,
      "reasoning_tokens_counted": 14885,
      "non_reasoning_tokens_counted": 327
    },
    {
      "chain_index": 11,
      "finish_reason": "stop",
      "extracted_answer": "4050",
      "prompt_tokens": 114,
      "completion_tokens": 14613,
      "reasoning_tokens_counted": 14077,
      "non_reasoning_tokens_counted": 534
    },
    {
      "chain_index": 12,
      "finish_reason": "stop",
      "extracted_answer": "900",
      "prompt_tokens": 114,
      "completion_tokens": 9763,
      "reasoning_tokens_counted": 9456,
      "non_reasoning_tokens_counted": 305
    },
    {
      "chain_index": 13,
      "finish_reason": "stop",
      "extracted_answer": "5400",
      "prompt_tokens": 114,
      "completion_tokens": 16579,
      "reasoning_tokens_counted": 16002,
      "non_reasoning_tokens_counted": 575
    },
    {
      "chain_index": 14,
      "finish_reason": "stop",
      "extracted_answer": "5850",
      "prompt_tokens": 114,
      "completion_tokens": 19461,
      "reasoning_tokens_counted": 18977,
      "non_reasoning_tokens_counted": 482
    },
    {
      "chain_index": 15,
      "finish_reason": "stop",
      "extracted_answer": "18928",
      "prompt_tokens": 114,
      "completion_tokens": 19124,
      "reasoning_tokens_counted": 18685,
      "non_reasoning_tokens_counted": 437
    },
    {
      "chain_index": 16,
      "finish_reason": "stop",
      "extracted_answer": "225",
      "prompt_tokens": 114,
      "completion_tokens": 16954,
      "reasoning_tokens_counted": 16713,
      "non_reasoning_tokens_counted": 239
    }
  ],
  "error_chain_details": []
}