{
  "iteration": 4,
  "question_id": "index_3",
  "status": "SUCCESS",
  "n_chains_requested": 16,
  "n_chains_completed_stream_with_content": 16,
  "n_chains_completed_stream_for_voting": 16,
  "error_chains_count": 0,
  "prompt_len": 404,
  "correct_answer_reference": "-984",
  "individual_answers": [
    "-984",
    "4050",
    "2",
    "-985",
    "-984",
    "2",
    "3063",
    "-984",
    "-984",
    "-983",
    "-983",
    "3058",
    "-983",
    "-984",
    "2",
    "3063"
  ],
  "voted_answer": "-984",
  "final_score": 1,
  "avg_kv_cache_usage": 0.2955914867675529,
  "max_kv_cache_usage": 0.5920944481805275,
  "processing_duration_sec": 597.3432450294495,
  "usage_aggregated": {
    "prompt_tokens": 118,
    "total_completion_tokens_across_all_requested_chains": 200434,
    "total_reasoning_tokens_counted": 192015,
    "total_non_reasoning_tokens_counted": 8387,
    "total_tokens_usage": 200552
  },
  "chains_for_voting_details": [
    {
      "chain_index": 1,
      "finish_reason": "stop",
      "extracted_answer": "-984",
      "prompt_tokens": 118,
      "completion_tokens": 14235,
      "reasoning_tokens_counted": 13764,
      "non_reasoning_tokens_counted": 469
    },
    {
      "chain_index": 2,
      "finish_reason": "stop",
      "extracted_answer": "4050",
      "prompt_tokens": 118,
      "completion_tokens": 23402,
      "reasoning_tokens_counted": 23291,
      "non_reasoning_tokens_counted": 109
    },
    {
      "chain_index": 3,
      "finish_reason": "stop",
      "extracted_answer": "2",
      "prompt_tokens": 118,
      "completion_tokens": 10927,
      "reasoning_tokens_counted": 10670,
      "non_reasoning_tokens_counted": 255
    },
    {
      "chain_index": 4,
      "finish_reason": "stop",
      "extracted_answer": "-985",
      "prompt_tokens": 118,
      "completion_tokens": 15561,
      "reasoning_tokens_counted": 15491,
      "non_reasoning_tokens_counted": 68
    },
    {
      "chain_index": 5,
      "finish_reason": "stop",
      "extracted_answer": "-984",
      "prompt_tokens": 118,
      "completion_tokens": 9159,
      "reasoning_tokens_counted": 8591,
      "non_reasoning_tokens_counted": 566
    },
    {
      "chain_index": 6,
      "finish_reason": "stop",
      "extracted_answer": "2",
      "prompt_tokens": 118,
      "completion_tokens": 22428,
      "reasoning_tokens_counted": 22325,
      "non_reasoning_tokens_counted": 101
    },
    {
      "chain_index": 7,
      "finish_reason": "stop",
      "extracted_answer": "3063",
      "prompt_tokens": 118,
      "completion_tokens": 9171,
      "reasoning_tokens_counted": 8268,
      "non_reasoning_tokens_counted": 901
    },
    {
      "chain_index": 8,
      "finish_reason": "stop",
      "extracted_answer": "-984",
      "prompt_tokens": 118,
      "completion_tokens": 7747,
      "reasoning_tokens_counted": 7051,
      "non_reasoning_tokens_counted": 694
    },
    {
      "chain_index": 9,
      "finish_reason": "stop",
      "extracted_answer": "-984",
      "prompt_tokens": 118,
      "completion_tokens": 12102,
      "reasoning_tokens_counted": 11647,
      "non_reasoning_tokens_counted": 453
    },
    {
      "chain_index": 10,
      "finish_reason": "stop",
      "extracted_answer": "-983",
      "prompt_tokens": 118,
      "completion_tokens": 10409,
      "reasoning_tokens_counted": 9900,
      "non_reasoning_tokens_counted": 507
    },
    {
      "chain_index": 11,
      "finish_reason": "stop",
      "extracted_answer": "-983",
      "prompt_tokens": 118,
      "completion_tokens": 6434,
      "reasoning_tokens_counted": 5409,
      "non_reasoning_tokens_counted": 1023
    },
    {
      "chain_index": 12,
      "finish_reason": "stop",
      "extracted_answer": "3058",
      "prompt_tokens": 118,
      "completion_tokens": 11127,
      "reasoning_tokens_counted": 10559,
      "non_reasoning_tokens_counted": 566
    },
    {
      "chain_index": 13,
      "finish_reason": "stop",
      "extracted_answer": "-983",
      "prompt_tokens": 118,
      "completion_tokens": 9917,
      "reasoning_tokens_counted": 9467,
      "non_reasoning_tokens_counted": 448
    },
    {
      "chain_index": 14,
      "finish_reason": "stop",
      "extracted_answer": "-984",
      "prompt_tokens": 118,
      "completion_tokens": 9225,
      "reasoning_tokens_counted": 8410,
      "non_reasoning_tokens_counted": 813
    },
    {
      "chain_index": 15,
      "finish_reason": "stop",
      "extracted_answer": "2",
      "prompt_tokens": 118,
      "completion_tokens": 19654,
      "reasoning_tokens_counted": 19014,
      "non_reasoning_tokens_counted": 638
    },
    {
      "chain_index": 16,
      "finish_reason": "stop",
      "extracted_answer": "3063",
      "prompt_tokens": 118,
      "completion_tokens": 8936,
      "reasoning_tokens_counted": 8158,
      "non_reasoning_tokens_counted": 776
    }
  ],
  "error_chain_details": []
}