{
  "iteration": 10,
  "question_id": "index_9",
  "status": "SUCCESS",
  "n_chains_requested": 16,
  "n_chains_completed_stream_with_content": 16,
  "n_chains_completed_stream_for_voting": 16,
  "error_chains_count": 0,
  "prompt_len": 523,
  "correct_answer_reference": "\\frac{-1+\\sqrt{17}}{2}, \\frac{-1-\\sqrt{17}}{2}",
  "individual_answers": [
    "\\dfrac{-1 - \\sqrt{17}}{2}",
    "\\frac{-13 - \\sqrt{97}}{2}",
    "\\dfrac{1 - \\sqrt{73}}{2}",
    "\\dfrac{-1 - \\sqrt{17}}{2}",
    "-3",
    "\\frac{-1 - \\sqrt{17}}{2}",
    "-5",
    "3",
    "-4",
    "2",
    "\\dfrac{1 - \\sqrt{73}}{2}",
    "\\frac{1 - \\sqrt{73}}{2}",
    "3",
    "-6",
    "\\dfrac{-1 - \\sqrt{17}}{2}",
    "-4"
  ],
  "voted_answer": "\\dfrac{-1 - \\sqrt{17}}{2}",
  "final_score": 0,
  "avg_kv_cache_usage": 0.5353301398729854,
  "max_kv_cache_usage": 0.8563102443398342,
  "processing_duration_sec": 729.6124284267426,
  "usage_aggregated": {
    "prompt_tokens": 141,
    "total_completion_tokens_across_all_requested_chains": 292175,
    "total_reasoning_tokens_counted": 283945,
    "total_non_reasoning_tokens_counted": 8198,
    "total_tokens_usage": 292316
  },
  "chains_for_voting_details": [
    {
      "chain_index": 1,
      "finish_reason": "stop",
      "extracted_answer": "\\dfrac{-1 - \\sqrt{17}}{2}",
      "prompt_tokens": 141,
      "completion_tokens": 9676,
      "reasoning_tokens_counted": 9117,
      "non_reasoning_tokens_counted": 557
    },
    {
      "chain_index": 2,
      "finish_reason": "stop",
      "extracted_answer": "\\frac{-13 - \\sqrt{97}}{2}",
      "prompt_tokens": 141,
      "completion_tokens": 21219,
      "reasoning_tokens_counted": 20303,
      "non_reasoning_tokens_counted": 914
    },
    {
      "chain_index": 3,
      "finish_reason": "stop",
      "extracted_answer": "\\dfrac{1 - \\sqrt{73}}{2}",
      "prompt_tokens": 141,
      "completion_tokens": 15137,
      "reasoning_tokens_counted": 14807,
      "non_reasoning_tokens_counted": 328
    },
    {
      "chain_index": 4,
      "finish_reason": "stop",
      "extracted_answer": "\\dfrac{-1 - \\sqrt{17}}{2}",
      "prompt_tokens": 141,
      "completion_tokens": 13456,
      "reasoning_tokens_counted": 12745,
      "non_reasoning_tokens_counted": 709
    },
    {
      "chain_index": 5,
      "finish_reason": "stop",
      "extracted_answer": "-3",
      "prompt_tokens": 141,
      "completion_tokens": 4181,
      "reasoning_tokens_counted": 4039,
      "non_reasoning_tokens_counted": 140
    },
    {
      "chain_index": 6,
      "finish_reason": "stop",
      "extracted_answer": "\\frac{-1 - \\sqrt{17}}{2}",
      "prompt_tokens": 141,
      "completion_tokens": 26185,
      "reasoning_tokens_counted": 25928,
      "non_reasoning_tokens_counted": 255
    },
    {
      "chain_index": 7,
      "finish_reason": "stop",
      "extracted_answer": "-5",
      "prompt_tokens": 141,
      "completion_tokens": 15194,
      "reasoning_tokens_counted": 15156,
      "non_reasoning_tokens_counted": 36
    },
    {
      "chain_index": 8,
      "finish_reason": "stop",
      "extracted_answer": "3",
      "prompt_tokens": 141,
      "completion_tokens": 16241,
      "reasoning_tokens_counted": 15637,
      "non_reasoning_tokens_counted": 602
    },
    {
      "chain_index": 9,
      "finish_reason": "stop",
      "extracted_answer": "-4",
      "prompt_tokens": 141,
      "completion_tokens": 25865,
      "reasoning_tokens_counted": 25267,
      "non_reasoning_tokens_counted": 596
    },
    {
      "chain_index": 10,
      "finish_reason": "stop",
      "extracted_answer": "2",
      "prompt_tokens": 141,
      "completion_tokens": 21137,
      "reasoning_tokens_counted": 20582,
      "non_reasoning_tokens_counted": 553
    },
    {
      "chain_index": 11,
      "finish_reason": "stop",
      "extracted_answer": "\\dfrac{1 - \\sqrt{73}}{2}",
      "prompt_tokens": 141,
      "completion_tokens": 24137,
      "reasoning_tokens_counted": 23400,
      "non_reasoning_tokens_counted": 735
    },
    {
      "chain_index": 12,
      "finish_reason": "stop",
      "extracted_answer": "\\frac{1 - \\sqrt{73}}{2}",
      "prompt_tokens": 141,
      "completion_tokens": 20515,
      "reasoning_tokens_counted": 19998,
      "non_reasoning_tokens_counted": 515
    },
    {
      "chain_index": 13,
      "finish_reason": "stop",
      "extracted_answer": "3",
      "prompt_tokens": 141,
      "completion_tokens": 12882,
      "reasoning_tokens_counted": 12361,
      "non_reasoning_tokens_counted": 519
    },
    {
      "chain_index": 14,
      "finish_reason": "stop",
      "extracted_answer": "-6",
      "prompt_tokens": 141,
      "completion_tokens": 18063,
      "reasoning_tokens_counted": 17331,
      "non_reasoning_tokens_counted": 730
    },
    {
      "chain_index": 15,
      "finish_reason": "stop",
      "extracted_answer": "\\dfrac{-1 - \\sqrt{17}}{2}",
      "prompt_tokens": 141,
      "completion_tokens": 22010,
      "reasoning_tokens_counted": 21377,
      "non_reasoning_tokens_counted": 631
    },
    {
      "chain_index": 16,
      "finish_reason": "stop",
      "extracted_answer": "-4",
      "prompt_tokens": 141,
      "completion_tokens": 26277,
      "reasoning_tokens_counted": 25897,
      "non_reasoning_tokens_counted": 378
    }
  ],
  "error_chain_details": []
}