{
  "iteration": 6,
  "question_id": "index_5",
  "status": "SUCCESS",
  "n_chains_requested": 16,
  "n_chains_completed_stream_with_content": 16,
  "n_chains_completed_stream_for_voting": 16,
  "error_chains_count": 0,
  "prompt_len": 370,
  "correct_answer_reference": "\\frac{1311}{2017}",
  "individual_answers": [
    "\\dfrac{1311}{2017}",
    "\\dfrac{1311}{2017}",
    "\\dfrac{2025! - 2017}{2017 \\times 2025!}",
    "1 - \\dfrac{1}{2025!}",
    "\\dfrac{1}{2017}",
    "\\dfrac{1311}{2017}",
    "\\dfrac{1311}{2017}",
    "\\dfrac{1311}{2017}",
    "\\dfrac{1311}{2017}",
    "\\dfrac{1311}{2017}",
    "\\dfrac{1311}{2017}",
    "\\dfrac{1311}{2017}",
    "\\dfrac{1311}{2017}",
    "\\dfrac{1311}{2017}",
    "\\dfrac{1311}{2017}",
    "\\dfrac{1311}{2017}"
  ],
  "voted_answer": "\\dfrac{1311}{2017}",
  "final_score": 1,
  "avg_kv_cache_usage": 0.26193603777819857,
  "max_kv_cache_usage": 0.428155122169917,
  "processing_duration_sec": 385.4619708061218,
  "usage_aggregated": {
    "prompt_tokens": 108,
    "total_completion_tokens_across_all_requested_chains": 156850,
    "total_reasoning_tokens_counted": 145084,
    "total_non_reasoning_tokens_counted": 11734,
    "total_tokens_usage": 156958
  },
  "chains_for_voting_details": [
    {
      "chain_index": 1,
      "finish_reason": "stop",
      "extracted_answer": "\\dfrac{1311}{2017}",
      "prompt_tokens": 108,
      "completion_tokens": 7643,
      "reasoning_tokens_counted": 7006,
      "non_reasoning_tokens_counted": 635
    },
    {
      "chain_index": 2,
      "finish_reason": "stop",
      "extracted_answer": "\\dfrac{1311}{2017}",
      "prompt_tokens": 108,
      "completion_tokens": 15589,
      "reasoning_tokens_counted": 14806,
      "non_reasoning_tokens_counted": 781
    },
    {
      "chain_index": 3,
      "finish_reason": "stop",
      "extracted_answer": "\\dfrac{2025! - 2017}{2017 \\times 2025!}",
      "prompt_tokens": 108,
      "completion_tokens": 9850,
      "reasoning_tokens_counted": 9280,
      "non_reasoning_tokens_counted": 568
    },
    {
      "chain_index": 4,
      "finish_reason": "stop",
      "extracted_answer": "1 - \\dfrac{1}{2025!}",
      "prompt_tokens": 108,
      "completion_tokens": 9680,
      "reasoning_tokens_counted": 9001,
      "non_reasoning_tokens_counted": 677
    },
    {
      "chain_index": 5,
      "finish_reason": "stop",
      "extracted_answer": "\\dfrac{1}{2017}",
      "prompt_tokens": 108,
      "completion_tokens": 13848,
      "reasoning_tokens_counted": 13068,
      "non_reasoning_tokens_counted": 778
    },
    {
      "chain_index": 6,
      "finish_reason": "stop",
      "extracted_answer": "\\dfrac{1311}{2017}",
      "prompt_tokens": 108,
      "completion_tokens": 9482,
      "reasoning_tokens_counted": 8821,
      "non_reasoning_tokens_counted": 659
    },
    {
      "chain_index": 7,
      "finish_reason": "stop",
      "extracted_answer": "\\dfrac{1311}{2017}",
      "prompt_tokens": 108,
      "completion_tokens": 6000,
      "reasoning_tokens_counted": 5256,
      "non_reasoning_tokens_counted": 742
    },
    {
      "chain_index": 8,
      "finish_reason": "stop",
      "extracted_answer": "\\dfrac{1311}{2017}",
      "prompt_tokens": 108,
      "completion_tokens": 12325,
      "reasoning_tokens_counted": 11721,
      "non_reasoning_tokens_counted": 602
    },
    {
      "chain_index": 9,
      "finish_reason": "stop",
      "extracted_answer": "\\dfrac{1311}{2017}",
      "prompt_tokens": 108,
      "completion_tokens": 6921,
      "reasoning_tokens_counted": 6403,
      "non_reasoning_tokens_counted": 516
    },
    {
      "chain_index": 10,
      "finish_reason": "stop",
      "extracted_answer": "\\dfrac{1311}{2017}",
      "prompt_tokens": 108,
      "completion_tokens": 5136,
      "reasoning_tokens_counted": 4283,
      "non_reasoning_tokens_counted": 851
    },
    {
      "chain_index": 11,
      "finish_reason": "stop",
      "extracted_answer": "\\dfrac{1311}{2017}",
      "prompt_tokens": 108,
      "completion_tokens": 8099,
      "reasoning_tokens_counted": 7300,
      "non_reasoning_tokens_counted": 797
    },
    {
      "chain_index": 12,
      "finish_reason": "stop",
      "extracted_answer": "\\dfrac{1311}{2017}",
      "prompt_tokens": 108,
      "completion_tokens": 13509,
      "reasoning_tokens_counted": 12777,
      "non_reasoning_tokens_counted": 730
    },
    {
      "chain_index": 13,
      "finish_reason": "stop",
      "extracted_answer": "\\dfrac{1311}{2017}",
      "prompt_tokens": 108,
      "completion_tokens": 6378,
      "reasoning_tokens_counted": 5504,
      "non_reasoning_tokens_counted": 872
    },
    {
      "chain_index": 14,
      "finish_reason": "stop",
      "extracted_answer": "\\dfrac{1311}{2017}",
      "prompt_tokens": 108,
      "completion_tokens": 11074,
      "reasoning_tokens_counted": 10235,
      "non_reasoning_tokens_counted": 837
    },
    {
      "chain_index": 15,
      "finish_reason": "stop",
      "extracted_answer": "\\dfrac{1311}{2017}",
      "prompt_tokens": 108,
      "completion_tokens": 15025,
      "reasoning_tokens_counted": 14208,
      "non_reasoning_tokens_counted": 815
    },
    {
      "chain_index": 16,
      "finish_reason": "stop",
      "extracted_answer": "\\dfrac{1311}{2017}",
      "prompt_tokens": 108,
      "completion_tokens": 6291,
      "reasoning_tokens_counted": 5415,
      "non_reasoning_tokens_counted": 874
    }
  ],
  "error_chain_details": []
}