{
  "iteration": 5,
  "question_id": "index_4",
  "status": "SUCCESS",
  "n_chains_requested": 16,
  "n_chains_completed_stream_with_content": 16,
  "n_chains_completed_stream_for_voting": 16,
  "error_chains_count": 0,
  "prompt_len": 509,
  "correct_answer_reference": "890",
  "individual_answers": [
    "9000",
    "9000",
    "9000",
    "890",
    "9000",
    "9000",
    "890",
    "890",
    "890",
    "9000",
    "890",
    "9000",
    "890",
    "9000",
    "890",
    "9000"
  ],
  "voted_answer": "9000",
  "final_score": 0,
  "avg_kv_cache_usage": 0.15141640756002106,
  "max_kv_cache_usage": 0.3075543600089666,
  "processing_duration_sec": 238.40565419197083,
  "usage_aggregated": {
    "prompt_tokens": 138,
    "total_completion_tokens_across_all_requested_chains": 98206,
    "total_reasoning_tokens_counted": 90375,
    "total_non_reasoning_tokens_counted": 7799,
    "total_tokens_usage": 98344
  },
  "chains_for_voting_details": [
    {
      "chain_index": 1,
      "finish_reason": "stop",
      "extracted_answer": "9000",
      "prompt_tokens": 138,
      "completion_tokens": 1863,
      "reasoning_tokens_counted": 1515,
      "non_reasoning_tokens_counted": 346
    },
    {
      "chain_index": 2,
      "finish_reason": "stop",
      "extracted_answer": "9000",
      "prompt_tokens": 138,
      "completion_tokens": 5901,
      "reasoning_tokens_counted": 5479,
      "non_reasoning_tokens_counted": 420
    },
    {
      "chain_index": 3,
      "finish_reason": "stop",
      "extracted_answer": "9000",
      "prompt_tokens": 138,
      "completion_tokens": 3724,
      "reasoning_tokens_counted": 3340,
      "non_reasoning_tokens_counted": 382
    },
    {
      "chain_index": 4,
      "finish_reason": "stop",
      "extracted_answer": "890",
      "prompt_tokens": 138,
      "completion_tokens": 6492,
      "reasoning_tokens_counted": 5975,
      "non_reasoning_tokens_counted": 515
    },
    {
      "chain_index": 5,
      "finish_reason": "stop",
      "extracted_answer": "9000",
      "prompt_tokens": 138,
      "completion_tokens": 10825,
      "reasoning_tokens_counted": 10404,
      "non_reasoning_tokens_counted": 419
    },
    {
      "chain_index": 6,
      "finish_reason": "stop",
      "extracted_answer": "9000",
      "prompt_tokens": 138,
      "completion_tokens": 5430,
      "reasoning_tokens_counted": 4991,
      "non_reasoning_tokens_counted": 437
    },
    {
      "chain_index": 7,
      "finish_reason": "stop",
      "extracted_answer": "890",
      "prompt_tokens": 138,
      "completion_tokens": 8418,
      "reasoning_tokens_counted": 7886,
      "non_reasoning_tokens_counted": 530
    },
    {
      "chain_index": 8,
      "finish_reason": "stop",
      "extracted_answer": "890",
      "prompt_tokens": 138,
      "completion_tokens": 8272,
      "reasoning_tokens_counted": 7823,
      "non_reasoning_tokens_counted": 447
    },
    {
      "chain_index": 9,
      "finish_reason": "stop",
      "extracted_answer": "890",
      "prompt_tokens": 138,
      "completion_tokens": 7593,
      "reasoning_tokens_counted": 7093,
      "non_reasoning_tokens_counted": 498
    },
    {
      "chain_index": 10,
      "finish_reason": "stop",
      "extracted_answer": "9000",
      "prompt_tokens": 138,
      "completion_tokens": 3649,
      "reasoning_tokens_counted": 3111,
      "non_reasoning_tokens_counted": 536
    },
    {
      "chain_index": 11,
      "finish_reason": "stop",
      "extracted_answer": "890",
      "prompt_tokens": 138,
      "completion_tokens": 4797,
      "reasoning_tokens_counted": 4317,
      "non_reasoning_tokens_counted": 478
    },
    {
      "chain_index": 12,
      "finish_reason": "stop",
      "extracted_answer": "9000",
      "prompt_tokens": 138,
      "completion_tokens": 5814,
      "reasoning_tokens_counted": 5135,
      "non_reasoning_tokens_counted": 677
    },
    {
      "chain_index": 13,
      "finish_reason": "stop",
      "extracted_answer": "890",
      "prompt_tokens": 138,
      "completion_tokens": 5642,
      "reasoning_tokens_counted": 5187,
      "non_reasoning_tokens_counted": 453
    },
    {
      "chain_index": 14,
      "finish_reason": "stop",
      "extracted_answer": "9000",
      "prompt_tokens": 138,
      "completion_tokens": 5351,
      "reasoning_tokens_counted": 4716,
      "non_reasoning_tokens_counted": 633
    },
    {
      "chain_index": 15,
      "finish_reason": "stop",
      "extracted_answer": "890",
      "prompt_tokens": 138,
      "completion_tokens": 6570,
      "reasoning_tokens_counted": 6088,
      "non_reasoning_tokens_counted": 480
    },
    {
      "chain_index": 16,
      "finish_reason": "stop",
      "extracted_answer": "9000",
      "prompt_tokens": 138,
      "completion_tokens": 7865,
      "reasoning_tokens_counted": 7315,
      "non_reasoning_tokens_counted": 548
    }
  ],
  "error_chain_details": []
}