{
  "iteration": 18,
  "question_id": "index_17",
  "status": "SUCCESS",
  "n_chains_requested": 16,
  "n_chains_completed_stream_with_content": 16,
  "n_chains_completed_stream_for_voting": 16,
  "error_chains_count": 0,
  "prompt_len": 716,
  "correct_answer_reference": "\\frac{2025}{101}",
  "individual_answers": [
    "1825",
    "1825",
    "20",
    "1825",
    "2025\\left(1 - \\left(\\frac{200}{201}\\right)^{201}\\right)",
    "1825",
    "\\dfrac{675}{67}",
    "100",
    "101",
    "1825",
    "1825",
    "\\dfrac{675}{67}",
    "20",
    "\\dfrac{675}{67}",
    "\\dfrac{675}{67}",
    "101"
  ],
  "voted_answer": "1825",
  "final_score": 0,
  "avg_kv_cache_usage": 0.3249481317677902,
  "max_kv_cache_usage": 0.5502503175670628,
  "processing_duration_sec": 464.8240075111389,
  "usage_aggregated": {
    "prompt_tokens": 217,
    "total_completion_tokens_across_all_requested_chains": 190525,
    "total_reasoning_tokens_counted": 185435,
    "total_non_reasoning_tokens_counted": 5058,
    "total_tokens_usage": 190742
  },
  "chains_for_voting_details": [
    {
      "chain_index": 1,
      "finish_reason": "stop",
      "extracted_answer": "1825",
      "prompt_tokens": 217,
      "completion_tokens": 10318,
      "reasoning_tokens_counted": 10086,
      "non_reasoning_tokens_counted": 230
    },
    {
      "chain_index": 2,
      "finish_reason": "stop",
      "extracted_answer": "1825",
      "prompt_tokens": 217,
      "completion_tokens": 8958,
      "reasoning_tokens_counted": 8644,
      "non_reasoning_tokens_counted": 312
    },
    {
      "chain_index": 3,
      "finish_reason": "stop",
      "extracted_answer": "20",
      "prompt_tokens": 217,
      "completion_tokens": 7518,
      "reasoning_tokens_counted": 7123,
      "non_reasoning_tokens_counted": 393
    },
    {
      "chain_index": 4,
      "finish_reason": "stop",
      "extracted_answer": "1825",
      "prompt_tokens": 217,
      "completion_tokens": 8742,
      "reasoning_tokens_counted": 8435,
      "non_reasoning_tokens_counted": 305
    },
    {
      "chain_index": 5,
      "finish_reason": "stop",
      "extracted_answer": "2025\\left(1 - \\left(\\frac{200}{201}\\right)^{201}\\right)",
      "prompt_tokens": 217,
      "completion_tokens": 14617,
      "reasoning_tokens_counted": 14097,
      "non_reasoning_tokens_counted": 518
    },
    {
      "chain_index": 6,
      "finish_reason": "stop",
      "extracted_answer": "1825",
      "prompt_tokens": 217,
      "completion_tokens": 18242,
      "reasoning_tokens_counted": 17929,
      "non_reasoning_tokens_counted": 311
    },
    {
      "chain_index": 7,
      "finish_reason": "stop",
      "extracted_answer": "\\dfrac{675}{67}",
      "prompt_tokens": 217,
      "completion_tokens": 12128,
      "reasoning_tokens_counted": 11763,
      "non_reasoning_tokens_counted": 363
    },
    {
      "chain_index": 8,
      "finish_reason": "stop",
      "extracted_answer": "100",
      "prompt_tokens": 217,
      "completion_tokens": 14805,
      "reasoning_tokens_counted": 14628,
      "non_reasoning_tokens_counted": 175
    },
    {
      "chain_index": 9,
      "finish_reason": "stop",
      "extracted_answer": "101",
      "prompt_tokens": 217,
      "completion_tokens": 14300,
      "reasoning_tokens_counted": 13843,
      "non_reasoning_tokens_counted": 455
    },
    {
      "chain_index": 10,
      "finish_reason": "stop",
      "extracted_answer": "1825",
      "prompt_tokens": 217,
      "completion_tokens": 6478,
      "reasoning_tokens_counted": 6128,
      "non_reasoning_tokens_counted": 348
    },
    {
      "chain_index": 11,
      "finish_reason": "stop",
      "extracted_answer": "1825",
      "prompt_tokens": 217,
      "completion_tokens": 8972,
      "reasoning_tokens_counted": 8596,
      "non_reasoning_tokens_counted": 374
    },
    {
      "chain_index": 12,
      "finish_reason": "stop",
      "extracted_answer": "\\dfrac{675}{67}",
      "prompt_tokens": 217,
      "completion_tokens": 12946,
      "reasoning_tokens_counted": 12583,
      "non_reasoning_tokens_counted": 361
    },
    {
      "chain_index": 13,
      "finish_reason": "stop",
      "extracted_answer": "20",
      "prompt_tokens": 217,
      "completion_tokens": 13998,
      "reasoning_tokens_counted": 13746,
      "non_reasoning_tokens_counted": 250
    },
    {
      "chain_index": 14,
      "finish_reason": "stop",
      "extracted_answer": "\\dfrac{675}{67}",
      "prompt_tokens": 217,
      "completion_tokens": 13746,
      "reasoning_tokens_counted": 13502,
      "non_reasoning_tokens_counted": 242
    },
    {
      "chain_index": 15,
      "finish_reason": "stop",
      "extracted_answer": "\\dfrac{675}{67}",
      "prompt_tokens": 217,
      "completion_tokens": 8189,
      "reasoning_tokens_counted": 7932,
      "non_reasoning_tokens_counted": 255
    },
    {
      "chain_index": 16,
      "finish_reason": "stop",
      "extracted_answer": "101",
      "prompt_tokens": 217,
      "completion_tokens": 16568,
      "reasoning_tokens_counted": 16400,
      "non_reasoning_tokens_counted": 166
    }
  ],
  "error_chain_details": []
}