{
  "iteration": 13,
  "question_id": "index_12",
  "status": "SUCCESS",
  "n_chains_requested": 16,
  "n_chains_completed_stream_with_content": 16,
  "n_chains_completed_stream_for_voting": 16,
  "error_chains_count": 0,
  "prompt_len": 592,
  "correct_answer_reference": "105",
  "individual_answers": [
    "1",
    "1",
    "1",
    "420",
    "20",
    "11880",
    "1",
    "90",
    "68",
    "1",
    "256",
    "1",
    "1716",
    "16",
    "1",
    "90"
  ],
  "voted_answer": "1",
  "final_score": 0,
  "avg_kv_cache_usage": 0.3936982154907666,
  "max_kv_cache_usage": 0.7499065979227377,
  "processing_duration_sec": 437.41185188293457,
  "usage_aggregated": {
    "prompt_tokens": 149,
    "total_completion_tokens_across_all_requested_chains": 207088,
    "total_reasoning_tokens_counted": 203328,
    "total_non_reasoning_tokens_counted": 3728,
    "total_tokens_usage": 207237
  },
  "chains_for_voting_details": [
    {
      "chain_index": 1,
      "finish_reason": "stop",
      "extracted_answer": "1",
      "prompt_tokens": 149,
      "completion_tokens": 7728,
      "reasoning_tokens_counted": 7522,
      "non_reasoning_tokens_counted": 204
    },
    {
      "chain_index": 2,
      "finish_reason": "stop",
      "extracted_answer": "1",
      "prompt_tokens": 149,
      "completion_tokens": 12898,
      "reasoning_tokens_counted": 12739,
      "non_reasoning_tokens_counted": 157
    },
    {
      "chain_index": 3,
      "finish_reason": "stop",
      "extracted_answer": "1",
      "prompt_tokens": 149,
      "completion_tokens": 14229,
      "reasoning_tokens_counted": 13918,
      "non_reasoning_tokens_counted": 309
    },
    {
      "chain_index": 4,
      "finish_reason": "stop",
      "extracted_answer": "420",
      "prompt_tokens": 149,
      "completion_tokens": 15831,
      "reasoning_tokens_counted": 15599,
      "non_reasoning_tokens_counted": 230
    },
    {
      "chain_index": 5,
      "finish_reason": "stop",
      "extracted_answer": "20",
      "prompt_tokens": 149,
      "completion_tokens": 12198,
      "reasoning_tokens_counted": 12046,
      "non_reasoning_tokens_counted": 150
    },
    {
      "chain_index": 6,
      "finish_reason": "stop",
      "extracted_answer": "11880",
      "prompt_tokens": 149,
      "completion_tokens": 12446,
      "reasoning_tokens_counted": 12104,
      "non_reasoning_tokens_counted": 340
    },
    {
      "chain_index": 7,
      "finish_reason": "stop",
      "extracted_answer": "1",
      "prompt_tokens": 149,
      "completion_tokens": 13495,
      "reasoning_tokens_counted": 13202,
      "non_reasoning_tokens_counted": 291
    },
    {
      "chain_index": 8,
      "finish_reason": "stop",
      "extracted_answer": "90",
      "prompt_tokens": 149,
      "completion_tokens": 12493,
      "reasoning_tokens_counted": 12190,
      "non_reasoning_tokens_counted": 301
    },
    {
      "chain_index": 9,
      "finish_reason": "stop",
      "extracted_answer": "68",
      "prompt_tokens": 149,
      "completion_tokens": 16836,
      "reasoning_tokens_counted": 16690,
      "non_reasoning_tokens_counted": 144
    },
    {
      "chain_index": 10,
      "finish_reason": "stop",
      "extracted_answer": "1",
      "prompt_tokens": 149,
      "completion_tokens": 14987,
      "reasoning_tokens_counted": 14782,
      "non_reasoning_tokens_counted": 203
    },
    {
      "chain_index": 11,
      "finish_reason": "stop",
      "extracted_answer": "256",
      "prompt_tokens": 149,
      "completion_tokens": 14614,
      "reasoning_tokens_counted": 14370,
      "non_reasoning_tokens_counted": 242
    },
    {
      "chain_index": 12,
      "finish_reason": "stop",
      "extracted_answer": "1",
      "prompt_tokens": 149,
      "completion_tokens": 8783,
      "reasoning_tokens_counted": 8414,
      "non_reasoning_tokens_counted": 367
    },
    {
      "chain_index": 13,
      "finish_reason": "stop",
      "extracted_answer": "1716",
      "prompt_tokens": 149,
      "completion_tokens": 13740,
      "reasoning_tokens_counted": 13570,
      "non_reasoning_tokens_counted": 168
    },
    {
      "chain_index": 14,
      "finish_reason": "stop",
      "extracted_answer": "16",
      "prompt_tokens": 149,
      "completion_tokens": 9531,
      "reasoning_tokens_counted": 9199,
      "non_reasoning_tokens_counted": 330
    },
    {
      "chain_index": 15,
      "finish_reason": "stop",
      "extracted_answer": "1",
      "prompt_tokens": 149,
      "completion_tokens": 12489,
      "reasoning_tokens_counted": 12268,
      "non_reasoning_tokens_counted": 219
    },
    {
      "chain_index": 16,
      "finish_reason": "stop",
      "extracted_answer": "90",
      "prompt_tokens": 149,
      "completion_tokens": 14790,
      "reasoning_tokens_counted": 14715,
      "non_reasoning_tokens_counted": 73
    }
  ],
  "error_chain_details": []
}