{
  "iteration": 20,
  "question_id": "index_19",
  "status": "SUCCESS",
  "n_chains_requested": 16,
  "n_chains_completed_stream_with_content": 16,
  "n_chains_completed_stream_for_voting": 16,
  "error_chains_count": 0,
  "prompt_len": 751,
  "correct_answer_reference": "\\frac{448}{3}",
  "individual_answers": [
    "602",
    "45",
    "63",
    "63",
    "602",
    "602",
    "126",
    "135",
    "135",
    "56",
    "\\dfrac{675}{2}",
    "1939",
    "56",
    "14147",
    "14112",
    "882"
  ],
  "voted_answer": "602",
  "final_score": 0,
  "avg_kv_cache_usage": 0.417581777346597,
  "max_kv_cache_usage": 0.9791526563550772,
  "processing_duration_sec": 688.081446647644,
  "usage_aggregated": {
    "prompt_tokens": 166,
    "total_completion_tokens_across_all_requested_chains": 261176,
    "total_reasoning_tokens_counted": 256490,
    "total_non_reasoning_tokens_counted": 4654,
    "total_tokens_usage": 261342
  },
  "chains_for_voting_details": [
    {
      "chain_index": 1,
      "finish_reason": "stop",
      "extracted_answer": "602",
      "prompt_tokens": 166,
      "completion_tokens": 25376,
      "reasoning_tokens_counted": 25069,
      "non_reasoning_tokens_counted": 305
    },
    {
      "chain_index": 2,
      "finish_reason": "stop",
      "extracted_answer": "45",
      "prompt_tokens": 166,
      "completion_tokens": 14099,
      "reasoning_tokens_counted": 13823,
      "non_reasoning_tokens_counted": 274
    },
    {
      "chain_index": 3,
      "finish_reason": "stop",
      "extracted_answer": "63",
      "prompt_tokens": 166,
      "completion_tokens": 15505,
      "reasoning_tokens_counted": 15193,
      "non_reasoning_tokens_counted": 310
    },
    {
      "chain_index": 4,
      "finish_reason": "stop",
      "extracted_answer": "63",
      "prompt_tokens": 166,
      "completion_tokens": 14881,
      "reasoning_tokens_counted": 14701,
      "non_reasoning_tokens_counted": 178
    },
    {
      "chain_index": 5,
      "finish_reason": "stop",
      "extracted_answer": "602",
      "prompt_tokens": 166,
      "completion_tokens": 17689,
      "reasoning_tokens_counted": 17342,
      "non_reasoning_tokens_counted": 345
    },
    {
      "chain_index": 6,
      "finish_reason": "stop",
      "extracted_answer": "602",
      "prompt_tokens": 166,
      "completion_tokens": 14363,
      "reasoning_tokens_counted": 14207,
      "non_reasoning_tokens_counted": 154
    },
    {
      "chain_index": 7,
      "finish_reason": "stop",
      "extracted_answer": "126",
      "prompt_tokens": 166,
      "completion_tokens": 19522,
      "reasoning_tokens_counted": 19164,
      "non_reasoning_tokens_counted": 356
    },
    {
      "chain_index": 8,
      "finish_reason": "stop",
      "extracted_answer": "135",
      "prompt_tokens": 166,
      "completion_tokens": 14348,
      "reasoning_tokens_counted": 14021,
      "non_reasoning_tokens_counted": 325
    },
    {
      "chain_index": 9,
      "finish_reason": "stop",
      "extracted_answer": "135",
      "prompt_tokens": 166,
      "completion_tokens": 14345,
      "reasoning_tokens_counted": 14045,
      "non_reasoning_tokens_counted": 298
    },
    {
      "chain_index": 10,
      "finish_reason": "stop",
      "extracted_answer": "56",
      "prompt_tokens": 166,
      "completion_tokens": 13405,
      "reasoning_tokens_counted": 13007,
      "non_reasoning_tokens_counted": 396
    },
    {
      "chain_index": 11,
      "finish_reason": "stop",
      "extracted_answer": "\\dfrac{675}{2}",
      "prompt_tokens": 166,
      "completion_tokens": 15480,
      "reasoning_tokens_counted": 15218,
      "non_reasoning_tokens_counted": 260
    },
    {
      "chain_index": 12,
      "finish_reason": "stop",
      "extracted_answer": "1939",
      "prompt_tokens": 166,
      "completion_tokens": 14621,
      "reasoning_tokens_counted": 14339,
      "non_reasoning_tokens_counted": 280
    },
    {
      "chain_index": 13,
      "finish_reason": "stop",
      "extracted_answer": "56",
      "prompt_tokens": 166,
      "completion_tokens": 12926,
      "reasoning_tokens_counted": 12754,
      "non_reasoning_tokens_counted": 170
    },
    {
      "chain_index": 14,
      "finish_reason": "stop",
      "extracted_answer": "14147",
      "prompt_tokens": 166,
      "completion_tokens": 22964,
      "reasoning_tokens_counted": 22663,
      "non_reasoning_tokens_counted": 299
    },
    {
      "chain_index": 15,
      "finish_reason": "stop",
      "extracted_answer": "14112",
      "prompt_tokens": 166,
      "completion_tokens": 16988,
      "reasoning_tokens_counted": 16700,
      "non_reasoning_tokens_counted": 286
    },
    {
      "chain_index": 16,
      "finish_reason": "stop",
      "extracted_answer": "882",
      "prompt_tokens": 166,
      "completion_tokens": 14664,
      "reasoning_tokens_counted": 14244,
      "non_reasoning_tokens_counted": 418
    }
  ],
  "error_chain_details": []
}