{
  "iteration": 11,
  "question_id": "index_10",
  "status": "SUCCESS",
  "n_chains_requested": 16,
  "n_chains_completed_stream_with_content": 16,
  "n_chains_completed_stream_for_voting": 16,
  "error_chains_count": 0,
  "prompt_len": 481,
  "correct_answer_reference": "56",
  "individual_answers": [
    "56",
    "8",
    "144",
    "56",
    "6",
    "8",
    "8",
    "42",
    "28",
    "8",
    "12",
    "4",
    "144",
    "56",
    "8",
    "56"
  ],
  "voted_answer": "8",
  "final_score": 0,
  "avg_kv_cache_usage": 0.3415882336132909,
  "max_kv_cache_usage": 0.7245012329074199,
  "processing_duration_sec": 448.06514263153076,
  "usage_aggregated": {
    "prompt_tokens": 111,
    "total_completion_tokens_across_all_requested_chains": 198685,
    "total_reasoning_tokens_counted": 193465,
    "total_non_reasoning_tokens_counted": 5188,
    "total_tokens_usage": 198796
  },
  "chains_for_voting_details": [
    {
      "chain_index": 1,
      "finish_reason": "stop",
      "extracted_answer": "56",
      "prompt_tokens": 111,
      "completion_tokens": 10268,
      "reasoning_tokens_counted": 9749,
      "non_reasoning_tokens_counted": 517
    },
    {
      "chain_index": 2,
      "finish_reason": "stop",
      "extracted_answer": "8",
      "prompt_tokens": 111,
      "completion_tokens": 12693,
      "reasoning_tokens_counted": 12641,
      "non_reasoning_tokens_counted": 50
    },
    {
      "chain_index": 3,
      "finish_reason": "stop",
      "extracted_answer": "144",
      "prompt_tokens": 111,
      "completion_tokens": 13895,
      "reasoning_tokens_counted": 13498,
      "non_reasoning_tokens_counted": 395
    },
    {
      "chain_index": 4,
      "finish_reason": "stop",
      "extracted_answer": "56",
      "prompt_tokens": 111,
      "completion_tokens": 12476,
      "reasoning_tokens_counted": 11810,
      "non_reasoning_tokens_counted": 664
    },
    {
      "chain_index": 5,
      "finish_reason": "stop",
      "extracted_answer": "6",
      "prompt_tokens": 111,
      "completion_tokens": 12326,
      "reasoning_tokens_counted": 12040,
      "non_reasoning_tokens_counted": 284
    },
    {
      "chain_index": 6,
      "finish_reason": "stop",
      "extracted_answer": "8",
      "prompt_tokens": 111,
      "completion_tokens": 12479,
      "reasoning_tokens_counted": 12462,
      "non_reasoning_tokens_counted": 15
    },
    {
      "chain_index": 7,
      "finish_reason": "stop",
      "extracted_answer": "8",
      "prompt_tokens": 111,
      "completion_tokens": 9574,
      "reasoning_tokens_counted": 9326,
      "non_reasoning_tokens_counted": 246
    },
    {
      "chain_index": 8,
      "finish_reason": "stop",
      "extracted_answer": "42",
      "prompt_tokens": 111,
      "completion_tokens": 17551,
      "reasoning_tokens_counted": 17336,
      "non_reasoning_tokens_counted": 213
    },
    {
      "chain_index": 9,
      "finish_reason": "stop",
      "extracted_answer": "28",
      "prompt_tokens": 111,
      "completion_tokens": 13061,
      "reasoning_tokens_counted": 12821,
      "non_reasoning_tokens_counted": 238
    },
    {
      "chain_index": 10,
      "finish_reason": "stop",
      "extracted_answer": "8",
      "prompt_tokens": 111,
      "completion_tokens": 10226,
      "reasoning_tokens_counted": 9660,
      "non_reasoning_tokens_counted": 564
    },
    {
      "chain_index": 11,
      "finish_reason": "stop",
      "extracted_answer": "12",
      "prompt_tokens": 111,
      "completion_tokens": 12942,
      "reasoning_tokens_counted": 12645,
      "non_reasoning_tokens_counted": 295
    },
    {
      "chain_index": 12,
      "finish_reason": "stop",
      "extracted_answer": "4",
      "prompt_tokens": 111,
      "completion_tokens": 11640,
      "reasoning_tokens_counted": 11360,
      "non_reasoning_tokens_counted": 278
    },
    {
      "chain_index": 13,
      "finish_reason": "stop",
      "extracted_answer": "144",
      "prompt_tokens": 111,
      "completion_tokens": 12912,
      "reasoning_tokens_counted": 12703,
      "non_reasoning_tokens_counted": 207
    },
    {
      "chain_index": 14,
      "finish_reason": "stop",
      "extracted_answer": "56",
      "prompt_tokens": 111,
      "completion_tokens": 12169,
      "reasoning_tokens_counted": 11697,
      "non_reasoning_tokens_counted": 470
    },
    {
      "chain_index": 15,
      "finish_reason": "stop",
      "extracted_answer": "8",
      "prompt_tokens": 111,
      "completion_tokens": 13926,
      "reasoning_tokens_counted": 13695,
      "non_reasoning_tokens_counted": 229
    },
    {
      "chain_index": 16,
      "finish_reason": "stop",
      "extracted_answer": "56",
      "prompt_tokens": 111,
      "completion_tokens": 10547,
      "reasoning_tokens_counted": 10022,
      "non_reasoning_tokens_counted": 523
    }
  ],
  "error_chain_details": []
}