{
  "iteration": 21,
  "question_id": "index_20",
  "status": "SUCCESS",
  "n_chains_requested": 16,
  "n_chains_completed_stream_with_content": 16,
  "n_chains_completed_stream_for_voting": 16,
  "error_chains_count": 0,
  "prompt_len": 487,
  "correct_answer_reference": "26",
  "individual_answers": [
    "26",
    "26",
    "26",
    "26",
    "26",
    "26",
    "26",
    "26",
    "26",
    "26",
    "26",
    "26",
    "26",
    "26",
    "26",
    "26"
  ],
  "voted_answer": "26",
  "final_score": 1,
  "avg_kv_cache_usage": 0.07748033143758648,
  "max_kv_cache_usage": 0.1578121497422102,
  "processing_duration_sec": 60.91619825363159,
  "usage_aggregated": {
    "prompt_tokens": 134,
    "total_completion_tokens_across_all_requested_chains": 39022,
    "total_reasoning_tokens_counted": 30664,
    "total_non_reasoning_tokens_counted": 8326,
    "total_tokens_usage": 39156
  },
  "chains_for_voting_details": [
    {
      "chain_index": 1,
      "finish_reason": "stop",
      "extracted_answer": "26",
      "prompt_tokens": 134,
      "completion_tokens": 2599,
      "reasoning_tokens_counted": 2120,
      "non_reasoning_tokens_counted": 477
    },
    {
      "chain_index": 2,
      "finish_reason": "stop",
      "extracted_answer": "26",
      "prompt_tokens": 134,
      "completion_tokens": 2711,
      "reasoning_tokens_counted": 2129,
      "non_reasoning_tokens_counted": 580
    },
    {
      "chain_index": 3,
      "finish_reason": "stop",
      "extracted_answer": "26",
      "prompt_tokens": 134,
      "completion_tokens": 2385,
      "reasoning_tokens_counted": 1859,
      "non_reasoning_tokens_counted": 524
    },
    {
      "chain_index": 4,
      "finish_reason": "stop",
      "extracted_answer": "26",
      "prompt_tokens": 134,
      "completion_tokens": 2738,
      "reasoning_tokens_counted": 2186,
      "non_reasoning_tokens_counted": 550
    },
    {
      "chain_index": 5,
      "finish_reason": "stop",
      "extracted_answer": "26",
      "prompt_tokens": 134,
      "completion_tokens": 2190,
      "reasoning_tokens_counted": 1580,
      "non_reasoning_tokens_counted": 608
    },
    {
      "chain_index": 6,
      "finish_reason": "stop",
      "extracted_answer": "26",
      "prompt_tokens": 134,
      "completion_tokens": 2184,
      "reasoning_tokens_counted": 1719,
      "non_reasoning_tokens_counted": 463
    },
    {
      "chain_index": 7,
      "finish_reason": "stop",
      "extracted_answer": "26",
      "prompt_tokens": 134,
      "completion_tokens": 2327,
      "reasoning_tokens_counted": 2040,
      "non_reasoning_tokens_counted": 285
    },
    {
      "chain_index": 8,
      "finish_reason": "stop",
      "extracted_answer": "26",
      "prompt_tokens": 134,
      "completion_tokens": 2353,
      "reasoning_tokens_counted": 1761,
      "non_reasoning_tokens_counted": 590
    },
    {
      "chain_index": 9,
      "finish_reason": "stop",
      "extracted_answer": "26",
      "prompt_tokens": 134,
      "completion_tokens": 2426,
      "reasoning_tokens_counted": 1878,
      "non_reasoning_tokens_counted": 546
    },
    {
      "chain_index": 10,
      "finish_reason": "stop",
      "extracted_answer": "26",
      "prompt_tokens": 134,
      "completion_tokens": 2120,
      "reasoning_tokens_counted": 1686,
      "non_reasoning_tokens_counted": 432
    },
    {
      "chain_index": 11,
      "finish_reason": "stop",
      "extracted_answer": "26",
      "prompt_tokens": 134,
      "completion_tokens": 2138,
      "reasoning_tokens_counted": 1584,
      "non_reasoning_tokens_counted": 552
    },
    {
      "chain_index": 12,
      "finish_reason": "stop",
      "extracted_answer": "26",
      "prompt_tokens": 134,
      "completion_tokens": 2462,
      "reasoning_tokens_counted": 1862,
      "non_reasoning_tokens_counted": 598
    },
    {
      "chain_index": 13,
      "finish_reason": "stop",
      "extracted_answer": "26",
      "prompt_tokens": 134,
      "completion_tokens": 2094,
      "reasoning_tokens_counted": 1579,
      "non_reasoning_tokens_counted": 513
    },
    {
      "chain_index": 14,
      "finish_reason": "stop",
      "extracted_answer": "26",
      "prompt_tokens": 134,
      "completion_tokens": 3066,
      "reasoning_tokens_counted": 2503,
      "non_reasoning_tokens_counted": 561
    },
    {
      "chain_index": 15,
      "finish_reason": "stop",
      "extracted_answer": "26",
      "prompt_tokens": 134,
      "completion_tokens": 3257,
      "reasoning_tokens_counted": 2652,
      "non_reasoning_tokens_counted": 603
    },
    {
      "chain_index": 16,
      "finish_reason": "stop",
      "extracted_answer": "26",
      "prompt_tokens": 134,
      "completion_tokens": 1972,
      "reasoning_tokens_counted": 1526,
      "non_reasoning_tokens_counted": 444
    }
  ],
  "error_chain_details": []
}