{
  "iteration": 28,
  "question_id": "index_27",
  "status": "SUCCESS",
  "n_chains_requested": 16,
  "n_chains_completed_stream_with_content": 16,
  "n_chains_completed_stream_for_voting": 16,
  "error_chains_count": 0,
  "prompt_len": 527,
  "correct_answer_reference": "\\sqrt{6}",
  "individual_answers": [
    "\\sqrt{6}",
    "\\sqrt{6}",
    "\\sqrt{6}",
    "\\sqrt{6}",
    "\\sqrt{6}",
    "\\sqrt{\\dfrac{505}{84}}",
    "\\sqrt{6}",
    "\\sqrt{6}",
    "\\sqrt{6}",
    "\\sqrt{6}",
    "\\sqrt{6}",
    "\\sqrt{6}",
    "\\sqrt{6}",
    "\\sqrt{6}",
    "\\sqrt{\\dfrac{505}{84}}",
    "\\sqrt{6}"
  ],
  "voted_answer": "\\sqrt{6}",
  "final_score": 1,
  "avg_kv_cache_usage": 0.2779772832070331,
  "max_kv_cache_usage": 0.4698498094597624,
  "processing_duration_sec": 478.1800785064697,
  "usage_aggregated": {
    "prompt_tokens": 160,
    "total_completion_tokens_across_all_requested_chains": 173498,
    "total_reasoning_tokens_counted": 164633,
    "total_non_reasoning_tokens_counted": 8833,
    "total_tokens_usage": 173658
  },
  "chains_for_voting_details": [
    {
      "chain_index": 1,
      "finish_reason": "stop",
      "extracted_answer": "\\sqrt{6}",
      "prompt_tokens": 160,
      "completion_tokens": 7315,
      "reasoning_tokens_counted": 6826,
      "non_reasoning_tokens_counted": 487
    },
    {
      "chain_index": 2,
      "finish_reason": "stop",
      "extracted_answer": "\\sqrt{6}",
      "prompt_tokens": 160,
      "completion_tokens": 10165,
      "reasoning_tokens_counted": 9533,
      "non_reasoning_tokens_counted": 630
    },
    {
      "chain_index": 3,
      "finish_reason": "stop",
      "extracted_answer": "\\sqrt{6}",
      "prompt_tokens": 160,
      "completion_tokens": 7406,
      "reasoning_tokens_counted": 6789,
      "non_reasoning_tokens_counted": 615
    },
    {
      "chain_index": 4,
      "finish_reason": "stop",
      "extracted_answer": "\\sqrt{6}",
      "prompt_tokens": 160,
      "completion_tokens": 8279,
      "reasoning_tokens_counted": 7571,
      "non_reasoning_tokens_counted": 706
    },
    {
      "chain_index": 5,
      "finish_reason": "stop",
      "extracted_answer": "\\sqrt{6}",
      "prompt_tokens": 160,
      "completion_tokens": 8145,
      "reasoning_tokens_counted": 7517,
      "non_reasoning_tokens_counted": 626
    },
    {
      "chain_index": 6,
      "finish_reason": "stop",
      "extracted_answer": "\\sqrt{\\dfrac{505}{84}}",
      "prompt_tokens": 160,
      "completion_tokens": 18981,
      "reasoning_tokens_counted": 18923,
      "non_reasoning_tokens_counted": 56
    },
    {
      "chain_index": 7,
      "finish_reason": "stop",
      "extracted_answer": "\\sqrt{6}",
      "prompt_tokens": 160,
      "completion_tokens": 6115,
      "reasoning_tokens_counted": 5616,
      "non_reasoning_tokens_counted": 497
    },
    {
      "chain_index": 8,
      "finish_reason": "stop",
      "extracted_answer": "\\sqrt{6}",
      "prompt_tokens": 160,
      "completion_tokens": 19107,
      "reasoning_tokens_counted": 18460,
      "non_reasoning_tokens_counted": 645
    },
    {
      "chain_index": 9,
      "finish_reason": "stop",
      "extracted_answer": "\\sqrt{6}",
      "prompt_tokens": 160,
      "completion_tokens": 7530,
      "reasoning_tokens_counted": 7002,
      "non_reasoning_tokens_counted": 526
    },
    {
      "chain_index": 10,
      "finish_reason": "stop",
      "extracted_answer": "\\sqrt{6}",
      "prompt_tokens": 160,
      "completion_tokens": 6517,
      "reasoning_tokens_counted": 6052,
      "non_reasoning_tokens_counted": 463
    },
    {
      "chain_index": 11,
      "finish_reason": "stop",
      "extracted_answer": "\\sqrt{6}",
      "prompt_tokens": 160,
      "completion_tokens": 6659,
      "reasoning_tokens_counted": 6034,
      "non_reasoning_tokens_counted": 623
    },
    {
      "chain_index": 12,
      "finish_reason": "stop",
      "extracted_answer": "\\sqrt{6}",
      "prompt_tokens": 160,
      "completion_tokens": 15985,
      "reasoning_tokens_counted": 15408,
      "non_reasoning_tokens_counted": 575
    },
    {
      "chain_index": 13,
      "finish_reason": "stop",
      "extracted_answer": "\\sqrt{6}",
      "prompt_tokens": 160,
      "completion_tokens": 8304,
      "reasoning_tokens_counted": 7894,
      "non_reasoning_tokens_counted": 408
    },
    {
      "chain_index": 14,
      "finish_reason": "stop",
      "extracted_answer": "\\sqrt{6}",
      "prompt_tokens": 160,
      "completion_tokens": 13309,
      "reasoning_tokens_counted": 12657,
      "non_reasoning_tokens_counted": 650
    },
    {
      "chain_index": 15,
      "finish_reason": "stop",
      "extracted_answer": "\\sqrt{\\dfrac{505}{84}}",
      "prompt_tokens": 160,
      "completion_tokens": 18146,
      "reasoning_tokens_counted": 17438,
      "non_reasoning_tokens_counted": 706
    },
    {
      "chain_index": 16,
      "finish_reason": "stop",
      "extracted_answer": "\\sqrt{6}",
      "prompt_tokens": 160,
      "completion_tokens": 11535,
      "reasoning_tokens_counted": 10913,
      "non_reasoning_tokens_counted": 620
    }
  ],
  "error_chain_details": []
}