{
  "iteration": 7,
  "question_id": "index_6",
  "status": "SUCCESS",
  "n_chains_requested": 16,
  "n_chains_completed_stream_with_content": 16,
  "n_chains_completed_stream_for_voting": 16,
  "error_chains_count": 0,
  "prompt_len": 471,
  "correct_answer_reference": "\\frac{9 \\sqrt{23}}{23}",
  "individual_answers": [
    "2",
    "\\sqrt{\\dfrac{71}{20}}",
    "\\sqrt{3}",
    "2",
    "\\sqrt{2}",
    "\\dfrac{9\\sqrt{23}}{23}",
    "2",
    "\\dfrac{9\\sqrt{23}}{23}",
    "\\dfrac{9\\sqrt{23}}{23}",
    "\\sqrt{\\dfrac{1691}{480}}",
    "\\dfrac{9\\sqrt{23}}{23}",
    "\\dfrac{15}{8}",
    "\\sqrt{3}",
    "\\dfrac{\\sqrt{13}}{2}",
    "2",
    "\\dfrac{\\sqrt{14}}{2}"
  ],
  "voted_answer": "2",
  "final_score": 0,
  "avg_kv_cache_usage": 0.4984615161938948,
  "max_kv_cache_usage": 0.8914294253904207,
  "processing_duration_sec": 777.105220079422,
  "usage_aggregated": {
    "prompt_tokens": 138,
    "total_completion_tokens_across_all_requested_chains": 294682,
    "total_reasoning_tokens_counted": 287946,
    "total_non_reasoning_tokens_counted": 6704,
    "total_tokens_usage": 294820
  },
  "chains_for_voting_details": [
    {
      "chain_index": 1,
      "finish_reason": "stop",
      "extracted_answer": "2",
      "prompt_tokens": 138,
      "completion_tokens": 22293,
      "reasoning_tokens_counted": 21930,
      "non_reasoning_tokens_counted": 361
    },
    {
      "chain_index": 2,
      "finish_reason": "stop",
      "extracted_answer": "\\sqrt{\\dfrac{71}{20}}",
      "prompt_tokens": 138,
      "completion_tokens": 21320,
      "reasoning_tokens_counted": 20756,
      "non_reasoning_tokens_counted": 562
    },
    {
      "chain_index": 3,
      "finish_reason": "stop",
      "extracted_answer": "\\sqrt{3}",
      "prompt_tokens": 138,
      "completion_tokens": 20194,
      "reasoning_tokens_counted": 20151,
      "non_reasoning_tokens_counted": 41
    },
    {
      "chain_index": 4,
      "finish_reason": "stop",
      "extracted_answer": "2",
      "prompt_tokens": 138,
      "completion_tokens": 22256,
      "reasoning_tokens_counted": 21775,
      "non_reasoning_tokens_counted": 479
    },
    {
      "chain_index": 5,
      "finish_reason": "stop",
      "extracted_answer": "\\sqrt{2}",
      "prompt_tokens": 138,
      "completion_tokens": 24097,
      "reasoning_tokens_counted": 23838,
      "non_reasoning_tokens_counted": 257
    },
    {
      "chain_index": 6,
      "finish_reason": "stop",
      "extracted_answer": "\\dfrac{9\\sqrt{23}}{23}",
      "prompt_tokens": 138,
      "completion_tokens": 12633,
      "reasoning_tokens_counted": 12087,
      "non_reasoning_tokens_counted": 544
    },
    {
      "chain_index": 7,
      "finish_reason": "stop",
      "extracted_answer": "2",
      "prompt_tokens": 138,
      "completion_tokens": 18948,
      "reasoning_tokens_counted": 18589,
      "non_reasoning_tokens_counted": 357
    },
    {
      "chain_index": 8,
      "finish_reason": "stop",
      "extracted_answer": "\\dfrac{9\\sqrt{23}}{23}",
      "prompt_tokens": 138,
      "completion_tokens": 8771,
      "reasoning_tokens_counted": 8141,
      "non_reasoning_tokens_counted": 628
    },
    {
      "chain_index": 9,
      "finish_reason": "stop",
      "extracted_answer": "\\dfrac{9\\sqrt{23}}{23}",
      "prompt_tokens": 138,
      "completion_tokens": 13476,
      "reasoning_tokens_counted": 13217,
      "non_reasoning_tokens_counted": 257
    },
    {
      "chain_index": 10,
      "finish_reason": "stop",
      "extracted_answer": "\\sqrt{\\dfrac{1691}{480}}",
      "prompt_tokens": 138,
      "completion_tokens": 16478,
      "reasoning_tokens_counted": 16077,
      "non_reasoning_tokens_counted": 399
    },
    {
      "chain_index": 11,
      "finish_reason": "stop",
      "extracted_answer": "\\dfrac{9\\sqrt{23}}{23}",
      "prompt_tokens": 138,
      "completion_tokens": 8272,
      "reasoning_tokens_counted": 7649,
      "non_reasoning_tokens_counted": 621
    },
    {
      "chain_index": 12,
      "finish_reason": "stop",
      "extracted_answer": "\\dfrac{15}{8}",
      "prompt_tokens": 138,
      "completion_tokens": 23592,
      "reasoning_tokens_counted": 22905,
      "non_reasoning_tokens_counted": 685
    },
    {
      "chain_index": 13,
      "finish_reason": "stop",
      "extracted_answer": "\\sqrt{3}",
      "prompt_tokens": 138,
      "completion_tokens": 27990,
      "reasoning_tokens_counted": 27666,
      "non_reasoning_tokens_counted": 322
    },
    {
      "chain_index": 14,
      "finish_reason": "stop",
      "extracted_answer": "\\dfrac{\\sqrt{13}}{2}",
      "prompt_tokens": 138,
      "completion_tokens": 19245,
      "reasoning_tokens_counted": 18821,
      "non_reasoning_tokens_counted": 422
    },
    {
      "chain_index": 15,
      "finish_reason": "stop",
      "extracted_answer": "2",
      "prompt_tokens": 138,
      "completion_tokens": 19833,
      "reasoning_tokens_counted": 19465,
      "non_reasoning_tokens_counted": 366
    },
    {
      "chain_index": 16,
      "finish_reason": "stop",
      "extracted_answer": "\\dfrac{\\sqrt{14}}{2}",
      "prompt_tokens": 138,
      "completion_tokens": 15284,
      "reasoning_tokens_counted": 14879,
      "non_reasoning_tokens_counted": 403
    }
  ],
  "error_chain_details": []
}