{
  "iteration": 2,
  "question_id": "index_1",
  "status": "SUCCESS",
  "n_chains_requested": 16,
  "n_chains_completed_stream_with_content": 16,
  "n_chains_completed_stream_for_voting": 16,
  "error_chains_count": 0,
  "prompt_len": 600,
  "correct_answer_reference": "3375",
  "individual_answers": [
    "3375",
    "3375",
    "3375",
    "3375",
    "3375",
    "3375",
    "3375",
    "3375",
    "3375",
    "3375",
    "3375",
    "3375",
    "3375",
    "3375",
    "3375",
    "3375"
  ],
  "voted_answer": "3375",
  "final_score": 1,
  "avg_kv_cache_usage": 0.05669446263282856,
  "max_kv_cache_usage": 0.1125308226854965,
  "processing_duration_sec": 60.613216161727905,
  "usage_aggregated": {
    "prompt_tokens": 148,
    "total_completion_tokens_across_all_requested_chains": 32682,
    "total_reasoning_tokens_counted": 26293,
    "total_non_reasoning_tokens_counted": 6357,
    "total_tokens_usage": 32830
  },
  "chains_for_voting_details": [
    {
      "chain_index": 1,
      "finish_reason": "stop",
      "extracted_answer": "3375",
      "prompt_tokens": 148,
      "completion_tokens": 2465,
      "reasoning_tokens_counted": 1873,
      "non_reasoning_tokens_counted": 590
    },
    {
      "chain_index": 2,
      "finish_reason": "stop",
      "extracted_answer": "3375",
      "prompt_tokens": 148,
      "completion_tokens": 1880,
      "reasoning_tokens_counted": 1657,
      "non_reasoning_tokens_counted": 221
    },
    {
      "chain_index": 3,
      "finish_reason": "stop",
      "extracted_answer": "3375",
      "prompt_tokens": 148,
      "completion_tokens": 1342,
      "reasoning_tokens_counted": 1325,
      "non_reasoning_tokens_counted": 15
    },
    {
      "chain_index": 4,
      "finish_reason": "stop",
      "extracted_answer": "3375",
      "prompt_tokens": 148,
      "completion_tokens": 1457,
      "reasoning_tokens_counted": 1397,
      "non_reasoning_tokens_counted": 58
    },
    {
      "chain_index": 5,
      "finish_reason": "stop",
      "extracted_answer": "3375",
      "prompt_tokens": 148,
      "completion_tokens": 2374,
      "reasoning_tokens_counted": 1702,
      "non_reasoning_tokens_counted": 670
    },
    {
      "chain_index": 6,
      "finish_reason": "stop",
      "extracted_answer": "3375",
      "prompt_tokens": 148,
      "completion_tokens": 3340,
      "reasoning_tokens_counted": 3005,
      "non_reasoning_tokens_counted": 333
    },
    {
      "chain_index": 7,
      "finish_reason": "stop",
      "extracted_answer": "3375",
      "prompt_tokens": 148,
      "completion_tokens": 1447,
      "reasoning_tokens_counted": 1401,
      "non_reasoning_tokens_counted": 44
    },
    {
      "chain_index": 8,
      "finish_reason": "stop",
      "extracted_answer": "3375",
      "prompt_tokens": 148,
      "completion_tokens": 1694,
      "reasoning_tokens_counted": 1597,
      "non_reasoning_tokens_counted": 95
    },
    {
      "chain_index": 9,
      "finish_reason": "stop",
      "extracted_answer": "3375",
      "prompt_tokens": 148,
      "completion_tokens": 2922,
      "reasoning_tokens_counted": 2421,
      "non_reasoning_tokens_counted": 499
    },
    {
      "chain_index": 10,
      "finish_reason": "stop",
      "extracted_answer": "3375",
      "prompt_tokens": 148,
      "completion_tokens": 2052,
      "reasoning_tokens_counted": 1558,
      "non_reasoning_tokens_counted": 492
    },
    {
      "chain_index": 11,
      "finish_reason": "stop",
      "extracted_answer": "3375",
      "prompt_tokens": 148,
      "completion_tokens": 1965,
      "reasoning_tokens_counted": 1370,
      "non_reasoning_tokens_counted": 593
    },
    {
      "chain_index": 12,
      "finish_reason": "stop",
      "extracted_answer": "3375",
      "prompt_tokens": 148,
      "completion_tokens": 1928,
      "reasoning_tokens_counted": 1350,
      "non_reasoning_tokens_counted": 576
    },
    {
      "chain_index": 13,
      "finish_reason": "stop",
      "extracted_answer": "3375",
      "prompt_tokens": 148,
      "completion_tokens": 2207,
      "reasoning_tokens_counted": 1625,
      "non_reasoning_tokens_counted": 580
    },
    {
      "chain_index": 14,
      "finish_reason": "stop",
      "extracted_answer": "3375",
      "prompt_tokens": 148,
      "completion_tokens": 1880,
      "reasoning_tokens_counted": 1321,
      "non_reasoning_tokens_counted": 557
    },
    {
      "chain_index": 15,
      "finish_reason": "stop",
      "extracted_answer": "3375",
      "prompt_tokens": 148,
      "completion_tokens": 1786,
      "reasoning_tokens_counted": 1413,
      "non_reasoning_tokens_counted": 371
    },
    {
      "chain_index": 16,
      "finish_reason": "stop",
      "extracted_answer": "3375",
      "prompt_tokens": 148,
      "completion_tokens": 1943,
      "reasoning_tokens_counted": 1278,
      "non_reasoning_tokens_counted": 663
    }
  ],
  "error_chain_details": []
}