{
  "iteration": 23,
  "question_id": "index_22",
  "status": "SUCCESS",
  "n_chains_requested": 16,
  "n_chains_completed_stream_with_content": 16,
  "n_chains_completed_stream_for_voting": 16,
  "error_chains_count": 0,
  "prompt_len": 466,
  "correct_answer_reference": "8\\sqrt{10}",
  "individual_answers": [
    "8\\sqrt{10}",
    "8\\sqrt{10}",
    "8\\sqrt{10}",
    "8\\sqrt{10}",
    "8\\sqrt{10}",
    "8\\sqrt{10}",
    "8\\sqrt{10}",
    "8\\sqrt{10}",
    "8\\sqrt{10}",
    "8\\sqrt{10}",
    "8\\sqrt{10}",
    "8\\sqrt{10}",
    "8\\sqrt{10}",
    "8\\sqrt{10}",
    "8\\sqrt{10}",
    "8\\sqrt{10}"
  ],
  "voted_answer": "8\\sqrt{10}",
  "final_score": 1,
  "avg_kv_cache_usage": 0.19996712193450505,
  "max_kv_cache_usage": 0.3855637749383546,
  "processing_duration_sec": 256.6414794921875,
  "usage_aggregated": {
    "prompt_tokens": 130,
    "total_completion_tokens_across_all_requested_chains": 117674,
    "total_reasoning_tokens_counted": 106954,
    "total_non_reasoning_tokens_counted": 10688,
    "total_tokens_usage": 117804
  },
  "chains_for_voting_details": [
    {
      "chain_index": 1,
      "finish_reason": "stop",
      "extracted_answer": "8\\sqrt{10}",
      "prompt_tokens": 130,
      "completion_tokens": 4939,
      "reasoning_tokens_counted": 4235,
      "non_reasoning_tokens_counted": 702
    },
    {
      "chain_index": 2,
      "finish_reason": "stop",
      "extracted_answer": "8\\sqrt{10}",
      "prompt_tokens": 130,
      "completion_tokens": 5374,
      "reasoning_tokens_counted": 5184,
      "non_reasoning_tokens_counted": 188
    },
    {
      "chain_index": 3,
      "finish_reason": "stop",
      "extracted_answer": "8\\sqrt{10}",
      "prompt_tokens": 130,
      "completion_tokens": 10669,
      "reasoning_tokens_counted": 9879,
      "non_reasoning_tokens_counted": 788
    },
    {
      "chain_index": 4,
      "finish_reason": "stop",
      "extracted_answer": "8\\sqrt{10}",
      "prompt_tokens": 130,
      "completion_tokens": 6850,
      "reasoning_tokens_counted": 6243,
      "non_reasoning_tokens_counted": 605
    },
    {
      "chain_index": 5,
      "finish_reason": "stop",
      "extracted_answer": "8\\sqrt{10}",
      "prompt_tokens": 130,
      "completion_tokens": 8132,
      "reasoning_tokens_counted": 7432,
      "non_reasoning_tokens_counted": 698
    },
    {
      "chain_index": 6,
      "finish_reason": "stop",
      "extracted_answer": "8\\sqrt{10}",
      "prompt_tokens": 130,
      "completion_tokens": 7225,
      "reasoning_tokens_counted": 6652,
      "non_reasoning_tokens_counted": 571
    },
    {
      "chain_index": 7,
      "finish_reason": "stop",
      "extracted_answer": "8\\sqrt{10}",
      "prompt_tokens": 130,
      "completion_tokens": 5899,
      "reasoning_tokens_counted": 5320,
      "non_reasoning_tokens_counted": 577
    },
    {
      "chain_index": 8,
      "finish_reason": "stop",
      "extracted_answer": "8\\sqrt{10}",
      "prompt_tokens": 130,
      "completion_tokens": 7890,
      "reasoning_tokens_counted": 7211,
      "non_reasoning_tokens_counted": 677
    },
    {
      "chain_index": 9,
      "finish_reason": "stop",
      "extracted_answer": "8\\sqrt{10}",
      "prompt_tokens": 130,
      "completion_tokens": 5626,
      "reasoning_tokens_counted": 5038,
      "non_reasoning_tokens_counted": 586
    },
    {
      "chain_index": 10,
      "finish_reason": "stop",
      "extracted_answer": "8\\sqrt{10}",
      "prompt_tokens": 130,
      "completion_tokens": 11066,
      "reasoning_tokens_counted": 10387,
      "non_reasoning_tokens_counted": 677
    },
    {
      "chain_index": 11,
      "finish_reason": "stop",
      "extracted_answer": "8\\sqrt{10}",
      "prompt_tokens": 130,
      "completion_tokens": 6626,
      "reasoning_tokens_counted": 5910,
      "non_reasoning_tokens_counted": 714
    },
    {
      "chain_index": 12,
      "finish_reason": "stop",
      "extracted_answer": "8\\sqrt{10}",
      "prompt_tokens": 130,
      "completion_tokens": 7301,
      "reasoning_tokens_counted": 6510,
      "non_reasoning_tokens_counted": 789
    },
    {
      "chain_index": 13,
      "finish_reason": "stop",
      "extracted_answer": "8\\sqrt{10}",
      "prompt_tokens": 130,
      "completion_tokens": 6404,
      "reasoning_tokens_counted": 5615,
      "non_reasoning_tokens_counted": 787
    },
    {
      "chain_index": 14,
      "finish_reason": "stop",
      "extracted_answer": "8\\sqrt{10}",
      "prompt_tokens": 130,
      "completion_tokens": 11187,
      "reasoning_tokens_counted": 10650,
      "non_reasoning_tokens_counted": 535
    },
    {
      "chain_index": 15,
      "finish_reason": "stop",
      "extracted_answer": "8\\sqrt{10}",
      "prompt_tokens": 130,
      "completion_tokens": 6962,
      "reasoning_tokens_counted": 5991,
      "non_reasoning_tokens_counted": 969
    },
    {
      "chain_index": 16,
      "finish_reason": "stop",
      "extracted_answer": "8\\sqrt{10}",
      "prompt_tokens": 130,
      "completion_tokens": 5524,
      "reasoning_tokens_counted": 4697,
      "non_reasoning_tokens_counted": 825
    }
  ],
  "error_chain_details": []
}