{
  "iteration": 24,
  "question_id": "index_23",
  "status": "SUCCESS",
  "n_chains_requested": 16,
  "n_chains_completed_stream_with_content": 16,
  "n_chains_completed_stream_for_voting": 16,
  "error_chains_count": 0,
  "prompt_len": 1759,
  "correct_answer_reference": "20",
  "individual_answers": [
    "28",
    "100",
    "75",
    "100",
    "100",
    "20",
    "200(\\sqrt{2} - 1)",
    "10",
    "20",
    "100",
    "100",
    "100",
    "25",
    "\\dfrac{800}{9}",
    "100",
    "95"
  ],
  "voted_answer": "100",
  "final_score": 0,
  "avg_kv_cache_usage": 0.39805605569710706,
  "max_kv_cache_usage": 0.7654487035791676,
  "processing_duration_sec": 620.0752949714661,
  "usage_aggregated": {
    "prompt_tokens": 677,
    "total_completion_tokens_across_all_requested_chains": 231014,
    "total_reasoning_tokens_counted": 222694,
    "total_non_reasoning_tokens_counted": 8288,
    "total_tokens_usage": 231691
  },
  "chains_for_voting_details": [
    {
      "chain_index": 1,
      "finish_reason": "stop",
      "extracted_answer": "28",
      "prompt_tokens": 677,
      "completion_tokens": 5018,
      "reasoning_tokens_counted": 4563,
      "non_reasoning_tokens_counted": 453
    },
    {
      "chain_index": 2,
      "finish_reason": "stop",
      "extracted_answer": "100",
      "prompt_tokens": 677,
      "completion_tokens": 10997,
      "reasoning_tokens_counted": 10521,
      "non_reasoning_tokens_counted": 474
    },
    {
      "chain_index": 3,
      "finish_reason": "stop",
      "extracted_answer": "75",
      "prompt_tokens": 677,
      "completion_tokens": 15437,
      "reasoning_tokens_counted": 15004,
      "non_reasoning_tokens_counted": 431
    },
    {
      "chain_index": 4,
      "finish_reason": "stop",
      "extracted_answer": "100",
      "prompt_tokens": 677,
      "completion_tokens": 14297,
      "reasoning_tokens_counted": 13901,
      "non_reasoning_tokens_counted": 394
    },
    {
      "chain_index": 5,
      "finish_reason": "stop",
      "extracted_answer": "100",
      "prompt_tokens": 677,
      "completion_tokens": 20182,
      "reasoning_tokens_counted": 19924,
      "non_reasoning_tokens_counted": 256
    },
    {
      "chain_index": 6,
      "finish_reason": "stop",
      "extracted_answer": "20",
      "prompt_tokens": 677,
      "completion_tokens": 12920,
      "reasoning_tokens_counted": 12191,
      "non_reasoning_tokens_counted": 727
    },
    {
      "chain_index": 7,
      "finish_reason": "stop",
      "extracted_answer": "200(\\sqrt{2} - 1)",
      "prompt_tokens": 677,
      "completion_tokens": 18550,
      "reasoning_tokens_counted": 17778,
      "non_reasoning_tokens_counted": 770
    },
    {
      "chain_index": 8,
      "finish_reason": "stop",
      "extracted_answer": "10",
      "prompt_tokens": 677,
      "completion_tokens": 16136,
      "reasoning_tokens_counted": 15629,
      "non_reasoning_tokens_counted": 505
    },
    {
      "chain_index": 9,
      "finish_reason": "stop",
      "extracted_answer": "20",
      "prompt_tokens": 677,
      "completion_tokens": 13224,
      "reasoning_tokens_counted": 12556,
      "non_reasoning_tokens_counted": 666
    },
    {
      "chain_index": 10,
      "finish_reason": "stop",
      "extracted_answer": "100",
      "prompt_tokens": 677,
      "completion_tokens": 11921,
      "reasoning_tokens_counted": 11449,
      "non_reasoning_tokens_counted": 470
    },
    {
      "chain_index": 11,
      "finish_reason": "stop",
      "extracted_answer": "100",
      "prompt_tokens": 677,
      "completion_tokens": 14269,
      "reasoning_tokens_counted": 13610,
      "non_reasoning_tokens_counted": 657
    },
    {
      "chain_index": 12,
      "finish_reason": "stop",
      "extracted_answer": "100",
      "prompt_tokens": 677,
      "completion_tokens": 8591,
      "reasoning_tokens_counted": 8124,
      "non_reasoning_tokens_counted": 465
    },
    {
      "chain_index": 13,
      "finish_reason": "stop",
      "extracted_answer": "25",
      "prompt_tokens": 677,
      "completion_tokens": 14978,
      "reasoning_tokens_counted": 14290,
      "non_reasoning_tokens_counted": 686
    },
    {
      "chain_index": 14,
      "finish_reason": "stop",
      "extracted_answer": "\\dfrac{800}{9}",
      "prompt_tokens": 677,
      "completion_tokens": 15866,
      "reasoning_tokens_counted": 15441,
      "non_reasoning_tokens_counted": 423
    },
    {
      "chain_index": 15,
      "finish_reason": "stop",
      "extracted_answer": "100",
      "prompt_tokens": 677,
      "completion_tokens": 15592,
      "reasoning_tokens_counted": 15152,
      "non_reasoning_tokens_counted": 438
    },
    {
      "chain_index": 16,
      "finish_reason": "stop",
      "extracted_answer": "95",
      "prompt_tokens": 677,
      "completion_tokens": 23036,
      "reasoning_tokens_counted": 22561,
      "non_reasoning_tokens_counted": 473
    }
  ],
  "error_chain_details": []
}