{
  "iteration": 27,
  "question_id": "index_26",
  "status": "SUCCESS",
  "n_chains_requested": 16,
  "n_chains_completed_stream_with_content": 16,
  "n_chains_completed_stream_for_voting": 16,
  "error_chains_count": 0,
  "prompt_len": 494,
  "correct_answer_reference": "\\frac{7}{18}",
  "individual_answers": [
    "\\dfrac{1}{3}",
    "\\dfrac{7}{18}",
    "\\dfrac{7}{18}",
    "\\dfrac{1}{7}",
    "\\dfrac{1}{7}",
    "\\dfrac{1}{3}",
    "\\dfrac{1}{12}",
    "\\dfrac{7}{18}",
    "\\dfrac{7}{9}",
    "\\dfrac{1}{7}",
    "\\dfrac{1}{3}",
    "\\dfrac{1}{4}",
    "\\dfrac{1}{3}",
    "\\dfrac{1}{3}",
    "\\dfrac{1}{3}",
    "\\dfrac{1}{3}"
  ],
  "voted_answer": "\\dfrac{1}{3}",
  "final_score": 0,
  "avg_kv_cache_usage": 0.5583711552570435,
  "max_kv_cache_usage": 0.9998505566763805,
  "processing_duration_sec": 841.7293548583984,
  "usage_aggregated": {
    "prompt_tokens": 151,
    "total_completion_tokens_across_all_requested_chains": 324751,
    "total_reasoning_tokens_counted": 317413,
    "total_non_reasoning_tokens_counted": 7305,
    "total_tokens_usage": 324902
  },
  "chains_for_voting_details": [
    {
      "chain_index": 1,
      "finish_reason": "stop",
      "extracted_answer": "\\dfrac{1}{3}",
      "prompt_tokens": 151,
      "completion_tokens": 15281,
      "reasoning_tokens_counted": 14588,
      "non_reasoning_tokens_counted": 691
    },
    {
      "chain_index": 2,
      "finish_reason": "stop",
      "extracted_answer": "\\dfrac{7}{18}",
      "prompt_tokens": 151,
      "completion_tokens": 10035,
      "reasoning_tokens_counted": 9029,
      "non_reasoning_tokens_counted": 1004
    },
    {
      "chain_index": 3,
      "finish_reason": "stop",
      "extracted_answer": "\\dfrac{7}{18}",
      "prompt_tokens": 151,
      "completion_tokens": 16770,
      "reasoning_tokens_counted": 16172,
      "non_reasoning_tokens_counted": 596
    },
    {
      "chain_index": 4,
      "finish_reason": "stop",
      "extracted_answer": "\\dfrac{1}{7}",
      "prompt_tokens": 151,
      "completion_tokens": 21389,
      "reasoning_tokens_counted": 20898,
      "non_reasoning_tokens_counted": 488
    },
    {
      "chain_index": 5,
      "finish_reason": "stop",
      "extracted_answer": "\\dfrac{1}{7}",
      "prompt_tokens": 151,
      "completion_tokens": 21399,
      "reasoning_tokens_counted": 21193,
      "non_reasoning_tokens_counted": 204
    },
    {
      "chain_index": 6,
      "finish_reason": "stop",
      "extracted_answer": "\\dfrac{1}{3}",
      "prompt_tokens": 151,
      "completion_tokens": 19117,
      "reasoning_tokens_counted": 18644,
      "non_reasoning_tokens_counted": 471
    },
    {
      "chain_index": 7,
      "finish_reason": "stop",
      "extracted_answer": "\\dfrac{1}{12}",
      "prompt_tokens": 151,
      "completion_tokens": 17793,
      "reasoning_tokens_counted": 17389,
      "non_reasoning_tokens_counted": 402
    },
    {
      "chain_index": 8,
      "finish_reason": "stop",
      "extracted_answer": "\\dfrac{7}{18}",
      "prompt_tokens": 151,
      "completion_tokens": 23172,
      "reasoning_tokens_counted": 22422,
      "non_reasoning_tokens_counted": 748
    },
    {
      "chain_index": 9,
      "finish_reason": "stop",
      "extracted_answer": "\\dfrac{7}{9}",
      "prompt_tokens": 151,
      "completion_tokens": 18261,
      "reasoning_tokens_counted": 17519,
      "non_reasoning_tokens_counted": 740
    },
    {
      "chain_index": 10,
      "finish_reason": "stop",
      "extracted_answer": "\\dfrac{1}{7}",
      "prompt_tokens": 151,
      "completion_tokens": 25020,
      "reasoning_tokens_counted": 24814,
      "non_reasoning_tokens_counted": 204
    },
    {
      "chain_index": 11,
      "finish_reason": "stop",
      "extracted_answer": "\\dfrac{1}{3}",
      "prompt_tokens": 151,
      "completion_tokens": 16844,
      "reasoning_tokens_counted": 16381,
      "non_reasoning_tokens_counted": 461
    },
    {
      "chain_index": 12,
      "finish_reason": "stop",
      "extracted_answer": "\\dfrac{1}{4}",
      "prompt_tokens": 151,
      "completion_tokens": 19236,
      "reasoning_tokens_counted": 18587,
      "non_reasoning_tokens_counted": 647
    },
    {
      "chain_index": 13,
      "finish_reason": "stop",
      "extracted_answer": "\\dfrac{1}{3}",
      "prompt_tokens": 151,
      "completion_tokens": 27004,
      "reasoning_tokens_counted": 26955,
      "non_reasoning_tokens_counted": 47
    },
    {
      "chain_index": 14,
      "finish_reason": "stop",
      "extracted_answer": "\\dfrac{1}{3}",
      "prompt_tokens": 151,
      "completion_tokens": 22429,
      "reasoning_tokens_counted": 22266,
      "non_reasoning_tokens_counted": 161
    },
    {
      "chain_index": 15,
      "finish_reason": "stop",
      "extracted_answer": "\\dfrac{1}{3}",
      "prompt_tokens": 151,
      "completion_tokens": 26547,
      "reasoning_tokens_counted": 26491,
      "non_reasoning_tokens_counted": 54
    },
    {
      "chain_index": 16,
      "finish_reason": "stop",
      "extracted_answer": "\\dfrac{1}{3}",
      "prompt_tokens": 151,
      "completion_tokens": 24454,
      "reasoning_tokens_counted": 24065,
      "non_reasoning_tokens_counted": 387
    }
  ],
  "error_chain_details": []
}