{
  "iteration": 9,
  "question_id": "index_8",
  "status": "SUCCESS",
  "n_chains_requested": 16,
  "n_chains_completed_stream_with_content": 16,
  "n_chains_completed_stream_for_voting": 16,
  "error_chains_count": 0,
  "prompt_len": 743,
  "correct_answer_reference": "1037",
  "individual_answers": [
    "1037",
    "0",
    "1037",
    "990",
    "1007",
    "990",
    "0",
    "992",
    "1",
    "1037",
    "1982",
    "1037",
    "1037",
    "1037",
    "992",
    "1037"
  ],
  "voted_answer": "1037",
  "final_score": 1,
  "avg_kv_cache_usage": 0.34274468448789874,
  "max_kv_cache_usage": 0.6019577075394157,
  "processing_duration_sec": 409.61775946617126,
  "usage_aggregated": {
    "prompt_tokens": 238,
    "total_completion_tokens_across_all_requested_chains": 185655,
    "total_reasoning_tokens_counted": 179982,
    "total_non_reasoning_tokens_counted": 5641,
    "total_tokens_usage": 185893
  },
  "chains_for_voting_details": [
    {
      "chain_index": 1,
      "finish_reason": "stop",
      "extracted_answer": "1037",
      "prompt_tokens": 238,
      "completion_tokens": 9155,
      "reasoning_tokens_counted": 8721,
      "non_reasoning_tokens_counted": 432
    },
    {
      "chain_index": 2,
      "finish_reason": "stop",
      "extracted_answer": "0",
      "prompt_tokens": 238,
      "completion_tokens": 15218,
      "reasoning_tokens_counted": 15116,
      "non_reasoning_tokens_counted": 100
    },
    {
      "chain_index": 3,
      "finish_reason": "stop",
      "extracted_answer": "1037",
      "prompt_tokens": 238,
      "completion_tokens": 15807,
      "reasoning_tokens_counted": 15235,
      "non_reasoning_tokens_counted": 570
    },
    {
      "chain_index": 4,
      "finish_reason": "stop",
      "extracted_answer": "990",
      "prompt_tokens": 238,
      "completion_tokens": 10495,
      "reasoning_tokens_counted": 9846,
      "non_reasoning_tokens_counted": 647
    },
    {
      "chain_index": 5,
      "finish_reason": "stop",
      "extracted_answer": "1007",
      "prompt_tokens": 238,
      "completion_tokens": 12604,
      "reasoning_tokens_counted": 12513,
      "non_reasoning_tokens_counted": 89
    },
    {
      "chain_index": 6,
      "finish_reason": "stop",
      "extracted_answer": "990",
      "prompt_tokens": 238,
      "completion_tokens": 8355,
      "reasoning_tokens_counted": 7893,
      "non_reasoning_tokens_counted": 460
    },
    {
      "chain_index": 7,
      "finish_reason": "stop",
      "extracted_answer": "0",
      "prompt_tokens": 238,
      "completion_tokens": 13766,
      "reasoning_tokens_counted": 13308,
      "non_reasoning_tokens_counted": 456
    },
    {
      "chain_index": 8,
      "finish_reason": "stop",
      "extracted_answer": "992",
      "prompt_tokens": 238,
      "completion_tokens": 13580,
      "reasoning_tokens_counted": 13226,
      "non_reasoning_tokens_counted": 352
    },
    {
      "chain_index": 9,
      "finish_reason": "stop",
      "extracted_answer": "1",
      "prompt_tokens": 238,
      "completion_tokens": 8559,
      "reasoning_tokens_counted": 8472,
      "non_reasoning_tokens_counted": 85
    },
    {
      "chain_index": 10,
      "finish_reason": "stop",
      "extracted_answer": "1037",
      "prompt_tokens": 238,
      "completion_tokens": 7499,
      "reasoning_tokens_counted": 6852,
      "non_reasoning_tokens_counted": 645
    },
    {
      "chain_index": 11,
      "finish_reason": "stop",
      "extracted_answer": "1982",
      "prompt_tokens": 238,
      "completion_tokens": 13441,
      "reasoning_tokens_counted": 12912,
      "non_reasoning_tokens_counted": 527
    },
    {
      "chain_index": 12,
      "finish_reason": "stop",
      "extracted_answer": "1037",
      "prompt_tokens": 238,
      "completion_tokens": 10977,
      "reasoning_tokens_counted": 10866,
      "non_reasoning_tokens_counted": 109
    },
    {
      "chain_index": 13,
      "finish_reason": "stop",
      "extracted_answer": "1037",
      "prompt_tokens": 238,
      "completion_tokens": 16140,
      "reasoning_tokens_counted": 15930,
      "non_reasoning_tokens_counted": 208
    },
    {
      "chain_index": 14,
      "finish_reason": "stop",
      "extracted_answer": "1037",
      "prompt_tokens": 238,
      "completion_tokens": 12338,
      "reasoning_tokens_counted": 12219,
      "non_reasoning_tokens_counted": 117
    },
    {
      "chain_index": 15,
      "finish_reason": "stop",
      "extracted_answer": "992",
      "prompt_tokens": 238,
      "completion_tokens": 8924,
      "reasoning_tokens_counted": 8574,
      "non_reasoning_tokens_counted": 348
    },
    {
      "chain_index": 16,
      "finish_reason": "stop",
      "extracted_answer": "1037",
      "prompt_tokens": 238,
      "completion_tokens": 8797,
      "reasoning_tokens_counted": 8299,
      "non_reasoning_tokens_counted": 496
    }
  ],
  "error_chain_details": []
}