{
  "iteration": 16,
  "question_id": "index_15",
  "status": "SUCCESS",
  "n_chains_requested": 2,
  "n_chains_completed_stream_with_content": 2,
  "n_chains_completed_stream_for_voting": 2,
  "error_chains_count": 0,
  "prompt_len": 533,
  "correct_answer_reference": "6300",
  "individual_answers": [
    "6525",
    "18325"
  ],
  "voted_answer": "6525",
  "final_score": 0,
  "avg_kv_cache_usage": 0.04429692813344947,
  "max_kv_cache_usage": 0.0839871478741687,
  "processing_duration_sec": 238.56956100463867,
  "usage_aggregated": {
    "prompt_tokens": 114,
    "total_completion_tokens_across_all_requested_chains": 20847,
    "total_reasoning_tokens_counted": 19595,
    "total_non_reasoning_tokens_counted": 1248,
    "total_tokens_usage": 20961
  },
  "chains_for_voting_details": [
    {
      "chain_index": 1,
      "finish_reason": "stop",
      "extracted_answer": "6525",
      "prompt_tokens": 114,
      "completion_tokens": 11974,
      "reasoning_tokens_counted": 11411,
      "non_reasoning_tokens_counted": 561
    },
    {
      "chain_index": 2,
      "finish_reason": "stop",
      "extracted_answer": "18325",
      "prompt_tokens": 114,
      "completion_tokens": 8873,
      "reasoning_tokens_counted": 8184,
      "non_reasoning_tokens_counted": 687
    }
  ],
  "error_chain_details": []
}