{
  "iteration": 1,
  "question_id": "index_0",
  "status": "SUCCESS",
  "n_chains_requested": 2,
  "n_chains_completed_stream_with_content": 2,
  "n_chains_completed_stream_for_voting": 2,
  "error_chains_count": 0,
  "prompt_len": 338,
  "correct_answer_reference": "103",
  "individual_answers": [
    "103",
    "103"
  ],
  "voted_answer": "103",
  "final_score": 1,
  "avg_kv_cache_usage": 0.018654896441194703,
  "max_kv_cache_usage": 0.0348202944033475,
  "processing_duration_sec": 84.58184146881104,
  "usage_aggregated": {
    "prompt_tokens": 79,
    "total_completion_tokens_across_all_requested_chains": 8730,
    "total_reasoning_tokens_counted": 7738,
    "total_non_reasoning_tokens_counted": 988,
    "total_tokens_usage": 8809
  },
  "chains_for_voting_details": [
    {
      "chain_index": 1,
      "finish_reason": "stop",
      "extracted_answer": "103",
      "prompt_tokens": 79,
      "completion_tokens": 3641,
      "reasoning_tokens_counted": 3237,
      "non_reasoning_tokens_counted": 402
    },
    {
      "chain_index": 2,
      "finish_reason": "stop",
      "extracted_answer": "103",
      "prompt_tokens": 79,
      "completion_tokens": 5089,
      "reasoning_tokens_counted": 4501,
      "non_reasoning_tokens_counted": 586
    }
  ],
  "error_chain_details": []
}