{
  "iteration": 11,
  "question_id": "index_10",
  "status": "SUCCESS",
  "n_chains_requested": 2,
  "n_chains_completed_stream_with_content": 2,
  "n_chains_completed_stream_for_voting": 2,
  "error_chains_count": 0,
  "prompt_len": 481,
  "correct_answer_reference": "56",
  "individual_answers": [
    "8",
    "56"
  ],
  "voted_answer": "56",
  "final_score": 1,
  "avg_kv_cache_usage": 0.047626120190889076,
  "max_kv_cache_usage": 0.0931031906149593,
  "processing_duration_sec": 225.17182993888855,
  "usage_aggregated": {
    "prompt_tokens": 111,
    "total_completion_tokens_across_all_requested_chains": 21467,
    "total_reasoning_tokens_counted": 20683,
    "total_non_reasoning_tokens_counted": 780,
    "total_tokens_usage": 21578
  },
  "chains_for_voting_details": [
    {
      "chain_index": 1,
      "finish_reason": "stop",
      "extracted_answer": "8",
      "prompt_tokens": 111,
      "completion_tokens": 9844,
      "reasoning_tokens_counted": 9398,
      "non_reasoning_tokens_counted": 444
    },
    {
      "chain_index": 2,
      "finish_reason": "stop",
      "extracted_answer": "56",
      "prompt_tokens": 111,
      "completion_tokens": 11623,
      "reasoning_tokens_counted": 11285,
      "non_reasoning_tokens_counted": 336
    }
  ],
  "error_chain_details": []
}