{
  "iteration": 25,
  "question_id": "index_24",
  "status": "SUCCESS",
  "n_chains_requested": 2,
  "n_chains_completed_stream_with_content": 2,
  "n_chains_completed_stream_for_voting": 2,
  "error_chains_count": 0,
  "prompt_len": 550,
  "correct_answer_reference": "\\sqrt{23}-2 \\sqrt{3}",
  "individual_answers": [
    "\\sqrt{2}",
    "1"
  ],
  "voted_answer": "\\sqrt{2}",
  "final_score": 0,
  "avg_kv_cache_usage": 0.08737283033423912,
  "max_kv_cache_usage": 0.17335425539864,
  "processing_duration_sec": 405.2825574874878,
  "usage_aggregated": {
    "prompt_tokens": 146,
    "total_completion_tokens_across_all_requested_chains": 36810,
    "total_reasoning_tokens_counted": 36149,
    "total_non_reasoning_tokens_counted": 657,
    "total_tokens_usage": 36956
  },
  "chains_for_voting_details": [
    {
      "chain_index": 1,
      "finish_reason": "stop",
      "extracted_answer": "\\sqrt{2}",
      "prompt_tokens": 146,
      "completion_tokens": 18404,
      "reasoning_tokens_counted": 18074,
      "non_reasoning_tokens_counted": 328
    },
    {
      "chain_index": 2,
      "finish_reason": "stop",
      "extracted_answer": "1",
      "prompt_tokens": 146,
      "completion_tokens": 18406,
      "reasoning_tokens_counted": 18075,
      "non_reasoning_tokens_counted": 329
    }
  ],
  "error_chain_details": []
}