{
  "iteration": 22,
  "question_id": "index_21",
  "status": "SUCCESS",
  "n_chains_requested": 2,
  "n_chains_completed_stream_with_content": 2,
  "n_chains_completed_stream_for_voting": 2,
  "error_chains_count": 0,
  "prompt_len": 586,
  "correct_answer_reference": "63",
  "individual_answers": [
    "63",
    "63"
  ],
  "voted_answer": "63",
  "final_score": 1,
  "avg_kv_cache_usage": 0.03963137702682504,
  "max_kv_cache_usage": 0.0772621983112904,
  "processing_duration_sec": 175.6558177471161,
  "usage_aggregated": {
    "prompt_tokens": 135,
    "total_completion_tokens_across_all_requested_chains": 17599,
    "total_reasoning_tokens_counted": 17329,
    "total_non_reasoning_tokens_counted": 266,
    "total_tokens_usage": 17734
  },
  "chains_for_voting_details": [
    {
      "chain_index": 1,
      "finish_reason": "stop",
      "extracted_answer": "63",
      "prompt_tokens": 135,
      "completion_tokens": 8128,
      "reasoning_tokens_counted": 7917,
      "non_reasoning_tokens_counted": 209
    },
    {
      "chain_index": 2,
      "finish_reason": "stop",
      "extracted_answer": "63",
      "prompt_tokens": 135,
      "completion_tokens": 9471,
      "reasoning_tokens_counted": 9412,
      "non_reasoning_tokens_counted": 57
    }
  ],
  "error_chain_details": []
}