{
  "iteration": 30,
  "question_id": "index_29",
  "status": "SUCCESS",
  "n_chains_requested": 2,
  "n_chains_completed_stream_with_content": 2,
  "n_chains_completed_stream_for_voting": 2,
  "error_chains_count": 0,
  "prompt_len": 456,
  "correct_answer_reference": "\\sqrt{\\frac{95}{24}}",
  "individual_answers": [
    "60",
    "\\dfrac{33\\sqrt{10}}{2}"
  ],
  "voted_answer": "\\dfrac{33\\sqrt{10}}{2}",
  "final_score": 0,
  "avg_kv_cache_usage": 0.06961219954216447,
  "max_kv_cache_usage": 0.1354703728610924,
  "processing_duration_sec": 671.4087946414948,
  "usage_aggregated": {
    "prompt_tokens": 115,
    "total_completion_tokens_across_all_requested_chains": 33208,
    "total_reasoning_tokens_counted": 32484,
    "total_non_reasoning_tokens_counted": 720,
    "total_tokens_usage": 33323
  },
  "chains_for_voting_details": [
    {
      "chain_index": 1,
      "finish_reason": "stop",
      "extracted_answer": "60",
      "prompt_tokens": 115,
      "completion_tokens": 28884,
      "reasoning_tokens_counted": 28483,
      "non_reasoning_tokens_counted": 399
    },
    {
      "chain_index": 2,
      "finish_reason": "stop",
      "extracted_answer": "\\dfrac{33\\sqrt{10}}{2}",
      "prompt_tokens": 115,
      "completion_tokens": 4324,
      "reasoning_tokens_counted": 4001,
      "non_reasoning_tokens_counted": 321
    }
  ],
  "error_chain_details": []
}