{
  "iteration": 28,
  "question_id": "index_27",
  "status": "SUCCESS",
  "n_chains_requested": 2,
  "n_chains_completed_stream_with_content": 2,
  "n_chains_completed_stream_for_voting": 2,
  "error_chains_count": 0,
  "prompt_len": 527,
  "correct_answer_reference": "\\sqrt{6}",
  "individual_answers": [
    "\\sqrt{\\dfrac{505}{84}}",
    "5"
  ],
  "voted_answer": "\\sqrt{\\dfrac{505}{84}}",
  "final_score": 0,
  "avg_kv_cache_usage": 0.08441020335310148,
  "max_kv_cache_usage": 0.1661809758649032,
  "processing_duration_sec": 449.229469537735,
  "usage_aggregated": {
    "prompt_tokens": 160,
    "total_completion_tokens_across_all_requested_chains": 37624,
    "total_reasoning_tokens_counted": 36181,
    "total_non_reasoning_tokens_counted": 1439,
    "total_tokens_usage": 37784
  },
  "chains_for_voting_details": [
    {
      "chain_index": 1,
      "finish_reason": "stop",
      "extracted_answer": "\\sqrt{\\dfrac{505}{84}}",
      "prompt_tokens": 160,
      "completion_tokens": 20006,
      "reasoning_tokens_counted": 19379,
      "non_reasoning_tokens_counted": 625
    },
    {
      "chain_index": 2,
      "finish_reason": "stop",
      "extracted_answer": "5",
      "prompt_tokens": 160,
      "completion_tokens": 17618,
      "reasoning_tokens_counted": 16802,
      "non_reasoning_tokens_counted": 814
    }
  ],
  "error_chain_details": []
}