{
  "iteration": 9,
  "question_id": "index_8",
  "status": "SUCCESS",
  "n_chains_requested": 2,
  "n_chains_completed_stream_with_content": 2,
  "n_chains_completed_stream_for_voting": 2,
  "error_chains_count": 0,
  "prompt_len": 743,
  "correct_answer_reference": "1037",
  "individual_answers": [
    "1037",
    "990"
  ],
  "voted_answer": "1037",
  "final_score": 1,
  "avg_kv_cache_usage": 0.06113548790903306,
  "max_kv_cache_usage": 0.1090936262422476,
  "processing_duration_sec": 390.95048236846924,
  "usage_aggregated": {
    "prompt_tokens": 238,
    "total_completion_tokens_across_all_requested_chains": 29636,
    "total_reasoning_tokens_counted": 28881,
    "total_non_reasoning_tokens_counted": 751,
    "total_tokens_usage": 29874
  },
  "chains_for_voting_details": [
    {
      "chain_index": 1,
      "finish_reason": "stop",
      "extracted_answer": "1037",
      "prompt_tokens": 238,
      "completion_tokens": 11433,
      "reasoning_tokens_counted": 11129,
      "non_reasoning_tokens_counted": 302
    },
    {
      "chain_index": 2,
      "finish_reason": "stop",
      "extracted_answer": "990",
      "prompt_tokens": 238,
      "completion_tokens": 18203,
      "reasoning_tokens_counted": 17752,
      "non_reasoning_tokens_counted": 449
    }
  ],
  "error_chain_details": []
}