{
  "iteration": 3,
  "question_id": "index_2",
  "status": "SUCCESS",
  "n_chains_requested": 2,
  "n_chains_completed_stream_with_content": 2,
  "n_chains_completed_stream_for_voting": 2,
  "error_chains_count": 0,
  "prompt_len": 510,
  "correct_answer_reference": "\\frac{1}{576}",
  "individual_answers": [
    "\\dfrac{1}{576}",
    "\\dfrac{1}{576}"
  ],
  "voted_answer": "\\dfrac{1}{576}",
  "final_score": 1,
  "avg_kv_cache_usage": 0.029542274644619802,
  "max_kv_cache_usage": 0.0528282148994994,
  "processing_duration_sec": 151.9319486618042,
  "usage_aggregated": {
    "prompt_tokens": 167,
    "total_completion_tokens_across_all_requested_chains": 14061,
    "total_reasoning_tokens_counted": 12813,
    "total_non_reasoning_tokens_counted": 1244,
    "total_tokens_usage": 14228
  },
  "chains_for_voting_details": [
    {
      "chain_index": 1,
      "finish_reason": "stop",
      "extracted_answer": "\\dfrac{1}{576}",
      "prompt_tokens": 167,
      "completion_tokens": 5483,
      "reasoning_tokens_counted": 5085,
      "non_reasoning_tokens_counted": 396
    },
    {
      "chain_index": 2,
      "finish_reason": "stop",
      "extracted_answer": "\\dfrac{1}{576}",
      "prompt_tokens": 167,
      "completion_tokens": 8578,
      "reasoning_tokens_counted": 7728,
      "non_reasoning_tokens_counted": 848
    }
  ],
  "error_chain_details": []
}