{
  "iteration": 4,
  "question_id": "index_3",
  "status": "SUCCESS",
  "n_chains_requested": 2,
  "n_chains_completed_stream_with_content": 2,
  "n_chains_completed_stream_for_voting": 2,
  "error_chains_count": 0,
  "prompt_len": 404,
  "correct_answer_reference": "-984",
  "individual_answers": [
    "-987",
    "3050"
  ],
  "voted_answer": "-987",
  "final_score": 0,
  "avg_kv_cache_usage": 0.0511120785570574,
  "max_kv_cache_usage": 0.0981842636180229,
  "processing_duration_sec": 275.00183844566345,
  "usage_aggregated": {
    "prompt_tokens": 118,
    "total_completion_tokens_across_all_requested_chains": 23772,
    "total_reasoning_tokens_counted": 22671,
    "total_non_reasoning_tokens_counted": 1097,
    "total_tokens_usage": 23890
  },
  "chains_for_voting_details": [
    {
      "chain_index": 1,
      "finish_reason": "stop",
      "extracted_answer": "-987",
      "prompt_tokens": 118,
      "completion_tokens": 10388,
      "reasoning_tokens_counted": 9618,
      "non_reasoning_tokens_counted": 768
    },
    {
      "chain_index": 2,
      "finish_reason": "stop",
      "extracted_answer": "3050",
      "prompt_tokens": 118,
      "completion_tokens": 13384,
      "reasoning_tokens_counted": 13053,
      "non_reasoning_tokens_counted": 329
    }
  ],
  "error_chain_details": []
}