{
  "iteration": 7,
  "question_id": "index_6",
  "status": "SUCCESS",
  "n_chains_requested": 2,
  "n_chains_completed_stream_with_content": 2,
  "n_chains_completed_stream_for_voting": 2,
  "error_chains_count": 0,
  "prompt_len": 471,
  "correct_answer_reference": "\\frac{9 \\sqrt{23}}{23}",
  "individual_answers": [
    "\\dfrac{2\\sqrt{22}}{5}",
    "\\dfrac{15}{8}"
  ],
  "voted_answer": "\\dfrac{15}{8}",
  "final_score": 0,
  "avg_kv_cache_usage": 0.07863022357084412,
  "max_kv_cache_usage": 0.1542255099753419,
  "processing_duration_sec": 423.21780276298523,
  "usage_aggregated": {
    "prompt_tokens": 138,
    "total_completion_tokens_across_all_requested_chains": 35536,
    "total_reasoning_tokens_counted": 34801,
    "total_non_reasoning_tokens_counted": 731,
    "total_tokens_usage": 35674
  },
  "chains_for_voting_details": [
    {
      "chain_index": 1,
      "finish_reason": "stop",
      "extracted_answer": "\\dfrac{2\\sqrt{22}}{5}",
      "prompt_tokens": 138,
      "completion_tokens": 19174,
      "reasoning_tokens_counted": 18743,
      "non_reasoning_tokens_counted": 429
    },
    {
      "chain_index": 2,
      "finish_reason": "stop",
      "extracted_answer": "\\dfrac{15}{8}",
      "prompt_tokens": 138,
      "completion_tokens": 16362,
      "reasoning_tokens_counted": 16058,
      "non_reasoning_tokens_counted": 302
    }
  ],
  "error_chain_details": []
}