{
  "iteration": 29,
  "question_id": "index_28",
  "status": "SUCCESS",
  "n_chains_requested": 2,
  "n_chains_completed_stream_with_content": 2,
  "n_chains_completed_stream_for_voting": 2,
  "error_chains_count": 0,
  "prompt_len": 504,
  "correct_answer_reference": "14+4\\sqrt{37}",
  "individual_answers": [
    "10",
    "144"
  ],
  "voted_answer": "144",
  "final_score": 0,
  "avg_kv_cache_usage": 0.0847933613491092,
  "max_kv_cache_usage": 0.1428678173802585,
  "processing_duration_sec": 713.2925267219543,
  "usage_aggregated": {
    "prompt_tokens": 134,
    "total_completion_tokens_across_all_requested_chains": 43346,
    "total_reasoning_tokens_counted": 42558,
    "total_non_reasoning_tokens_counted": 784,
    "total_tokens_usage": 43480
  },
  "chains_for_voting_details": [
    {
      "chain_index": 1,
      "finish_reason": "stop",
      "extracted_answer": "10",
      "prompt_tokens": 134,
      "completion_tokens": 12901,
      "reasoning_tokens_counted": 12301,
      "non_reasoning_tokens_counted": 598
    },
    {
      "chain_index": 2,
      "finish_reason": "stop",
      "extracted_answer": "144",
      "prompt_tokens": 134,
      "completion_tokens": 30445,
      "reasoning_tokens_counted": 30257,
      "non_reasoning_tokens_counted": 186
    }
  ],
  "error_chain_details": []
}