{
  "iteration": 26,
  "question_id": "index_25",
  "status": "SUCCESS",
  "n_chains_requested": 2,
  "n_chains_completed_stream_with_content": 2,
  "n_chains_completed_stream_for_voting": 2,
  "error_chains_count": 0,
  "prompt_len": 504,
  "correct_answer_reference": "9\\sqrt{15}",
  "individual_answers": [
    "9\\sqrt{15}",
    "9\\sqrt{15}"
  ],
  "voted_answer": "9\\sqrt{15}",
  "final_score": 1,
  "avg_kv_cache_usage": 0.03954198941001448,
  "max_kv_cache_usage": 0.0751699917806172,
  "processing_duration_sec": 199.64532923698425,
  "usage_aggregated": {
    "prompt_tokens": 139,
    "total_completion_tokens_across_all_requested_chains": 18345,
    "total_reasoning_tokens_counted": 17187,
    "total_non_reasoning_tokens_counted": 1154,
    "total_tokens_usage": 18484
  },
  "chains_for_voting_details": [
    {
      "chain_index": 1,
      "finish_reason": "stop",
      "extracted_answer": "9\\sqrt{15}",
      "prompt_tokens": 139,
      "completion_tokens": 10444,
      "reasoning_tokens_counted": 9848,
      "non_reasoning_tokens_counted": 594
    },
    {
      "chain_index": 2,
      "finish_reason": "stop",
      "extracted_answer": "9\\sqrt{15}",
      "prompt_tokens": 139,
      "completion_tokens": 7901,
      "reasoning_tokens_counted": 7339,
      "non_reasoning_tokens_counted": 560
    }
  ],
  "error_chain_details": []
}