{
  "iteration": 23,
  "question_id": "index_22",
  "status": "SUCCESS",
  "n_chains_requested": 2,
  "n_chains_completed_stream_with_content": 2,
  "n_chains_completed_stream_for_voting": 2,
  "error_chains_count": 0,
  "prompt_len": 466,
  "correct_answer_reference": "8\\sqrt{10}",
  "individual_answers": [
    "8\\sqrt{10}",
    "8\\sqrt{10}"
  ],
  "voted_answer": "8\\sqrt{10}",
  "final_score": 1,
  "avg_kv_cache_usage": 0.03247946292078504,
  "max_kv_cache_usage": 0.0623178659493387,
  "processing_duration_sec": 143.26036667823792,
  "usage_aggregated": {
    "prompt_tokens": 130,
    "total_completion_tokens_across_all_requested_chains": 14774,
    "total_reasoning_tokens_counted": 13872,
    "total_non_reasoning_tokens_counted": 898,
    "total_tokens_usage": 14904
  },
  "chains_for_voting_details": [
    {
      "chain_index": 1,
      "finish_reason": "stop",
      "extracted_answer": "8\\sqrt{10}",
      "prompt_tokens": 130,
      "completion_tokens": 6533,
      "reasoning_tokens_counted": 5980,
      "non_reasoning_tokens_counted": 551
    },
    {
      "chain_index": 2,
      "finish_reason": "stop",
      "extracted_answer": "8\\sqrt{10}",
      "prompt_tokens": 130,
      "completion_tokens": 8241,
      "reasoning_tokens_counted": 7892,
      "non_reasoning_tokens_counted": 347
    }
  ],
  "error_chain_details": []
}