{
  "iteration": 20,
  "question_id": "index_19",
  "status": "SUCCESS",
  "n_chains_requested": 2,
  "n_chains_completed_stream_with_content": 2,
  "n_chains_completed_stream_for_voting": 2,
  "error_chains_count": 0,
  "prompt_len": 751,
  "correct_answer_reference": "\\frac{448}{3}",
  "individual_answers": [
    "\\dfrac{405}{2}",
    "90"
  ],
  "voted_answer": "90",
  "final_score": 0,
  "avg_kv_cache_usage": 0.09160372836287145,
  "max_kv_cache_usage": 0.1800792049615183,
  "processing_duration_sec": 494.9165816307068,
  "usage_aggregated": {
    "prompt_tokens": 166,
    "total_completion_tokens_across_all_requested_chains": 41092,
    "total_reasoning_tokens_counted": 40538,
    "total_non_reasoning_tokens_counted": 550,
    "total_tokens_usage": 41258
  },
  "chains_for_voting_details": [
    {
      "chain_index": 1,
      "finish_reason": "stop",
      "extracted_answer": "\\dfrac{405}{2}",
      "prompt_tokens": 166,
      "completion_tokens": 21990,
      "reasoning_tokens_counted": 21737,
      "non_reasoning_tokens_counted": 251
    },
    {
      "chain_index": 2,
      "finish_reason": "stop",
      "extracted_answer": "90",
      "prompt_tokens": 166,
      "completion_tokens": 19102,
      "reasoning_tokens_counted": 18801,
      "non_reasoning_tokens_counted": 299
    }
  ],
  "error_chain_details": []
}