{
  "iteration": 5,
  "question_id": "index_4",
  "status": "SUCCESS",
  "n_chains_requested": 2,
  "n_chains_completed_stream_with_content": 2,
  "n_chains_completed_stream_for_voting": 2,
  "error_chains_count": 0,
  "prompt_len": 509,
  "correct_answer_reference": "890",
  "individual_answers": [
    "890",
    "890"
  ],
  "voted_answer": "890",
  "final_score": 1,
  "avg_kv_cache_usage": 0.03106308050262493,
  "max_kv_cache_usage": 0.0603751027422849,
  "processing_duration_sec": 125.83682775497437,
  "usage_aggregated": {
    "prompt_tokens": 138,
    "total_completion_tokens_across_all_requested_chains": 13604,
    "total_reasoning_tokens_counted": 12659,
    "total_non_reasoning_tokens_counted": 941,
    "total_tokens_usage": 13742
  },
  "chains_for_voting_details": [
    {
      "chain_index": 1,
      "finish_reason": "stop",
      "extracted_answer": "890",
      "prompt_tokens": 138,
      "completion_tokens": 6316,
      "reasoning_tokens_counted": 5907,
      "non_reasoning_tokens_counted": 407
    },
    {
      "chain_index": 2,
      "finish_reason": "stop",
      "extracted_answer": "890",
      "prompt_tokens": 138,
      "completion_tokens": 7288,
      "reasoning_tokens_counted": 6752,
      "non_reasoning_tokens_counted": 534
    }
  ],
  "error_chain_details": []
}