{
  "iteration": 14,
  "question_id": "index_13",
  "status": "SUCCESS",
  "n_chains_requested": 2,
  "n_chains_completed_stream_with_content": 2,
  "n_chains_completed_stream_for_voting": 2,
  "error_chains_count": 0,
  "prompt_len": 638,
  "correct_answer_reference": "2304",
  "individual_answers": [
    "20",
    "12"
  ],
  "voted_answer": "12",
  "final_score": 0,
  "avg_kv_cache_usage": 0.04369556390854658,
  "max_kv_cache_usage": 0.0857804677576029,
  "processing_duration_sec": 178.2223138809204,
  "usage_aggregated": {
    "prompt_tokens": 183,
    "total_completion_tokens_across_all_requested_chains": 18633,
    "total_reasoning_tokens_counted": 18256,
    "total_non_reasoning_tokens_counted": 373,
    "total_tokens_usage": 18816
  },
  "chains_for_voting_details": [
    {
      "chain_index": 1,
      "finish_reason": "stop",
      "extracted_answer": "20",
      "prompt_tokens": 183,
      "completion_tokens": 9605,
      "reasoning_tokens_counted": 9434,
      "non_reasoning_tokens_counted": 169
    },
    {
      "chain_index": 2,
      "finish_reason": "stop",
      "extracted_answer": "12",
      "prompt_tokens": 183,
      "completion_tokens": 9028,
      "reasoning_tokens_counted": 8822,
      "non_reasoning_tokens_counted": 204
    }
  ],
  "error_chain_details": []
}