{
  "iteration": 21,
  "question_id": "index_20",
  "status": "SUCCESS",
  "n_chains_requested": 2,
  "n_chains_completed_stream_with_content": 2,
  "n_chains_completed_stream_for_voting": 2,
  "error_chains_count": 0,
  "prompt_len": 487,
  "correct_answer_reference": "26",
  "individual_answers": [
    "26",
    "26"
  ],
  "voted_answer": "26",
  "final_score": 1,
  "avg_kv_cache_usage": 0.013841327652432785,
  "max_kv_cache_usage": 0.0264514682806545,
  "processing_duration_sec": 49.425233602523804,
  "usage_aggregated": {
    "prompt_tokens": 134,
    "total_completion_tokens_across_all_requested_chains": 5594,
    "total_reasoning_tokens_counted": 4482,
    "total_non_reasoning_tokens_counted": 1108,
    "total_tokens_usage": 5728
  },
  "chains_for_voting_details": [
    {
      "chain_index": 1,
      "finish_reason": "stop",
      "extracted_answer": "26",
      "prompt_tokens": 134,
      "completion_tokens": 2910,
      "reasoning_tokens_counted": 2373,
      "non_reasoning_tokens_counted": 535
    },
    {
      "chain_index": 2,
      "finish_reason": "stop",
      "extracted_answer": "26",
      "prompt_tokens": 134,
      "completion_tokens": 2684,
      "reasoning_tokens_counted": 2109,
      "non_reasoning_tokens_counted": 573
    }
  ],
  "error_chain_details": []
}