{
  "iteration": 6,
  "question_id": "index_5",
  "status": "SUCCESS",
  "n_chains_requested": 2,
  "n_chains_completed_stream_with_content": 2,
  "n_chains_completed_stream_for_voting": 2,
  "error_chains_count": 0,
  "prompt_len": 370,
  "correct_answer_reference": "\\frac{1311}{2017}",
  "individual_answers": [
    "\\dfrac{1311}{2017}",
    "\\dfrac{1}{2017}"
  ],
  "voted_answer": "\\dfrac{1311}{2017}",
  "final_score": 1,
  "avg_kv_cache_usage": 0.06656251321382944,
  "max_kv_cache_usage": 0.1122319360382575,
  "processing_duration_sec": 549.895200252533,
  "usage_aggregated": {
    "prompt_tokens": 108,
    "total_completion_tokens_across_all_requested_chains": 34014,
    "total_reasoning_tokens_counted": 32662,
    "total_non_reasoning_tokens_counted": 1348,
    "total_tokens_usage": 34122
  },
  "chains_for_voting_details": [
    {
      "chain_index": 1,
      "finish_reason": "stop",
      "extracted_answer": "\\dfrac{1311}{2017}",
      "prompt_tokens": 108,
      "completion_tokens": 10104,
      "reasoning_tokens_counted": 9402,
      "non_reasoning_tokens_counted": 700
    },
    {
      "chain_index": 2,
      "finish_reason": "stop",
      "extracted_answer": "\\dfrac{1}{2017}",
      "prompt_tokens": 108,
      "completion_tokens": 23910,
      "reasoning_tokens_counted": 23260,
      "non_reasoning_tokens_counted": 648
    }
  ],
  "error_chain_details": []
}