{
  "iteration": 24,
  "question_id": "index_23",
  "status": "SUCCESS",
  "n_chains_requested": 2,
  "n_chains_completed_stream_with_content": 2,
  "n_chains_completed_stream_for_voting": 2,
  "error_chains_count": 0,
  "prompt_len": 1759,
  "correct_answer_reference": "20",
  "individual_answers": [
    "25",
    "100"
  ],
  "voted_answer": "25",
  "final_score": 0,
  "avg_kv_cache_usage": 0.04198176220828882,
  "max_kv_cache_usage": 0.0778599716057685,
  "processing_duration_sec": 169.26956295967102,
  "usage_aggregated": {
    "prompt_tokens": 677,
    "total_completion_tokens_across_all_requested_chains": 16605,
    "total_reasoning_tokens_counted": 15667,
    "total_non_reasoning_tokens_counted": 934,
    "total_tokens_usage": 17282
  },
  "chains_for_voting_details": [
    {
      "chain_index": 1,
      "finish_reason": "stop",
      "extracted_answer": "25",
      "prompt_tokens": 677,
      "completion_tokens": 7622,
      "reasoning_tokens_counted": 7120,
      "non_reasoning_tokens_counted": 500
    },
    {
      "chain_index": 2,
      "finish_reason": "stop",
      "extracted_answer": "100",
      "prompt_tokens": 677,
      "completion_tokens": 8983,
      "reasoning_tokens_counted": 8547,
      "non_reasoning_tokens_counted": 434
    }
  ],
  "error_chain_details": []
}