{
  "iteration": 8,
  "question_id": "index_7",
  "status": "SUCCESS",
  "n_chains_requested": 2,
  "n_chains_completed_stream_with_content": 2,
  "n_chains_completed_stream_for_voting": 2,
  "error_chains_count": 0,
  "prompt_len": 504,
  "correct_answer_reference": "1-\\frac{2}{\\pi}",
  "individual_answers": [
    "\\dfrac{1}{4 \\ln 2}",
    "\\dfrac{93}{256}"
  ],
  "voted_answer": "\\dfrac{1}{4 \\ln 2}",
  "final_score": 0,
  "avg_kv_cache_usage": 0.07143160654008608,
  "max_kv_cache_usage": 0.1365911977882388,
  "processing_duration_sec": 417.4562029838562,
  "usage_aggregated": {
    "prompt_tokens": 151,
    "total_completion_tokens_across_all_requested_chains": 33494,
    "total_reasoning_tokens_counted": 32754,
    "total_non_reasoning_tokens_counted": 736,
    "total_tokens_usage": 33645
  },
  "chains_for_voting_details": [
    {
      "chain_index": 1,
      "finish_reason": "stop",
      "extracted_answer": "\\dfrac{1}{4 \\ln 2}",
      "prompt_tokens": 151,
      "completion_tokens": 19020,
      "reasoning_tokens_counted": 18778,
      "non_reasoning_tokens_counted": 240
    },
    {
      "chain_index": 2,
      "finish_reason": "stop",
      "extracted_answer": "\\dfrac{93}{256}",
      "prompt_tokens": 151,
      "completion_tokens": 14474,
      "reasoning_tokens_counted": 13976,
      "non_reasoning_tokens_counted": 496
    }
  ],
  "error_chain_details": []
}