{
  "iteration": 2,
  "question_id": "index_1",
  "status": "SUCCESS",
  "n_chains_requested": 2,
  "n_chains_completed_stream_with_content": 2,
  "n_chains_completed_stream_for_voting": 2,
  "error_chains_count": 0,
  "prompt_len": 600,
  "correct_answer_reference": "3375",
  "individual_answers": [
    "3375",
    "3375"
  ],
  "voted_answer": "3375",
  "final_score": 1,
  "avg_kv_cache_usage": 0.01239232736451048,
  "max_kv_cache_usage": 0.0233131584846446,
  "processing_duration_sec": 42.975236892700195,
  "usage_aggregated": {
    "prompt_tokens": 148,
    "total_completion_tokens_across_all_requested_chains": 4889,
    "total_reasoning_tokens_counted": 4091,
    "total_non_reasoning_tokens_counted": 794,
    "total_tokens_usage": 5037
  },
  "chains_for_voting_details": [
    {
      "chain_index": 1,
      "finish_reason": "stop",
      "extracted_answer": "3375",
      "prompt_tokens": 148,
      "completion_tokens": 2541,
      "reasoning_tokens_counted": 2087,
      "non_reasoning_tokens_counted": 452
    },
    {
      "chain_index": 2,
      "finish_reason": "stop",
      "extracted_answer": "3375",
      "prompt_tokens": 148,
      "completion_tokens": 2348,
      "reasoning_tokens_counted": 2004,
      "non_reasoning_tokens_counted": 342
    }
  ],
  "error_chain_details": []
}