{
  "iteration": 13,
  "question_id": "index_12",
  "status": "SUCCESS",
  "n_chains_requested": 2,
  "n_chains_completed_stream_with_content": 2,
  "n_chains_completed_stream_for_voting": 2,
  "error_chains_count": 0,
  "prompt_len": 592,
  "correct_answer_reference": "105",
  "individual_answers": [
    "144",
    "6"
  ],
  "voted_answer": "6",
  "final_score": 0,
  "avg_kv_cache_usage": 0.055733891429678516,
  "max_kv_cache_usage": 0.0980348202944033,
  "processing_duration_sec": 373.5121076107025,
  "usage_aggregated": {
    "prompt_tokens": 149,
    "total_completion_tokens_across_all_requested_chains": 27462,
    "total_reasoning_tokens_counted": 26703,
    "total_non_reasoning_tokens_counted": 755,
    "total_tokens_usage": 27611
  },
  "chains_for_voting_details": [
    {
      "chain_index": 1,
      "finish_reason": "stop",
      "extracted_answer": "144",
      "prompt_tokens": 149,
      "completion_tokens": 10345,
      "reasoning_tokens_counted": 10109,
      "non_reasoning_tokens_counted": 234
    },
    {
      "chain_index": 2,
      "finish_reason": "stop",
      "extracted_answer": "6",
      "prompt_tokens": 149,
      "completion_tokens": 17117,
      "reasoning_tokens_counted": 16594,
      "non_reasoning_tokens_counted": 521
    }
  ],
  "error_chain_details": []
}