{
  "iteration": 15,
  "question_id": "index_14",
  "status": "SUCCESS",
  "n_chains_requested": 2,
  "n_chains_completed_stream_with_content": 2,
  "n_chains_completed_stream_for_voting": 2,
  "error_chains_count": 0,
  "prompt_len": 610,
  "correct_answer_reference": "200",
  "individual_answers": [
    "202",
    "202"
  ],
  "voted_answer": "202",
  "final_score": 0,
  "avg_kv_cache_usage": 0.018218061685572495,
  "max_kv_cache_usage": 0.0348202944033475,
  "processing_duration_sec": 70.61385917663574,
  "usage_aggregated": {
    "prompt_tokens": 144,
    "total_completion_tokens_across_all_requested_chains": 7736,
    "total_reasoning_tokens_counted": 7295,
    "total_non_reasoning_tokens_counted": 437,
    "total_tokens_usage": 7880
  },
  "chains_for_voting_details": [
    {
      "chain_index": 1,
      "finish_reason": "stop",
      "extracted_answer": "202",
      "prompt_tokens": 144,
      "completion_tokens": 3580,
      "reasoning_tokens_counted": 3453,
      "non_reasoning_tokens_counted": 125
    },
    {
      "chain_index": 2,
      "finish_reason": "stop",
      "extracted_answer": "202",
      "prompt_tokens": 144,
      "completion_tokens": 4156,
      "reasoning_tokens_counted": 3842,
      "non_reasoning_tokens_counted": 312
    }
  ],
  "error_chain_details": []
}