{
  "iteration": 19,
  "question_id": "index_18",
  "status": "SUCCESS",
  "n_chains_requested": 2,
  "n_chains_completed_stream_with_content": 2,
  "n_chains_completed_stream_for_voting": 2,
  "error_chains_count": 0,
  "prompt_len": 457,
  "correct_answer_reference": "\\frac{4}{9}",
  "individual_answers": [
    "\\dfrac{1}{3}",
    "\\dfrac{1}{3}"
  ],
  "voted_answer": "\\dfrac{1}{3}",
  "final_score": 0,
  "avg_kv_cache_usage": 0.0631238020715738,
  "max_kv_cache_usage": 0.1064036464170963,
  "processing_duration_sec": 458.18053913116455,
  "usage_aggregated": {
    "prompt_tokens": 90,
    "total_completion_tokens_across_all_requested_chains": 31808,
    "total_reasoning_tokens_counted": 31190,
    "total_non_reasoning_tokens_counted": 614,
    "total_tokens_usage": 31898
  },
  "chains_for_voting_details": [
    {
      "chain_index": 1,
      "finish_reason": "stop",
      "extracted_answer": "\\dfrac{1}{3}",
      "prompt_tokens": 90,
      "completion_tokens": 20513,
      "reasoning_tokens_counted": 20112,
      "non_reasoning_tokens_counted": 399
    },
    {
      "chain_index": 2,
      "finish_reason": "stop",
      "extracted_answer": "\\dfrac{1}{3}",
      "prompt_tokens": 90,
      "completion_tokens": 11295,
      "reasoning_tokens_counted": 11078,
      "non_reasoning_tokens_counted": 215
    }
  ],
  "error_chain_details": []
}