{
  "iteration": 17,
  "question_id": "index_16",
  "status": "SUCCESS",
  "n_chains_requested": 2,
  "n_chains_completed_stream_with_content": 2,
  "n_chains_completed_stream_for_voting": 2,
  "error_chains_count": 0,
  "prompt_len": 579,
  "correct_answer_reference": "2^{25} \\cdot 26!",
  "individual_answers": [
    "26!",
    "26!"
  ],
  "voted_answer": "26!",
  "final_score": 0,
  "avg_kv_cache_usage": 0.028456759072614767,
  "max_kv_cache_usage": 0.0554434730628409,
  "processing_duration_sec": 106.3093204498291,
  "usage_aggregated": {
    "prompt_tokens": 142,
    "total_completion_tokens_across_all_requested_chains": 12028,
    "total_reasoning_tokens_counted": 11364,
    "total_non_reasoning_tokens_counted": 660,
    "total_tokens_usage": 12170
  },
  "chains_for_voting_details": [
    {
      "chain_index": 1,
      "finish_reason": "stop",
      "extracted_answer": "26!",
      "prompt_tokens": 142,
      "completion_tokens": 5790,
      "reasoning_tokens_counted": 5478,
      "non_reasoning_tokens_counted": 310
    },
    {
      "chain_index": 2,
      "finish_reason": "stop",
      "extracted_answer": "26!",
      "prompt_tokens": 142,
      "completion_tokens": 6238,
      "reasoning_tokens_counted": 5886,
      "non_reasoning_tokens_counted": 350
    }
  ],
  "error_chain_details": []
}