{
  "iteration": 18,
  "question_id": "index_17",
  "status": "SUCCESS",
  "n_chains_requested": 2,
  "n_chains_completed_stream_with_content": 2,
  "n_chains_completed_stream_for_voting": 2,
  "error_chains_count": 0,
  "prompt_len": 716,
  "correct_answer_reference": "\\frac{2025}{101}",
  "individual_answers": [
    "1825",
    "1825"
  ],
  "voted_answer": "1825",
  "final_score": 0,
  "avg_kv_cache_usage": 0.03937294697554135,
  "max_kv_cache_usage": 0.0766644250168123,
  "processing_duration_sec": 151.02068400382996,
  "usage_aggregated": {
    "prompt_tokens": 217,
    "total_completion_tokens_across_all_requested_chains": 16444,
    "total_reasoning_tokens_counted": 16082,
    "total_non_reasoning_tokens_counted": 358,
    "total_tokens_usage": 16661
  },
  "chains_for_voting_details": [
    {
      "chain_index": 1,
      "finish_reason": "stop",
      "extracted_answer": "1825",
      "prompt_tokens": 217,
      "completion_tokens": 7983,
      "reasoning_tokens_counted": 7769,
      "non_reasoning_tokens_counted": 212
    },
    {
      "chain_index": 2,
      "finish_reason": "stop",
      "extracted_answer": "1825",
      "prompt_tokens": 217,
      "completion_tokens": 8461,
      "reasoning_tokens_counted": 8313,
      "non_reasoning_tokens_counted": 146
    }
  ],
  "error_chain_details": []
}