{
  "dataset": "aime",
  "model_name": "QwQ-32B",
  "run_type": "Similarity Pruning (Prune Farthest)",
  "config": {
    "n_chains_start": 8,
    "similarity_threshold": 0.98,
    "threshold_schedule": "fixed",
    "pruning_strategy": "prune_farthest",
    "iterations_selected_by": "range",
    "random_seed": null,
    "num_steps_to_delay_pruning": 20
  },
  "metrics": {
    "num_qns_processed": 30,
    "num_qns_with_score": 30,
    "overall_accuracy": 0.8333333333333334,
    "mean_total_completion_tokens_per_question": 17863.266666666666,
    "max_total_completion_tokens_per_question": 32685.0,
    "mean_max_kv_cache_usage_per_question_perc": 0.045768656861035165,
    "max_max_kv_cache_usage_across_all_questions_perc": 0.0997035056101389,
    "mean_processing_duration_sec_per_question": 288.6190376361211,
    "max_processing_duration_sec_per_question": 716.6561212539673,
    "mean_chains_started_per_question": 8.0,
    "mean_chains_completed_stream_for_voting_per_question": 1.0,
    "mean_chains_error_per_question": 0.0,
    "max_chains_error_per_question": 0.0
  }
}