{
  "iteration": 157,
  "question_id": "index_156",
  "status": "SUCCESS",
  "n_chains_start": 2,
  "n_chains_completed_stream_for_voting": 2,
  "n_chains_pruned": 0,
  "n_chains_error": 0,
  "similarity_threshold": 0.6,
  "num_steps_to_delay_pruning": 20,
  "correct_answer_reference": "B",
  "individual_answers_final": [
    "B",
    "B"
  ],
  "voted_answer": "B",
  "final_score": 1,
  "processing_duration_sec": 14.616693258285522,
  "total_analysis_intervals": 4,
  "avg_kv_cache_usage": 0.005849456508294947,
  "max_kv_cache_usage": 0.0097138160352686,
  "usage_aggregated": {
    "prompt_tokens": 209,
    "total_completion_tokens_across_all_started_chains": 1710
  },
  "chains_for_voting_details": [
    {
      "chain_index": 1,
      "finish_reason": "stop",
      "extracted_answer": "B",
      "prompt_tokens": 209,
      "completion_tokens": 879,
      "completed_thought_count": 1,
      "final_mean_pairwise_similarity": 0.0,
      "final_internal_similarity": 0.0,
      "pruned_count": 0
    },
    {
      "chain_index": 2,
      "finish_reason": "stop",
      "extracted_answer": "B",
      "prompt_tokens": 209,
      "completion_tokens": 831,
      "completed_thought_count": 2,
      "final_mean_pairwise_similarity": 0.8325555324554443,
      "final_internal_similarity": 0.41627776622772217,
      "pruned_count": 0
    }
  ],
  "pruned_chain_details": [],
  "error_chain_details": []
}