{
  "iteration": 111,
  "question_id": "index_110",
  "status": "SUCCESS",
  "n_chains_start": 2,
  "n_chains_completed_stream_for_voting": 1,
  "n_chains_pruned": 1,
  "n_chains_error": 0,
  "similarity_threshold": 0.6,
  "num_steps_to_delay_pruning": 20,
  "correct_answer_reference": "D",
  "individual_answers_final": [
    "C"
  ],
  "voted_answer": "C",
  "final_score": 0,
  "processing_duration_sec": 162.7544481754303,
  "total_analysis_intervals": 22,
  "avg_kv_cache_usage": 0.02703678246047281,
  "max_kv_cache_usage": 0.0439363371441381,
  "usage_aggregated": {
    "prompt_tokens": 344,
    "total_completion_tokens_across_all_started_chains": 12773
  },
  "chains_for_voting_details": [
    {
      "chain_index": 2,
      "finish_reason": "stop",
      "extracted_answer": "C",
      "prompt_tokens": 344,
      "completion_tokens": 9050,
      "completed_thought_count": 46,
      "final_mean_pairwise_similarity": 0.4627186059951782,
      "final_internal_similarity": 0.010059100130329962,
      "pruned_count": 1
    }
  ],
  "pruned_chain_details": [
    {
      "chain_index": 1,
      "finish_reason": "worker_terminated_unexpectedly",
      "completion_tokens": 3723,
      "completed_thought_count": 40,
      "full_text_len": 13954,
      "pruned_at_step": 21,
      "pruned_by_chain_id": "q111_c2",
      "initial_pruned_count": 0
    }
  ],
  "error_chain_details": []
}