{
  "iteration": 17,
  "question_id": "index_16",
  "status": "SUCCESS",
  "n_chains_requested": 4,
  "n_chains_completed_stream_with_content": 4,
  "n_chains_completed_stream_for_voting": 4,
  "error_chains_count": 0,
  "prompt_len": 579,
  "correct_answer_reference": "2^{25} \\cdot 26!",
  "individual_answers": [
    "26!",
    "2 \\times 26!",
    "2 \\times 26!",
    "(26!)^3"
  ],
  "voted_answer": "2 \\times 26!",
  "final_score": 0,
  "avg_kv_cache_usage": 0.05422368501610181,
  "max_kv_cache_usage": 0.0848838078158857,
  "processing_duration_sec": 194.93752694129944,
  "usage_aggregated": {
    "prompt_tokens": 142,
    "total_completion_tokens_across_all_requested_chains": 28899,
    "total_reasoning_tokens_counted": 27444,
    "total_non_reasoning_tokens_counted": 1447,
    "total_tokens_usage": 29041
  },
  "chains_for_voting_details": [
    {
      "chain_index": 1,
      "finish_reason": "stop",
      "extracted_answer": "26!",
      "prompt_tokens": 142,
      "completion_tokens": 5437,
      "reasoning_tokens_counted": 5052,
      "non_reasoning_tokens_counted": 383
    },
    {
      "chain_index": 2,
      "finish_reason": "stop",
      "extracted_answer": "2 \\times 26!",
      "prompt_tokens": 142,
      "completion_tokens": 8706,
      "reasoning_tokens_counted": 8179,
      "non_reasoning_tokens_counted": 525
    },
    {
      "chain_index": 3,
      "finish_reason": "stop",
      "extracted_answer": "2 \\times 26!",
      "prompt_tokens": 142,
      "completion_tokens": 10362,
      "reasoning_tokens_counted": 10087,
      "non_reasoning_tokens_counted": 273
    },
    {
      "chain_index": 4,
      "finish_reason": "stop",
      "extracted_answer": "(26!)^3",
      "prompt_tokens": 142,
      "completion_tokens": 4394,
      "reasoning_tokens_counted": 4126,
      "non_reasoning_tokens_counted": 266
    }
  ],
  "error_chain_details": []
}