{
  "iteration": 23,
  "question_id": "index_22",
  "status": "SUCCESS",
  "n_chains_requested": 4,
  "n_chains_completed_stream_with_content": 4,
  "n_chains_completed_stream_for_voting": 4,
  "error_chains_count": 0,
  "prompt_len": 466,
  "correct_answer_reference": "8\\sqrt{10}",
  "individual_answers": [
    "8\\sqrt{10}",
    "8\\sqrt{10}",
    "8\\sqrt{10}",
    "8\\sqrt{10}"
  ],
  "voted_answer": "8\\sqrt{10}",
  "final_score": 1,
  "avg_kv_cache_usage": 0.04860371901131712,
  "max_kv_cache_usage": 0.0839871478741687,
  "processing_duration_sec": 123.54844379425049,
  "usage_aggregated": {
    "prompt_tokens": 130,
    "total_completion_tokens_across_all_requested_chains": 23324,
    "total_reasoning_tokens_counted": 21224,
    "total_non_reasoning_tokens_counted": 2092,
    "total_tokens_usage": 23454
  },
  "chains_for_voting_details": [
    {
      "chain_index": 1,
      "finish_reason": "stop",
      "extracted_answer": "8\\sqrt{10}",
      "prompt_tokens": 130,
      "completion_tokens": 4778,
      "reasoning_tokens_counted": 4074,
      "non_reasoning_tokens_counted": 702
    },
    {
      "chain_index": 2,
      "finish_reason": "stop",
      "extracted_answer": "8\\sqrt{10}",
      "prompt_tokens": 130,
      "completion_tokens": 7034,
      "reasoning_tokens_counted": 6745,
      "non_reasoning_tokens_counted": 287
    },
    {
      "chain_index": 3,
      "finish_reason": "stop",
      "extracted_answer": "8\\sqrt{10}",
      "prompt_tokens": 130,
      "completion_tokens": 7150,
      "reasoning_tokens_counted": 6284,
      "non_reasoning_tokens_counted": 864
    },
    {
      "chain_index": 4,
      "finish_reason": "stop",
      "extracted_answer": "8\\sqrt{10}",
      "prompt_tokens": 130,
      "completion_tokens": 4362,
      "reasoning_tokens_counted": 4121,
      "non_reasoning_tokens_counted": 239
    }
  ],
  "error_chain_details": []
}