{
  "iteration": 7,
  "question_id": "index_6",
  "status": "SUCCESS",
  "n_chains_requested": 4,
  "n_chains_completed_stream_with_content": 4,
  "n_chains_completed_stream_for_voting": 4,
  "error_chains_count": 0,
  "prompt_len": 471,
  "correct_answer_reference": "\\frac{9 \\sqrt{23}}{23}",
  "individual_answers": [
    "\\dfrac{3}{2}",
    "\\dfrac{\\sqrt{14}}{2}",
    "\\sqrt{\\dfrac{13}{3}}",
    "\\dfrac{9\\sqrt{23}}{23}"
  ],
  "voted_answer": "\\dfrac{\\sqrt{14}}{2}",
  "final_score": 0,
  "avg_kv_cache_usage": 0.11830219579475866,
  "max_kv_cache_usage": 0.2295449450795785,
  "processing_duration_sec": 551.4623229503632,
  "usage_aggregated": {
    "prompt_tokens": 138,
    "total_completion_tokens_across_all_requested_chains": 68262,
    "total_reasoning_tokens_counted": 66625,
    "total_non_reasoning_tokens_counted": 1629,
    "total_tokens_usage": 68400
  },
  "chains_for_voting_details": [
    {
      "chain_index": 1,
      "finish_reason": "stop",
      "extracted_answer": "\\dfrac{3}{2}",
      "prompt_tokens": 138,
      "completion_tokens": 25419,
      "reasoning_tokens_counted": 24900,
      "non_reasoning_tokens_counted": 517
    },
    {
      "chain_index": 2,
      "finish_reason": "stop",
      "extracted_answer": "\\dfrac{\\sqrt{14}}{2}",
      "prompt_tokens": 138,
      "completion_tokens": 16611,
      "reasoning_tokens_counted": 16341,
      "non_reasoning_tokens_counted": 268
    },
    {
      "chain_index": 3,
      "finish_reason": "stop",
      "extracted_answer": "\\sqrt{\\dfrac{13}{3}}",
      "prompt_tokens": 138,
      "completion_tokens": 14094,
      "reasoning_tokens_counted": 13639,
      "non_reasoning_tokens_counted": 453
    },
    {
      "chain_index": 4,
      "finish_reason": "stop",
      "extracted_answer": "\\dfrac{9\\sqrt{23}}{23}",
      "prompt_tokens": 138,
      "completion_tokens": 12138,
      "reasoning_tokens_counted": 11745,
      "non_reasoning_tokens_counted": 391
    }
  ],
  "error_chain_details": []
}