{
  "iteration": 10,
  "question_id": "index_9",
  "status": "SUCCESS",
  "n_chains_requested": 4,
  "n_chains_completed_stream_with_content": 4,
  "n_chains_completed_stream_for_voting": 4,
  "error_chains_count": 0,
  "prompt_len": 523,
  "correct_answer_reference": "\\frac{-1+\\sqrt{17}}{2}, \\frac{-1-\\sqrt{17}}{2}",
  "individual_answers": [
    "-5",
    "\\dfrac{1 - \\sqrt{73}}{2}",
    "-3",
    "-3"
  ],
  "voted_answer": "-3",
  "final_score": 0,
  "avg_kv_cache_usage": 0.09386992834263395,
  "max_kv_cache_usage": 0.1503399835612343,
  "processing_duration_sec": 587.0940592288971,
  "usage_aggregated": {
    "prompt_tokens": 141,
    "total_completion_tokens_across_all_requested_chains": 55949,
    "total_reasoning_tokens_counted": 54269,
    "total_non_reasoning_tokens_counted": 1672,
    "total_tokens_usage": 56090
  },
  "chains_for_voting_details": [
    {
      "chain_index": 1,
      "finish_reason": "stop",
      "extracted_answer": "-5",
      "prompt_tokens": 141,
      "completion_tokens": 27242,
      "reasoning_tokens_counted": 26797,
      "non_reasoning_tokens_counted": 443
    },
    {
      "chain_index": 2,
      "finish_reason": "stop",
      "extracted_answer": "\\dfrac{1 - \\sqrt{73}}{2}",
      "prompt_tokens": 141,
      "completion_tokens": 15956,
      "reasoning_tokens_counted": 15630,
      "non_reasoning_tokens_counted": 324
    },
    {
      "chain_index": 3,
      "finish_reason": "stop",
      "extracted_answer": "-3",
      "prompt_tokens": 141,
      "completion_tokens": 5845,
      "reasoning_tokens_counted": 5269,
      "non_reasoning_tokens_counted": 574
    },
    {
      "chain_index": 4,
      "finish_reason": "stop",
      "extracted_answer": "-3",
      "prompt_tokens": 141,
      "completion_tokens": 6906,
      "reasoning_tokens_counted": 6573,
      "non_reasoning_tokens_counted": 331
    }
  ],
  "error_chain_details": []
}