{
  "iteration": 2,
  "question_id": "index_1",
  "status": "SUCCESS",
  "n_chains_requested": 4,
  "n_chains_completed_stream_with_content": 4,
  "n_chains_completed_stream_for_voting": 4,
  "error_chains_count": 0,
  "prompt_len": 600,
  "correct_answer_reference": "3375",
  "individual_answers": [
    "3375",
    "3375",
    "3375",
    "3375"
  ],
  "voted_answer": "3375",
  "final_score": 1,
  "avg_kv_cache_usage": 0.01779038107679431,
  "max_kv_cache_usage": 0.0340730777852499,
  "processing_duration_sec": 40.962738275527954,
  "usage_aggregated": {
    "prompt_tokens": 148,
    "total_completion_tokens_across_all_requested_chains": 7927,
    "total_reasoning_tokens_counted": 7125,
    "total_non_reasoning_tokens_counted": 794,
    "total_tokens_usage": 8075
  },
  "chains_for_voting_details": [
    {
      "chain_index": 1,
      "finish_reason": "stop",
      "extracted_answer": "3375",
      "prompt_tokens": 148,
      "completion_tokens": 1667,
      "reasoning_tokens_counted": 1479,
      "non_reasoning_tokens_counted": 186
    },
    {
      "chain_index": 2,
      "finish_reason": "stop",
      "extracted_answer": "3375",
      "prompt_tokens": 148,
      "completion_tokens": 2436,
      "reasoning_tokens_counted": 2115,
      "non_reasoning_tokens_counted": 319
    },
    {
      "chain_index": 3,
      "finish_reason": "stop",
      "extracted_answer": "3375",
      "prompt_tokens": 148,
      "completion_tokens": 1715,
      "reasoning_tokens_counted": 1694,
      "non_reasoning_tokens_counted": 19
    },
    {
      "chain_index": 4,
      "finish_reason": "stop",
      "extracted_answer": "3375",
      "prompt_tokens": 148,
      "completion_tokens": 2109,
      "reasoning_tokens_counted": 1837,
      "non_reasoning_tokens_counted": 270
    }
  ],
  "error_chain_details": []
}