{
  "iteration": 11,
  "question_id": "index_10",
  "status": "SUCCESS",
  "n_chains_requested": 4,
  "n_chains_completed_stream_with_content": 4,
  "n_chains_completed_stream_for_voting": 4,
  "error_chains_count": 0,
  "prompt_len": 481,
  "correct_answer_reference": "56",
  "individual_answers": [
    "8",
    "56",
    "8",
    "8"
  ],
  "voted_answer": "8",
  "final_score": 0,
  "avg_kv_cache_usage": 0.09056059063057803,
  "max_kv_cache_usage": 0.1877008144661137,
  "processing_duration_sec": 252.04533982276917,
  "usage_aggregated": {
    "prompt_tokens": 111,
    "total_completion_tokens_across_all_requested_chains": 43671,
    "total_reasoning_tokens_counted": 41749,
    "total_non_reasoning_tokens_counted": 1914,
    "total_tokens_usage": 43782
  },
  "chains_for_voting_details": [
    {
      "chain_index": 1,
      "finish_reason": "stop",
      "extracted_answer": "8",
      "prompt_tokens": 111,
      "completion_tokens": 10746,
      "reasoning_tokens_counted": 10176,
      "non_reasoning_tokens_counted": 568
    },
    {
      "chain_index": 2,
      "finish_reason": "stop",
      "extracted_answer": "56",
      "prompt_tokens": 111,
      "completion_tokens": 9929,
      "reasoning_tokens_counted": 9379,
      "non_reasoning_tokens_counted": 548
    },
    {
      "chain_index": 3,
      "finish_reason": "stop",
      "extracted_answer": "8",
      "prompt_tokens": 111,
      "completion_tokens": 10323,
      "reasoning_tokens_counted": 9951,
      "non_reasoning_tokens_counted": 370
    },
    {
      "chain_index": 4,
      "finish_reason": "stop",
      "extracted_answer": "8",
      "prompt_tokens": 111,
      "completion_tokens": 12673,
      "reasoning_tokens_counted": 12243,
      "non_reasoning_tokens_counted": 428
    }
  ],
  "error_chain_details": []
}