{
  "iteration": 29,
  "question_id": "index_28",
  "status": "SUCCESS",
  "n_chains_requested": 4,
  "n_chains_completed_stream_with_content": 4,
  "n_chains_completed_stream_for_voting": 4,
  "error_chains_count": 0,
  "prompt_len": 504,
  "correct_answer_reference": "14+4\\sqrt{37}",
  "individual_answers": [
    "34",
    "25",
    "14 + 4\\sqrt{37}",
    "\\dfrac{240}{13}"
  ],
  "voted_answer": "\\dfrac{240}{13}",
  "final_score": 0,
  "avg_kv_cache_usage": 0.16295497353740404,
  "max_kv_cache_usage": 0.2920869760143465,
  "processing_duration_sec": 605.9359292984009,
  "usage_aggregated": {
    "prompt_tokens": 134,
    "total_completion_tokens_across_all_requested_chains": 86617,
    "total_reasoning_tokens_counted": 84331,
    "total_non_reasoning_tokens_counted": 2278,
    "total_tokens_usage": 86751
  },
  "chains_for_voting_details": [
    {
      "chain_index": 1,
      "finish_reason": "stop",
      "extracted_answer": "34",
      "prompt_tokens": 134,
      "completion_tokens": 28458,
      "reasoning_tokens_counted": 27916,
      "non_reasoning_tokens_counted": 540
    },
    {
      "chain_index": 2,
      "finish_reason": "stop",
      "extracted_answer": "25",
      "prompt_tokens": 134,
      "completion_tokens": 20708,
      "reasoning_tokens_counted": 20496,
      "non_reasoning_tokens_counted": 210
    },
    {
      "chain_index": 3,
      "finish_reason": "stop",
      "extracted_answer": "14 + 4\\sqrt{37}",
      "prompt_tokens": 134,
      "completion_tokens": 15440,
      "reasoning_tokens_counted": 14641,
      "non_reasoning_tokens_counted": 797
    },
    {
      "chain_index": 4,
      "finish_reason": "stop",
      "extracted_answer": "\\dfrac{240}{13}",
      "prompt_tokens": 134,
      "completion_tokens": 22011,
      "reasoning_tokens_counted": 21278,
      "non_reasoning_tokens_counted": 731
    }
  ],
  "error_chain_details": []
}