{
  "iteration": 26,
  "question_id": "index_25",
  "status": "SUCCESS",
  "n_chains_requested": 4,
  "n_chains_completed_stream_with_content": 4,
  "n_chains_completed_stream_for_voting": 4,
  "error_chains_count": 0,
  "prompt_len": 504,
  "correct_answer_reference": "9\\sqrt{15}",
  "individual_answers": [
    "9\\sqrt{15}",
    "9\\sqrt{15}",
    "9\\sqrt{15}",
    "9\\sqrt{15}"
  ],
  "voted_answer": "9\\sqrt{15}",
  "final_score": 1,
  "avg_kv_cache_usage": 0.06684426077141349,
  "max_kv_cache_usage": 0.1410744974968243,
  "processing_duration_sec": 188.94086360931396,
  "usage_aggregated": {
    "prompt_tokens": 139,
    "total_completion_tokens_across_all_requested_chains": 33288,
    "total_reasoning_tokens_counted": 30092,
    "total_non_reasoning_tokens_counted": 3188,
    "total_tokens_usage": 33427
  },
  "chains_for_voting_details": [
    {
      "chain_index": 1,
      "finish_reason": "stop",
      "extracted_answer": "9\\sqrt{15}",
      "prompt_tokens": 139,
      "completion_tokens": 7403,
      "reasoning_tokens_counted": 6419,
      "non_reasoning_tokens_counted": 982
    },
    {
      "chain_index": 2,
      "finish_reason": "stop",
      "extracted_answer": "9\\sqrt{15}",
      "prompt_tokens": 139,
      "completion_tokens": 8149,
      "reasoning_tokens_counted": 7308,
      "non_reasoning_tokens_counted": 839
    },
    {
      "chain_index": 3,
      "finish_reason": "stop",
      "extracted_answer": "9\\sqrt{15}",
      "prompt_tokens": 139,
      "completion_tokens": 10189,
      "reasoning_tokens_counted": 9437,
      "non_reasoning_tokens_counted": 750
    },
    {
      "chain_index": 4,
      "finish_reason": "stop",
      "extracted_answer": "9\\sqrt{15}",
      "prompt_tokens": 139,
      "completion_tokens": 7547,
      "reasoning_tokens_counted": 6928,
      "non_reasoning_tokens_counted": 617
    }
  ],
  "error_chain_details": []
}