{
  "iteration": 19,
  "question_id": "index_18",
  "status": "SUCCESS",
  "n_chains_requested": 4,
  "n_chains_completed_stream_with_content": 4,
  "n_chains_completed_stream_for_voting": 4,
  "error_chains_count": 0,
  "prompt_len": 457,
  "correct_answer_reference": "\\frac{4}{9}",
  "individual_answers": [
    "\\dfrac{1}{2}",
    "\\dfrac{1}{3}",
    "\\dfrac{1}{3}",
    "\\dfrac{1}{3}"
  ],
  "voted_answer": "\\dfrac{1}{3}",
  "final_score": 0,
  "avg_kv_cache_usage": 0.1237162287640867,
  "max_kv_cache_usage": 0.2032429201225435,
  "processing_duration_sec": 401.9028525352478,
  "usage_aggregated": {
    "prompt_tokens": 90,
    "total_completion_tokens_across_all_requested_chains": 61833,
    "total_reasoning_tokens_counted": 60813,
    "total_non_reasoning_tokens_counted": 1012,
    "total_tokens_usage": 61923
  },
  "chains_for_voting_details": [
    {
      "chain_index": 1,
      "finish_reason": "stop",
      "extracted_answer": "\\dfrac{1}{2}",
      "prompt_tokens": 90,
      "completion_tokens": 19072,
      "reasoning_tokens_counted": 19035,
      "non_reasoning_tokens_counted": 35
    },
    {
      "chain_index": 2,
      "finish_reason": "stop",
      "extracted_answer": "\\dfrac{1}{3}",
      "prompt_tokens": 90,
      "completion_tokens": 10778,
      "reasoning_tokens_counted": 10462,
      "non_reasoning_tokens_counted": 314
    },
    {
      "chain_index": 3,
      "finish_reason": "stop",
      "extracted_answer": "\\dfrac{1}{3}",
      "prompt_tokens": 90,
      "completion_tokens": 12615,
      "reasoning_tokens_counted": 12277,
      "non_reasoning_tokens_counted": 336
    },
    {
      "chain_index": 4,
      "finish_reason": "stop",
      "extracted_answer": "\\dfrac{1}{3}",
      "prompt_tokens": 90,
      "completion_tokens": 19368,
      "reasoning_tokens_counted": 19039,
      "non_reasoning_tokens_counted": 327
    }
  ],
  "error_chain_details": []
}