{
  "iteration": 1,
  "question_id": "index_0",
  "status": "SUCCESS",
  "n_chains_requested": 4,
  "n_chains_completed_stream_with_content": 4,
  "n_chains_completed_stream_for_voting": 4,
  "error_chains_count": 0,
  "prompt_len": 338,
  "correct_answer_reference": "103",
  "individual_answers": [
    "103",
    "103",
    "103",
    "103"
  ],
  "voted_answer": "103",
  "final_score": 1,
  "avg_kv_cache_usage": 0.039674406250594395,
  "max_kv_cache_usage": 0.0651572890981095,
  "processing_duration_sec": 166.2931215763092,
  "usage_aggregated": {
    "prompt_tokens": 79,
    "total_completion_tokens_across_all_requested_chains": 23147,
    "total_reasoning_tokens_counted": 21166,
    "total_non_reasoning_tokens_counted": 1973,
    "total_tokens_usage": 23226
  },
  "chains_for_voting_details": [
    {
      "chain_index": 1,
      "finish_reason": "stop",
      "extracted_answer": "103",
      "prompt_tokens": 79,
      "completion_tokens": 4231,
      "reasoning_tokens_counted": 3824,
      "non_reasoning_tokens_counted": 405
    },
    {
      "chain_index": 2,
      "finish_reason": "stop",
      "extracted_answer": "103",
      "prompt_tokens": 79,
      "completion_tokens": 9353,
      "reasoning_tokens_counted": 8841,
      "non_reasoning_tokens_counted": 510
    },
    {
      "chain_index": 3,
      "finish_reason": "stop",
      "extracted_answer": "103",
      "prompt_tokens": 79,
      "completion_tokens": 3398,
      "reasoning_tokens_counted": 3006,
      "non_reasoning_tokens_counted": 390
    },
    {
      "chain_index": 4,
      "finish_reason": "stop",
      "extracted_answer": "103",
      "prompt_tokens": 79,
      "completion_tokens": 6165,
      "reasoning_tokens_counted": 5495,
      "non_reasoning_tokens_counted": 668
    }
  ],
  "error_chain_details": []
}