{
  "iteration": 12,
  "question_id": "index_11",
  "status": "SUCCESS",
  "n_chains_requested": 4,
  "n_chains_completed_stream_with_content": 4,
  "n_chains_completed_stream_for_voting": 4,
  "error_chains_count": 0,
  "prompt_len": 604,
  "correct_answer_reference": "29",
  "individual_answers": [
    "20",
    "24",
    "16",
    "21"
  ],
  "voted_answer": "20",
  "final_score": 0,
  "avg_kv_cache_usage": 0.10116574629293731,
  "max_kv_cache_usage": 0.1880744227751625,
  "processing_duration_sec": 339.5604155063629,
  "usage_aggregated": {
    "prompt_tokens": 142,
    "total_completion_tokens_across_all_requested_chains": 51369,
    "total_reasoning_tokens_counted": 50047,
    "total_non_reasoning_tokens_counted": 1314,
    "total_tokens_usage": 51511
  },
  "chains_for_voting_details": [
    {
      "chain_index": 1,
      "finish_reason": "stop",
      "extracted_answer": "20",
      "prompt_tokens": 142,
      "completion_tokens": 13564,
      "reasoning_tokens_counted": 13063,
      "non_reasoning_tokens_counted": 499
    },
    {
      "chain_index": 2,
      "finish_reason": "stop",
      "extracted_answer": "24",
      "prompt_tokens": 142,
      "completion_tokens": 16404,
      "reasoning_tokens_counted": 16081,
      "non_reasoning_tokens_counted": 321
    },
    {
      "chain_index": 3,
      "finish_reason": "stop",
      "extracted_answer": "16",
      "prompt_tokens": 142,
      "completion_tokens": 13281,
      "reasoning_tokens_counted": 13174,
      "non_reasoning_tokens_counted": 105
    },
    {
      "chain_index": 4,
      "finish_reason": "stop",
      "extracted_answer": "21",
      "prompt_tokens": 142,
      "completion_tokens": 8120,
      "reasoning_tokens_counted": 7729,
      "non_reasoning_tokens_counted": 389
    }
  ],
  "error_chain_details": []
}