{
  "iteration": 6,
  "question_id": "index_5",
  "status": "SUCCESS",
  "n_chains_requested": 4,
  "n_chains_completed_stream_with_content": 4,
  "n_chains_completed_stream_for_voting": 4,
  "error_chains_count": 0,
  "prompt_len": 370,
  "correct_answer_reference": "\\frac{1311}{2017}",
  "individual_answers": [
    "\\dfrac{706}{2017}",
    "\\dfrac{482}{2017}",
    "\\dfrac{1}{2017}",
    "1 - \\dfrac{1}{2025!}"
  ],
  "voted_answer": "\\dfrac{482}{2017}",
  "final_score": 0,
  "avg_kv_cache_usage": 0.09198805567823672,
  "max_kv_cache_usage": 0.1573638197713517,
  "processing_duration_sec": 431.35820484161377,
  "usage_aggregated": {
    "prompt_tokens": 108,
    "total_completion_tokens_across_all_requested_chains": 52520,
    "total_reasoning_tokens_counted": 50008,
    "total_non_reasoning_tokens_counted": 2504,
    "total_tokens_usage": 52628
  },
  "chains_for_voting_details": [
    {
      "chain_index": 1,
      "finish_reason": "stop",
      "extracted_answer": "\\dfrac{706}{2017}",
      "prompt_tokens": 108,
      "completion_tokens": 6766,
      "reasoning_tokens_counted": 5874,
      "non_reasoning_tokens_counted": 890
    },
    {
      "chain_index": 2,
      "finish_reason": "stop",
      "extracted_answer": "\\dfrac{482}{2017}",
      "prompt_tokens": 108,
      "completion_tokens": 11123,
      "reasoning_tokens_counted": 10489,
      "non_reasoning_tokens_counted": 632
    },
    {
      "chain_index": 3,
      "finish_reason": "stop",
      "extracted_answer": "\\dfrac{1}{2017}",
      "prompt_tokens": 108,
      "completion_tokens": 14355,
      "reasoning_tokens_counted": 13952,
      "non_reasoning_tokens_counted": 401
    },
    {
      "chain_index": 4,
      "finish_reason": "stop",
      "extracted_answer": "1 - \\dfrac{1}{2025!}",
      "prompt_tokens": 108,
      "completion_tokens": 20276,
      "reasoning_tokens_counted": 19693,
      "non_reasoning_tokens_counted": 581
    }
  ],
  "error_chain_details": []
}