{
  "iteration": 5,
  "question_id": "index_4",
  "status": "SUCCESS",
  "n_chains_requested": 4,
  "n_chains_completed_stream_with_content": 4,
  "n_chains_completed_stream_for_voting": 4,
  "error_chains_count": 0,
  "prompt_len": 509,
  "correct_answer_reference": "890",
  "individual_answers": [
    "890",
    "890",
    "890",
    "890"
  ],
  "voted_answer": "890",
  "final_score": 1,
  "avg_kv_cache_usage": 0.045715898110048496,
  "max_kv_cache_usage": 0.0717327953373683,
  "processing_duration_sec": 127.15055537223816,
  "usage_aggregated": {
    "prompt_tokens": 138,
    "total_completion_tokens_across_all_requested_chains": 22698,
    "total_reasoning_tokens_counted": 20619,
    "total_non_reasoning_tokens_counted": 2071,
    "total_tokens_usage": 22836
  },
  "chains_for_voting_details": [
    {
      "chain_index": 1,
      "finish_reason": "stop",
      "extracted_answer": "890",
      "prompt_tokens": 138,
      "completion_tokens": 3572,
      "reasoning_tokens_counted": 3100,
      "non_reasoning_tokens_counted": 470
    },
    {
      "chain_index": 2,
      "finish_reason": "stop",
      "extracted_answer": "890",
      "prompt_tokens": 138,
      "completion_tokens": 6775,
      "reasoning_tokens_counted": 6234,
      "non_reasoning_tokens_counted": 539
    },
    {
      "chain_index": 3,
      "finish_reason": "stop",
      "extracted_answer": "890",
      "prompt_tokens": 138,
      "completion_tokens": 4977,
      "reasoning_tokens_counted": 4421,
      "non_reasoning_tokens_counted": 554
    },
    {
      "chain_index": 4,
      "finish_reason": "stop",
      "extracted_answer": "890",
      "prompt_tokens": 138,
      "completion_tokens": 7374,
      "reasoning_tokens_counted": 6864,
      "non_reasoning_tokens_counted": 508
    }
  ],
  "error_chain_details": []
}