{
  "iteration": 9,
  "question_id": "index_8",
  "status": "SUCCESS",
  "n_chains_requested": 4,
  "n_chains_completed_stream_with_content": 4,
  "n_chains_completed_stream_for_voting": 4,
  "error_chains_count": 0,
  "prompt_len": 743,
  "correct_answer_reference": "1037",
  "individual_answers": [
    "1037",
    "1037",
    "1037",
    "1037"
  ],
  "voted_answer": "1037",
  "final_score": 1,
  "avg_kv_cache_usage": 0.06828918591287796,
  "max_kv_cache_usage": 0.141448105805873,
  "processing_duration_sec": 213.22352933883667,
  "usage_aggregated": {
    "prompt_tokens": 238,
    "total_completion_tokens_across_all_requested_chains": 34543,
    "total_reasoning_tokens_counted": 32637,
    "total_non_reasoning_tokens_counted": 1898,
    "total_tokens_usage": 34781
  },
  "chains_for_voting_details": [
    {
      "chain_index": 1,
      "finish_reason": "stop",
      "extracted_answer": "1037",
      "prompt_tokens": 238,
      "completion_tokens": 7323,
      "reasoning_tokens_counted": 6857,
      "non_reasoning_tokens_counted": 464
    },
    {
      "chain_index": 2,
      "finish_reason": "stop",
      "extracted_answer": "1037",
      "prompt_tokens": 238,
      "completion_tokens": 11104,
      "reasoning_tokens_counted": 10544,
      "non_reasoning_tokens_counted": 558
    },
    {
      "chain_index": 3,
      "finish_reason": "stop",
      "extracted_answer": "1037",
      "prompt_tokens": 238,
      "completion_tokens": 8774,
      "reasoning_tokens_counted": 8114,
      "non_reasoning_tokens_counted": 658
    },
    {
      "chain_index": 4,
      "finish_reason": "stop",
      "extracted_answer": "1037",
      "prompt_tokens": 238,
      "completion_tokens": 7342,
      "reasoning_tokens_counted": 7122,
      "non_reasoning_tokens_counted": 218
    }
  ],
  "error_chain_details": []
}