{
  "iteration": 21,
  "question_id": "index_20",
  "status": "SUCCESS",
  "n_chains_requested": 4,
  "n_chains_completed_stream_with_content": 4,
  "n_chains_completed_stream_for_voting": 4,
  "error_chains_count": 0,
  "prompt_len": 487,
  "correct_answer_reference": "26",
  "individual_answers": [
    "26",
    "26",
    "26",
    "26"
  ],
  "voted_answer": "26",
  "final_score": 1,
  "avg_kv_cache_usage": 0.024792797744678425,
  "max_kv_cache_usage": 0.0451318837330941,
  "processing_duration_sec": 46.67938685417175,
  "usage_aggregated": {
    "prompt_tokens": 134,
    "total_completion_tokens_across_all_requested_chains": 10291,
    "total_reasoning_tokens_counted": 8005,
    "total_non_reasoning_tokens_counted": 2278,
    "total_tokens_usage": 10425
  },
  "chains_for_voting_details": [
    {
      "chain_index": 1,
      "finish_reason": "stop",
      "extracted_answer": "26",
      "prompt_tokens": 134,
      "completion_tokens": 2477,
      "reasoning_tokens_counted": 1948,
      "non_reasoning_tokens_counted": 527
    },
    {
      "chain_index": 2,
      "finish_reason": "stop",
      "extracted_answer": "26",
      "prompt_tokens": 134,
      "completion_tokens": 2782,
      "reasoning_tokens_counted": 2153,
      "non_reasoning_tokens_counted": 627
    },
    {
      "chain_index": 3,
      "finish_reason": "stop",
      "extracted_answer": "26",
      "prompt_tokens": 134,
      "completion_tokens": 2752,
      "reasoning_tokens_counted": 2149,
      "non_reasoning_tokens_counted": 601
    },
    {
      "chain_index": 4,
      "finish_reason": "stop",
      "extracted_answer": "26",
      "prompt_tokens": 134,
      "completion_tokens": 2280,
      "reasoning_tokens_counted": 1755,
      "non_reasoning_tokens_counted": 523
    }
  ],
  "error_chain_details": []
}