{
  "iteration": 28,
  "question_id": "index_27",
  "status": "SUCCESS",
  "n_chains_requested": 4,
  "n_chains_completed_stream_with_content": 4,
  "n_chains_completed_stream_for_voting": 4,
  "error_chains_count": 0,
  "prompt_len": 527,
  "correct_answer_reference": "\\sqrt{6}",
  "individual_answers": [
    "\\sqrt{6}",
    "2\\sqrt{3}",
    "\\sqrt{22}",
    "\\sqrt{6}"
  ],
  "voted_answer": "\\sqrt{6}",
  "final_score": 1,
  "avg_kv_cache_usage": 0.06324820956762553,
  "max_kv_cache_usage": 0.1127549876709258,
  "processing_duration_sec": 244.1669158935547,
  "usage_aggregated": {
    "prompt_tokens": 160,
    "total_completion_tokens_across_all_requested_chains": 34088,
    "total_reasoning_tokens_counted": 31918,
    "total_non_reasoning_tokens_counted": 2162,
    "total_tokens_usage": 34248
  },
  "chains_for_voting_details": [
    {
      "chain_index": 1,
      "finish_reason": "stop",
      "extracted_answer": "\\sqrt{6}",
      "prompt_tokens": 160,
      "completion_tokens": 7875,
      "reasoning_tokens_counted": 7334,
      "non_reasoning_tokens_counted": 539
    },
    {
      "chain_index": 2,
      "finish_reason": "stop",
      "extracted_answer": "2\\sqrt{3}",
      "prompt_tokens": 160,
      "completion_tokens": 12679,
      "reasoning_tokens_counted": 12092,
      "non_reasoning_tokens_counted": 585
    },
    {
      "chain_index": 3,
      "finish_reason": "stop",
      "extracted_answer": "\\sqrt{22}",
      "prompt_tokens": 160,
      "completion_tokens": 3791,
      "reasoning_tokens_counted": 3316,
      "non_reasoning_tokens_counted": 473
    },
    {
      "chain_index": 4,
      "finish_reason": "stop",
      "extracted_answer": "\\sqrt{6}",
      "prompt_tokens": 160,
      "completion_tokens": 9743,
      "reasoning_tokens_counted": 9176,
      "non_reasoning_tokens_counted": 565
    }
  ],
  "error_chain_details": []
}