{
  "iteration": 24,
  "question_id": "index_23",
  "status": "SUCCESS",
  "n_chains_requested": 4,
  "n_chains_completed_stream_with_content": 4,
  "n_chains_completed_stream_for_voting": 4,
  "error_chains_count": 0,
  "prompt_len": 1759,
  "correct_answer_reference": "20",
  "individual_answers": [
    "100",
    "100",
    "64",
    "100"
  ],
  "voted_answer": "100",
  "final_score": 0,
  "avg_kv_cache_usage": 0.11174982637628687,
  "max_kv_cache_usage": 0.2113128595979975,
  "processing_duration_sec": 293.8700489997864,
  "usage_aggregated": {
    "prompt_tokens": 677,
    "total_completion_tokens_across_all_requested_chains": 49838,
    "total_reasoning_tokens_counted": 47897,
    "total_non_reasoning_tokens_counted": 1933,
    "total_tokens_usage": 50515
  },
  "chains_for_voting_details": [
    {
      "chain_index": 1,
      "finish_reason": "stop",
      "extracted_answer": "100",
      "prompt_tokens": 677,
      "completion_tokens": 12470,
      "reasoning_tokens_counted": 12087,
      "non_reasoning_tokens_counted": 381
    },
    {
      "chain_index": 2,
      "finish_reason": "stop",
      "extracted_answer": "100",
      "prompt_tokens": 677,
      "completion_tokens": 14563,
      "reasoning_tokens_counted": 14247,
      "non_reasoning_tokens_counted": 314
    },
    {
      "chain_index": 3,
      "finish_reason": "stop",
      "extracted_answer": "64",
      "prompt_tokens": 677,
      "completion_tokens": 12178,
      "reasoning_tokens_counted": 11460,
      "non_reasoning_tokens_counted": 716
    },
    {
      "chain_index": 4,
      "finish_reason": "stop",
      "extracted_answer": "100",
      "prompt_tokens": 677,
      "completion_tokens": 10627,
      "reasoning_tokens_counted": 10103,
      "non_reasoning_tokens_counted": 522
    }
  ],
  "error_chain_details": []
}