{
  "iteration": 15,
  "question_id": "index_14",
  "status": "SUCCESS",
  "n_chains_requested": 4,
  "n_chains_completed_stream_with_content": 4,
  "n_chains_completed_stream_for_voting": 4,
  "error_chains_count": 0,
  "prompt_len": 610,
  "correct_answer_reference": "200",
  "individual_answers": [
    "202",
    "202",
    "202",
    "202"
  ],
  "voted_answer": "202",
  "final_score": 0,
  "avg_kv_cache_usage": 0.04200610067902438,
  "max_kv_cache_usage": 0.072106403646417,
  "processing_duration_sec": 92.02192759513855,
  "usage_aggregated": {
    "prompt_tokens": 144,
    "total_completion_tokens_across_all_requested_chains": 18664,
    "total_reasoning_tokens_counted": 17511,
    "total_non_reasoning_tokens_counted": 1145,
    "total_tokens_usage": 18808
  },
  "chains_for_voting_details": [
    {
      "chain_index": 1,
      "finish_reason": "stop",
      "extracted_answer": "202",
      "prompt_tokens": 144,
      "completion_tokens": 5221,
      "reasoning_tokens_counted": 5008,
      "non_reasoning_tokens_counted": 211
    },
    {
      "chain_index": 2,
      "finish_reason": "stop",
      "extracted_answer": "202",
      "prompt_tokens": 144,
      "completion_tokens": 3376,
      "reasoning_tokens_counted": 3102,
      "non_reasoning_tokens_counted": 272
    },
    {
      "chain_index": 3,
      "finish_reason": "stop",
      "extracted_answer": "202",
      "prompt_tokens": 144,
      "completion_tokens": 5053,
      "reasoning_tokens_counted": 4760,
      "non_reasoning_tokens_counted": 291
    },
    {
      "chain_index": 4,
      "finish_reason": "stop",
      "extracted_answer": "202",
      "prompt_tokens": 144,
      "completion_tokens": 5014,
      "reasoning_tokens_counted": 4641,
      "non_reasoning_tokens_counted": 371
    }
  ],
  "error_chain_details": []
}