{
  "iteration": 4,
  "question_id": "index_3",
  "status": "SUCCESS",
  "n_chains_requested": 4,
  "n_chains_completed_stream_with_content": 4,
  "n_chains_completed_stream_for_voting": 4,
  "error_chains_count": 0,
  "prompt_len": 404,
  "correct_answer_reference": "-984",
  "individual_answers": [
    "-984",
    "-984",
    "-984",
    "-1969"
  ],
  "voted_answer": "-984",
  "final_score": 1,
  "avg_kv_cache_usage": 0.09962607806613052,
  "max_kv_cache_usage": 0.1948740939998505,
  "processing_duration_sec": 351.48638129234314,
  "usage_aggregated": {
    "prompt_tokens": 118,
    "total_completion_tokens_across_all_requested_chains": 52502,
    "total_reasoning_tokens_counted": 50274,
    "total_non_reasoning_tokens_counted": 2220,
    "total_tokens_usage": 52620
  },
  "chains_for_voting_details": [
    {
      "chain_index": 1,
      "finish_reason": "stop",
      "extracted_answer": "-984",
      "prompt_tokens": 118,
      "completion_tokens": 10301,
      "reasoning_tokens_counted": 9666,
      "non_reasoning_tokens_counted": 633
    },
    {
      "chain_index": 2,
      "finish_reason": "stop",
      "extracted_answer": "-984",
      "prompt_tokens": 118,
      "completion_tokens": 13181,
      "reasoning_tokens_counted": 12856,
      "non_reasoning_tokens_counted": 323
    },
    {
      "chain_index": 3,
      "finish_reason": "stop",
      "extracted_answer": "-984",
      "prompt_tokens": 118,
      "completion_tokens": 11985,
      "reasoning_tokens_counted": 11298,
      "non_reasoning_tokens_counted": 685
    },
    {
      "chain_index": 4,
      "finish_reason": "stop",
      "extracted_answer": "-1969",
      "prompt_tokens": 118,
      "completion_tokens": 17035,
      "reasoning_tokens_counted": 16454,
      "non_reasoning_tokens_counted": 579
    }
  ],
  "error_chain_details": []
}