{
  "iteration": 14,
  "question_id": "index_13",
  "status": "SUCCESS",
  "n_chains_requested": 4,
  "n_chains_completed_stream_with_content": 4,
  "n_chains_completed_stream_for_voting": 4,
  "error_chains_count": 0,
  "prompt_len": 638,
  "correct_answer_reference": "2304",
  "individual_answers": [
    "20",
    "20",
    "20",
    "20"
  ],
  "voted_answer": "20",
  "final_score": 0,
  "avg_kv_cache_usage": 0.05977182165511837,
  "max_kv_cache_usage": 0.1243368452514384,
  "processing_duration_sec": 194.13144302368164,
  "usage_aggregated": {
    "prompt_tokens": 183,
    "total_completion_tokens_across_all_requested_chains": 31175,
    "total_reasoning_tokens_counted": 30480,
    "total_non_reasoning_tokens_counted": 687,
    "total_tokens_usage": 31358
  },
  "chains_for_voting_details": [
    {
      "chain_index": 1,
      "finish_reason": "stop",
      "extracted_answer": "20",
      "prompt_tokens": 183,
      "completion_tokens": 6474,
      "reasoning_tokens_counted": 6267,
      "non_reasoning_tokens_counted": 205
    },
    {
      "chain_index": 2,
      "finish_reason": "stop",
      "extracted_answer": "20",
      "prompt_tokens": 183,
      "completion_tokens": 10296,
      "reasoning_tokens_counted": 10186,
      "non_reasoning_tokens_counted": 108
    },
    {
      "chain_index": 3,
      "finish_reason": "stop",
      "extracted_answer": "20",
      "prompt_tokens": 183,
      "completion_tokens": 7376,
      "reasoning_tokens_counted": 7158,
      "non_reasoning_tokens_counted": 216
    },
    {
      "chain_index": 4,
      "finish_reason": "stop",
      "extracted_answer": "20",
      "prompt_tokens": 183,
      "completion_tokens": 7029,
      "reasoning_tokens_counted": 6869,
      "non_reasoning_tokens_counted": 158
    }
  ],
  "error_chain_details": []
}