{
  "iteration": 22,
  "question_id": "index_21",
  "status": "SUCCESS",
  "n_chains_requested": 4,
  "n_chains_completed_stream_with_content": 4,
  "n_chains_completed_stream_for_voting": 4,
  "error_chains_count": 0,
  "prompt_len": 586,
  "correct_answer_reference": "63",
  "individual_answers": [
    "63",
    "63",
    "63",
    "63"
  ],
  "voted_answer": "63",
  "final_score": 1,
  "avg_kv_cache_usage": 0.08926942870334881,
  "max_kv_cache_usage": 0.1581110363894493,
  "processing_duration_sec": 364.589506149292,
  "usage_aggregated": {
    "prompt_tokens": 135,
    "total_completion_tokens_across_all_requested_chains": 49774,
    "total_reasoning_tokens_counted": 48421,
    "total_non_reasoning_tokens_counted": 1345,
    "total_tokens_usage": 49909
  },
  "chains_for_voting_details": [
    {
      "chain_index": 1,
      "finish_reason": "stop",
      "extracted_answer": "63",
      "prompt_tokens": 135,
      "completion_tokens": 12804,
      "reasoning_tokens_counted": 12612,
      "non_reasoning_tokens_counted": 190
    },
    {
      "chain_index": 2,
      "finish_reason": "stop",
      "extracted_answer": "63",
      "prompt_tokens": 135,
      "completion_tokens": 17856,
      "reasoning_tokens_counted": 17440,
      "non_reasoning_tokens_counted": 414
    },
    {
      "chain_index": 3,
      "finish_reason": "stop",
      "extracted_answer": "63",
      "prompt_tokens": 135,
      "completion_tokens": 10792,
      "reasoning_tokens_counted": 10355,
      "non_reasoning_tokens_counted": 435
    },
    {
      "chain_index": 4,
      "finish_reason": "stop",
      "extracted_answer": "63",
      "prompt_tokens": 135,
      "completion_tokens": 8322,
      "reasoning_tokens_counted": 8014,
      "non_reasoning_tokens_counted": 306
    }
  ],
  "error_chain_details": []
}