{
  "iteration": 30,
  "question_id": "index_29",
  "status": "SUCCESS",
  "n_chains_requested": 4,
  "n_chains_completed_stream_with_content": 4,
  "n_chains_completed_stream_for_voting": 4,
  "error_chains_count": 0,
  "prompt_len": 456,
  "correct_answer_reference": "\\sqrt{\\frac{95}{24}}",
  "individual_answers": [
    "\\dfrac{2100}{\\sqrt{3889}}",
    "\\dfrac{5\\sqrt{570}}{6}",
    "\\dfrac{4200}{\\sqrt{3889}}",
    "60"
  ],
  "voted_answer": "60",
  "final_score": 0,
  "avg_kv_cache_usage": 0.16762066295089348,
  "max_kv_cache_usage": 0.3496973772696704,
  "processing_duration_sec": 487.0093207359314,
  "usage_aggregated": {
    "prompt_tokens": 115,
    "total_completion_tokens_across_all_requested_chains": 80871,
    "total_reasoning_tokens_counted": 79571,
    "total_non_reasoning_tokens_counted": 1292,
    "total_tokens_usage": 80986
  },
  "chains_for_voting_details": [
    {
      "chain_index": 1,
      "finish_reason": "stop",
      "extracted_answer": "\\dfrac{2100}{\\sqrt{3889}}",
      "prompt_tokens": 115,
      "completion_tokens": 18970,
      "reasoning_tokens_counted": 18461,
      "non_reasoning_tokens_counted": 507
    },
    {
      "chain_index": 2,
      "finish_reason": "stop",
      "extracted_answer": "\\dfrac{5\\sqrt{570}}{6}",
      "prompt_tokens": 115,
      "completion_tokens": 23236,
      "reasoning_tokens_counted": 23200,
      "non_reasoning_tokens_counted": 34
    },
    {
      "chain_index": 3,
      "finish_reason": "stop",
      "extracted_answer": "\\dfrac{4200}{\\sqrt{3889}}",
      "prompt_tokens": 115,
      "completion_tokens": 20061,
      "reasoning_tokens_counted": 19414,
      "non_reasoning_tokens_counted": 645
    },
    {
      "chain_index": 4,
      "finish_reason": "stop",
      "extracted_answer": "60",
      "prompt_tokens": 115,
      "completion_tokens": 18604,
      "reasoning_tokens_counted": 18496,
      "non_reasoning_tokens_counted": 106
    }
  ],
  "error_chain_details": []
}