{
  "iteration": 13,
  "question_id": "index_12",
  "status": "SUCCESS",
  "n_chains_requested": 4,
  "n_chains_completed_stream_with_content": 4,
  "n_chains_completed_stream_for_voting": 4,
  "error_chains_count": 0,
  "prompt_len": 592,
  "correct_answer_reference": "105",
  "individual_answers": [
    "1",
    "10",
    "1260",
    "1"
  ],
  "voted_answer": "1",
  "final_score": 0,
  "avg_kv_cache_usage": 0.12489604349473783,
  "max_kv_cache_usage": 0.1999551670029141,
  "processing_duration_sec": 605.809811592102,
  "usage_aggregated": {
    "prompt_tokens": 149,
    "total_completion_tokens_across_all_requested_chains": 71398,
    "total_reasoning_tokens_counted": 70153,
    "total_non_reasoning_tokens_counted": 1237,
    "total_tokens_usage": 71547
  },
  "chains_for_voting_details": [
    {
      "chain_index": 1,
      "finish_reason": "stop",
      "extracted_answer": "1",
      "prompt_tokens": 149,
      "completion_tokens": 14119,
      "reasoning_tokens_counted": 13773,
      "non_reasoning_tokens_counted": 344
    },
    {
      "chain_index": 2,
      "finish_reason": "stop",
      "extracted_answer": "10",
      "prompt_tokens": 149,
      "completion_tokens": 20088,
      "reasoning_tokens_counted": 19974,
      "non_reasoning_tokens_counted": 112
    },
    {
      "chain_index": 3,
      "finish_reason": "stop",
      "extracted_answer": "1260",
      "prompt_tokens": 149,
      "completion_tokens": 27754,
      "reasoning_tokens_counted": 27345,
      "non_reasoning_tokens_counted": 407
    },
    {
      "chain_index": 4,
      "finish_reason": "stop",
      "extracted_answer": "1",
      "prompt_tokens": 149,
      "completion_tokens": 9437,
      "reasoning_tokens_counted": 9061,
      "non_reasoning_tokens_counted": 374
    }
  ],
  "error_chain_details": []
}