{
  "iteration": 20,
  "question_id": "index_19",
  "status": "SUCCESS",
  "n_chains_requested": 4,
  "n_chains_completed_stream_with_content": 4,
  "n_chains_completed_stream_for_voting": 4,
  "error_chains_count": 0,
  "prompt_len": 751,
  "correct_answer_reference": "\\frac{448}{3}",
  "individual_answers": [
    "337.5",
    "\\dfrac{2025}{2}",
    "\\dfrac{135}{2}",
    "4704"
  ],
  "voted_answer": "4704",
  "final_score": 0,
  "avg_kv_cache_usage": 0.12786864661586378,
  "max_kv_cache_usage": 0.2234924904729881,
  "processing_duration_sec": 352.7762258052826,
  "usage_aggregated": {
    "prompt_tokens": 166,
    "total_completion_tokens_across_all_requested_chains": 59750,
    "total_reasoning_tokens_counted": 58408,
    "total_non_reasoning_tokens_counted": 1334,
    "total_tokens_usage": 59916
  },
  "chains_for_voting_details": [
    {
      "chain_index": 1,
      "finish_reason": "stop",
      "extracted_answer": "337.5",
      "prompt_tokens": 166,
      "completion_tokens": 17223,
      "reasoning_tokens_counted": 16864,
      "non_reasoning_tokens_counted": 357
    },
    {
      "chain_index": 2,
      "finish_reason": "stop",
      "extracted_answer": "\\dfrac{2025}{2}",
      "prompt_tokens": 166,
      "completion_tokens": 15772,
      "reasoning_tokens_counted": 15437,
      "non_reasoning_tokens_counted": 333
    },
    {
      "chain_index": 3,
      "finish_reason": "stop",
      "extracted_answer": "\\dfrac{135}{2}",
      "prompt_tokens": 166,
      "completion_tokens": 10282,
      "reasoning_tokens_counted": 9969,
      "non_reasoning_tokens_counted": 311
    },
    {
      "chain_index": 4,
      "finish_reason": "stop",
      "extracted_answer": "4704",
      "prompt_tokens": 166,
      "completion_tokens": 16473,
      "reasoning_tokens_counted": 16138,
      "non_reasoning_tokens_counted": 333
    }
  ],
  "error_chain_details": []
}