{
  "iteration": 25,
  "question_id": "index_24",
  "status": "SUCCESS",
  "n_chains_requested": 4,
  "n_chains_completed_stream_with_content": 4,
  "n_chains_completed_stream_for_voting": 4,
  "error_chains_count": 0,
  "prompt_len": 550,
  "correct_answer_reference": "\\sqrt{23}-2 \\sqrt{3}",
  "individual_answers": [
    "4",
    "1",
    "5",
    "1"
  ],
  "voted_answer": "1",
  "final_score": 0,
  "avg_kv_cache_usage": 0.15847193756261338,
  "max_kv_cache_usage": 0.2716879623402825,
  "processing_duration_sec": 643.5179872512817,
  "usage_aggregated": {
    "prompt_tokens": 146,
    "total_completion_tokens_across_all_requested_chains": 84982,
    "total_reasoning_tokens_counted": 82961,
    "total_non_reasoning_tokens_counted": 2013,
    "total_tokens_usage": 85128
  },
  "chains_for_voting_details": [
    {
      "chain_index": 1,
      "finish_reason": "stop",
      "extracted_answer": "4",
      "prompt_tokens": 146,
      "completion_tokens": 19241,
      "reasoning_tokens_counted": 18832,
      "non_reasoning_tokens_counted": 407
    },
    {
      "chain_index": 2,
      "finish_reason": "stop",
      "extracted_answer": "1",
      "prompt_tokens": 146,
      "completion_tokens": 24838,
      "reasoning_tokens_counted": 24169,
      "non_reasoning_tokens_counted": 667
    },
    {
      "chain_index": 3,
      "finish_reason": "stop",
      "extracted_answer": "5",
      "prompt_tokens": 146,
      "completion_tokens": 11038,
      "reasoning_tokens_counted": 10479,
      "non_reasoning_tokens_counted": 557
    },
    {
      "chain_index": 4,
      "finish_reason": "stop",
      "extracted_answer": "1",
      "prompt_tokens": 146,
      "completion_tokens": 29865,
      "reasoning_tokens_counted": 29481,
      "non_reasoning_tokens_counted": 382
    }
  ],
  "error_chain_details": []
}