{
  "iteration": 16,
  "question_id": "index_15",
  "status": "SUCCESS",
  "n_chains_requested": 4,
  "n_chains_completed_stream_with_content": 4,
  "n_chains_completed_stream_for_voting": 4,
  "error_chains_count": 0,
  "prompt_len": 533,
  "correct_answer_reference": "6300",
  "individual_answers": [
    "6525",
    "6525",
    "25164",
    "9009"
  ],
  "voted_answer": "6525",
  "final_score": 0,
  "avg_kv_cache_usage": 0.08096745141153257,
  "max_kv_cache_usage": 0.1459314055144586,
  "processing_duration_sec": 396.01063776016235,
  "usage_aggregated": {
    "prompt_tokens": 114,
    "total_completion_tokens_across_all_requested_chains": 47880,
    "total_reasoning_tokens_counted": 45760,
    "total_non_reasoning_tokens_counted": 2112,
    "total_tokens_usage": 47994
  },
  "chains_for_voting_details": [
    {
      "chain_index": 1,
      "finish_reason": "stop",
      "extracted_answer": "6525",
      "prompt_tokens": 114,
      "completion_tokens": 10289,
      "reasoning_tokens_counted": 9765,
      "non_reasoning_tokens_counted": 522
    },
    {
      "chain_index": 2,
      "finish_reason": "stop",
      "extracted_answer": "6525",
      "prompt_tokens": 114,
      "completion_tokens": 11124,
      "reasoning_tokens_counted": 10575,
      "non_reasoning_tokens_counted": 547
    },
    {
      "chain_index": 3,
      "finish_reason": "stop",
      "extracted_answer": "25164",
      "prompt_tokens": 114,
      "completion_tokens": 18923,
      "reasoning_tokens_counted": 18483,
      "non_reasoning_tokens_counted": 438
    },
    {
      "chain_index": 4,
      "finish_reason": "stop",
      "extracted_answer": "9009",
      "prompt_tokens": 114,
      "completion_tokens": 7544,
      "reasoning_tokens_counted": 6937,
      "non_reasoning_tokens_counted": 605
    }
  ],
  "error_chain_details": []
}