{
  "iteration": 27,
  "question_id": "index_26",
  "status": "SUCCESS",
  "n_chains_requested": 4,
  "n_chains_completed_stream_with_content": 4,
  "n_chains_completed_stream_for_voting": 4,
  "error_chains_count": 0,
  "prompt_len": 494,
  "correct_answer_reference": "\\frac{7}{18}",
  "individual_answers": [
    "\\dfrac{7}{20}",
    "\\dfrac{7}{18}",
    "\\dfrac{1}{7}",
    "\\dfrac{7}{18}"
  ],
  "voted_answer": "\\dfrac{7}{18}",
  "final_score": 1,
  "avg_kv_cache_usage": 0.11945002509183705,
  "max_kv_cache_usage": 0.2400806993947545,
  "processing_duration_sec": 434.20964312553406,
  "usage_aggregated": {
    "prompt_tokens": 151,
    "total_completion_tokens_across_all_requested_chains": 63763,
    "total_reasoning_tokens_counted": 61198,
    "total_non_reasoning_tokens_counted": 2557,
    "total_tokens_usage": 63914
  },
  "chains_for_voting_details": [
    {
      "chain_index": 1,
      "finish_reason": "stop",
      "extracted_answer": "\\dfrac{7}{20}",
      "prompt_tokens": 151,
      "completion_tokens": 14742,
      "reasoning_tokens_counted": 14115,
      "non_reasoning_tokens_counted": 625
    },
    {
      "chain_index": 2,
      "finish_reason": "stop",
      "extracted_answer": "\\dfrac{7}{18}",
      "prompt_tokens": 151,
      "completion_tokens": 15318,
      "reasoning_tokens_counted": 14516,
      "non_reasoning_tokens_counted": 800
    },
    {
      "chain_index": 3,
      "finish_reason": "stop",
      "extracted_answer": "\\dfrac{1}{7}",
      "prompt_tokens": 151,
      "completion_tokens": 21005,
      "reasoning_tokens_counted": 20982,
      "non_reasoning_tokens_counted": 21
    },
    {
      "chain_index": 4,
      "finish_reason": "stop",
      "extracted_answer": "\\dfrac{7}{18}",
      "prompt_tokens": 151,
      "completion_tokens": 12698,
      "reasoning_tokens_counted": 11585,
      "non_reasoning_tokens_counted": 1111
    }
  ],
  "error_chain_details": []
}