{
  "iteration": 25,
  "question_id": "index_24",
  "status": "SUCCESS",
  "n_chains_start": 8,
  "n_chains_completed_stream_for_voting": 1,
  "n_chains_pruned": 7,
  "n_chains_error": 0,
  "similarity_threshold": 0.95,
  "num_steps_to_delay_pruning": 20,
  "correct_answer_reference": "\\sqrt{23}-2 \\sqrt{3}",
  "individual_answers_final": [
    "1"
  ],
  "voted_answer": "1",
  "final_score": 0,
  "processing_duration_sec": 822.4165365695953,
  "total_analysis_intervals": 36,
  "avg_kv_cache_usage": 0.06300097556996784,
  "max_kv_cache_usage": 0.1119702342887041,
  "usage_aggregated": {
    "prompt_tokens": 151,
    "total_completion_tokens_across_all_started_chains": 57674
  },
  "chains_for_voting_details": [
    {
      "chain_index": 8,
      "finish_reason": "stop",
      "extracted_answer": "1",
      "prompt_tokens": 151,
      "completion_tokens": 30653,
      "completed_thought_count": 29,
      "final_mean_pairwise_similarity": 0.5012163519859314,
      "final_internal_similarity": 0.017283322482273496,
      "pruned_count": 7
    }
  ],
  "pruned_chain_details": [
    {
      "chain_index": 1,
      "finish_reason": "worker_terminated_unexpectedly",
      "completion_tokens": 3923,
      "completed_thought_count": 23,
      "full_text_len": 11801,
      "pruned_at_step": 30,
      "pruned_by_chain_id": "q25_c8",
      "initial_pruned_count": 0
    },
    {
      "chain_index": 2,
      "finish_reason": "worker_terminated_unexpectedly",
      "completion_tokens": 3772,
      "completed_thought_count": 22,
      "full_text_len": 11741,
      "pruned_at_step": 28,
      "pruned_by_chain_id": "q25_c3",
      "initial_pruned_count": 0
    },
    {
      "chain_index": 3,
      "finish_reason": "worker_terminated_unexpectedly",
      "completion_tokens": 4073,
      "completed_thought_count": 47,
      "full_text_len": 14922,
      "pruned_at_step": 32,
      "pruned_by_chain_id": "q25_c8",
      "initial_pruned_count": 2
    },
    {
      "chain_index": 4,
      "finish_reason": "worker_terminated_unexpectedly",
      "completion_tokens": 3480,
      "completed_thought_count": 23,
      "full_text_len": 10543,
      "pruned_at_step": 24,
      "pruned_by_chain_id": "q25_c3",
      "initial_pruned_count": 0
    },
    {
      "chain_index": 5,
      "finish_reason": "worker_terminated_unexpectedly",
      "completion_tokens": 3629,
      "completed_thought_count": 25,
      "full_text_len": 11971,
      "pruned_at_step": 26,
      "pruned_by_chain_id": "q25_c8",
      "initial_pruned_count": 0
    },
    {
      "chain_index": 6,
      "finish_reason": "worker_terminated_unexpectedly",
      "completion_tokens": 3771,
      "completed_thought_count": 21,
      "full_text_len": 11980,
      "pruned_at_step": 28,
      "pruned_by_chain_id": "q25_c8",
      "initial_pruned_count": 0
    },
    {
      "chain_index": 7,
      "finish_reason": "worker_terminated_unexpectedly",
      "completion_tokens": 4373,
      "completed_thought_count": 36,
      "full_text_len": 13148,
      "pruned_at_step": 35,
      "pruned_by_chain_id": "q25_c8",
      "initial_pruned_count": 0
    }
  ],
  "error_chain_details": []
}