{
  "iteration": 15,
  "question_id": "index_14",
  "status": "SUCCESS",
  "n_chains_start": 8,
  "n_chains_completed_stream_for_voting": 4,
  "n_chains_pruned": 4,
  "n_chains_error": 0,
  "similarity_threshold": 0.95,
  "num_steps_to_delay_pruning": 20,
  "correct_answer_reference": "200",
  "individual_answers_final": [
    "202",
    "202",
    "202",
    "202"
  ],
  "voted_answer": "202",
  "final_score": 0,
  "processing_duration_sec": 135.7753210067749,
  "total_analysis_intervals": 36,
  "avg_kv_cache_usage": 0.058221335239357,
  "max_kv_cache_usage": 0.1204581129004127,
  "usage_aggregated": {
    "prompt_tokens": 149,
    "total_completion_tokens_across_all_started_chains": 39300
  },
  "chains_for_voting_details": [
    {
      "chain_index": 4,
      "finish_reason": "stop",
      "extracted_answer": "202",
      "prompt_tokens": 149,
      "completion_tokens": 4420,
      "completed_thought_count": 42,
      "final_mean_pairwise_similarity": 0.45488086342811584,
      "final_internal_similarity": 0.010830496748288473,
      "pruned_count": 1
    },
    {
      "chain_index": 5,
      "finish_reason": "stop",
      "extracted_answer": "202",
      "prompt_tokens": 149,
      "completion_tokens": 6534,
      "completed_thought_count": 55,
      "final_mean_pairwise_similarity": 0.4527026414871216,
      "final_internal_similarity": 0.008230957117947664,
      "pruned_count": 3
    },
    {
      "chain_index": 7,
      "finish_reason": "stop",
      "extracted_answer": "202",
      "prompt_tokens": 149,
      "completion_tokens": 3987,
      "completed_thought_count": 34,
      "final_mean_pairwise_similarity": 0.5083634853363037,
      "final_internal_similarity": 0.01495186721577364,
      "pruned_count": 0
    },
    {
      "chain_index": 8,
      "finish_reason": "stop",
      "extracted_answer": "202",
      "prompt_tokens": 149,
      "completion_tokens": 5196,
      "completed_thought_count": 45,
      "final_mean_pairwise_similarity": 0.5319995880126953,
      "final_internal_similarity": 0.011822213066948785,
      "pruned_count": 0
    }
  ],
  "pruned_chain_details": [
    {
      "chain_index": 1,
      "finish_reason": "worker_terminated_unexpectedly",
      "completion_tokens": 4817,
      "completed_thought_count": 54,
      "full_text_len": 19098,
      "pruned_at_step": 34,
      "pruned_by_chain_id": "q15_c5",
      "initial_pruned_count": 0
    },
    {
      "chain_index": 2,
      "finish_reason": "worker_terminated_unexpectedly",
      "completion_tokens": 4711,
      "completed_thought_count": 46,
      "full_text_len": 18856,
      "pruned_at_step": 32,
      "pruned_by_chain_id": "q15_c4",
      "initial_pruned_count": 0
    },
    {
      "chain_index": 3,
      "finish_reason": "worker_terminated_unexpectedly",
      "completion_tokens": 4818,
      "completed_thought_count": 48,
      "full_text_len": 19363,
      "pruned_at_step": 34,
      "pruned_by_chain_id": "q15_c5",
      "initial_pruned_count": 0
    },
    {
      "chain_index": 6,
      "finish_reason": "stop",
      "completion_tokens": 4817,
      "completed_thought_count": 41,
      "full_text_len": 18004,
      "pruned_at_step": 34,
      "pruned_by_chain_id": "q15_c5",
      "initial_pruned_count": 0
    }
  ],
  "error_chain_details": []
}