{
  "iteration": 24,
  "question_id": "index_23",
  "status": "SUCCESS",
  "n_chains_start": 8,
  "n_chains_completed_stream_for_voting": 1,
  "n_chains_pruned": 7,
  "n_chains_error": 0,
  "similarity_threshold": 0.95,
  "num_steps_to_delay_pruning": 20,
  "correct_answer_reference": "20",
  "individual_answers_final": [
    "99"
  ],
  "voted_answer": "99",
  "final_score": 0,
  "processing_duration_sec": 751.4506282806396,
  "total_analysis_intervals": 51,
  "avg_kv_cache_usage": 0.07104332499160633,
  "max_kv_cache_usage": 0.1735945584559037,
  "usage_aggregated": {
    "prompt_tokens": 682,
    "total_completion_tokens_across_all_started_chains": 67027
  },
  "chains_for_voting_details": [
    {
      "chain_index": 6,
      "finish_reason": "stop",
      "extracted_answer": "99",
      "prompt_tokens": 682,
      "completion_tokens": 27719,
      "completed_thought_count": 48,
      "final_mean_pairwise_similarity": 0.6185595989227295,
      "final_internal_similarity": 0.012886658310890198,
      "pruned_count": 7
    }
  ],
  "pruned_chain_details": [
    {
      "chain_index": 1,
      "finish_reason": "worker_terminated_unexpectedly",
      "completion_tokens": 5423,
      "completed_thought_count": 22,
      "full_text_len": 15815,
      "pruned_at_step": 39,
      "pruned_by_chain_id": "q24_c7",
      "initial_pruned_count": 0
    },
    {
      "chain_index": 2,
      "finish_reason": "worker_terminated_unexpectedly",
      "completion_tokens": 5423,
      "completed_thought_count": 40,
      "full_text_len": 19292,
      "pruned_at_step": 39,
      "pruned_by_chain_id": "q24_c8",
      "initial_pruned_count": 1
    },
    {
      "chain_index": 3,
      "finish_reason": "worker_terminated_unexpectedly",
      "completion_tokens": 5277,
      "completed_thought_count": 43,
      "full_text_len": 17553,
      "pruned_at_step": 37,
      "pruned_by_chain_id": "q24_c2",
      "initial_pruned_count": 0
    },
    {
      "chain_index": 4,
      "finish_reason": "worker_terminated_unexpectedly",
      "completion_tokens": 6765,
      "completed_thought_count": 36,
      "full_text_len": 21698,
      "pruned_at_step": 50,
      "pruned_by_chain_id": "q24_c6",
      "initial_pruned_count": 0
    },
    {
      "chain_index": 5,
      "finish_reason": "worker_terminated_unexpectedly",
      "completion_tokens": 5422,
      "completed_thought_count": 30,
      "full_text_len": 18283,
      "pruned_at_step": 39,
      "pruned_by_chain_id": "q24_c6",
      "initial_pruned_count": 0
    },
    {
      "chain_index": 7,
      "finish_reason": "worker_terminated_unexpectedly",
      "completion_tokens": 5421,
      "completed_thought_count": 43,
      "full_text_len": 17756,
      "pruned_at_step": 39,
      "pruned_by_chain_id": "q24_c8",
      "initial_pruned_count": 1
    },
    {
      "chain_index": 8,
      "finish_reason": "worker_terminated_unexpectedly",
      "completion_tokens": 5577,
      "completed_thought_count": 38,
      "full_text_len": 18522,
      "pruned_at_step": 41,
      "pruned_by_chain_id": "q24_c6",
      "initial_pruned_count": 4
    }
  ],
  "error_chain_details": []
}