{
  "iteration": 5,
  "question_id": "index_4",
  "status": "SUCCESS",
  "n_chains_start": 8,
  "n_chains_completed_stream_for_voting": 2,
  "n_chains_pruned": 6,
  "n_chains_error": 0,
  "similarity_threshold": 0.95,
  "num_steps_to_delay_pruning": 20,
  "correct_answer_reference": "890",
  "individual_answers_final": [
    "890",
    "890"
  ],
  "voted_answer": "890",
  "final_score": 1,
  "processing_duration_sec": 141.93759846687317,
  "total_analysis_intervals": 36,
  "avg_kv_cache_usage": 0.061540637565927286,
  "max_kv_cache_usage": 0.1441776640892971,
  "usage_aggregated": {
    "prompt_tokens": 143,
    "total_completion_tokens_across_all_started_chains": 41584
  },
  "chains_for_voting_details": [
    {
      "chain_index": 3,
      "finish_reason": "stop",
      "extracted_answer": "890",
      "prompt_tokens": 143,
      "completion_tokens": 5213,
      "completed_thought_count": 27,
      "final_mean_pairwise_similarity": 0.4601907432079315,
      "final_internal_similarity": 0.01704410160029376,
      "pruned_count": 6
    },
    {
      "chain_index": 8,
      "finish_reason": "stop",
      "extracted_answer": "890",
      "prompt_tokens": 143,
      "completion_tokens": 6866,
      "completed_thought_count": 24,
      "final_mean_pairwise_similarity": 0.5135533809661865,
      "final_internal_similarity": 0.02139805754025777,
      "pruned_count": 0
    }
  ],
  "pruned_chain_details": [
    {
      "chain_index": 1,
      "finish_reason": "worker_terminated_unexpectedly",
      "completion_tokens": 4795,
      "completed_thought_count": 32,
      "full_text_len": 14369,
      "pruned_at_step": 33,
      "pruned_by_chain_id": "q5_c7",
      "initial_pruned_count": 0
    },
    {
      "chain_index": 2,
      "finish_reason": "worker_terminated_unexpectedly",
      "completion_tokens": 4942,
      "completed_thought_count": 27,
      "full_text_len": 14087,
      "pruned_at_step": 35,
      "pruned_by_chain_id": "q5_c4",
      "initial_pruned_count": 0
    },
    {
      "chain_index": 4,
      "finish_reason": "worker_terminated_unexpectedly",
      "completion_tokens": 4942,
      "completed_thought_count": 31,
      "full_text_len": 14232,
      "pruned_at_step": 35,
      "pruned_by_chain_id": "q5_c5",
      "initial_pruned_count": 1
    },
    {
      "chain_index": 5,
      "finish_reason": "worker_terminated_unexpectedly",
      "completion_tokens": 4942,
      "completed_thought_count": 28,
      "full_text_len": 14223,
      "pruned_at_step": 35,
      "pruned_by_chain_id": "q5_c6",
      "initial_pruned_count": 2
    },
    {
      "chain_index": 6,
      "finish_reason": "worker_terminated_unexpectedly",
      "completion_tokens": 4942,
      "completed_thought_count": 28,
      "full_text_len": 14864,
      "pruned_at_step": 35,
      "pruned_by_chain_id": "q5_c7",
      "initial_pruned_count": 3
    },
    {
      "chain_index": 7,
      "finish_reason": "worker_terminated_unexpectedly",
      "completion_tokens": 4942,
      "completed_thought_count": 29,
      "full_text_len": 14509,
      "pruned_at_step": 35,
      "pruned_by_chain_id": "q5_c3",
      "initial_pruned_count": 5
    }
  ],
  "error_chain_details": []
}