{
  "iteration": 1,
  "question_id": "index_0",
  "status": "SUCCESS",
  "n_chains_start": 8,
  "n_chains_completed_stream_for_voting": 8,
  "n_chains_pruned": 0,
  "n_chains_error": 0,
  "similarity_threshold": 0.95,
  "num_steps_to_delay_pruning": 20,
  "correct_answer_reference": "103",
  "individual_answers_final": [
    "103",
    "103",
    "103",
    "103",
    "103",
    "103",
    "103",
    "103"
  ],
  "voted_answer": "103",
  "final_score": 1,
  "processing_duration_sec": 160.10585832595825,
  "total_analysis_intervals": 46,
  "avg_kv_cache_usage": 0.06837642329764877,
  "max_kv_cache_usage": 0.1290041276669961,
  "usage_aggregated": {
    "prompt_tokens": 84,
    "total_completion_tokens_across_all_started_chains": 46824
  },
  "chains_for_voting_details": [
    {
      "chain_index": 1,
      "finish_reason": "stop",
      "extracted_answer": "103",
      "prompt_tokens": 84,
      "completion_tokens": 6909,
      "completed_thought_count": 37,
      "final_mean_pairwise_similarity": 0.46021223068237305,
      "final_internal_similarity": 0.012438168396820893,
      "pruned_count": 0
    },
    {
      "chain_index": 2,
      "finish_reason": "stop",
      "extracted_answer": "103",
      "prompt_tokens": 84,
      "completion_tokens": 4231,
      "completed_thought_count": 23,
      "final_mean_pairwise_similarity": 0.4835857152938843,
      "final_internal_similarity": 0.021025465882342796,
      "pruned_count": 0
    },
    {
      "chain_index": 3,
      "finish_reason": "stop",
      "extracted_answer": "103",
      "prompt_tokens": 84,
      "completion_tokens": 7748,
      "completed_thought_count": 32,
      "final_mean_pairwise_similarity": 0.413662314414978,
      "final_internal_similarity": 0.012926947325468063,
      "pruned_count": 0
    },
    {
      "chain_index": 4,
      "finish_reason": "stop",
      "extracted_answer": "103",
      "prompt_tokens": 84,
      "completion_tokens": 5604,
      "completed_thought_count": 26,
      "final_mean_pairwise_similarity": 0.4263617992401123,
      "final_internal_similarity": 0.01639853074000432,
      "pruned_count": 0
    },
    {
      "chain_index": 5,
      "finish_reason": "stop",
      "extracted_answer": "103",
      "prompt_tokens": 84,
      "completion_tokens": 5906,
      "completed_thought_count": 43,
      "final_mean_pairwise_similarity": 0.394036203622818,
      "final_internal_similarity": 0.009163632642391116,
      "pruned_count": 0
    },
    {
      "chain_index": 6,
      "finish_reason": "stop",
      "extracted_answer": "103",
      "prompt_tokens": 84,
      "completion_tokens": 4985,
      "completed_thought_count": 28,
      "final_mean_pairwise_similarity": 0.43063557147979736,
      "final_internal_similarity": 0.015379841838564192,
      "pruned_count": 0
    },
    {
      "chain_index": 7,
      "finish_reason": "stop",
      "extracted_answer": "103",
      "prompt_tokens": 84,
      "completion_tokens": 6381,
      "completed_thought_count": 44,
      "final_mean_pairwise_similarity": 0.4083753228187561,
      "final_internal_similarity": 0.009281257336789911,
      "pruned_count": 0
    },
    {
      "chain_index": 8,
      "finish_reason": "stop",
      "extracted_answer": "103",
      "prompt_tokens": 84,
      "completion_tokens": 5060,
      "completed_thought_count": 31,
      "final_mean_pairwise_similarity": 0.5562024712562561,
      "final_internal_similarity": 0.017942015201814713,
      "pruned_count": 0
    }
  ],
  "pruned_chain_details": [],
  "error_chain_details": []
}