{
  "iteration": 8,
  "question_id": "index_7",
  "status": "SUCCESS",
  "n_chains_start": 8,
  "n_chains_completed_stream_for_voting": 8,
  "n_chains_pruned": 0,
  "n_chains_error": 0,
  "similarity_threshold": 0.95,
  "num_steps_to_delay_pruning": 20,
  "correct_answer_reference": "1-\\frac{2}{\\pi}",
  "individual_answers_final": [
    "1 - \\dfrac{2}{\\pi}",
    "1 - \\dfrac{2}{\\pi}",
    "1 - \\dfrac{2}{\\pi}",
    "\\dfrac{1}{e}",
    "1 - \\dfrac{2}{\\pi}",
    "1 - \\dfrac{2}{\\pi}",
    "\\dfrac{4}{11}",
    "1 - \\dfrac{2}{\\pi}"
  ],
  "voted_answer": "1 - \\dfrac{2}{\\pi}",
  "final_score": 1,
  "processing_duration_sec": 727.6012160778046,
  "total_analysis_intervals": 100,
  "avg_kv_cache_usage": 0.18325175119533285,
  "max_kv_cache_usage": 0.3318411720248823,
  "usage_aggregated": {
    "prompt_tokens": 156,
    "total_completion_tokens_across_all_started_chains": 139497
  },
  "chains_for_voting_details": [
    {
      "chain_index": 1,
      "finish_reason": "stop",
      "extracted_answer": "1 - \\dfrac{2}{\\pi}",
      "prompt_tokens": 156,
      "completion_tokens": 18102,
      "completed_thought_count": 78,
      "final_mean_pairwise_similarity": 0.34769803285598755,
      "final_internal_similarity": 0.0044576670878972765,
      "pruned_count": 0
    },
    {
      "chain_index": 2,
      "finish_reason": "stop",
      "extracted_answer": "1 - \\dfrac{2}{\\pi}",
      "prompt_tokens": 156,
      "completion_tokens": 8995,
      "completed_thought_count": 46,
      "final_mean_pairwise_similarity": 0.4272252917289734,
      "final_internal_similarity": 0.009287506341934204,
      "pruned_count": 0
    },
    {
      "chain_index": 3,
      "finish_reason": "stop",
      "extracted_answer": "1 - \\dfrac{2}{\\pi}",
      "prompt_tokens": 156,
      "completion_tokens": 14635,
      "completed_thought_count": 94,
      "final_mean_pairwise_similarity": 0.3306216299533844,
      "final_internal_similarity": 0.0035172513824828127,
      "pruned_count": 0
    },
    {
      "chain_index": 4,
      "finish_reason": "stop",
      "extracted_answer": "\\dfrac{1}{e}",
      "prompt_tokens": 156,
      "completion_tokens": 20876,
      "completed_thought_count": 76,
      "final_mean_pairwise_similarity": 0.41290149092674255,
      "final_internal_similarity": 0.005432914354299244,
      "pruned_count": 0
    },
    {
      "chain_index": 5,
      "finish_reason": "stop",
      "extracted_answer": "1 - \\dfrac{2}{\\pi}",
      "prompt_tokens": 156,
      "completion_tokens": 19926,
      "completed_thought_count": 73,
      "final_mean_pairwise_similarity": 0.37922734022140503,
      "final_internal_similarity": 0.005194895071526096,
      "pruned_count": 0
    },
    {
      "chain_index": 6,
      "finish_reason": "stop",
      "extracted_answer": "1 - \\dfrac{2}{\\pi}",
      "prompt_tokens": 156,
      "completion_tokens": 18293,
      "completed_thought_count": 70,
      "final_mean_pairwise_similarity": 0.3898731470108032,
      "final_internal_similarity": 0.005569616385868618,
      "pruned_count": 0
    },
    {
      "chain_index": 7,
      "finish_reason": "stop",
      "extracted_answer": "\\dfrac{4}{11}",
      "prompt_tokens": 156,
      "completion_tokens": 26681,
      "completed_thought_count": 80,
      "final_mean_pairwise_similarity": 0.3433877229690552,
      "final_internal_similarity": 0.00429234653711319,
      "pruned_count": 0
    },
    {
      "chain_index": 8,
      "finish_reason": "stop",
      "extracted_answer": "1 - \\dfrac{2}{\\pi}",
      "prompt_tokens": 156,
      "completion_tokens": 11989,
      "completed_thought_count": 61,
      "final_mean_pairwise_similarity": 0.37038126587867737,
      "final_internal_similarity": 0.00607182403079799,
      "pruned_count": 0
    }
  ],
  "pruned_chain_details": [],
  "error_chain_details": []
}