{
  "iteration": 18,
  "question_id": "index_17",
  "status": "SUCCESS",
  "n_chains_start": 8,
  "n_chains_completed_stream_for_voting": 8,
  "n_chains_pruned": 0,
  "n_chains_error": 0,
  "similarity_threshold": 0.95,
  "num_steps_to_delay_pruning": 20,
  "correct_answer_reference": "\\frac{2025}{101}",
  "individual_answers_final": [
    "\\dfrac{675}{67}",
    "\\dfrac{2025}{201}",
    "\\dfrac{675}{67}",
    "\\dfrac{675}{67}",
    "2025 \\left(1 - \\dfrac{1}{e}\\right)",
    "\\dfrac{675}{67}",
    "\\dfrac{2025}{101}",
    "2025 \\left(1 - \\frac{1}{e}\\right)"
  ],
  "voted_answer": "\\dfrac{675}{67}",
  "final_score": 0,
  "processing_duration_sec": 860.5535171031952,
  "total_analysis_intervals": 100,
  "avg_kv_cache_usage": 0.18004057830954104,
  "max_kv_cache_usage": 0.3464914830533109,
  "usage_aggregated": {
    "prompt_tokens": 222,
    "total_completion_tokens_across_all_started_chains": 147169
  },
  "chains_for_voting_details": [
    {
      "chain_index": 1,
      "finish_reason": "stop",
      "extracted_answer": "\\dfrac{675}{67}",
      "prompt_tokens": 222,
      "completion_tokens": 11687,
      "completed_thought_count": 120,
      "final_mean_pairwise_similarity": 0.4153299331665039,
      "final_internal_similarity": 0.0034610827763875327,
      "pruned_count": 0
    },
    {
      "chain_index": 2,
      "finish_reason": "stop",
      "extracted_answer": "\\dfrac{2025}{201}",
      "prompt_tokens": 222,
      "completion_tokens": 22280,
      "completed_thought_count": 88,
      "final_mean_pairwise_similarity": 0.45929619669914246,
      "final_internal_similarity": 0.005219274962490255,
      "pruned_count": 0
    },
    {
      "chain_index": 3,
      "finish_reason": "stop",
      "extracted_answer": "\\dfrac{675}{67}",
      "prompt_tokens": 222,
      "completion_tokens": 17239,
      "completed_thought_count": 72,
      "final_mean_pairwise_similarity": 0.40380772948265076,
      "final_internal_similarity": 0.005608440687259038,
      "pruned_count": 0
    },
    {
      "chain_index": 4,
      "finish_reason": "stop",
      "extracted_answer": "\\dfrac{675}{67}",
      "prompt_tokens": 222,
      "completion_tokens": 13234,
      "completed_thought_count": 108,
      "final_mean_pairwise_similarity": 0.4850267171859741,
      "final_internal_similarity": 0.004490988122092353,
      "pruned_count": 0
    },
    {
      "chain_index": 5,
      "finish_reason": "stop",
      "extracted_answer": "2025 \\left(1 - \\dfrac{1}{e}\\right)",
      "prompt_tokens": 222,
      "completion_tokens": 13249,
      "completed_thought_count": 82,
      "final_mean_pairwise_similarity": 0.4041689932346344,
      "final_internal_similarity": 0.00492889016139798,
      "pruned_count": 0
    },
    {
      "chain_index": 6,
      "finish_reason": "stop",
      "extracted_answer": "\\dfrac{675}{67}",
      "prompt_tokens": 222,
      "completion_tokens": 31045,
      "completed_thought_count": 89,
      "final_mean_pairwise_similarity": 0.4705663025379181,
      "final_internal_similarity": 0.005287261826268742,
      "pruned_count": 0
    },
    {
      "chain_index": 7,
      "finish_reason": "stop",
      "extracted_answer": "\\dfrac{2025}{101}",
      "prompt_tokens": 222,
      "completion_tokens": 22823,
      "completed_thought_count": 116,
      "final_mean_pairwise_similarity": 0.4632558226585388,
      "final_internal_similarity": 0.003993584678090852,
      "pruned_count": 0
    },
    {
      "chain_index": 8,
      "finish_reason": "stop",
      "extracted_answer": "2025 \\left(1 - \\frac{1}{e}\\right)",
      "prompt_tokens": 222,
      "completion_tokens": 15612,
      "completed_thought_count": 99,
      "final_mean_pairwise_similarity": 0.4547975957393646,
      "final_internal_similarity": 0.004593915108478431,
      "pruned_count": 0
    }
  ],
  "pruned_chain_details": [],
  "error_chain_details": []
}