{
  "iteration": 17,
  "question_id": "index_16",
  "status": "SUCCESS",
  "n_chains_start": 8,
  "n_chains_completed_stream_for_voting": 1,
  "n_chains_pruned": 7,
  "n_chains_error": 0,
  "similarity_threshold": 0.95,
  "num_steps_to_delay_pruning": 20,
  "correct_answer_reference": "2^{25} \\cdot 26!",
  "individual_answers_final": [
    "4 \\times 26!"
  ],
  "voted_answer": "4 \\times 26!",
  "final_score": 0,
  "processing_duration_sec": 383.14671993255615,
  "total_analysis_intervals": 65,
  "avg_kv_cache_usage": 0.07807189811927841,
  "max_kv_cache_usage": 0.199988372769025,
  "usage_aggregated": {
    "prompt_tokens": 147,
    "total_completion_tokens_across_all_started_chains": 68185
  },
  "chains_for_voting_details": [
    {
      "chain_index": 6,
      "finish_reason": "stop",
      "extracted_answer": "4 \\times 26!",
      "prompt_tokens": 147,
      "completion_tokens": 15278,
      "completed_thought_count": 67,
      "final_mean_pairwise_similarity": 0.4527595043182373,
      "final_internal_similarity": 0.006757604542063244,
      "pruned_count": 7
    }
  ],
  "pruned_chain_details": [
    {
      "chain_index": 1,
      "finish_reason": "worker_terminated_unexpectedly",
      "completion_tokens": 8330,
      "completed_thought_count": 58,
      "full_text_len": 32100,
      "pruned_at_step": 64,
      "pruned_by_chain_id": "q17_c6",
      "initial_pruned_count": 0
    },
    {
      "chain_index": 2,
      "finish_reason": "worker_terminated_unexpectedly",
      "completion_tokens": 7569,
      "completed_thought_count": 55,
      "full_text_len": 30544,
      "pruned_at_step": 55,
      "pruned_by_chain_id": "q17_c7",
      "initial_pruned_count": 0
    },
    {
      "chain_index": 3,
      "finish_reason": "stop",
      "completion_tokens": 7008,
      "completed_thought_count": 49,
      "full_text_len": 26602,
      "pruned_at_step": 57,
      "pruned_by_chain_id": "q17_c6",
      "initial_pruned_count": 0
    },
    {
      "chain_index": 4,
      "finish_reason": "stop",
      "completion_tokens": 6732,
      "completed_thought_count": 49,
      "full_text_len": 26316,
      "pruned_at_step": 59,
      "pruned_by_chain_id": "q17_c6",
      "initial_pruned_count": 0
    },
    {
      "chain_index": 5,
      "finish_reason": "stop",
      "completion_tokens": 7427,
      "completed_thought_count": 60,
      "full_text_len": 30310,
      "pruned_at_step": 57,
      "pruned_by_chain_id": "q17_c7",
      "initial_pruned_count": 0
    },
    {
      "chain_index": 7,
      "finish_reason": "worker_terminated_unexpectedly",
      "completion_tokens": 8122,
      "completed_thought_count": 68,
      "full_text_len": 31898,
      "pruned_at_step": 61,
      "pruned_by_chain_id": "q17_c6",
      "initial_pruned_count": 2
    },
    {
      "chain_index": 8,
      "finish_reason": "worker_terminated_unexpectedly",
      "completion_tokens": 7719,
      "completed_thought_count": 65,
      "full_text_len": 31464,
      "pruned_at_step": 57,
      "pruned_by_chain_id": "q17_c6",
      "initial_pruned_count": 0
    }
  ],
  "error_chain_details": []
}