{
  "iteration": 13,
  "question_id": "index_12",
  "status": "SUCCESS",
  "n_chains_start": 8,
  "n_chains_completed_stream_for_voting": 1,
  "n_chains_pruned": 7,
  "n_chains_error": 0,
  "similarity_threshold": 0.95,
  "num_steps_to_delay_pruning": 20,
  "correct_answer_reference": "105",
  "individual_answers_final": [
    "7"
  ],
  "voted_answer": "7",
  "final_score": 0,
  "processing_duration_sec": 657.5157573223114,
  "total_analysis_intervals": 42,
  "avg_kv_cache_usage": 0.05688549866330433,
  "max_kv_cache_usage": 0.1237137375733968,
  "usage_aggregated": {
    "prompt_tokens": 154,
    "total_completion_tokens_across_all_started_chains": 56025
  },
  "chains_for_voting_details": [
    {
      "chain_index": 8,
      "finish_reason": "stop",
      "extracted_answer": "7",
      "prompt_tokens": 154,
      "completion_tokens": 25004,
      "completed_thought_count": 55,
      "final_mean_pairwise_similarity": 0.48533880710601807,
      "final_internal_similarity": 0.008824341947382146,
      "pruned_count": 7
    }
  ],
  "pruned_chain_details": [
    {
      "chain_index": 1,
      "finish_reason": "worker_terminated_unexpectedly",
      "completion_tokens": 4236,
      "completed_thought_count": 47,
      "full_text_len": 15939,
      "pruned_at_step": 30,
      "pruned_by_chain_id": "q13_c3",
      "initial_pruned_count": 0
    },
    {
      "chain_index": 2,
      "finish_reason": "worker_terminated_unexpectedly",
      "completion_tokens": 4235,
      "completed_thought_count": 46,
      "full_text_len": 16444,
      "pruned_at_step": 30,
      "pruned_by_chain_id": "q13_c3",
      "initial_pruned_count": 0
    },
    {
      "chain_index": 3,
      "finish_reason": "worker_terminated_unexpectedly",
      "completion_tokens": 5604,
      "completed_thought_count": 55,
      "full_text_len": 22270,
      "pruned_at_step": 41,
      "pruned_by_chain_id": "q13_c8",
      "initial_pruned_count": 5
    },
    {
      "chain_index": 4,
      "finish_reason": "worker_terminated_unexpectedly",
      "completion_tokens": 4084,
      "completed_thought_count": 42,
      "full_text_len": 16057,
      "pruned_at_step": 28,
      "pruned_by_chain_id": "q13_c6",
      "initial_pruned_count": 0
    },
    {
      "chain_index": 5,
      "finish_reason": "worker_terminated_unexpectedly",
      "completion_tokens": 4235,
      "completed_thought_count": 33,
      "full_text_len": 16311,
      "pruned_at_step": 30,
      "pruned_by_chain_id": "q13_c6",
      "initial_pruned_count": 0
    },
    {
      "chain_index": 6,
      "finish_reason": "worker_terminated_unexpectedly",
      "completion_tokens": 4392,
      "completed_thought_count": 41,
      "full_text_len": 17222,
      "pruned_at_step": 32,
      "pruned_by_chain_id": "q13_c3",
      "initial_pruned_count": 2
    },
    {
      "chain_index": 7,
      "finish_reason": "worker_terminated_unexpectedly",
      "completion_tokens": 4235,
      "completed_thought_count": 35,
      "full_text_len": 16952,
      "pruned_at_step": 30,
      "pruned_by_chain_id": "q13_c8",
      "initial_pruned_count": 0
    }
  ],
  "error_chain_details": []
}