{
  "iteration": 30,
  "question_id": "index_29",
  "status": "SUCCESS",
  "n_chains_start": 8,
  "n_chains_completed_stream_for_voting": 1,
  "n_chains_pruned": 7,
  "n_chains_error": 0,
  "similarity_threshold": 0.95,
  "num_steps_to_delay_pruning": 20,
  "correct_answer_reference": "\\sqrt{\\frac{95}{24}}",
  "individual_answers_final": [
    "\\sqrt{\\dfrac{5050 \\times 7272 \\times 9898}{5050 \\times 7272 + 5050 \\times 9898 + 7272 \\times 9898}}"
  ],
  "voted_answer": "\\sqrt{\\dfrac{5050 \\times 7272 \\times 9898}{5050 \\times 7272 + 5050 \\times 9898 + 7272 \\times 9898}}",
  "final_score": 0,
  "processing_duration_sec": 791.2269687652588,
  "total_analysis_intervals": 29,
  "avg_kv_cache_usage": 0.05922111742563825,
  "max_kv_cache_usage": 0.1079588396023487,
  "usage_aggregated": {
    "prompt_tokens": 120,
    "total_completion_tokens_across_all_started_chains": 52516
  },
  "chains_for_voting_details": [
    {
      "chain_index": 6,
      "finish_reason": "stop",
      "extracted_answer": "\\sqrt{\\dfrac{5050 \\times 7272 \\times 9898}{5050 \\times 7272 + 5050 \\times 9898 + 7272 \\times 9898}}",
      "prompt_tokens": 120,
      "completion_tokens": 29579,
      "completed_thought_count": 40,
      "final_mean_pairwise_similarity": 0.5556866526603699,
      "final_internal_similarity": 0.013892166316509247,
      "pruned_count": 7
    }
  ],
  "pruned_chain_details": [
    {
      "chain_index": 1,
      "finish_reason": "worker_terminated_unexpectedly",
      "completion_tokens": 3679,
      "completed_thought_count": 35,
      "full_text_len": 15126,
      "pruned_at_step": 28,
      "pruned_by_chain_id": "q30_c6",
      "initial_pruned_count": 1
    },
    {
      "chain_index": 2,
      "finish_reason": "worker_terminated_unexpectedly",
      "completion_tokens": 3209,
      "completed_thought_count": 32,
      "full_text_len": 13788,
      "pruned_at_step": 23,
      "pruned_by_chain_id": "q30_c1",
      "initial_pruned_count": 0
    },
    {
      "chain_index": 3,
      "finish_reason": "worker_terminated_unexpectedly",
      "completion_tokens": 3208,
      "completed_thought_count": 27,
      "full_text_len": 13109,
      "pruned_at_step": 23,
      "pruned_by_chain_id": "q30_c4",
      "initial_pruned_count": 0
    },
    {
      "chain_index": 4,
      "finish_reason": "worker_terminated_unexpectedly",
      "completion_tokens": 3208,
      "completed_thought_count": 31,
      "full_text_len": 13071,
      "pruned_at_step": 23,
      "pruned_by_chain_id": "q30_c5",
      "initial_pruned_count": 1
    },
    {
      "chain_index": 5,
      "finish_reason": "worker_terminated_unexpectedly",
      "completion_tokens": 3370,
      "completed_thought_count": 34,
      "full_text_len": 13949,
      "pruned_at_step": 25,
      "pruned_by_chain_id": "q30_c6",
      "initial_pruned_count": 2
    },
    {
      "chain_index": 7,
      "finish_reason": "worker_terminated_unexpectedly",
      "completion_tokens": 3208,
      "completed_thought_count": 34,
      "full_text_len": 13603,
      "pruned_at_step": 23,
      "pruned_by_chain_id": "q30_c6",
      "initial_pruned_count": 0
    },
    {
      "chain_index": 8,
      "finish_reason": "worker_terminated_unexpectedly",
      "completion_tokens": 3055,
      "completed_thought_count": 28,
      "full_text_len": 12702,
      "pruned_at_step": 21,
      "pruned_by_chain_id": "q30_c6",
      "initial_pruned_count": 0
    }
  ],
  "error_chain_details": []
}