{
  "iteration": 14,
  "question_id": "index_13",
  "status": "SUCCESS",
  "n_chains_start": 8,
  "n_chains_completed_stream_for_voting": 1,
  "n_chains_pruned": 7,
  "n_chains_error": 0,
  "similarity_threshold": 0.95,
  "num_steps_to_delay_pruning": 20,
  "correct_answer_reference": "2304",
  "individual_answers_final": [
    "20"
  ],
  "voted_answer": "20",
  "final_score": 0,
  "processing_duration_sec": 474.7811772823334,
  "total_analysis_intervals": 83,
  "avg_kv_cache_usage": 0.10475406705721471,
  "max_kv_cache_usage": 0.2874251497005988,
  "usage_aggregated": {
    "prompt_tokens": 188,
    "total_completion_tokens_across_all_started_chains": 87694
  },
  "chains_for_voting_details": [
    {
      "chain_index": 8,
      "finish_reason": "stop",
      "extracted_answer": "20",
      "prompt_tokens": 188,
      "completion_tokens": 18372,
      "completed_thought_count": 81,
      "final_mean_pairwise_similarity": 0.5255655646324158,
      "final_internal_similarity": 0.006488463760894022,
      "pruned_count": 7
    }
  ],
  "pruned_chain_details": [
    {
      "chain_index": 1,
      "finish_reason": "worker_terminated_unexpectedly",
      "completion_tokens": 10437,
      "completed_thought_count": 79,
      "full_text_len": 38721,
      "pruned_at_step": 82,
      "pruned_by_chain_id": "q14_c8",
      "initial_pruned_count": 0
    },
    {
      "chain_index": 2,
      "finish_reason": "worker_terminated_unexpectedly",
      "completion_tokens": 9796,
      "completed_thought_count": 72,
      "full_text_len": 33547,
      "pruned_at_step": 74,
      "pruned_by_chain_id": "q14_c6",
      "initial_pruned_count": 0
    },
    {
      "chain_index": 3,
      "finish_reason": "worker_terminated_unexpectedly",
      "completion_tokens": 9905,
      "completed_thought_count": 80,
      "full_text_len": 36091,
      "pruned_at_step": 76,
      "pruned_by_chain_id": "q14_c8",
      "initial_pruned_count": 0
    },
    {
      "chain_index": 4,
      "finish_reason": "worker_terminated_unexpectedly",
      "completion_tokens": 9796,
      "completed_thought_count": 74,
      "full_text_len": 35045,
      "pruned_at_step": 74,
      "pruned_by_chain_id": "q14_c7",
      "initial_pruned_count": 1
    },
    {
      "chain_index": 5,
      "finish_reason": "worker_terminated_unexpectedly",
      "completion_tokens": 9687,
      "completed_thought_count": 67,
      "full_text_len": 32504,
      "pruned_at_step": 72,
      "pruned_by_chain_id": "q14_c4",
      "initial_pruned_count": 0
    },
    {
      "chain_index": 6,
      "finish_reason": "worker_terminated_unexpectedly",
      "completion_tokens": 9796,
      "completed_thought_count": 76,
      "full_text_len": 33043,
      "pruned_at_step": 74,
      "pruned_by_chain_id": "q14_c7",
      "initial_pruned_count": 1
    },
    {
      "chain_index": 7,
      "finish_reason": "worker_terminated_unexpectedly",
      "completion_tokens": 9905,
      "completed_thought_count": 81,
      "full_text_len": 37176,
      "pruned_at_step": 76,
      "pruned_by_chain_id": "q14_c8",
      "initial_pruned_count": 4
    }
  ],
  "error_chain_details": []
}