{
  "iteration": 3,
  "question_id": "index_2",
  "status": "SUCCESS",
  "n_chains_start": 8,
  "n_chains_completed_stream_for_voting": 0,
  "n_chains_pruned": 7,
  "n_chains_error": 0,
  "similarity_threshold": 0.95,
  "num_steps_to_delay_pruning": 20,
  "correct_answer_reference": "\\frac{1}{576}",
  "individual_answers_final": [],
  "voted_answer": null,
  "final_score": 0,
  "processing_duration_sec": 1119.2853302955627,
  "total_analysis_intervals": 51,
  "avg_kv_cache_usage": 0.08258697759138856,
  "max_kv_cache_usage": 0.1488285564792745,
  "usage_aggregated": {
    "prompt_tokens": 172,
    "total_completion_tokens_across_all_started_chains": 74078
  },
  "chains_for_voting_details": [],
  "pruned_chain_details": [
    {
      "chain_index": 1,
      "finish_reason": "worker_terminated_unexpectedly",
      "completion_tokens": 4060,
      "completed_thought_count": 23,
      "full_text_len": 11305,
      "pruned_at_step": 28,
      "pruned_by_chain_id": "q3_c3",
      "initial_pruned_count": 0
    },
    {
      "chain_index": 3,
      "finish_reason": "worker_terminated_unexpectedly",
      "completion_tokens": 4210,
      "completed_thought_count": 30,
      "full_text_len": 12753,
      "pruned_at_step": 30,
      "pruned_by_chain_id": "q3_c8",
      "initial_pruned_count": 1
    },
    {
      "chain_index": 4,
      "finish_reason": "worker_terminated_unexpectedly",
      "completion_tokens": 5280,
      "completed_thought_count": 26,
      "full_text_len": 14056,
      "pruned_at_step": 40,
      "pruned_by_chain_id": "q3_c2",
      "initial_pruned_count": 0
    },
    {
      "chain_index": 5,
      "finish_reason": "worker_terminated_unexpectedly",
      "completion_tokens": 6654,
      "completed_thought_count": 33,
      "full_text_len": 19159,
      "pruned_at_step": 50,
      "pruned_by_chain_id": "q3_c2",
      "initial_pruned_count": 0
    },
    {
      "chain_index": 6,
      "finish_reason": "worker_terminated_unexpectedly",
      "completion_tokens": 4361,
      "completed_thought_count": 20,
      "full_text_len": 12588,
      "pruned_at_step": 32,
      "pruned_by_chain_id": "q3_c8",
      "initial_pruned_count": 0
    },
    {
      "chain_index": 7,
      "finish_reason": "worker_terminated_unexpectedly",
      "completion_tokens": 4210,
      "completed_thought_count": 17,
      "full_text_len": 11677,
      "pruned_at_step": 30,
      "pruned_by_chain_id": "q3_c2",
      "initial_pruned_count": 0
    },
    {
      "chain_index": 8,
      "finish_reason": "worker_terminated_unexpectedly",
      "completion_tokens": 4515,
      "completed_thought_count": 24,
      "full_text_len": 12571,
      "pruned_at_step": 34,
      "pruned_by_chain_id": "q3_c2",
      "initial_pruned_count": 3
    }
  ],
  "error_chain_details": []
}