{
  "iteration": 29,
  "question_id": "index_28",
  "status": "SUCCESS",
  "n_chains_start": 8,
  "n_chains_completed_stream_for_voting": 1,
  "n_chains_pruned": 7,
  "n_chains_error": 0,
  "similarity_threshold": 0.95,
  "num_steps_to_delay_pruning": 20,
  "correct_answer_reference": "14+4\\sqrt{37}",
  "individual_answers_final": [
    "39"
  ],
  "voted_answer": "39",
  "final_score": 0,
  "processing_duration_sec": 902.7768759727478,
  "total_analysis_intervals": 51,
  "avg_kv_cache_usage": 0.07544005532788561,
  "max_kv_cache_usage": 0.1678972152781814,
  "usage_aggregated": {
    "prompt_tokens": 139,
    "total_completion_tokens_across_all_started_chains": 75230
  },
  "chains_for_voting_details": [
    {
      "chain_index": 6,
      "finish_reason": "stop",
      "extracted_answer": "39",
      "prompt_tokens": 139,
      "completion_tokens": 33280,
      "completed_thought_count": 23,
      "final_mean_pairwise_similarity": 0.4168374538421631,
      "final_internal_similarity": 0.018123367558354916,
      "pruned_count": 7
    }
  ],
  "pruned_chain_details": [
    {
      "chain_index": 1,
      "finish_reason": "worker_terminated_unexpectedly",
      "completion_tokens": 6055,
      "completed_thought_count": 36,
      "full_text_len": 16096,
      "pruned_at_step": 45,
      "pruned_by_chain_id": "q29_c5",
      "initial_pruned_count": 0
    },
    {
      "chain_index": 2,
      "finish_reason": "worker_terminated_unexpectedly",
      "completion_tokens": 5906,
      "completed_thought_count": 37,
      "full_text_len": 17098,
      "pruned_at_step": 43,
      "pruned_by_chain_id": "q29_c3",
      "initial_pruned_count": 1
    },
    {
      "chain_index": 3,
      "finish_reason": "worker_terminated_unexpectedly",
      "completion_tokens": 6500,
      "completed_thought_count": 34,
      "full_text_len": 17919,
      "pruned_at_step": 50,
      "pruned_by_chain_id": "q29_c6",
      "initial_pruned_count": 3
    },
    {
      "chain_index": 4,
      "finish_reason": "worker_terminated_unexpectedly",
      "completion_tokens": 5767,
      "completed_thought_count": 36,
      "full_text_len": 15956,
      "pruned_at_step": 41,
      "pruned_by_chain_id": "q29_c3",
      "initial_pruned_count": 0
    },
    {
      "chain_index": 5,
      "finish_reason": "worker_terminated_unexpectedly",
      "completion_tokens": 6200,
      "completed_thought_count": 30,
      "full_text_len": 17106,
      "pruned_at_step": 47,
      "pruned_by_chain_id": "q29_c6",
      "initial_pruned_count": 2
    },
    {
      "chain_index": 7,
      "finish_reason": "worker_terminated_unexpectedly",
      "completion_tokens": 5617,
      "completed_thought_count": 24,
      "full_text_len": 15533,
      "pruned_at_step": 39,
      "pruned_by_chain_id": "q29_c2",
      "initial_pruned_count": 0
    },
    {
      "chain_index": 8,
      "finish_reason": "worker_terminated_unexpectedly",
      "completion_tokens": 5905,
      "completed_thought_count": 29,
      "full_text_len": 17064,
      "pruned_at_step": 43,
      "pruned_by_chain_id": "q29_c5",
      "initial_pruned_count": 0
    }
  ],
  "error_chain_details": []
}