{
  "iteration": 4,
  "question_id": "index_3",
  "status": "SUCCESS",
  "n_chains_start": 8,
  "n_chains_completed_stream_for_voting": 1,
  "n_chains_pruned": 7,
  "n_chains_error": 0,
  "similarity_threshold": 0.95,
  "num_steps_to_delay_pruning": 20,
  "correct_answer_reference": "-984",
  "individual_answers_final": [
    "-984"
  ],
  "voted_answer": "-984",
  "final_score": 1,
  "processing_duration_sec": 346.03748059272766,
  "total_analysis_intervals": 64,
  "avg_kv_cache_usage": 0.06172347949849613,
  "max_kv_cache_usage": 0.1516190919132608,
  "usage_aggregated": {
    "prompt_tokens": 123,
    "total_completion_tokens_across_all_started_chains": 56524
  },
  "chains_for_voting_details": [
    {
      "chain_index": 5,
      "finish_reason": "stop",
      "extracted_answer": "-984",
      "prompt_tokens": 123,
      "completion_tokens": 14162,
      "completed_thought_count": 32,
      "final_mean_pairwise_similarity": 0.5681714415550232,
      "final_internal_similarity": 0.017755357548594475,
      "pruned_count": 7
    }
  ],
  "pruned_chain_details": [
    {
      "chain_index": 1,
      "finish_reason": "worker_terminated_unexpectedly",
      "completion_tokens": 5079,
      "completed_thought_count": 27,
      "full_text_len": 12632,
      "pruned_at_step": 35,
      "pruned_by_chain_id": "q4_c2",
      "initial_pruned_count": 0
    },
    {
      "chain_index": 2,
      "finish_reason": "worker_terminated_unexpectedly",
      "completion_tokens": 8376,
      "completed_thought_count": 42,
      "full_text_len": 19795,
      "pruned_at_step": 63,
      "pruned_by_chain_id": "q4_c5",
      "initial_pruned_count": 5
    },
    {
      "chain_index": 3,
      "finish_reason": "worker_terminated_unexpectedly",
      "completion_tokens": 6107,
      "completed_thought_count": 26,
      "full_text_len": 15076,
      "pruned_at_step": 45,
      "pruned_by_chain_id": "q4_c2",
      "initial_pruned_count": 1
    },
    {
      "chain_index": 4,
      "finish_reason": "worker_terminated_unexpectedly",
      "completion_tokens": 5220,
      "completed_thought_count": 30,
      "full_text_len": 13865,
      "pruned_at_step": 37,
      "pruned_by_chain_id": "q4_c3",
      "initial_pruned_count": 0
    },
    {
      "chain_index": 6,
      "finish_reason": "worker_terminated_unexpectedly",
      "completion_tokens": 5368,
      "completed_thought_count": 22,
      "full_text_len": 14018,
      "pruned_at_step": 39,
      "pruned_by_chain_id": "q4_c2",
      "initial_pruned_count": 1
    },
    {
      "chain_index": 7,
      "finish_reason": "worker_terminated_unexpectedly",
      "completion_tokens": 5220,
      "completed_thought_count": 41,
      "full_text_len": 13414,
      "pruned_at_step": 37,
      "pruned_by_chain_id": "q4_c6",
      "initial_pruned_count": 0
    },
    {
      "chain_index": 8,
      "finish_reason": "worker_terminated_unexpectedly",
      "completion_tokens": 6992,
      "completed_thought_count": 23,
      "full_text_len": 16360,
      "pruned_at_step": 52,
      "pruned_by_chain_id": "q4_c5",
      "initial_pruned_count": 0
    }
  ],
  "error_chain_details": []
}