{
  "iteration": 9,
  "question_id": "index_8",
  "status": "SUCCESS",
  "n_chains_start": 8,
  "n_chains_completed_stream_for_voting": 1,
  "n_chains_pruned": 7,
  "n_chains_error": 0,
  "similarity_threshold": 0.95,
  "num_steps_to_delay_pruning": 20,
  "correct_answer_reference": "1037",
  "individual_answers_final": [
    "1037"
  ],
  "voted_answer": "1037",
  "final_score": 1,
  "processing_duration_sec": 864.7360236644745,
  "total_analysis_intervals": 52,
  "avg_kv_cache_usage": 0.07680961457739315,
  "max_kv_cache_usage": 0.1855706063600953,
  "usage_aggregated": {
    "prompt_tokens": 243,
    "total_completion_tokens_across_all_started_chains": 76910
  },
  "chains_for_voting_details": [
    {
      "chain_index": 6,
      "finish_reason": "stop",
      "extracted_answer": "1037",
      "prompt_tokens": 243,
      "completion_tokens": 32104,
      "completed_thought_count": 62,
      "final_mean_pairwise_similarity": 0.48094600439071655,
      "final_internal_similarity": 0.0077571936192051055,
      "pruned_count": 7
    }
  ],
  "pruned_chain_details": [
    {
      "chain_index": 1,
      "finish_reason": "worker_terminated_unexpectedly",
      "completion_tokens": 6271,
      "completed_thought_count": 42,
      "full_text_len": 18559,
      "pruned_at_step": 44,
      "pruned_by_chain_id": "q9_c6",
      "initial_pruned_count": 0
    },
    {
      "chain_index": 2,
      "finish_reason": "worker_terminated_unexpectedly",
      "completion_tokens": 6572,
      "completed_thought_count": 51,
      "full_text_len": 21287,
      "pruned_at_step": 47,
      "pruned_by_chain_id": "q9_c6",
      "initial_pruned_count": 0
    },
    {
      "chain_index": 3,
      "finish_reason": "worker_terminated_unexpectedly",
      "completion_tokens": 6271,
      "completed_thought_count": 43,
      "full_text_len": 18282,
      "pruned_at_step": 44,
      "pruned_by_chain_id": "q9_c8",
      "initial_pruned_count": 0
    },
    {
      "chain_index": 4,
      "finish_reason": "worker_terminated_unexpectedly",
      "completion_tokens": 6270,
      "completed_thought_count": 46,
      "full_text_len": 18093,
      "pruned_at_step": 44,
      "pruned_by_chain_id": "q9_c8",
      "initial_pruned_count": 0
    },
    {
      "chain_index": 5,
      "finish_reason": "worker_terminated_unexpectedly",
      "completion_tokens": 7025,
      "completed_thought_count": 54,
      "full_text_len": 21931,
      "pruned_at_step": 51,
      "pruned_by_chain_id": "q9_c6",
      "initial_pruned_count": 3
    },
    {
      "chain_index": 7,
      "finish_reason": "worker_terminated_unexpectedly",
      "completion_tokens": 6127,
      "completed_thought_count": 47,
      "full_text_len": 18920,
      "pruned_at_step": 42,
      "pruned_by_chain_id": "q9_c6",
      "initial_pruned_count": 0
    },
    {
      "chain_index": 8,
      "finish_reason": "worker_terminated_unexpectedly",
      "completion_tokens": 6270,
      "completed_thought_count": 42,
      "full_text_len": 18007,
      "pruned_at_step": 44,
      "pruned_by_chain_id": "q9_c5",
      "initial_pruned_count": 2
    }
  ],
  "error_chain_details": []
}