{
  "iteration": 22,
  "question_id": "index_21",
  "status": "SUCCESS",
  "n_chains_start": 8,
  "n_chains_completed_stream_for_voting": 8,
  "n_chains_pruned": 0,
  "n_chains_error": 0,
  "similarity_threshold": 0.95,
  "num_steps_to_delay_pruning": 20,
  "correct_answer_reference": "63",
  "individual_answers_final": [
    "63",
    "63",
    "63",
    "63",
    "63",
    "63",
    "63",
    "63"
  ],
  "voted_answer": "63",
  "final_score": 1,
  "processing_duration_sec": 722.2929759025574,
  "total_analysis_intervals": 100,
  "avg_kv_cache_usage": 0.09955718156112672,
  "max_kv_cache_usage": 0.2353351549328527,
  "usage_aggregated": {
    "prompt_tokens": 140,
    "total_completion_tokens_across_all_started_chains": 96948
  },
  "chains_for_voting_details": [
    {
      "chain_index": 1,
      "finish_reason": "stop",
      "extracted_answer": "63",
      "prompt_tokens": 140,
      "completion_tokens": 9997,
      "completed_thought_count": 62,
      "final_mean_pairwise_similarity": 0.5267295241355896,
      "final_internal_similarity": 0.008495637486057897,
      "pruned_count": 0
    },
    {
      "chain_index": 2,
      "finish_reason": "stop",
      "extracted_answer": "63",
      "prompt_tokens": 140,
      "completion_tokens": 10153,
      "completed_thought_count": 59,
      "final_mean_pairwise_similarity": 0.460593044757843,
      "final_internal_similarity": 0.007806661775556661,
      "pruned_count": 0
    },
    {
      "chain_index": 3,
      "finish_reason": "stop",
      "extracted_answer": "63",
      "prompt_tokens": 140,
      "completion_tokens": 7946,
      "completed_thought_count": 53,
      "final_mean_pairwise_similarity": 0.5571833252906799,
      "final_internal_similarity": 0.010512892930012828,
      "pruned_count": 0
    },
    {
      "chain_index": 4,
      "finish_reason": "stop",
      "extracted_answer": "63",
      "prompt_tokens": 140,
      "completion_tokens": 8945,
      "completed_thought_count": 47,
      "final_mean_pairwise_similarity": 0.5431102514266968,
      "final_internal_similarity": 0.011555537264397803,
      "pruned_count": 0
    },
    {
      "chain_index": 5,
      "finish_reason": "stop",
      "extracted_answer": "63",
      "prompt_tokens": 140,
      "completion_tokens": 9197,
      "completed_thought_count": 56,
      "final_mean_pairwise_similarity": 0.49960756301879883,
      "final_internal_similarity": 0.008921563625335693,
      "pruned_count": 0
    },
    {
      "chain_index": 6,
      "finish_reason": "stop",
      "extracted_answer": "63",
      "prompt_tokens": 140,
      "completion_tokens": 10746,
      "completed_thought_count": 84,
      "final_mean_pairwise_similarity": 0.5478971600532532,
      "final_internal_similarity": 0.006522585238729205,
      "pruned_count": 0
    },
    {
      "chain_index": 7,
      "finish_reason": "stop",
      "extracted_answer": "63",
      "prompt_tokens": 140,
      "completion_tokens": 13251,
      "completed_thought_count": 78,
      "final_mean_pairwise_similarity": 0.529340922832489,
      "final_internal_similarity": 0.006786422087596013,
      "pruned_count": 0
    },
    {
      "chain_index": 8,
      "finish_reason": "stop",
      "extracted_answer": "63",
      "prompt_tokens": 140,
      "completion_tokens": 26713,
      "completed_thought_count": 85,
      "final_mean_pairwise_similarity": 0.4744313359260559,
      "final_internal_similarity": 0.0055815451285418346,
      "pruned_count": 0
    }
  ],
  "pruned_chain_details": [],
  "error_chain_details": []
}