{
  "iteration": 21,
  "question_id": "index_20",
  "status": "SUCCESS",
  "n_chains_start": 8,
  "n_chains_completed_stream_for_voting": 8,
  "n_chains_pruned": 0,
  "n_chains_error": 0,
  "similarity_threshold": 0.95,
  "num_steps_to_delay_pruning": 20,
  "correct_answer_reference": "26",
  "individual_answers_final": [
    "26",
    "26",
    "26",
    "26",
    "26",
    "26",
    "26",
    "26"
  ],
  "voted_answer": "26",
  "final_score": 1,
  "processing_duration_sec": 62.45700693130493,
  "total_analysis_intervals": 16,
  "avg_kv_cache_usage": 0.03829956159966902,
  "max_kv_cache_usage": 0.074879367478635,
  "usage_aggregated": {
    "prompt_tokens": 139,
    "total_completion_tokens_across_all_started_chains": 21428
  },
  "chains_for_voting_details": [
    {
      "chain_index": 1,
      "finish_reason": "stop",
      "extracted_answer": "26",
      "prompt_tokens": 139,
      "completion_tokens": 2520,
      "completed_thought_count": 7,
      "final_mean_pairwise_similarity": 0.7183109521865845,
      "final_internal_similarity": 0.10261585031236921,
      "pruned_count": 0
    },
    {
      "chain_index": 2,
      "finish_reason": "stop",
      "extracted_answer": "26",
      "prompt_tokens": 139,
      "completion_tokens": 2673,
      "completed_thought_count": 7,
      "final_mean_pairwise_similarity": 0.6295692920684814,
      "final_internal_similarity": 0.08993847029549736,
      "pruned_count": 0
    },
    {
      "chain_index": 3,
      "finish_reason": "stop",
      "extracted_answer": "26",
      "prompt_tokens": 139,
      "completion_tokens": 2629,
      "completed_thought_count": 9,
      "final_mean_pairwise_similarity": 0.7283586263656616,
      "final_internal_similarity": 0.0809287362628513,
      "pruned_count": 0
    },
    {
      "chain_index": 4,
      "finish_reason": "stop",
      "extracted_answer": "26",
      "prompt_tokens": 139,
      "completion_tokens": 2668,
      "completed_thought_count": 6,
      "final_mean_pairwise_similarity": 0.6840932965278625,
      "final_internal_similarity": 0.11401554942131042,
      "pruned_count": 0
    },
    {
      "chain_index": 5,
      "finish_reason": "stop",
      "extracted_answer": "26",
      "prompt_tokens": 139,
      "completion_tokens": 3029,
      "completed_thought_count": 8,
      "final_mean_pairwise_similarity": 0.6953973770141602,
      "final_internal_similarity": 0.08692467212677002,
      "pruned_count": 0
    },
    {
      "chain_index": 6,
      "finish_reason": "stop",
      "extracted_answer": "26",
      "prompt_tokens": 139,
      "completion_tokens": 2680,
      "completed_thought_count": 6,
      "final_mean_pairwise_similarity": 0.6909646391868591,
      "final_internal_similarity": 0.11516077319780986,
      "pruned_count": 0
    },
    {
      "chain_index": 7,
      "finish_reason": "stop",
      "extracted_answer": "26",
      "prompt_tokens": 139,
      "completion_tokens": 2433,
      "completed_thought_count": 6,
      "final_mean_pairwise_similarity": 0.736944317817688,
      "final_internal_similarity": 0.12282405296961467,
      "pruned_count": 0
    },
    {
      "chain_index": 8,
      "finish_reason": "stop",
      "extracted_answer": "26",
      "prompt_tokens": 139,
      "completion_tokens": 2796,
      "completed_thought_count": 7,
      "final_mean_pairwise_similarity": 0.5868291258811951,
      "final_internal_similarity": 0.08383273226874215,
      "pruned_count": 0
    }
  ],
  "pruned_chain_details": [],
  "error_chain_details": []
}