{
  "iteration": 27,
  "question_id": "index_26",
  "status": "SUCCESS",
  "n_chains_start": 8,
  "n_chains_completed_stream_for_voting": 1,
  "n_chains_pruned": 7,
  "n_chains_error": 0,
  "similarity_threshold": 0.95,
  "num_steps_to_delay_pruning": 20,
  "correct_answer_reference": "\\frac{7}{18}",
  "individual_answers_final": [
    "\\dfrac{3}{7}"
  ],
  "voted_answer": "\\dfrac{3}{7}",
  "final_score": 0,
  "processing_duration_sec": 722.9399728775024,
  "total_analysis_intervals": 49,
  "avg_kv_cache_usage": 0.06666832167610089,
  "max_kv_cache_usage": 0.1562699843032381,
  "usage_aggregated": {
    "prompt_tokens": 156,
    "total_completion_tokens_across_all_started_chains": 67792
  },
  "chains_for_voting_details": [
    {
      "chain_index": 3,
      "finish_reason": "stop",
      "extracted_answer": "\\dfrac{3}{7}",
      "prompt_tokens": 156,
      "completion_tokens": 27115,
      "completed_thought_count": 36,
      "final_mean_pairwise_similarity": 0.4440745413303375,
      "final_internal_similarity": 0.01233540392584271,
      "pruned_count": 7
    }
  ],
  "pruned_chain_details": [
    {
      "chain_index": 1,
      "finish_reason": "worker_terminated_unexpectedly",
      "completion_tokens": 5765,
      "completed_thought_count": 28,
      "full_text_len": 15778,
      "pruned_at_step": 42,
      "pruned_by_chain_id": "q27_c4",
      "initial_pruned_count": 0
    },
    {
      "chain_index": 2,
      "finish_reason": "worker_terminated_unexpectedly",
      "completion_tokens": 5203,
      "completed_thought_count": 30,
      "full_text_len": 13856,
      "pruned_at_step": 36,
      "pruned_by_chain_id": "q27_c4",
      "initial_pruned_count": 0
    },
    {
      "chain_index": 4,
      "finish_reason": "worker_terminated_unexpectedly",
      "completion_tokens": 5907,
      "completed_thought_count": 27,
      "full_text_len": 14930,
      "pruned_at_step": 44,
      "pruned_by_chain_id": "q27_c7",
      "initial_pruned_count": 2
    },
    {
      "chain_index": 5,
      "finish_reason": "worker_terminated_unexpectedly",
      "completion_tokens": 6201,
      "completed_thought_count": 23,
      "full_text_len": 14846,
      "pruned_at_step": 48,
      "pruned_by_chain_id": "q27_c3",
      "initial_pruned_count": 0
    },
    {
      "chain_index": 6,
      "finish_reason": "worker_terminated_unexpectedly",
      "completion_tokens": 6055,
      "completed_thought_count": 20,
      "full_text_len": 15175,
      "pruned_at_step": 46,
      "pruned_by_chain_id": "q27_c7",
      "initial_pruned_count": 0
    },
    {
      "chain_index": 7,
      "finish_reason": "worker_terminated_unexpectedly",
      "completion_tokens": 6201,
      "completed_thought_count": 26,
      "full_text_len": 15504,
      "pruned_at_step": 48,
      "pruned_by_chain_id": "q27_c3",
      "initial_pruned_count": 4
    },
    {
      "chain_index": 8,
      "finish_reason": "worker_terminated_unexpectedly",
      "completion_tokens": 5345,
      "completed_thought_count": 32,
      "full_text_len": 16348,
      "pruned_at_step": 38,
      "pruned_by_chain_id": "q27_c3",
      "initial_pruned_count": 0
    }
  ],
  "error_chain_details": []
}