{
  "iteration": 10,
  "question_id": "index_9",
  "status": "SUCCESS",
  "n_chains_start": 8,
  "n_chains_completed_stream_for_voting": 2,
  "n_chains_pruned": 6,
  "n_chains_error": 0,
  "similarity_threshold": 0.95,
  "num_steps_to_delay_pruning": 20,
  "correct_answer_reference": "\\frac{-1+\\sqrt{17}}{2}, \\frac{-1-\\sqrt{17}}{2}",
  "individual_answers_final": [
    "\\dfrac{ -1 + \\sqrt{17} }{2}, \\dfrac{ -1 - \\sqrt{17} }{2}",
    "\\dfrac{ -1 + \\sqrt{17} }{2}, \\dfrac{ -1 - \\sqrt{17} }{2}"
  ],
  "voted_answer": "\\dfrac{ -1 + \\sqrt{17} }{2}, \\dfrac{ -1 - \\sqrt{17} }{2}",
  "final_score": 1,
  "processing_duration_sec": 158.7922122478485,
  "total_analysis_intervals": 49,
  "avg_kv_cache_usage": 0.08458592957686327,
  "max_kv_cache_usage": 0.1809197139701179,
  "usage_aggregated": {
    "prompt_tokens": 146,
    "total_completion_tokens_across_all_started_chains": 51625
  },
  "chains_for_voting_details": [
    {
      "chain_index": 1,
      "finish_reason": "stop",
      "extracted_answer": "\\dfrac{ -1 + \\sqrt{17} }{2}, \\dfrac{ -1 - \\sqrt{17} }{2}",
      "prompt_tokens": 146,
      "completion_tokens": 6335,
      "completed_thought_count": 37,
      "final_mean_pairwise_similarity": 0.4513873755931854,
      "final_internal_similarity": 0.012199658799815822,
      "pruned_count": 2
    },
    {
      "chain_index": 8,
      "finish_reason": "stop",
      "extracted_answer": "\\dfrac{ -1 + \\sqrt{17} }{2}, \\dfrac{ -1 - \\sqrt{17} }{2}",
      "prompt_tokens": 146,
      "completion_tokens": 7534,
      "completed_thought_count": 34,
      "final_mean_pairwise_similarity": 0.399432897567749,
      "final_internal_similarity": 0.011748026399051441,
      "pruned_count": 4
    }
  ],
  "pruned_chain_details": [
    {
      "chain_index": 2,
      "finish_reason": "worker_terminated_unexpectedly",
      "completion_tokens": 6201,
      "completed_thought_count": 42,
      "full_text_len": 18029,
      "pruned_at_step": 44,
      "pruned_by_chain_id": "q10_c8",
      "initial_pruned_count": 0
    },
    {
      "chain_index": 3,
      "finish_reason": "worker_terminated_unexpectedly",
      "completion_tokens": 6201,
      "completed_thought_count": 31,
      "full_text_len": 16366,
      "pruned_at_step": 44,
      "pruned_by_chain_id": "q10_c1",
      "initial_pruned_count": 0
    },
    {
      "chain_index": 4,
      "finish_reason": "worker_terminated_unexpectedly",
      "completion_tokens": 6334,
      "completed_thought_count": 33,
      "full_text_len": 15912,
      "pruned_at_step": 46,
      "pruned_by_chain_id": "q10_c7",
      "initial_pruned_count": 0
    },
    {
      "chain_index": 5,
      "finish_reason": "worker_terminated_unexpectedly",
      "completion_tokens": 6482,
      "completed_thought_count": 22,
      "full_text_len": 15388,
      "pruned_at_step": 48,
      "pruned_by_chain_id": "q10_c7",
      "initial_pruned_count": 0
    },
    {
      "chain_index": 6,
      "finish_reason": "worker_terminated_unexpectedly",
      "completion_tokens": 6056,
      "completed_thought_count": 31,
      "full_text_len": 16223,
      "pruned_at_step": 42,
      "pruned_by_chain_id": "q10_c1",
      "initial_pruned_count": 0
    },
    {
      "chain_index": 7,
      "finish_reason": "worker_terminated_unexpectedly",
      "completion_tokens": 6482,
      "completed_thought_count": 37,
      "full_text_len": 18846,
      "pruned_at_step": 48,
      "pruned_by_chain_id": "q10_c8",
      "initial_pruned_count": 2
    }
  ],
  "error_chain_details": []
}