{
  "iteration": 23,
  "question_id": "index_22",
  "status": "SUCCESS",
  "n_chains_start": 8,
  "n_chains_completed_stream_for_voting": 8,
  "n_chains_pruned": 0,
  "n_chains_error": 0,
  "similarity_threshold": 0.95,
  "num_steps_to_delay_pruning": 20,
  "correct_answer_reference": "8\\sqrt{10}",
  "individual_answers_final": [
    "8\\sqrt{10}",
    "8\\sqrt{10}",
    "8\\sqrt{10}",
    "8\\sqrt{10}",
    "8\\sqrt{10}",
    "8\\sqrt{10}",
    "8\\sqrt{10}",
    "8\\sqrt{10}"
  ],
  "voted_answer": "8\\sqrt{10}",
  "final_score": 1,
  "processing_duration_sec": 263.82524156570435,
  "total_analysis_intervals": 83,
  "avg_kv_cache_usage": 0.11635665033920158,
  "max_kv_cache_usage": 0.2320795302598686,
  "usage_aggregated": {
    "prompt_tokens": 135,
    "total_completion_tokens_across_all_started_chains": 73517
  },
  "chains_for_voting_details": [
    {
      "chain_index": 1,
      "finish_reason": "stop",
      "extracted_answer": "8\\sqrt{10}",
      "prompt_tokens": 135,
      "completion_tokens": 8809,
      "completed_thought_count": 30,
      "final_mean_pairwise_similarity": 0.47672098875045776,
      "final_internal_similarity": 0.01589069962501526,
      "pruned_count": 0
    },
    {
      "chain_index": 2,
      "finish_reason": "stop",
      "extracted_answer": "8\\sqrt{10}",
      "prompt_tokens": 135,
      "completion_tokens": 7843,
      "completed_thought_count": 26,
      "final_mean_pairwise_similarity": 0.4971720576286316,
      "final_internal_similarity": 0.019122002216485832,
      "pruned_count": 0
    },
    {
      "chain_index": 3,
      "finish_reason": "stop",
      "extracted_answer": "8\\sqrt{10}",
      "prompt_tokens": 135,
      "completion_tokens": 7898,
      "completed_thought_count": 31,
      "final_mean_pairwise_similarity": 0.47768810391426086,
      "final_internal_similarity": 0.015409293674653577,
      "pruned_count": 0
    },
    {
      "chain_index": 4,
      "finish_reason": "stop",
      "extracted_answer": "8\\sqrt{10}",
      "prompt_tokens": 135,
      "completion_tokens": 9368,
      "completed_thought_count": 35,
      "final_mean_pairwise_similarity": 0.4817997217178345,
      "final_internal_similarity": 0.01376570633479527,
      "pruned_count": 0
    },
    {
      "chain_index": 5,
      "finish_reason": "stop",
      "extracted_answer": "8\\sqrt{10}",
      "prompt_tokens": 135,
      "completion_tokens": 11013,
      "completed_thought_count": 51,
      "final_mean_pairwise_similarity": 0.4101787507534027,
      "final_internal_similarity": 0.008042720603007897,
      "pruned_count": 0
    },
    {
      "chain_index": 6,
      "finish_reason": "stop",
      "extracted_answer": "8\\sqrt{10}",
      "prompt_tokens": 135,
      "completion_tokens": 11043,
      "completed_thought_count": 46,
      "final_mean_pairwise_similarity": 0.5059285163879395,
      "final_internal_similarity": 0.010998446008433466,
      "pruned_count": 0
    },
    {
      "chain_index": 7,
      "finish_reason": "stop",
      "extracted_answer": "8\\sqrt{10}",
      "prompt_tokens": 135,
      "completion_tokens": 8561,
      "completed_thought_count": 21,
      "final_mean_pairwise_similarity": 0.5004005432128906,
      "final_internal_similarity": 0.023828597295851933,
      "pruned_count": 0
    },
    {
      "chain_index": 8,
      "finish_reason": "stop",
      "extracted_answer": "8\\sqrt{10}",
      "prompt_tokens": 135,
      "completion_tokens": 8982,
      "completed_thought_count": 45,
      "final_mean_pairwise_similarity": 0.4079766273498535,
      "final_internal_similarity": 0.009066147274441189,
      "pruned_count": 0
    }
  ],
  "pruned_chain_details": [],
  "error_chain_details": []
}