{
  "iteration": 28,
  "question_id": "index_27",
  "status": "SUCCESS",
  "n_chains_start": 8,
  "n_chains_completed_stream_for_voting": 8,
  "n_chains_pruned": 0,
  "n_chains_error": 0,
  "similarity_threshold": 0.95,
  "num_steps_to_delay_pruning": 20,
  "correct_answer_reference": "\\sqrt{6}",
  "individual_answers_final": [
    "\\sqrt{6}",
    "\\sqrt{6}",
    "\\sqrt{6}",
    "\\sqrt{6}",
    "\\sqrt{6}",
    "\\sqrt{6}",
    "\\sqrt{6}",
    "\\sqrt{6}"
  ],
  "voted_answer": "\\sqrt{6}",
  "final_score": 1,
  "processing_duration_sec": 611.4491579532623,
  "total_analysis_intervals": 100,
  "avg_kv_cache_usage": 0.16264856033710895,
  "max_kv_cache_usage": 0.3209115749084356,
  "usage_aggregated": {
    "prompt_tokens": 165,
    "total_completion_tokens_across_all_started_chains": 120895
  },
  "chains_for_voting_details": [
    {
      "chain_index": 1,
      "finish_reason": "stop",
      "extracted_answer": "\\sqrt{6}",
      "prompt_tokens": 165,
      "completion_tokens": 13114,
      "completed_thought_count": 56,
      "final_mean_pairwise_similarity": 0.4004495143890381,
      "final_internal_similarity": 0.007150884185518537,
      "pruned_count": 0
    },
    {
      "chain_index": 2,
      "finish_reason": "stop",
      "extracted_answer": "\\sqrt{6}",
      "prompt_tokens": 165,
      "completion_tokens": 14525,
      "completed_thought_count": 58,
      "final_mean_pairwise_similarity": 0.3856726884841919,
      "final_internal_similarity": 0.006649529111796412,
      "pruned_count": 0
    },
    {
      "chain_index": 3,
      "finish_reason": "stop",
      "extracted_answer": "\\sqrt{6}",
      "prompt_tokens": 165,
      "completion_tokens": 22614,
      "completed_thought_count": 58,
      "final_mean_pairwise_similarity": 0.4192989766597748,
      "final_internal_similarity": 0.0072292927010306,
      "pruned_count": 0
    },
    {
      "chain_index": 4,
      "finish_reason": "stop",
      "extracted_answer": "\\sqrt{6}",
      "prompt_tokens": 165,
      "completion_tokens": 11379,
      "completed_thought_count": 44,
      "final_mean_pairwise_similarity": 0.3659708797931671,
      "final_internal_similarity": 0.008317519995299253,
      "pruned_count": 0
    },
    {
      "chain_index": 5,
      "finish_reason": "stop",
      "extracted_answer": "\\sqrt{6}",
      "prompt_tokens": 165,
      "completion_tokens": 10869,
      "completed_thought_count": 57,
      "final_mean_pairwise_similarity": 0.4467925727367401,
      "final_internal_similarity": 0.007838466188363861,
      "pruned_count": 0
    },
    {
      "chain_index": 6,
      "finish_reason": "stop",
      "extracted_answer": "\\sqrt{6}",
      "prompt_tokens": 165,
      "completion_tokens": 22479,
      "completed_thought_count": 59,
      "final_mean_pairwise_similarity": 0.5034972429275513,
      "final_internal_similarity": 0.008533851575043242,
      "pruned_count": 0
    },
    {
      "chain_index": 7,
      "finish_reason": "stop",
      "extracted_answer": "\\sqrt{6}",
      "prompt_tokens": 165,
      "completion_tokens": 12918,
      "completed_thought_count": 61,
      "final_mean_pairwise_similarity": 0.37760937213897705,
      "final_internal_similarity": 0.006190317576048804,
      "pruned_count": 0
    },
    {
      "chain_index": 8,
      "finish_reason": "stop",
      "extracted_answer": "\\sqrt{6}",
      "prompt_tokens": 165,
      "completion_tokens": 12997,
      "completed_thought_count": 71,
      "final_mean_pairwise_similarity": 0.41763755679130554,
      "final_internal_similarity": 0.005882219109736698,
      "pruned_count": 0
    }
  ],
  "pruned_chain_details": [],
  "error_chain_details": []
}