{
  "iteration": 16,
  "question_id": "index_15",
  "status": "SUCCESS",
  "n_chains_start": 8,
  "n_chains_completed_stream_for_voting": 1,
  "n_chains_pruned": 7,
  "n_chains_error": 0,
  "similarity_threshold": 0.95,
  "num_steps_to_delay_pruning": 20,
  "correct_answer_reference": "6300",
  "individual_answers_final": [
    "225"
  ],
  "voted_answer": "225",
  "final_score": 0,
  "processing_duration_sec": 961.9820349216461,
  "total_analysis_intervals": 61,
  "avg_kv_cache_usage": 0.07388287563575495,
  "max_kv_cache_usage": 0.1297017615254927,
  "usage_aggregated": {
    "prompt_tokens": 119,
    "total_completion_tokens_across_all_started_chains": 67569
  },
  "chains_for_voting_details": [
    {
      "chain_index": 8,
      "finish_reason": "stop",
      "extracted_answer": "225",
      "prompt_tokens": 119,
      "completion_tokens": 35568,
      "completed_thought_count": 77,
      "final_mean_pairwise_similarity": 0.49178996682167053,
      "final_internal_similarity": 0.006386882685995721,
      "pruned_count": 7
    }
  ],
  "pruned_chain_details": [
    {
      "chain_index": 1,
      "finish_reason": "worker_terminated_unexpectedly",
      "completion_tokens": 3878,
      "completed_thought_count": 36,
      "full_text_len": 16189,
      "pruned_at_step": 27,
      "pruned_by_chain_id": "q16_c7",
      "initial_pruned_count": 2
    },
    {
      "chain_index": 2,
      "finish_reason": "worker_terminated_unexpectedly",
      "completion_tokens": 8429,
      "completed_thought_count": 84,
      "full_text_len": 34964,
      "pruned_at_step": 60,
      "pruned_by_chain_id": "q16_c8",
      "initial_pruned_count": 4
    },
    {
      "chain_index": 3,
      "finish_reason": "worker_terminated_unexpectedly",
      "completion_tokens": 3877,
      "completed_thought_count": 39,
      "full_text_len": 17766,
      "pruned_at_step": 27,
      "pruned_by_chain_id": "q16_c1",
      "initial_pruned_count": 0
    },
    {
      "chain_index": 4,
      "finish_reason": "worker_terminated_unexpectedly",
      "completion_tokens": 3725,
      "completed_thought_count": 39,
      "full_text_len": 15977,
      "pruned_at_step": 25,
      "pruned_by_chain_id": "q16_c1",
      "initial_pruned_count": 0
    },
    {
      "chain_index": 5,
      "finish_reason": "worker_terminated_unexpectedly",
      "completion_tokens": 4338,
      "completed_thought_count": 42,
      "full_text_len": 18307,
      "pruned_at_step": 31,
      "pruned_by_chain_id": "q16_c8",
      "initial_pruned_count": 0
    },
    {
      "chain_index": 6,
      "finish_reason": "worker_terminated_unexpectedly",
      "completion_tokens": 3877,
      "completed_thought_count": 43,
      "full_text_len": 17159,
      "pruned_at_step": 27,
      "pruned_by_chain_id": "q16_c8",
      "initial_pruned_count": 0
    },
    {
      "chain_index": 7,
      "finish_reason": "worker_terminated_unexpectedly",
      "completion_tokens": 3877,
      "completed_thought_count": 44,
      "full_text_len": 16832,
      "pruned_at_step": 27,
      "pruned_by_chain_id": "q16_c2",
      "initial_pruned_count": 3
    }
  ],
  "error_chain_details": []
}