{
  "iteration": 20,
  "question_id": "index_19",
  "status": "SUCCESS",
  "n_chains_start": 8,
  "n_chains_completed_stream_for_voting": 1,
  "n_chains_pruned": 7,
  "n_chains_error": 0,
  "similarity_threshold": 0.95,
  "num_steps_to_delay_pruning": 20,
  "correct_answer_reference": "\\frac{448}{3}",
  "individual_answers_final": [
    "385"
  ],
  "voted_answer": "385",
  "final_score": 0,
  "processing_duration_sec": 738.7394464015961,
  "total_analysis_intervals": 28,
  "avg_kv_cache_usage": 0.05671610581551605,
  "max_kv_cache_usage": 0.1012150456368815,
  "usage_aggregated": {
    "prompt_tokens": 171,
    "total_completion_tokens_across_all_started_chains": 51223
  },
  "chains_for_voting_details": [
    {
      "chain_index": 4,
      "finish_reason": "stop",
      "extracted_answer": "385",
      "prompt_tokens": 171,
      "completion_tokens": 27672,
      "completed_thought_count": 38,
      "final_mean_pairwise_similarity": 0.536462664604187,
      "final_internal_similarity": 0.014117438542215447,
      "pruned_count": 7
    }
  ],
  "pruned_chain_details": [
    {
      "chain_index": 1,
      "finish_reason": "worker_terminated_unexpectedly",
      "completion_tokens": 3208,
      "completed_thought_count": 34,
      "full_text_len": 14418,
      "pruned_at_step": 22,
      "pruned_by_chain_id": "q20_c2",
      "initial_pruned_count": 1
    },
    {
      "chain_index": 2,
      "finish_reason": "worker_terminated_unexpectedly",
      "completion_tokens": 3364,
      "completed_thought_count": 29,
      "full_text_len": 14460,
      "pruned_at_step": 24,
      "pruned_by_chain_id": "q20_c8",
      "initial_pruned_count": 2
    },
    {
      "chain_index": 3,
      "finish_reason": "worker_terminated_unexpectedly",
      "completion_tokens": 3364,
      "completed_thought_count": 26,
      "full_text_len": 14329,
      "pruned_at_step": 24,
      "pruned_by_chain_id": "q20_c7",
      "initial_pruned_count": 0
    },
    {
      "chain_index": 5,
      "finish_reason": "worker_terminated_unexpectedly",
      "completion_tokens": 3207,
      "completed_thought_count": 27,
      "full_text_len": 14246,
      "pruned_at_step": 22,
      "pruned_by_chain_id": "q20_c1",
      "initial_pruned_count": 0
    },
    {
      "chain_index": 6,
      "finish_reason": "worker_terminated_unexpectedly",
      "completion_tokens": 3680,
      "completed_thought_count": 36,
      "full_text_len": 16466,
      "pruned_at_step": 27,
      "pruned_by_chain_id": "q20_c4",
      "initial_pruned_count": 0
    },
    {
      "chain_index": 7,
      "finish_reason": "worker_terminated_unexpectedly",
      "completion_tokens": 3364,
      "completed_thought_count": 35,
      "full_text_len": 14135,
      "pruned_at_step": 24,
      "pruned_by_chain_id": "q20_c4",
      "initial_pruned_count": 1
    },
    {
      "chain_index": 8,
      "finish_reason": "worker_terminated_unexpectedly",
      "completion_tokens": 3364,
      "completed_thought_count": 36,
      "full_text_len": 14365,
      "pruned_at_step": 24,
      "pruned_by_chain_id": "q20_c4",
      "initial_pruned_count": 3
    }
  ],
  "error_chain_details": []
}