{
  "iteration": 12,
  "question_id": "index_11",
  "status": "SUCCESS",
  "n_chains_start": 8,
  "n_chains_completed_stream_for_voting": 1,
  "n_chains_pruned": 7,
  "n_chains_error": 0,
  "similarity_threshold": 0.95,
  "num_steps_to_delay_pruning": 20,
  "correct_answer_reference": "29",
  "individual_answers_final": [
    "26"
  ],
  "voted_answer": "26",
  "final_score": 0,
  "processing_duration_sec": 554.9844126701355,
  "total_analysis_intervals": 95,
  "avg_kv_cache_usage": 0.09970568389153278,
  "max_kv_cache_usage": 0.2771931864426487,
  "usage_aggregated": {
    "prompt_tokens": 147,
    "total_completion_tokens_across_all_started_chains": 90093
  },
  "chains_for_voting_details": [
    {
      "chain_index": 8,
      "finish_reason": "stop",
      "extracted_answer": "26",
      "prompt_tokens": 147,
      "completion_tokens": 21110,
      "completed_thought_count": 127,
      "final_mean_pairwise_similarity": 0.48069581389427185,
      "final_internal_similarity": 0.0037850064086163136,
      "pruned_count": 7
    }
  ],
  "pruned_chain_details": [
    {
      "chain_index": 1,
      "finish_reason": "worker_terminated_unexpectedly",
      "completion_tokens": 11798,
      "completed_thought_count": 96,
      "full_text_len": 38348,
      "pruned_at_step": 94,
      "pruned_by_chain_id": "q12_c8",
      "initial_pruned_count": 1
    },
    {
      "chain_index": 2,
      "finish_reason": "worker_terminated_unexpectedly",
      "completion_tokens": 9583,
      "completed_thought_count": 68,
      "full_text_len": 34349,
      "pruned_at_step": 72,
      "pruned_by_chain_id": "q12_c7",
      "initial_pruned_count": 0
    },
    {
      "chain_index": 3,
      "finish_reason": "worker_terminated_unexpectedly",
      "completion_tokens": 9480,
      "completed_thought_count": 109,
      "full_text_len": 35887,
      "pruned_at_step": 70,
      "pruned_by_chain_id": "q12_c8",
      "initial_pruned_count": 1
    },
    {
      "chain_index": 4,
      "finish_reason": "worker_terminated_unexpectedly",
      "completion_tokens": 9583,
      "completed_thought_count": 72,
      "full_text_len": 32325,
      "pruned_at_step": 72,
      "pruned_by_chain_id": "q12_c7",
      "initial_pruned_count": 0
    },
    {
      "chain_index": 5,
      "finish_reason": "worker_terminated_unexpectedly",
      "completion_tokens": 9373,
      "completed_thought_count": 99,
      "full_text_len": 33199,
      "pruned_at_step": 68,
      "pruned_by_chain_id": "q12_c3",
      "initial_pruned_count": 0
    },
    {
      "chain_index": 6,
      "finish_reason": "worker_terminated_unexpectedly",
      "completion_tokens": 9583,
      "completed_thought_count": 86,
      "full_text_len": 30213,
      "pruned_at_step": 72,
      "pruned_by_chain_id": "q12_c1",
      "initial_pruned_count": 0
    },
    {
      "chain_index": 7,
      "finish_reason": "worker_terminated_unexpectedly",
      "completion_tokens": 9583,
      "completed_thought_count": 117,
      "full_text_len": 31266,
      "pruned_at_step": 72,
      "pruned_by_chain_id": "q12_c8",
      "initial_pruned_count": 2
    }
  ],
  "error_chain_details": []
}