{
  "iteration": 19,
  "question_id": "index_18",
  "status": "SUCCESS",
  "n_chains_start": 8,
  "n_chains_completed_stream_for_voting": 1,
  "n_chains_pruned": 7,
  "n_chains_error": 0,
  "similarity_threshold": 0.95,
  "num_steps_to_delay_pruning": 20,
  "correct_answer_reference": "\\frac{4}{9}",
  "individual_answers_final": [
    "\\dfrac{1}{2}"
  ],
  "voted_answer": "\\dfrac{1}{2}",
  "final_score": 0,
  "processing_duration_sec": 479.5449721813202,
  "total_analysis_intervals": 29,
  "avg_kv_cache_usage": 0.04622681823121269,
  "max_kv_cache_usage": 0.1158072205104354,
  "usage_aggregated": {
    "prompt_tokens": 95,
    "total_completion_tokens_across_all_started_chains": 46982
  },
  "chains_for_voting_details": [
    {
      "chain_index": 8,
      "finish_reason": "stop",
      "extracted_answer": "\\dfrac{1}{2}",
      "prompt_tokens": 95,
      "completion_tokens": 18982,
      "completed_thought_count": 40,
      "final_mean_pairwise_similarity": 0.4247720539569855,
      "final_internal_similarity": 0.010619301348924637,
      "pruned_count": 7
    }
  ],
  "pruned_chain_details": [
    {
      "chain_index": 1,
      "finish_reason": "worker_terminated_unexpectedly",
      "completion_tokens": 4023,
      "completed_thought_count": 33,
      "full_text_len": 16203,
      "pruned_at_step": 28,
      "pruned_by_chain_id": "q19_c3",
      "initial_pruned_count": 0
    },
    {
      "chain_index": 2,
      "finish_reason": "worker_terminated_unexpectedly",
      "completion_tokens": 4022,
      "completed_thought_count": 45,
      "full_text_len": 16736,
      "pruned_at_step": 28,
      "pruned_by_chain_id": "q19_c4",
      "initial_pruned_count": 1
    },
    {
      "chain_index": 3,
      "finish_reason": "worker_terminated_unexpectedly",
      "completion_tokens": 4022,
      "completed_thought_count": 50,
      "full_text_len": 17942,
      "pruned_at_step": 28,
      "pruned_by_chain_id": "q19_c8",
      "initial_pruned_count": 2
    },
    {
      "chain_index": 4,
      "finish_reason": "worker_terminated_unexpectedly",
      "completion_tokens": 4022,
      "completed_thought_count": 51,
      "full_text_len": 17333,
      "pruned_at_step": 28,
      "pruned_by_chain_id": "q19_c8",
      "initial_pruned_count": 2
    },
    {
      "chain_index": 5,
      "finish_reason": "worker_terminated_unexpectedly",
      "completion_tokens": 4022,
      "completed_thought_count": 35,
      "full_text_len": 16168,
      "pruned_at_step": 28,
      "pruned_by_chain_id": "q19_c3",
      "initial_pruned_count": 0
    },
    {
      "chain_index": 6,
      "finish_reason": "worker_terminated_unexpectedly",
      "completion_tokens": 4022,
      "completed_thought_count": 39,
      "full_text_len": 17143,
      "pruned_at_step": 28,
      "pruned_by_chain_id": "q19_c8",
      "initial_pruned_count": 0
    },
    {
      "chain_index": 7,
      "finish_reason": "worker_terminated_unexpectedly",
      "completion_tokens": 3867,
      "completed_thought_count": 46,
      "full_text_len": 17348,
      "pruned_at_step": 26,
      "pruned_by_chain_id": "q19_c2",
      "initial_pruned_count": 0
    }
  ],
  "error_chain_details": []
}