{
  "iteration": 11,
  "question_id": "index_10",
  "status": "SUCCESS",
  "n_chains_start": 8,
  "n_chains_completed_stream_for_voting": 1,
  "n_chains_pruned": 7,
  "n_chains_error": 0,
  "similarity_threshold": 0.95,
  "num_steps_to_delay_pruning": 20,
  "correct_answer_reference": "56",
  "individual_answers_final": [
    "56"
  ],
  "voted_answer": "56",
  "final_score": 1,
  "processing_duration_sec": 509.9783070087433,
  "total_analysis_intervals": 76,
  "avg_kv_cache_usage": 0.0894874324659778,
  "max_kv_cache_usage": 0.253938724492762,
  "usage_aggregated": {
    "prompt_tokens": 116,
    "total_completion_tokens_across_all_started_chains": 82179
  },
  "chains_for_voting_details": [
    {
      "chain_index": 3,
      "finish_reason": "stop",
      "extracted_answer": "56",
      "prompt_tokens": 116,
      "completion_tokens": 19591,
      "completed_thought_count": 79,
      "final_mean_pairwise_similarity": 0.3989472985267639,
      "final_internal_similarity": 0.005049965804136252,
      "pruned_count": 7
    }
  ],
  "pruned_chain_details": [
    {
      "chain_index": 1,
      "finish_reason": "worker_terminated_unexpectedly",
      "completion_tokens": 8929,
      "completed_thought_count": 63,
      "full_text_len": 32044,
      "pruned_at_step": 66,
      "pruned_by_chain_id": "q11_c3",
      "initial_pruned_count": 0
    },
    {
      "chain_index": 2,
      "finish_reason": "worker_terminated_unexpectedly",
      "completion_tokens": 9036,
      "completed_thought_count": 69,
      "full_text_len": 32515,
      "pruned_at_step": 68,
      "pruned_by_chain_id": "q11_c3",
      "initial_pruned_count": 0
    },
    {
      "chain_index": 4,
      "finish_reason": "worker_terminated_unexpectedly",
      "completion_tokens": 8714,
      "completed_thought_count": 81,
      "full_text_len": 29645,
      "pruned_at_step": 63,
      "pruned_by_chain_id": "q11_c6",
      "initial_pruned_count": 0
    },
    {
      "chain_index": 5,
      "finish_reason": "worker_terminated_unexpectedly",
      "completion_tokens": 8606,
      "completed_thought_count": 76,
      "full_text_len": 31308,
      "pruned_at_step": 61,
      "pruned_by_chain_id": "q11_c7",
      "initial_pruned_count": 0
    },
    {
      "chain_index": 6,
      "finish_reason": "worker_terminated_unexpectedly",
      "completion_tokens": 8714,
      "completed_thought_count": 76,
      "full_text_len": 32044,
      "pruned_at_step": 63,
      "pruned_by_chain_id": "q11_c7",
      "initial_pruned_count": 1
    },
    {
      "chain_index": 7,
      "finish_reason": "worker_terminated_unexpectedly",
      "completion_tokens": 8928,
      "completed_thought_count": 77,
      "full_text_len": 30984,
      "pruned_at_step": 66,
      "pruned_by_chain_id": "q11_c3",
      "initial_pruned_count": 3
    },
    {
      "chain_index": 8,
      "finish_reason": "worker_terminated_unexpectedly",
      "completion_tokens": 9661,
      "completed_thought_count": 65,
      "full_text_len": 31314,
      "pruned_at_step": 75,
      "pruned_by_chain_id": "q11_c3",
      "initial_pruned_count": 0
    }
  ],
  "error_chain_details": []
}