{
  "iteration": 6,
  "question_id": "index_5",
  "status": "SUCCESS",
  "n_chains_start": 8,
  "n_chains_completed_stream_for_voting": 1,
  "n_chains_pruned": 7,
  "n_chains_error": 0,
  "similarity_threshold": 0.95,
  "num_steps_to_delay_pruning": 20,
  "correct_answer_reference": "\\frac{1311}{2017}",
  "individual_answers_final": [
    "\\dfrac{1311}{2017}"
  ],
  "voted_answer": "\\dfrac{1311}{2017}",
  "final_score": 1,
  "processing_duration_sec": 285.957314491272,
  "total_analysis_intervals": 41,
  "avg_kv_cache_usage": 0.03954125201299259,
  "max_kv_cache_usage": 0.0967385617115283,
  "usage_aggregated": {
    "prompt_tokens": 113,
    "total_completion_tokens_across_all_started_chains": 39305
  },
  "chains_for_voting_details": [
    {
      "chain_index": 8,
      "finish_reason": "stop",
      "extracted_answer": "\\dfrac{1311}{2017}",
      "prompt_tokens": 113,
      "completion_tokens": 12335,
      "completed_thought_count": 40,
      "final_mean_pairwise_similarity": 0.7335607409477234,
      "final_internal_similarity": 0.018339018523693084,
      "pruned_count": 7
    }
  ],
  "pruned_chain_details": [
    {
      "chain_index": 1,
      "finish_reason": "worker_terminated_unexpectedly",
      "completion_tokens": 4082,
      "completed_thought_count": 26,
      "full_text_len": 10900,
      "pruned_at_step": 32,
      "pruned_by_chain_id": "q6_c8",
      "initial_pruned_count": 2
    },
    {
      "chain_index": 2,
      "finish_reason": "worker_terminated_unexpectedly",
      "completion_tokens": 3634,
      "completed_thought_count": 21,
      "full_text_len": 9109,
      "pruned_at_step": 28,
      "pruned_by_chain_id": "q6_c8",
      "initial_pruned_count": 0
    },
    {
      "chain_index": 3,
      "finish_reason": "worker_terminated_unexpectedly",
      "completion_tokens": 3487,
      "completed_thought_count": 17,
      "full_text_len": 9317,
      "pruned_at_step": 26,
      "pruned_by_chain_id": "q6_c8",
      "initial_pruned_count": 0
    },
    {
      "chain_index": 4,
      "finish_reason": "worker_terminated_unexpectedly",
      "completion_tokens": 5154,
      "completed_thought_count": 31,
      "full_text_len": 13691,
      "pruned_at_step": 40,
      "pruned_by_chain_id": "q6_c8",
      "initial_pruned_count": 0
    },
    {
      "chain_index": 5,
      "finish_reason": "worker_terminated_unexpectedly",
      "completion_tokens": 3190,
      "completed_thought_count": 19,
      "full_text_len": 8216,
      "pruned_at_step": 22,
      "pruned_by_chain_id": "q6_c8",
      "initial_pruned_count": 0
    },
    {
      "chain_index": 6,
      "finish_reason": "worker_terminated_unexpectedly",
      "completion_tokens": 3342,
      "completed_thought_count": 16,
      "full_text_len": 8449,
      "pruned_at_step": 24,
      "pruned_by_chain_id": "q6_c1",
      "initial_pruned_count": 0
    },
    {
      "chain_index": 7,
      "finish_reason": "worker_terminated_unexpectedly",
      "completion_tokens": 4081,
      "completed_thought_count": 19,
      "full_text_len": 10081,
      "pruned_at_step": 32,
      "pruned_by_chain_id": "q6_c1",
      "initial_pruned_count": 0
    }
  ],
  "error_chain_details": []
}