{
  "iteration": 26,
  "question_id": "index_25",
  "status": "SUCCESS",
  "n_chains_start": 8,
  "n_chains_completed_stream_for_voting": 8,
  "n_chains_pruned": 0,
  "n_chains_error": 0,
  "similarity_threshold": 0.95,
  "num_steps_to_delay_pruning": 20,
  "correct_answer_reference": "9\\sqrt{15}",
  "individual_answers_final": [
    "9\\sqrt{15}",
    "9\\sqrt{15}",
    "9\\sqrt{15}",
    "9\\sqrt{15}",
    "9\\sqrt{15}",
    "9\\sqrt{15}",
    "9\\sqrt{15}",
    "9\\sqrt{15}"
  ],
  "voted_answer": "9\\sqrt{15}",
  "final_score": 1,
  "processing_duration_sec": 310.6342308521271,
  "total_analysis_intervals": 83,
  "avg_kv_cache_usage": 0.139507479321089,
  "max_kv_cache_usage": 0.286960060461601,
  "usage_aggregated": {
    "prompt_tokens": 144,
    "total_completion_tokens_across_all_started_chains": 86334
  },
  "chains_for_voting_details": [
    {
      "chain_index": 1,
      "finish_reason": "stop",
      "extracted_answer": "9\\sqrt{15}",
      "prompt_tokens": 144,
      "completion_tokens": 12569,
      "completed_thought_count": 51,
      "final_mean_pairwise_similarity": 0.43058034777641296,
      "final_internal_similarity": 0.008442751917184568,
      "pruned_count": 0
    },
    {
      "chain_index": 2,
      "finish_reason": "stop",
      "extracted_answer": "9\\sqrt{15}",
      "prompt_tokens": 144,
      "completion_tokens": 9724,
      "completed_thought_count": 27,
      "final_mean_pairwise_similarity": 0.47288334369659424,
      "final_internal_similarity": 0.017514197914688674,
      "pruned_count": 0
    },
    {
      "chain_index": 3,
      "finish_reason": "stop",
      "extracted_answer": "9\\sqrt{15}",
      "prompt_tokens": 144,
      "completion_tokens": 11645,
      "completed_thought_count": 47,
      "final_mean_pairwise_similarity": 0.41150519251823425,
      "final_internal_similarity": 0.008755429628047538,
      "pruned_count": 0
    },
    {
      "chain_index": 4,
      "finish_reason": "stop",
      "extracted_answer": "9\\sqrt{15}",
      "prompt_tokens": 144,
      "completion_tokens": 9875,
      "completed_thought_count": 35,
      "final_mean_pairwise_similarity": 0.47209975123405457,
      "final_internal_similarity": 0.013488564320972988,
      "pruned_count": 0
    },
    {
      "chain_index": 5,
      "finish_reason": "stop",
      "extracted_answer": "9\\sqrt{15}",
      "prompt_tokens": 144,
      "completion_tokens": 11059,
      "completed_thought_count": 56,
      "final_mean_pairwise_similarity": 0.41223809123039246,
      "final_internal_similarity": 0.007361394486257008,
      "pruned_count": 0
    },
    {
      "chain_index": 6,
      "finish_reason": "stop",
      "extracted_answer": "9\\sqrt{15}",
      "prompt_tokens": 144,
      "completion_tokens": 9819,
      "completed_thought_count": 38,
      "final_mean_pairwise_similarity": 0.43134674429893494,
      "final_internal_similarity": 0.011351230113129867,
      "pruned_count": 0
    },
    {
      "chain_index": 7,
      "finish_reason": "stop",
      "extracted_answer": "9\\sqrt{15}",
      "prompt_tokens": 144,
      "completion_tokens": 10316,
      "completed_thought_count": 35,
      "final_mean_pairwise_similarity": 0.42170989513397217,
      "final_internal_similarity": 0.012048854146684919,
      "pruned_count": 0
    },
    {
      "chain_index": 8,
      "finish_reason": "stop",
      "extracted_answer": "9\\sqrt{15}",
      "prompt_tokens": 144,
      "completion_tokens": 11327,
      "completed_thought_count": 45,
      "final_mean_pairwise_similarity": 0.40468958020210266,
      "final_internal_similarity": 0.008993101782268947,
      "pruned_count": 0
    }
  ],
  "pruned_chain_details": [],
  "error_chain_details": []
}