{
  "iteration": 2,
  "question_id": "index_1",
  "status": "SUCCESS",
  "n_chains_start": 8,
  "n_chains_completed_stream_for_voting": 8,
  "n_chains_pruned": 0,
  "n_chains_error": 0,
  "similarity_threshold": 0.95,
  "num_steps_to_delay_pruning": 20,
  "correct_answer_reference": "3375",
  "individual_answers_final": [
    "3375",
    "3375",
    "3375",
    "3375",
    "3375",
    "3375",
    "3375",
    "3375"
  ],
  "voted_answer": "3375",
  "final_score": 1,
  "processing_duration_sec": 80.52101707458496,
  "total_analysis_intervals": 25,
  "avg_kv_cache_usage": 0.040171122212411606,
  "max_kv_cache_usage": 0.074879367478635,
  "usage_aggregated": {
    "prompt_tokens": 153,
    "total_completion_tokens_across_all_started_chains": 24823
  },
  "chains_for_voting_details": [
    {
      "chain_index": 1,
      "finish_reason": "stop",
      "extracted_answer": "3375",
      "prompt_tokens": 153,
      "completion_tokens": 2824,
      "completed_thought_count": 10,
      "final_mean_pairwise_similarity": 0.601405680179596,
      "final_internal_similarity": 0.0601405680179596,
      "pruned_count": 0
    },
    {
      "chain_index": 2,
      "finish_reason": "stop",
      "extracted_answer": "3375",
      "prompt_tokens": 153,
      "completion_tokens": 2418,
      "completed_thought_count": 5,
      "final_mean_pairwise_similarity": 0.6665111780166626,
      "final_internal_similarity": 0.13330223560333251,
      "pruned_count": 0
    },
    {
      "chain_index": 3,
      "finish_reason": "stop",
      "extracted_answer": "3375",
      "prompt_tokens": 153,
      "completion_tokens": 3613,
      "completed_thought_count": 14,
      "final_mean_pairwise_similarity": 0.5064942836761475,
      "final_internal_similarity": 0.03617816311972482,
      "pruned_count": 0
    },
    {
      "chain_index": 4,
      "finish_reason": "stop",
      "extracted_answer": "3375",
      "prompt_tokens": 153,
      "completion_tokens": 3101,
      "completed_thought_count": 11,
      "final_mean_pairwise_similarity": 0.6237145066261292,
      "final_internal_similarity": 0.05670131878419356,
      "pruned_count": 0
    },
    {
      "chain_index": 5,
      "finish_reason": "stop",
      "extracted_answer": "3375",
      "prompt_tokens": 153,
      "completion_tokens": 3932,
      "completed_thought_count": 15,
      "final_mean_pairwise_similarity": 0.48645898699760437,
      "final_internal_similarity": 0.03243059913317362,
      "pruned_count": 0
    },
    {
      "chain_index": 6,
      "finish_reason": "stop",
      "extracted_answer": "3375",
      "prompt_tokens": 153,
      "completion_tokens": 2649,
      "completed_thought_count": 2,
      "final_mean_pairwise_similarity": 0.6987306475639343,
      "final_internal_similarity": 0.34936532378196716,
      "pruned_count": 0
    },
    {
      "chain_index": 7,
      "finish_reason": "stop",
      "extracted_answer": "3375",
      "prompt_tokens": 153,
      "completion_tokens": 3527,
      "completed_thought_count": 10,
      "final_mean_pairwise_similarity": 0.5791789293289185,
      "final_internal_similarity": 0.057917892932891846,
      "pruned_count": 0
    },
    {
      "chain_index": 8,
      "finish_reason": "stop",
      "extracted_answer": "3375",
      "prompt_tokens": 153,
      "completion_tokens": 2759,
      "completed_thought_count": 8,
      "final_mean_pairwise_similarity": 0.505989670753479,
      "final_internal_similarity": 0.06324870884418488,
      "pruned_count": 0
    }
  ],
  "pruned_chain_details": [],
  "error_chain_details": []
}