{
  "iteration": 7,
  "question_id": "index_6",
  "status": "SUCCESS",
  "n_chains_start": 8,
  "n_chains_completed_stream_for_voting": 2,
  "n_chains_pruned": 6,
  "n_chains_error": 0,
  "similarity_threshold": 0.95,
  "num_steps_to_delay_pruning": 20,
  "correct_answer_reference": "\\frac{9 \\sqrt{23}}{23}",
  "individual_answers_final": [
    "\\dfrac{\\sqrt{14} + 2\\sqrt{2} + \\sqrt{5}}{2}",
    "\\dfrac{9\\sqrt{23}}{23}"
  ],
  "voted_answer": "\\dfrac{9\\sqrt{23}}{23}",
  "final_score": 1,
  "processing_duration_sec": 881.2042479515076,
  "total_analysis_intervals": 100,
  "avg_kv_cache_usage": 0.08268047804939131,
  "max_kv_cache_usage": 0.1567350735422359,
  "usage_aggregated": {
    "prompt_tokens": 47263,
    "total_completion_tokens_across_all_started_chains": 80650
  },
  "chains_for_voting_details": [
    {
      "chain_index": 4,
      "finish_reason": "stop",
      "extracted_answer": "\\dfrac{\\sqrt{14} + 2\\sqrt{2} + \\sqrt{5}}{2}",
      "prompt_tokens": 143,
      "completion_tokens": 32449,
      "completed_thought_count": 47,
      "final_mean_pairwise_similarity": 0.3704831302165985,
      "final_internal_similarity": 0.00788261979184252,
      "pruned_count": 0
    },
    {
      "chain_index": 5,
      "finish_reason": "stop",
      "extracted_answer": "\\dfrac{9\\sqrt{23}}{23}",
      "prompt_tokens": 143,
      "completion_tokens": 14442,
      "completed_thought_count": 46,
      "final_mean_pairwise_similarity": 0.42935609817504883,
      "final_internal_similarity": 0.009333828221196714,
      "pruned_count": 6
    }
  ],
  "pruned_chain_details": [
    {
      "chain_index": 1,
      "finish_reason": "worker_terminated_unexpectedly",
      "completion_tokens": 5237,
      "completed_thought_count": 27,
      "full_text_len": 13593,
      "pruned_at_step": 36,
      "pruned_by_chain_id": "q7_c8",
      "initial_pruned_count": 0
    },
    {
      "chain_index": 2,
      "finish_reason": "worker_terminated_unexpectedly",
      "completion_tokens": 5383,
      "completed_thought_count": 26,
      "full_text_len": 13607,
      "pruned_at_step": 38,
      "pruned_by_chain_id": "q7_c8",
      "initial_pruned_count": 0
    },
    {
      "chain_index": 3,
      "finish_reason": "worker_terminated_unexpectedly",
      "completion_tokens": 6120,
      "completed_thought_count": 35,
      "full_text_len": 16149,
      "pruned_at_step": 46,
      "pruned_by_chain_id": "q7_c5",
      "initial_pruned_count": 5
    },
    {
      "chain_index": 6,
      "finish_reason": "worker_terminated_unexpectedly",
      "completion_tokens": 5383,
      "completed_thought_count": 27,
      "full_text_len": 13900,
      "pruned_at_step": 38,
      "pruned_by_chain_id": "q7_c8",
      "initial_pruned_count": 0
    },
    {
      "chain_index": 7,
      "finish_reason": "worker_terminated_unexpectedly",
      "completion_tokens": 5669,
      "completed_thought_count": 25,
      "full_text_len": 13630,
      "pruned_at_step": 41,
      "pruned_by_chain_id": "q7_c3",
      "initial_pruned_count": 0
    },
    {
      "chain_index": 8,
      "finish_reason": "worker_terminated_unexpectedly",
      "completion_tokens": 5967,
      "completed_thought_count": 27,
      "full_text_len": 16097,
      "pruned_at_step": 44,
      "pruned_by_chain_id": "q7_c3",
      "initial_pruned_count": 3
    }
  ],
  "error_chain_details": [],
  "llm_tie_break_performed": true,
  "llm_tie_break_prompt_tokens": 47120,
  "llm_tie_break_completion_tokens": 0,
  "llm_tie_break_response_text": ""
}