{
  "dataset": "hmmt",
  "model_name": "QwQ-32B",
  "run_type": "Self-Consistency (Streaming)",
  "config": {
    "n_chains": 2,
    "tokenizer_path_provided": true,
    "iterations_selected_by": "range",
    "random_seed": null
  },
  "metrics": {
    "num_questions_processed": 30,
    "num_questions_with_score": 30,
    "overall_accuracy": "0.47",
    "mean_total_completion_tokens_per_question": "31297.7",
    "max_total_completion_tokens_per_question": "63171.0",
    "mean_max_kv_cache_usage_per_question_perc": "0.0993",
    "max_max_kv_cache_usage_across_all_questions_perc": "0.2221",
    "mean_processing_duration_sec_per_question": "467.81",
    "max_processing_duration_sec_per_question": "895.25",
    "mean_chains_requested_per_question": "2.00",
    "mean_chains_received_per_question": "2.00",
    "counted_tokens_aggregated": {
      "mean_total_reasoning_tokens_per_question": "26924.6",
      "max_total_reasoning_tokens_per_question": "45524.0",
      "mean_total_non_reasoning_tokens_per_question": "1092.4",
      "max_total_non_reasoning_tokens_per_question": "2219.0"
    }
  }
}