{
  "iteration": 13,
  "question_id": "index_12",
  "status": "SUCCESS",
  "n_chains_start": 8,
  "n_chains_completed_stream_for_voting": 1,
  "n_chains_pruned": 7,
  "n_chains_error": 0,
  "similarity_threshold": 0.95,
  "num_steps_to_delay_pruning": 20,
  "correct_answer_reference": "105",
  "individual_answers_final": [
    "1"
  ],
  "voted_answer": "1",
  "final_score": 0,
  "processing_duration_sec": 468.13560009002686,
  "total_analysis_intervals": 29,
  "avg_kv_cache_usage": 0.06326429695878279,
  "max_kv_cache_usage": 0.1512366435029515,
  "usage_aggregated": {
    "prompt_tokens": 149,
    "total_completion_tokens_across_all_started_chains": 49230
  },
  "chains_for_voting_details": [
    {
      "chain_index": 8,
      "finish_reason": "stop",
      "extracted_answer": "1",
      "prompt_tokens": 149,
      "completion_tokens": 20672,
      "completed_thought_count": 42,
      "final_mean_pairwise_similarity": 0.3849625885486603,
      "final_internal_similarity": 0.009165775917825244,
      "pruned_count": 7
    }
  ],
  "pruned_chain_details": [
    {
      "chain_index": 1,
      "finish_reason": "worker_terminated_unexpectedly",
      "completion_tokens": 4052,
      "completed_thought_count": 45,
      "full_text_len": 15290,
      "pruned_at_step": 25,
      "pruned_by_chain_id": "q13_c4",
      "initial_pruned_count": 1
    },
    {
      "chain_index": 2,
      "finish_reason": "worker_terminated_unexpectedly",
      "completion_tokens": 4052,
      "completed_thought_count": 45,
      "full_text_len": 16098,
      "pruned_at_step": 25,
      "pruned_by_chain_id": "q13_c8",
      "initial_pruned_count": 1
    },
    {
      "chain_index": 3,
      "finish_reason": "worker_terminated_unexpectedly",
      "completion_tokens": 4051,
      "completed_thought_count": 36,
      "full_text_len": 16228,
      "pruned_at_step": 25,
      "pruned_by_chain_id": "q13_c8",
      "initial_pruned_count": 0
    },
    {
      "chain_index": 4,
      "finish_reason": "worker_terminated_unexpectedly",
      "completion_tokens": 4420,
      "completed_thought_count": 42,
      "full_text_len": 15854,
      "pruned_at_step": 28,
      "pruned_by_chain_id": "q13_c8",
      "initial_pruned_count": 2
    },
    {
      "chain_index": 5,
      "finish_reason": "worker_terminated_unexpectedly",
      "completion_tokens": 4051,
      "completed_thought_count": 35,
      "full_text_len": 16395,
      "pruned_at_step": 25,
      "pruned_by_chain_id": "q13_c1",
      "initial_pruned_count": 0
    },
    {
      "chain_index": 6,
      "finish_reason": "worker_terminated_unexpectedly",
      "completion_tokens": 3881,
      "completed_thought_count": 37,
      "full_text_len": 14211,
      "pruned_at_step": 23,
      "pruned_by_chain_id": "q13_c8",
      "initial_pruned_count": 0
    },
    {
      "chain_index": 7,
      "finish_reason": "worker_terminated_unexpectedly",
      "completion_tokens": 4051,
      "completed_thought_count": 44,
      "full_text_len": 15513,
      "pruned_at_step": 25,
      "pruned_by_chain_id": "q13_c2",
      "initial_pruned_count": 0
    }
  ],
  "error_chain_details": []
}