{
  "iteration": 29,
  "question_id": "index_28",
  "status": "SUCCESS",
  "n_chains_start": 8,
  "n_chains_completed_stream_for_voting": 8,
  "n_chains_pruned": 0,
  "n_chains_error": 0,
  "similarity_threshold": 0.95,
  "num_steps_to_delay_pruning": 20,
  "correct_answer_reference": "14+4\\sqrt{37}",
  "individual_answers_final": [
    "34",
    "2\\sqrt{197}",
    "13",
    "65",
    "5 + \\sqrt{601}",
    "25",
    "30 - 4\\sqrt{14}",
    "10"
  ],
  "voted_answer": "10",
  "final_score": 0,
  "processing_duration_sec": 744.2744572162628,
  "total_analysis_intervals": 100,
  "avg_kv_cache_usage": 0.3775760638854575,
  "max_kv_cache_usage": 0.6056190689680938,
  "usage_aggregated": {
    "prompt_tokens": 186952,
    "total_completion_tokens_across_all_started_chains": 186471
  },
  "chains_for_voting_details": [
    {
      "chain_index": 1,
      "finish_reason": "stop",
      "extracted_answer": "34",
      "prompt_tokens": 134,
      "completion_tokens": 12547,
      "completed_thought_count": 63,
      "final_mean_pairwise_similarity": 0.43754324316978455,
      "final_internal_similarity": 0.006945130843964834,
      "pruned_count": 0
    },
    {
      "chain_index": 2,
      "finish_reason": "stop",
      "extracted_answer": "2\\sqrt{197}",
      "prompt_tokens": 134,
      "completion_tokens": 21341,
      "completed_thought_count": 42,
      "final_mean_pairwise_similarity": 0.40549197793006897,
      "final_internal_similarity": 0.00965457090309688,
      "pruned_count": 0
    },
    {
      "chain_index": 3,
      "finish_reason": "stop",
      "extracted_answer": "13",
      "prompt_tokens": 134,
      "completion_tokens": 16538,
      "completed_thought_count": 42,
      "final_mean_pairwise_similarity": 0.4282367527484894,
      "final_internal_similarity": 0.01019611316067832,
      "pruned_count": 0
    },
    {
      "chain_index": 4,
      "finish_reason": "stop",
      "extracted_answer": "65",
      "prompt_tokens": 134,
      "completion_tokens": 27322,
      "completed_thought_count": 16,
      "final_mean_pairwise_similarity": 0.4800829291343689,
      "final_internal_similarity": 0.030005183070898056,
      "pruned_count": 0
    },
    {
      "chain_index": 5,
      "finish_reason": "stop",
      "extracted_answer": "5 + \\sqrt{601}",
      "prompt_tokens": 134,
      "completion_tokens": 28726,
      "completed_thought_count": 36,
      "final_mean_pairwise_similarity": 0.40189406275749207,
      "final_internal_similarity": 0.011163723965485891,
      "pruned_count": 0
    },
    {
      "chain_index": 6,
      "finish_reason": "stop",
      "extracted_answer": "25",
      "prompt_tokens": 134,
      "completion_tokens": 27416,
      "completed_thought_count": 44,
      "final_mean_pairwise_similarity": 0.4116130471229553,
      "final_internal_similarity": 0.009354841980067167,
      "pruned_count": 0
    },
    {
      "chain_index": 7,
      "finish_reason": "stop",
      "extracted_answer": "30 - 4\\sqrt{14}",
      "prompt_tokens": 134,
      "completion_tokens": 26783,
      "completed_thought_count": 21,
      "final_mean_pairwise_similarity": 0.43256813287734985,
      "final_internal_similarity": 0.02059848251796904,
      "pruned_count": 0
    },
    {
      "chain_index": 8,
      "finish_reason": "stop",
      "extracted_answer": "10",
      "prompt_tokens": 134,
      "completion_tokens": 25798,
      "completed_thought_count": 36,
      "final_mean_pairwise_similarity": 0.48765355348587036,
      "final_internal_similarity": 0.013545932041274177,
      "pruned_count": 0
    }
  ],
  "pruned_chain_details": [],
  "error_chain_details": [],
  "llm_tie_break_performed": true,
  "llm_tie_break_prompt_tokens": 186818,
  "llm_tie_break_completion_tokens": 0,
  "llm_tie_break_response_text": ""
}