{
  "iteration": 17,
  "question_id": "index_16",
  "status": "SUCCESS",
  "n_chains_start": 8,
  "n_chains_completed_stream_for_voting": 1,
  "n_chains_pruned": 7,
  "n_chains_error": 0,
  "similarity_threshold": 0.95,
  "num_steps_to_delay_pruning": 20,
  "correct_answer_reference": "2^{25} \\cdot 26!",
  "individual_answers_final": [
    "2 \\times 26!"
  ],
  "voted_answer": "2 \\times 26!",
  "final_score": 0,
  "processing_duration_sec": 101.62236952781677,
  "total_analysis_intervals": 29,
  "avg_kv_cache_usage": 0.06683287173441545,
  "max_kv_cache_usage": 0.1506388702084734,
  "usage_aggregated": {
    "prompt_tokens": 142,
    "total_completion_tokens_across_all_started_chains": 34551
  },
  "chains_for_voting_details": [
    {
      "chain_index": 8,
      "finish_reason": "stop",
      "extracted_answer": "2 \\times 26!",
      "prompt_tokens": 142,
      "completion_tokens": 5681,
      "completed_thought_count": 45,
      "final_mean_pairwise_similarity": 0.6115800142288208,
      "final_internal_similarity": 0.013590666982862685,
      "pruned_count": 7
    }
  ],
  "pruned_chain_details": [
    {
      "chain_index": 1,
      "finish_reason": "worker_terminated_unexpectedly",
      "completion_tokens": 3875,
      "completed_thought_count": 33,
      "full_text_len": 16546,
      "pruned_at_step": 23,
      "pruned_by_chain_id": "q17_c5",
      "initial_pruned_count": 0
    },
    {
      "chain_index": 2,
      "finish_reason": "worker_terminated_unexpectedly",
      "completion_tokens": 4406,
      "completed_thought_count": 51,
      "full_text_len": 18349,
      "pruned_at_step": 28,
      "pruned_by_chain_id": "q17_c8",
      "initial_pruned_count": 1
    },
    {
      "chain_index": 3,
      "finish_reason": "worker_terminated_unexpectedly",
      "completion_tokens": 4046,
      "completed_thought_count": 32,
      "full_text_len": 15602,
      "pruned_at_step": 25,
      "pruned_by_chain_id": "q17_c2",
      "initial_pruned_count": 0
    },
    {
      "chain_index": 4,
      "finish_reason": "worker_terminated_unexpectedly",
      "completion_tokens": 4046,
      "completed_thought_count": 37,
      "full_text_len": 16372,
      "pruned_at_step": 25,
      "pruned_by_chain_id": "q17_c5",
      "initial_pruned_count": 0
    },
    {
      "chain_index": 5,
      "finish_reason": "worker_terminated_unexpectedly",
      "completion_tokens": 4405,
      "completed_thought_count": 44,
      "full_text_len": 18607,
      "pruned_at_step": 28,
      "pruned_by_chain_id": "q17_c8",
      "initial_pruned_count": 3
    },
    {
      "chain_index": 6,
      "finish_reason": "worker_terminated_unexpectedly",
      "completion_tokens": 4046,
      "completed_thought_count": 36,
      "full_text_len": 17710,
      "pruned_at_step": 25,
      "pruned_by_chain_id": "q17_c5",
      "initial_pruned_count": 0
    },
    {
      "chain_index": 7,
      "finish_reason": "worker_terminated_unexpectedly",
      "completion_tokens": 4046,
      "completed_thought_count": 37,
      "full_text_len": 14992,
      "pruned_at_step": 25,
      "pruned_by_chain_id": "q17_c8",
      "initial_pruned_count": 0
    }
  ],
  "error_chain_details": []
}