{
  "iteration": 28,
  "question_id": "index_27",
  "status": "SUCCESS",
  "n_chains_start": 8,
  "n_chains_completed_stream_for_voting": 2,
  "n_chains_pruned": 6,
  "n_chains_error": 0,
  "similarity_threshold": 0.95,
  "num_steps_to_delay_pruning": 20,
  "correct_answer_reference": "\\sqrt{6}",
  "individual_answers_final": [
    "\\sqrt{6}",
    "\\sqrt{22}"
  ],
  "voted_answer": "\\sqrt{6}",
  "final_score": 1,
  "processing_duration_sec": 520.1466581821442,
  "total_analysis_intervals": 59,
  "avg_kv_cache_usage": 0.09750042525918834,
  "max_kv_cache_usage": 0.2479264738847791,
  "usage_aggregated": {
    "prompt_tokens": 27853,
    "total_completion_tokens_across_all_started_chains": 76708
  },
  "chains_for_voting_details": [
    {
      "chain_index": 3,
      "finish_reason": "stop",
      "extracted_answer": "\\sqrt{6}",
      "prompt_tokens": 160,
      "completion_tokens": 5409,
      "completed_thought_count": 10,
      "final_mean_pairwise_similarity": 0.40264102816581726,
      "final_internal_similarity": 0.04026410281658173,
      "pruned_count": 0
    },
    {
      "chain_index": 4,
      "finish_reason": "stop",
      "extracted_answer": "\\sqrt{22}",
      "prompt_tokens": 160,
      "completion_tokens": 22086,
      "completed_thought_count": 54,
      "final_mean_pairwise_similarity": 0.45308515429496765,
      "final_internal_similarity": 0.00839046582027718,
      "pruned_count": 6
    }
  ],
  "pruned_chain_details": [
    {
      "chain_index": 1,
      "finish_reason": "worker_terminated_unexpectedly",
      "completion_tokens": 8487,
      "completed_thought_count": 44,
      "full_text_len": 20609,
      "pruned_at_step": 58,
      "pruned_by_chain_id": "q28_c4",
      "initial_pruned_count": 4
    },
    {
      "chain_index": 2,
      "finish_reason": "worker_terminated_unexpectedly",
      "completion_tokens": 8486,
      "completed_thought_count": 61,
      "full_text_len": 25628,
      "pruned_at_step": 58,
      "pruned_by_chain_id": "q28_c4",
      "initial_pruned_count": 0
    },
    {
      "chain_index": 5,
      "finish_reason": "worker_terminated_unexpectedly",
      "completion_tokens": 7869,
      "completed_thought_count": 27,
      "full_text_len": 18055,
      "pruned_at_step": 52,
      "pruned_by_chain_id": "q28_c1",
      "initial_pruned_count": 1
    },
    {
      "chain_index": 6,
      "finish_reason": "worker_terminated_unexpectedly",
      "completion_tokens": 7404,
      "completed_thought_count": 40,
      "full_text_len": 20585,
      "pruned_at_step": 47,
      "pruned_by_chain_id": "q28_c5",
      "initial_pruned_count": 0
    },
    {
      "chain_index": 7,
      "finish_reason": "worker_terminated_unexpectedly",
      "completion_tokens": 7705,
      "completed_thought_count": 30,
      "full_text_len": 18928,
      "pruned_at_step": 50,
      "pruned_by_chain_id": "q28_c1",
      "initial_pruned_count": 0
    },
    {
      "chain_index": 8,
      "finish_reason": "worker_terminated_unexpectedly",
      "completion_tokens": 7705,
      "completed_thought_count": 36,
      "full_text_len": 18581,
      "pruned_at_step": 50,
      "pruned_by_chain_id": "q28_c1",
      "initial_pruned_count": 0
    }
  ],
  "error_chain_details": [],
  "llm_tie_break_performed": true,
  "llm_tie_break_prompt_tokens": 27693,
  "llm_tie_break_completion_tokens": 1557,
  "llm_tie_break_response_text": "\n\nTo solve the problem, we start by assigning coordinates to the points of the isosceles trapezoid \\(ABCD\\). We place \\(A\\) at \\((-2, 0)\\) and \\(B\\) at \\((2, 0)\\), making \\(AB = 4\\). Points \\(C\\) and \\(D\\) are on the line \\(y = h\\) with coordinates \\((k, h)\\) and \\((-k, h)\\) respectively, where \\(k > 2\\) since \\(CD > AB\\).\n\nPoint \\(E\\) is on the extension of \\(CD\\) beyond \\(D\\) such that \\(DE = 2\\). Thus, \\(E\\) is at \\((-k - 2, h)\\). The midpoint \\(M\\) of \\(\\overline{AE}\\) has coordinates \\(\\left(\\frac{-k - 4}{2}, \\frac{h}{2}\\right)\\).\n\nGiven that all points lie on a circle with radius 5, we determine the center of the circle \\((0, \\sqrt{21})\\) by solving the equations for points \\(A\\) and \\(B\\). Using this center, we substitute the coordinates of \\(C\\), \\(D\\), and \\(M\\) into the circle equation to form a system of equations.\n\nFrom the equations, we find:\n1. \\(k^2 + (h - \\sqrt{21})^2 = 25\\)\n2. \\(4k - h\\sqrt{21} = -2\\)\n\nSolving these, we express \\(h\\) in terms of \\(k\\) and substitute back to find \\(h\\). Finally, we compute the distance \\(MD\\) using the coordinates of \\(M\\) and \\(D\\).\n\nAfter simplifying, we find that:\n\\[\nMD^2 = \\frac{(k^2 + h^2 - 8k + 16)}{4}\n\\]\nUsing the earlier equations, we substitute \\(k^2 + h^2 = 4 + 2h\\sqrt{21}\\) and simplify to find \\(MD^2 = 6\\), leading to \\(MD = \\sqrt{6}\\).\n\nThus, the final answer is:\n\\[\n\\boxed{\\sqrt{6}}\n\\]"
}