{
  "iteration": 26,
  "question_id": "index_25",
  "status": "SUCCESS",
  "n_chains_start": 8,
  "n_chains_completed_stream_for_voting": 8,
  "n_chains_pruned": 0,
  "n_chains_error": 0,
  "similarity_threshold": 0.95,
  "num_steps_to_delay_pruning": 20,
  "correct_answer_reference": "9\\sqrt{15}",
  "individual_answers_final": [
    "9\\sqrt{15}",
    "9\\sqrt{15}",
    "9\\sqrt{15}",
    "9\\sqrt{15}",
    "9\\sqrt{15}",
    "9\\sqrt{15}",
    "9\\sqrt{15}",
    "9\\sqrt{15}"
  ],
  "voted_answer": "9\\sqrt{15}",
  "final_score": 1,
  "processing_duration_sec": 328.58366346359253,
  "total_analysis_intervals": 58,
  "avg_kv_cache_usage": 0.10859845232247578,
  "max_kv_cache_usage": 0.2749757154599118,
  "usage_aggregated": {
    "prompt_tokens": 139,
    "total_completion_tokens_across_all_started_chains": 70352
  },
  "chains_for_voting_details": [
    {
      "chain_index": 1,
      "finish_reason": "stop",
      "extracted_answer": "9\\sqrt{15}",
      "prompt_tokens": 139,
      "completion_tokens": 8301,
      "completed_thought_count": 28,
      "final_mean_pairwise_similarity": 0.4352565407752991,
      "final_internal_similarity": 0.015544876456260681,
      "pruned_count": 0
    },
    {
      "chain_index": 2,
      "finish_reason": "stop",
      "extracted_answer": "9\\sqrt{15}",
      "prompt_tokens": 139,
      "completion_tokens": 7208,
      "completed_thought_count": 23,
      "final_mean_pairwise_similarity": 0.507350504398346,
      "final_internal_similarity": 0.02205871758253678,
      "pruned_count": 0
    },
    {
      "chain_index": 3,
      "finish_reason": "stop",
      "extracted_answer": "9\\sqrt{15}",
      "prompt_tokens": 139,
      "completion_tokens": 7815,
      "completed_thought_count": 25,
      "final_mean_pairwise_similarity": 0.4802011251449585,
      "final_internal_similarity": 0.01920804500579834,
      "pruned_count": 0
    },
    {
      "chain_index": 4,
      "finish_reason": "stop",
      "extracted_answer": "9\\sqrt{15}",
      "prompt_tokens": 139,
      "completion_tokens": 8987,
      "completed_thought_count": 41,
      "final_mean_pairwise_similarity": 0.44244128465652466,
      "final_internal_similarity": 0.010791250845281089,
      "pruned_count": 0
    },
    {
      "chain_index": 5,
      "finish_reason": "stop",
      "extracted_answer": "9\\sqrt{15}",
      "prompt_tokens": 139,
      "completion_tokens": 7603,
      "completed_thought_count": 24,
      "final_mean_pairwise_similarity": 0.4528891444206238,
      "final_internal_similarity": 0.01887038101752599,
      "pruned_count": 0
    },
    {
      "chain_index": 6,
      "finish_reason": "stop",
      "extracted_answer": "9\\sqrt{15}",
      "prompt_tokens": 139,
      "completion_tokens": 14639,
      "completed_thought_count": 65,
      "final_mean_pairwise_similarity": 0.4713077247142792,
      "final_internal_similarity": 0.007250888072527372,
      "pruned_count": 0
    },
    {
      "chain_index": 7,
      "finish_reason": "stop",
      "extracted_answer": "9\\sqrt{15}",
      "prompt_tokens": 139,
      "completion_tokens": 8500,
      "completed_thought_count": 18,
      "final_mean_pairwise_similarity": 0.4557972252368927,
      "final_internal_similarity": 0.02532206806871626,
      "pruned_count": 0
    },
    {
      "chain_index": 8,
      "finish_reason": "stop",
      "extracted_answer": "9\\sqrt{15}",
      "prompt_tokens": 139,
      "completion_tokens": 7299,
      "completed_thought_count": 26,
      "final_mean_pairwise_similarity": 0.4687518775463104,
      "final_internal_similarity": 0.018028918367165785,
      "pruned_count": 0
    }
  ],
  "pruned_chain_details": [],
  "error_chain_details": []
}