{
  "iteration": 1,
  "question_id": "index_0",
  "status": "SUCCESS",
  "n_chains_start": 8,
  "n_chains_completed_stream_for_voting": 8,
  "n_chains_pruned": 0,
  "n_chains_error": 0,
  "similarity_threshold": 0.95,
  "num_steps_to_delay_pruning": 20,
  "correct_answer_reference": "103",
  "individual_answers_final": [
    "103",
    "103",
    "103",
    "103",
    "103",
    "103",
    "103",
    "103"
  ],
  "voted_answer": "103",
  "final_score": 1,
  "processing_duration_sec": 128.20352482795715,
  "total_analysis_intervals": 38,
  "avg_kv_cache_usage": 0.0673015311830901,
  "max_kv_cache_usage": 0.1399536725696779,
  "usage_aggregated": {
    "prompt_tokens": 79,
    "total_completion_tokens_across_all_started_chains": 39296
  },
  "chains_for_voting_details": [
    {
      "chain_index": 1,
      "finish_reason": "stop",
      "extracted_answer": "103",
      "prompt_tokens": 79,
      "completion_tokens": 4206,
      "completed_thought_count": 17,
      "final_mean_pairwise_similarity": 0.45194536447525024,
      "final_internal_similarity": 0.026585021439720604,
      "pruned_count": 0
    },
    {
      "chain_index": 2,
      "finish_reason": "stop",
      "extracted_answer": "103",
      "prompt_tokens": 79,
      "completion_tokens": 4624,
      "completed_thought_count": 19,
      "final_mean_pairwise_similarity": 0.4470638632774353,
      "final_internal_similarity": 0.023529677014601857,
      "pruned_count": 0
    },
    {
      "chain_index": 3,
      "finish_reason": "stop",
      "extracted_answer": "103",
      "prompt_tokens": 79,
      "completion_tokens": 6183,
      "completed_thought_count": 19,
      "final_mean_pairwise_similarity": 0.4249185621738434,
      "final_internal_similarity": 0.022364134851254915,
      "pruned_count": 0
    },
    {
      "chain_index": 4,
      "finish_reason": "stop",
      "extracted_answer": "103",
      "prompt_tokens": 79,
      "completion_tokens": 4675,
      "completed_thought_count": 12,
      "final_mean_pairwise_similarity": 0.5377949476242065,
      "final_internal_similarity": 0.04481624563535055,
      "pruned_count": 0
    },
    {
      "chain_index": 5,
      "finish_reason": "stop",
      "extracted_answer": "103",
      "prompt_tokens": 79,
      "completion_tokens": 4618,
      "completed_thought_count": 21,
      "final_mean_pairwise_similarity": 0.45523595809936523,
      "final_internal_similarity": 0.02167790276663644,
      "pruned_count": 0
    },
    {
      "chain_index": 6,
      "finish_reason": "stop",
      "extracted_answer": "103",
      "prompt_tokens": 79,
      "completion_tokens": 3666,
      "completed_thought_count": 15,
      "final_mean_pairwise_similarity": 0.5241138935089111,
      "final_internal_similarity": 0.03494092623392741,
      "pruned_count": 0
    },
    {
      "chain_index": 7,
      "finish_reason": "stop",
      "extracted_answer": "103",
      "prompt_tokens": 79,
      "completion_tokens": 4036,
      "completed_thought_count": 26,
      "final_mean_pairwise_similarity": 0.44031983613967896,
      "final_internal_similarity": 0.016935378313064575,
      "pruned_count": 0
    },
    {
      "chain_index": 8,
      "finish_reason": "stop",
      "extracted_answer": "103",
      "prompt_tokens": 79,
      "completion_tokens": 7288,
      "completed_thought_count": 24,
      "final_mean_pairwise_similarity": 0.4814210832118988,
      "final_internal_similarity": 0.020059211800495785,
      "pruned_count": 0
    }
  ],
  "pruned_chain_details": [],
  "error_chain_details": []
}