{
  "iteration": 12,
  "question_id": "index_11",
  "status": "SUCCESS",
  "n_chains_start": 8,
  "n_chains_completed_stream_for_voting": 2,
  "n_chains_pruned": 6,
  "n_chains_error": 0,
  "similarity_threshold": 0.95,
  "num_steps_to_delay_pruning": 20,
  "correct_answer_reference": "29",
  "individual_answers_final": [
    "29",
    "29"
  ],
  "voted_answer": "29",
  "final_score": 1,
  "processing_duration_sec": 209.90133213996887,
  "total_analysis_intervals": 50,
  "avg_kv_cache_usage": 0.1115949189677092,
  "max_kv_cache_usage": 0.2707913023985653,
  "usage_aggregated": {
    "prompt_tokens": 142,
    "total_completion_tokens_across_all_started_chains": 60935
  },
  "chains_for_voting_details": [
    {
      "chain_index": 6,
      "finish_reason": "stop",
      "extracted_answer": "29",
      "prompt_tokens": 142,
      "completion_tokens": 7150,
      "completed_thought_count": 72,
      "final_mean_pairwise_similarity": 0.49802279472351074,
      "final_internal_similarity": 0.00691698326004876,
      "pruned_count": 3
    },
    {
      "chain_index": 7,
      "finish_reason": "stop",
      "extracted_answer": "29",
      "prompt_tokens": 142,
      "completion_tokens": 10277,
      "completed_thought_count": 79,
      "final_mean_pairwise_similarity": 0.42438462376594543,
      "final_internal_similarity": 0.005371957262860069,
      "pruned_count": 3
    }
  ],
  "pruned_chain_details": [
    {
      "chain_index": 1,
      "finish_reason": "worker_terminated_unexpectedly",
      "completion_tokens": 7151,
      "completed_thought_count": 83,
      "full_text_len": 25190,
      "pruned_at_step": 45,
      "pruned_by_chain_id": "q12_c6",
      "initial_pruned_count": 0
    },
    {
      "chain_index": 2,
      "finish_reason": "worker_terminated_unexpectedly",
      "completion_tokens": 7087,
      "completed_thought_count": 62,
      "full_text_len": 23210,
      "pruned_at_step": 43,
      "pruned_by_chain_id": "q12_c6",
      "initial_pruned_count": 0
    },
    {
      "chain_index": 3,
      "finish_reason": "worker_terminated_unexpectedly",
      "completion_tokens": 7150,
      "completed_thought_count": 59,
      "full_text_len": 25035,
      "pruned_at_step": 45,
      "pruned_by_chain_id": "q12_c7",
      "initial_pruned_count": 0
    },
    {
      "chain_index": 4,
      "finish_reason": "worker_terminated_unexpectedly",
      "completion_tokens": 7492,
      "completed_thought_count": 58,
      "full_text_len": 23580,
      "pruned_at_step": 49,
      "pruned_by_chain_id": "q12_c7",
      "initial_pruned_count": 0
    },
    {
      "chain_index": 5,
      "finish_reason": "worker_terminated_unexpectedly",
      "completion_tokens": 7314,
      "completed_thought_count": 66,
      "full_text_len": 22904,
      "pruned_at_step": 47,
      "pruned_by_chain_id": "q12_c7",
      "initial_pruned_count": 0
    },
    {
      "chain_index": 8,
      "finish_reason": "worker_terminated_unexpectedly",
      "completion_tokens": 7314,
      "completed_thought_count": 69,
      "full_text_len": 24559,
      "pruned_at_step": 47,
      "pruned_by_chain_id": "q12_c6",
      "initial_pruned_count": 0
    }
  ],
  "error_chain_details": []
}