{
  "iteration": 15,
  "question_id": "index_14",
  "status": "SUCCESS",
  "n_chains_start": 8,
  "n_chains_completed_stream_for_voting": 1,
  "n_chains_pruned": 7,
  "n_chains_error": 0,
  "similarity_threshold": 0.95,
  "num_steps_to_delay_pruning": 20,
  "correct_answer_reference": "200",
  "individual_answers_final": [
    "202"
  ],
  "voted_answer": "202",
  "final_score": 0,
  "processing_duration_sec": 111.52419352531433,
  "total_analysis_intervals": 34,
  "avg_kv_cache_usage": 0.05954870717337408,
  "max_kv_cache_usage": 0.1392811776133901,
  "usage_aggregated": {
    "prompt_tokens": 144,
    "total_completion_tokens_across_all_started_chains": 33894
  },
  "chains_for_voting_details": [
    {
      "chain_index": 8,
      "finish_reason": "stop",
      "extracted_answer": "202",
      "prompt_tokens": 144,
      "completion_tokens": 6319,
      "completed_thought_count": 48,
      "final_mean_pairwise_similarity": 0.4994482398033142,
      "final_internal_similarity": 0.010405171662569046,
      "pruned_count": 7
    }
  ],
  "pruned_chain_details": [
    {
      "chain_index": 1,
      "finish_reason": "worker_terminated_unexpectedly",
      "completion_tokens": 3732,
      "completed_thought_count": 37,
      "full_text_len": 14094,
      "pruned_at_step": 23,
      "pruned_by_chain_id": "q15_c2",
      "initial_pruned_count": 0
    },
    {
      "chain_index": 2,
      "finish_reason": "worker_terminated_unexpectedly",
      "completion_tokens": 3732,
      "completed_thought_count": 44,
      "full_text_len": 15600,
      "pruned_at_step": 23,
      "pruned_by_chain_id": "q15_c4",
      "initial_pruned_count": 1
    },
    {
      "chain_index": 3,
      "finish_reason": "worker_terminated_unexpectedly",
      "completion_tokens": 3562,
      "completed_thought_count": 34,
      "full_text_len": 14357,
      "pruned_at_step": 21,
      "pruned_by_chain_id": "q15_c8",
      "initial_pruned_count": 0
    },
    {
      "chain_index": 4,
      "finish_reason": "worker_terminated_unexpectedly",
      "completion_tokens": 3913,
      "completed_thought_count": 38,
      "full_text_len": 15366,
      "pruned_at_step": 25,
      "pruned_by_chain_id": "q15_c6",
      "initial_pruned_count": 3
    },
    {
      "chain_index": 5,
      "finish_reason": "worker_terminated_unexpectedly",
      "completion_tokens": 3731,
      "completed_thought_count": 36,
      "full_text_len": 14689,
      "pruned_at_step": 23,
      "pruned_by_chain_id": "q15_c4",
      "initial_pruned_count": 0
    },
    {
      "chain_index": 6,
      "finish_reason": "worker_terminated_unexpectedly",
      "completion_tokens": 5174,
      "completed_thought_count": 61,
      "full_text_len": 20355,
      "pruned_at_step": 33,
      "pruned_by_chain_id": "q15_c8",
      "initial_pruned_count": 4
    },
    {
      "chain_index": 7,
      "finish_reason": "worker_terminated_unexpectedly",
      "completion_tokens": 3731,
      "completed_thought_count": 35,
      "full_text_len": 14373,
      "pruned_at_step": 23,
      "pruned_by_chain_id": "q15_c8",
      "initial_pruned_count": 0
    }
  ],
  "error_chain_details": []
}