{
  "iteration": 8,
  "question_id": "index_7",
  "status": "SUCCESS",
  "n_chains_start": 8,
  "n_chains_completed_stream_for_voting": 1,
  "n_chains_pruned": 7,
  "n_chains_error": 0,
  "similarity_threshold": 0.95,
  "num_steps_to_delay_pruning": 20,
  "correct_answer_reference": "1-\\frac{2}{\\pi}",
  "individual_answers_final": [
    "\\dfrac{4}{11}"
  ],
  "voted_answer": "\\dfrac{4}{11}",
  "final_score": 0,
  "processing_duration_sec": 370.8717784881592,
  "total_analysis_intervals": 40,
  "avg_kv_cache_usage": 0.0690401505482346,
  "max_kv_cache_usage": 0.1942763207053724,
  "usage_aggregated": {
    "prompt_tokens": 151,
    "total_completion_tokens_across_all_started_chains": 53843
  },
  "chains_for_voting_details": [
    {
      "chain_index": 8,
      "finish_reason": "stop",
      "extracted_answer": "\\dfrac{4}{11}",
      "prompt_tokens": 151,
      "completion_tokens": 16738,
      "completed_thought_count": 30,
      "final_mean_pairwise_similarity": 0.45716342329978943,
      "final_internal_similarity": 0.015238780776659648,
      "pruned_count": 7
    }
  ],
  "pruned_chain_details": [
    {
      "chain_index": 1,
      "finish_reason": "worker_terminated_unexpectedly",
      "completion_tokens": 5199,
      "completed_thought_count": 24,
      "full_text_len": 11550,
      "pruned_at_step": 33,
      "pruned_by_chain_id": "q8_c2",
      "initial_pruned_count": 0
    },
    {
      "chain_index": 2,
      "finish_reason": "worker_terminated_unexpectedly",
      "completion_tokens": 5904,
      "completed_thought_count": 40,
      "full_text_len": 14386,
      "pruned_at_step": 39,
      "pruned_by_chain_id": "q8_c8",
      "initial_pruned_count": 3
    },
    {
      "chain_index": 3,
      "finish_reason": "worker_terminated_unexpectedly",
      "completion_tokens": 5198,
      "completed_thought_count": 25,
      "full_text_len": 11260,
      "pruned_at_step": 33,
      "pruned_by_chain_id": "q8_c2",
      "initial_pruned_count": 0
    },
    {
      "chain_index": 4,
      "finish_reason": "worker_terminated_unexpectedly",
      "completion_tokens": 5198,
      "completed_thought_count": 25,
      "full_text_len": 11811,
      "pruned_at_step": 33,
      "pruned_by_chain_id": "q8_c5",
      "initial_pruned_count": 0
    },
    {
      "chain_index": 5,
      "finish_reason": "worker_terminated_unexpectedly",
      "completion_tokens": 5372,
      "completed_thought_count": 34,
      "full_text_len": 12674,
      "pruned_at_step": 35,
      "pruned_by_chain_id": "q8_c8",
      "initial_pruned_count": 2
    },
    {
      "chain_index": 6,
      "finish_reason": "worker_terminated_unexpectedly",
      "completion_tokens": 5036,
      "completed_thought_count": 20,
      "full_text_len": 12596,
      "pruned_at_step": 31,
      "pruned_by_chain_id": "q8_c2",
      "initial_pruned_count": 0
    },
    {
      "chain_index": 7,
      "finish_reason": "worker_terminated_unexpectedly",
      "completion_tokens": 5198,
      "completed_thought_count": 22,
      "full_text_len": 11131,
      "pruned_at_step": 33,
      "pruned_by_chain_id": "q8_c5",
      "initial_pruned_count": 0
    }
  ],
  "error_chain_details": []
}