{
  "iteration": 7,
  "question_id": "index_6",
  "status": "SUCCESS",
  "n_chains_start": 8,
  "n_chains_completed_stream_for_voting": 8,
  "n_chains_pruned": 0,
  "n_chains_error": 0,
  "similarity_threshold": 0.95,
  "num_steps_to_delay_pruning": 20,
  "correct_answer_reference": "\\frac{9 \\sqrt{23}}{23}",
  "individual_answers_final": [
    "2",
    "1.88",
    "2",
    "2",
    "\\dfrac{9\\sqrt{23}}{23}",
    "\\dfrac{15}{8}",
    "\\sqrt{2}",
    "\\dfrac{2\\sqrt{22}}{5}"
  ],
  "voted_answer": "2",
  "final_score": 0,
  "processing_duration_sec": 577.8543348312378,
  "total_analysis_intervals": 100,
  "avg_kv_cache_usage": 0.3099765406535591,
  "max_kv_cache_usage": 0.5642979899872973,
  "usage_aggregated": {
    "prompt_tokens": 138,
    "total_completion_tokens_across_all_started_chains": 154262
  },
  "chains_for_voting_details": [
    {
      "chain_index": 1,
      "finish_reason": "stop",
      "extracted_answer": "2",
      "prompt_tokens": 138,
      "completion_tokens": 19059,
      "completed_thought_count": 58,
      "final_mean_pairwise_similarity": 0.40861228108406067,
      "final_internal_similarity": 0.007045039329035529,
      "pruned_count": 0
    },
    {
      "chain_index": 2,
      "finish_reason": "stop",
      "extracted_answer": "1.88",
      "prompt_tokens": 138,
      "completion_tokens": 19111,
      "completed_thought_count": 63,
      "final_mean_pairwise_similarity": 0.3963981568813324,
      "final_internal_similarity": 0.006292034236211625,
      "pruned_count": 0
    },
    {
      "chain_index": 3,
      "finish_reason": "stop",
      "extracted_answer": "2",
      "prompt_tokens": 138,
      "completion_tokens": 17088,
      "completed_thought_count": 46,
      "final_mean_pairwise_similarity": 0.46492835879325867,
      "final_internal_similarity": 0.010107138234636059,
      "pruned_count": 0
    },
    {
      "chain_index": 4,
      "finish_reason": "stop",
      "extracted_answer": "2",
      "prompt_tokens": 138,
      "completion_tokens": 22544,
      "completed_thought_count": 51,
      "final_mean_pairwise_similarity": 0.37275856733322144,
      "final_internal_similarity": 0.007308991516337675,
      "pruned_count": 0
    },
    {
      "chain_index": 5,
      "finish_reason": "stop",
      "extracted_answer": "\\dfrac{9\\sqrt{23}}{23}",
      "prompt_tokens": 138,
      "completion_tokens": 14954,
      "completed_thought_count": 46,
      "final_mean_pairwise_similarity": 0.4044700264930725,
      "final_internal_similarity": 0.008792826662892881,
      "pruned_count": 0
    },
    {
      "chain_index": 6,
      "finish_reason": "stop",
      "extracted_answer": "\\dfrac{15}{8}",
      "prompt_tokens": 138,
      "completion_tokens": 20400,
      "completed_thought_count": 32,
      "final_mean_pairwise_similarity": 0.4630144536495209,
      "final_internal_similarity": 0.014469201676547527,
      "pruned_count": 0
    },
    {
      "chain_index": 7,
      "finish_reason": "stop",
      "extracted_answer": "\\sqrt{2}",
      "prompt_tokens": 138,
      "completion_tokens": 17970,
      "completed_thought_count": 51,
      "final_mean_pairwise_similarity": 0.427588552236557,
      "final_internal_similarity": 0.008384089259540333,
      "pruned_count": 0
    },
    {
      "chain_index": 8,
      "finish_reason": "stop",
      "extracted_answer": "\\dfrac{2\\sqrt{22}}{5}",
      "prompt_tokens": 138,
      "completion_tokens": 23136,
      "completed_thought_count": 28,
      "final_mean_pairwise_similarity": 0.3298232853412628,
      "final_internal_similarity": 0.011779403047902244,
      "pruned_count": 0
    }
  ],
  "pruned_chain_details": [],
  "error_chain_details": []
}