{
  "iteration": 21,
  "question_id": "index_20",
  "status": "SUCCESS",
  "n_chains_start": 8,
  "n_chains_completed_stream_for_voting": 8,
  "n_chains_pruned": 0,
  "n_chains_error": 0,
  "similarity_threshold": 0.95,
  "num_steps_to_delay_pruning": 20,
  "correct_answer_reference": "26",
  "individual_answers_final": [
    "26",
    "26",
    "26",
    "26",
    "26",
    "26",
    "26",
    "26"
  ],
  "voted_answer": "26",
  "final_score": 1,
  "processing_duration_sec": 54.46483540534973,
  "total_analysis_intervals": 16,
  "avg_kv_cache_usage": 0.047832061663447216,
  "max_kv_cache_usage": 0.087274900993798,
  "usage_aggregated": {
    "prompt_tokens": 134,
    "total_completion_tokens_across_all_started_chains": 21269
  },
  "chains_for_voting_details": [
    {
      "chain_index": 1,
      "finish_reason": "stop",
      "extracted_answer": "26",
      "prompt_tokens": 134,
      "completion_tokens": 2777,
      "completed_thought_count": 8,
      "final_mean_pairwise_similarity": 0.6912821531295776,
      "final_internal_similarity": 0.0864102691411972,
      "pruned_count": 0
    },
    {
      "chain_index": 2,
      "finish_reason": "stop",
      "extracted_answer": "26",
      "prompt_tokens": 134,
      "completion_tokens": 3004,
      "completed_thought_count": 6,
      "final_mean_pairwise_similarity": 0.7053180932998657,
      "final_internal_similarity": 0.11755301554997762,
      "pruned_count": 0
    },
    {
      "chain_index": 3,
      "finish_reason": "stop",
      "extracted_answer": "26",
      "prompt_tokens": 134,
      "completion_tokens": 2312,
      "completed_thought_count": 3,
      "final_mean_pairwise_similarity": 0.7561242580413818,
      "final_internal_similarity": 0.25204141934712726,
      "pruned_count": 0
    },
    {
      "chain_index": 4,
      "finish_reason": "stop",
      "extracted_answer": "26",
      "prompt_tokens": 134,
      "completion_tokens": 2189,
      "completed_thought_count": 6,
      "final_mean_pairwise_similarity": 0.7129347920417786,
      "final_internal_similarity": 0.11882246534029643,
      "pruned_count": 0
    },
    {
      "chain_index": 5,
      "finish_reason": "stop",
      "extracted_answer": "26",
      "prompt_tokens": 134,
      "completion_tokens": 3091,
      "completed_thought_count": 7,
      "final_mean_pairwise_similarity": 0.5741371512413025,
      "final_internal_similarity": 0.08201959303447179,
      "pruned_count": 0
    },
    {
      "chain_index": 6,
      "finish_reason": "stop",
      "extracted_answer": "26",
      "prompt_tokens": 134,
      "completion_tokens": 2480,
      "completed_thought_count": 5,
      "final_mean_pairwise_similarity": 0.7799867391586304,
      "final_internal_similarity": 0.15599734783172609,
      "pruned_count": 0
    },
    {
      "chain_index": 7,
      "finish_reason": "stop",
      "extracted_answer": "26",
      "prompt_tokens": 134,
      "completion_tokens": 2927,
      "completed_thought_count": 13,
      "final_mean_pairwise_similarity": 0.6551238298416138,
      "final_internal_similarity": 0.050394140757047214,
      "pruned_count": 0
    },
    {
      "chain_index": 8,
      "finish_reason": "stop",
      "extracted_answer": "26",
      "prompt_tokens": 134,
      "completion_tokens": 2489,
      "completed_thought_count": 2,
      "final_mean_pairwise_similarity": 0.7564917802810669,
      "final_internal_similarity": 0.37824589014053345,
      "pruned_count": 0
    }
  ],
  "pruned_chain_details": [],
  "error_chain_details": []
}