{
  "iteration": 20,
  "question_id": "index_19",
  "status": "SUCCESS",
  "n_chains_start": 8,
  "n_chains_completed_stream_for_voting": 1,
  "n_chains_pruned": 7,
  "n_chains_error": 0,
  "similarity_threshold": 0.95,
  "num_steps_to_delay_pruning": 20,
  "correct_answer_reference": "\\frac{448}{3}",
  "individual_answers_final": [
    "225"
  ],
  "voted_answer": "225",
  "final_score": 0,
  "processing_duration_sec": 419.75635147094727,
  "total_analysis_intervals": 30,
  "avg_kv_cache_usage": 0.06055918337465876,
  "max_kv_cache_usage": 0.1512366435029515,
  "usage_aggregated": {
    "prompt_tokens": 166,
    "total_completion_tokens_across_all_started_chains": 47417
  },
  "chains_for_voting_details": [
    {
      "chain_index": 6,
      "finish_reason": "stop",
      "extracted_answer": "225",
      "prompt_tokens": 166,
      "completion_tokens": 18765,
      "completed_thought_count": 47,
      "final_mean_pairwise_similarity": 0.5770086646080017,
      "final_internal_similarity": 0.012276780098042589,
      "pruned_count": 7
    }
  ],
  "pruned_chain_details": [
    {
      "chain_index": 1,
      "finish_reason": "worker_terminated_unexpectedly",
      "completion_tokens": 4040,
      "completed_thought_count": 43,
      "full_text_len": 16287,
      "pruned_at_step": 25,
      "pruned_by_chain_id": "q20_c8",
      "initial_pruned_count": 0
    },
    {
      "chain_index": 2,
      "finish_reason": "worker_terminated_unexpectedly",
      "completion_tokens": 4219,
      "completed_thought_count": 31,
      "full_text_len": 16395,
      "pruned_at_step": 27,
      "pruned_by_chain_id": "q20_c6",
      "initial_pruned_count": 0
    },
    {
      "chain_index": 3,
      "finish_reason": "worker_terminated_unexpectedly",
      "completion_tokens": 4039,
      "completed_thought_count": 37,
      "full_text_len": 16513,
      "pruned_at_step": 25,
      "pruned_by_chain_id": "q20_c6",
      "initial_pruned_count": 1
    },
    {
      "chain_index": 4,
      "finish_reason": "worker_terminated_unexpectedly",
      "completion_tokens": 3866,
      "completed_thought_count": 45,
      "full_text_len": 15920,
      "pruned_at_step": 23,
      "pruned_by_chain_id": "q20_c6",
      "initial_pruned_count": 0
    },
    {
      "chain_index": 5,
      "finish_reason": "worker_terminated_unexpectedly",
      "completion_tokens": 3866,
      "completed_thought_count": 35,
      "full_text_len": 16903,
      "pruned_at_step": 23,
      "pruned_by_chain_id": "q20_c3",
      "initial_pruned_count": 0
    },
    {
      "chain_index": 7,
      "finish_reason": "worker_terminated_unexpectedly",
      "completion_tokens": 4219,
      "completed_thought_count": 37,
      "full_text_len": 17554,
      "pruned_at_step": 27,
      "pruned_by_chain_id": "q20_c6",
      "initial_pruned_count": 0
    },
    {
      "chain_index": 8,
      "finish_reason": "worker_terminated_unexpectedly",
      "completion_tokens": 4403,
      "completed_thought_count": 43,
      "full_text_len": 17792,
      "pruned_at_step": 29,
      "pruned_by_chain_id": "q20_c6",
      "initial_pruned_count": 1
    }
  ],
  "error_chain_details": []
}