{
  "iteration": 4,
  "question_id": "index_3",
  "status": "SUCCESS",
  "n_chains_start": 8,
  "n_chains_completed_stream_for_voting": 8,
  "n_chains_pruned": 0,
  "n_chains_error": 0,
  "similarity_threshold": 0.95,
  "num_steps_to_delay_pruning": 20,
  "correct_answer_reference": "-984",
  "individual_answers_final": [
    "3063",
    "45",
    "-984",
    "-983",
    "4049",
    "-983",
    "-984",
    "-984"
  ],
  "voted_answer": "-984",
  "final_score": 1,
  "processing_duration_sec": 421.7508132457733,
  "total_analysis_intervals": 100,
  "avg_kv_cache_usage": 0.16966831910305802,
  "max_kv_cache_usage": 0.2905178211163416,
  "usage_aggregated": {
    "prompt_tokens": 118,
    "total_completion_tokens_across_all_started_chains": 96925
  },
  "chains_for_voting_details": [
    {
      "chain_index": 1,
      "finish_reason": "stop",
      "extracted_answer": "3063",
      "prompt_tokens": 118,
      "completion_tokens": 10800,
      "completed_thought_count": 55,
      "final_mean_pairwise_similarity": 0.5413894653320312,
      "final_internal_similarity": 0.00984344482421875,
      "pruned_count": 0
    },
    {
      "chain_index": 2,
      "finish_reason": "stop",
      "extracted_answer": "45",
      "prompt_tokens": 118,
      "completion_tokens": 13333,
      "completed_thought_count": 112,
      "final_mean_pairwise_similarity": 0.4537203907966614,
      "final_internal_similarity": 0.004051074917827334,
      "pruned_count": 0
    },
    {
      "chain_index": 3,
      "finish_reason": "stop",
      "extracted_answer": "-984",
      "prompt_tokens": 118,
      "completion_tokens": 12120,
      "completed_thought_count": 69,
      "final_mean_pairwise_similarity": 0.5163955688476562,
      "final_internal_similarity": 0.007483993751415308,
      "pruned_count": 0
    },
    {
      "chain_index": 4,
      "finish_reason": "stop",
      "extracted_answer": "-983",
      "prompt_tokens": 118,
      "completion_tokens": 17626,
      "completed_thought_count": 68,
      "final_mean_pairwise_similarity": 0.49877941608428955,
      "final_internal_similarity": 0.007334991413004258,
      "pruned_count": 0
    },
    {
      "chain_index": 5,
      "finish_reason": "stop",
      "extracted_answer": "4049",
      "prompt_tokens": 118,
      "completion_tokens": 18060,
      "completed_thought_count": 69,
      "final_mean_pairwise_similarity": 0.49244770407676697,
      "final_internal_similarity": 0.007136923247489376,
      "pruned_count": 0
    },
    {
      "chain_index": 6,
      "finish_reason": "stop",
      "extracted_answer": "-983",
      "prompt_tokens": 118,
      "completion_tokens": 9435,
      "completed_thought_count": 39,
      "final_mean_pairwise_similarity": 0.5044171214103699,
      "final_internal_similarity": 0.012933772343855638,
      "pruned_count": 0
    },
    {
      "chain_index": 7,
      "finish_reason": "stop",
      "extracted_answer": "-984",
      "prompt_tokens": 118,
      "completion_tokens": 7655,
      "completed_thought_count": 32,
      "final_mean_pairwise_similarity": 0.495243638753891,
      "final_internal_similarity": 0.015476363711059093,
      "pruned_count": 0
    },
    {
      "chain_index": 8,
      "finish_reason": "stop",
      "extracted_answer": "-984",
      "prompt_tokens": 118,
      "completion_tokens": 7896,
      "completed_thought_count": 29,
      "final_mean_pairwise_similarity": 0.5154258608818054,
      "final_internal_similarity": 0.017773305547648464,
      "pruned_count": 0
    }
  ],
  "pruned_chain_details": [],
  "error_chain_details": []
}