{
  "iteration": 5,
  "question_id": "index_4",
  "status": "SUCCESS",
  "n_chains_start": 8,
  "n_chains_completed_stream_for_voting": 8,
  "n_chains_pruned": 0,
  "n_chains_error": 0,
  "similarity_threshold": 0.95,
  "num_steps_to_delay_pruning": 20,
  "correct_answer_reference": "890",
  "individual_answers_final": [
    "890",
    "890",
    "890",
    "9000",
    "890",
    "890",
    "890",
    "890"
  ],
  "voted_answer": "890",
  "final_score": 1,
  "processing_duration_sec": 137.10531997680664,
  "total_analysis_intervals": 41,
  "avg_kv_cache_usage": 0.09942496559955058,
  "max_kv_cache_usage": 0.1830680714339086,
  "usage_aggregated": {
    "prompt_tokens": 138,
    "total_completion_tokens_across_all_started_chains": 48366
  },
  "chains_for_voting_details": [
    {
      "chain_index": 1,
      "finish_reason": "stop",
      "extracted_answer": "890",
      "prompt_tokens": 138,
      "completion_tokens": 6992,
      "completed_thought_count": 43,
      "final_mean_pairwise_similarity": 0.45955193042755127,
      "final_internal_similarity": 0.010687254195989565,
      "pruned_count": 0
    },
    {
      "chain_index": 2,
      "finish_reason": "stop",
      "extracted_answer": "890",
      "prompt_tokens": 138,
      "completion_tokens": 5460,
      "completed_thought_count": 25,
      "final_mean_pairwise_similarity": 0.4953041970729828,
      "final_internal_similarity": 0.019812167882919313,
      "pruned_count": 0
    },
    {
      "chain_index": 3,
      "finish_reason": "stop",
      "extracted_answer": "890",
      "prompt_tokens": 138,
      "completion_tokens": 5461,
      "completed_thought_count": 21,
      "final_mean_pairwise_similarity": 0.4691925048828125,
      "final_internal_similarity": 0.02234250023251488,
      "pruned_count": 0
    },
    {
      "chain_index": 4,
      "finish_reason": "stop",
      "extracted_answer": "9000",
      "prompt_tokens": 138,
      "completion_tokens": 3526,
      "completed_thought_count": 16,
      "final_mean_pairwise_similarity": 0.570754885673523,
      "final_internal_similarity": 0.035672180354595184,
      "pruned_count": 0
    },
    {
      "chain_index": 5,
      "finish_reason": "stop",
      "extracted_answer": "890",
      "prompt_tokens": 138,
      "completion_tokens": 5762,
      "completed_thought_count": 38,
      "final_mean_pairwise_similarity": 0.46530064940452576,
      "final_internal_similarity": 0.012244753931698046,
      "pruned_count": 0
    },
    {
      "chain_index": 6,
      "finish_reason": "stop",
      "extracted_answer": "890",
      "prompt_tokens": 138,
      "completion_tokens": 6953,
      "completed_thought_count": 31,
      "final_mean_pairwise_similarity": 0.5503726005554199,
      "final_internal_similarity": 0.01775395485662645,
      "pruned_count": 0
    },
    {
      "chain_index": 7,
      "finish_reason": "stop",
      "extracted_answer": "890",
      "prompt_tokens": 138,
      "completion_tokens": 7462,
      "completed_thought_count": 40,
      "final_mean_pairwise_similarity": 0.4346708655357361,
      "final_internal_similarity": 0.010866771638393401,
      "pruned_count": 0
    },
    {
      "chain_index": 8,
      "finish_reason": "stop",
      "extracted_answer": "890",
      "prompt_tokens": 138,
      "completion_tokens": 6750,
      "completed_thought_count": 34,
      "final_mean_pairwise_similarity": 0.5051513314247131,
      "final_internal_similarity": 0.014857392100726856,
      "pruned_count": 0
    }
  ],
  "pruned_chain_details": [],
  "error_chain_details": []
}