{
  "iteration": 23,
  "question_id": "index_22",
  "status": "SUCCESS",
  "n_chains_start": 8,
  "n_chains_completed_stream_for_voting": 8,
  "n_chains_pruned": 0,
  "n_chains_error": 0,
  "similarity_threshold": 0.95,
  "num_steps_to_delay_pruning": 20,
  "correct_answer_reference": "8\\sqrt{10}",
  "individual_answers_final": [
    "8\\sqrt{10}",
    "8\\sqrt{10}",
    "8\\sqrt{10}",
    "8\\sqrt{10}",
    "8\\sqrt{10}",
    "8\\sqrt{10}",
    "8\\sqrt{10}",
    "8\\sqrt{10}"
  ],
  "voted_answer": "8\\sqrt{10}",
  "final_score": 1,
  "processing_duration_sec": 210.16966485977173,
  "total_analysis_intervals": 48,
  "avg_kv_cache_usage": 0.09862665310127808,
  "max_kv_cache_usage": 0.2289471717851005,
  "usage_aggregated": {
    "prompt_tokens": 130,
    "total_completion_tokens_across_all_started_chains": 57105
  },
  "chains_for_voting_details": [
    {
      "chain_index": 1,
      "finish_reason": "stop",
      "extracted_answer": "8\\sqrt{10}",
      "prompt_tokens": 130,
      "completion_tokens": 6423,
      "completed_thought_count": 18,
      "final_mean_pairwise_similarity": 0.49473899602890015,
      "final_internal_similarity": 0.027485499779383343,
      "pruned_count": 0
    },
    {
      "chain_index": 2,
      "finish_reason": "stop",
      "extracted_answer": "8\\sqrt{10}",
      "prompt_tokens": 130,
      "completion_tokens": 5994,
      "completed_thought_count": 16,
      "final_mean_pairwise_similarity": 0.5707716345787048,
      "final_internal_similarity": 0.03567322716116905,
      "pruned_count": 0
    },
    {
      "chain_index": 3,
      "finish_reason": "stop",
      "extracted_answer": "8\\sqrt{10}",
      "prompt_tokens": 130,
      "completion_tokens": 6774,
      "completed_thought_count": 24,
      "final_mean_pairwise_similarity": 0.45839929580688477,
      "final_internal_similarity": 0.019099970658620197,
      "pruned_count": 0
    },
    {
      "chain_index": 4,
      "finish_reason": "stop",
      "extracted_answer": "8\\sqrt{10}",
      "prompt_tokens": 130,
      "completion_tokens": 7812,
      "completed_thought_count": 36,
      "final_mean_pairwise_similarity": 0.44645124673843384,
      "final_internal_similarity": 0.012401423520512052,
      "pruned_count": 0
    },
    {
      "chain_index": 5,
      "finish_reason": "stop",
      "extracted_answer": "8\\sqrt{10}",
      "prompt_tokens": 130,
      "completion_tokens": 10351,
      "completed_thought_count": 33,
      "final_mean_pairwise_similarity": 0.5169599056243896,
      "final_internal_similarity": 0.015665451685587566,
      "pruned_count": 0
    },
    {
      "chain_index": 6,
      "finish_reason": "stop",
      "extracted_answer": "8\\sqrt{10}",
      "prompt_tokens": 130,
      "completion_tokens": 6275,
      "completed_thought_count": 11,
      "final_mean_pairwise_similarity": 0.39623531699180603,
      "final_internal_similarity": 0.036021392453800545,
      "pruned_count": 0
    },
    {
      "chain_index": 7,
      "finish_reason": "stop",
      "extracted_answer": "8\\sqrt{10}",
      "prompt_tokens": 130,
      "completion_tokens": 6440,
      "completed_thought_count": 24,
      "final_mean_pairwise_similarity": 0.47268688678741455,
      "final_internal_similarity": 0.019695286949475605,
      "pruned_count": 0
    },
    {
      "chain_index": 8,
      "finish_reason": "stop",
      "extracted_answer": "8\\sqrt{10}",
      "prompt_tokens": 130,
      "completion_tokens": 7036,
      "completed_thought_count": 37,
      "final_mean_pairwise_similarity": 0.4757450819015503,
      "final_internal_similarity": 0.012857975186528387,
      "pruned_count": 0
    }
  ],
  "pruned_chain_details": [],
  "error_chain_details": []
}