{
  "iteration": 18,
  "question_id": "index_17",
  "status": "SUCCESS",
  "n_chains_start": 8,
  "n_chains_completed_stream_for_voting": 5,
  "n_chains_pruned": 3,
  "n_chains_error": 0,
  "similarity_threshold": 0.95,
  "num_steps_to_delay_pruning": 20,
  "correct_answer_reference": "\\frac{2025}{101}",
  "individual_answers_final": [
    "1825",
    "1825",
    "\\dfrac{675}{67}",
    "1825",
    "1825"
  ],
  "voted_answer": "1825",
  "final_score": 0,
  "processing_duration_sec": 219.20708560943604,
  "total_analysis_intervals": 68,
  "avg_kv_cache_usage": 0.14363318109671666,
  "max_kv_cache_usage": 0.2353732347007398,
  "usage_aggregated": {
    "prompt_tokens": 217,
    "total_completion_tokens_across_all_started_chains": 68664
  },
  "chains_for_voting_details": [
    {
      "chain_index": 2,
      "finish_reason": "stop",
      "extracted_answer": "1825",
      "prompt_tokens": 217,
      "completion_tokens": 7115,
      "completed_thought_count": 98,
      "final_mean_pairwise_similarity": 0.4671204388141632,
      "final_internal_similarity": 0.004766535089940441,
      "pruned_count": 0
    },
    {
      "chain_index": 3,
      "finish_reason": "stop",
      "extracted_answer": "1825",
      "prompt_tokens": 217,
      "completion_tokens": 5588,
      "completed_thought_count": 66,
      "final_mean_pairwise_similarity": 0.4886663556098938,
      "final_internal_similarity": 0.007404035691058997,
      "pruned_count": 0
    },
    {
      "chain_index": 4,
      "finish_reason": "stop",
      "extracted_answer": "\\dfrac{675}{67}",
      "prompt_tokens": 217,
      "completion_tokens": 6982,
      "completed_thought_count": 63,
      "final_mean_pairwise_similarity": 0.47237005829811096,
      "final_internal_similarity": 0.007497937433303349,
      "pruned_count": 0
    },
    {
      "chain_index": 5,
      "finish_reason": "stop",
      "extracted_answer": "1825",
      "prompt_tokens": 217,
      "completion_tokens": 9404,
      "completed_thought_count": 82,
      "final_mean_pairwise_similarity": 0.43000391125679016,
      "final_internal_similarity": 0.0052439501372779284,
      "pruned_count": 0
    },
    {
      "chain_index": 8,
      "finish_reason": "stop",
      "extracted_answer": "1825",
      "prompt_tokens": 217,
      "completion_tokens": 10437,
      "completed_thought_count": 104,
      "final_mean_pairwise_similarity": 0.5113101601600647,
      "final_internal_similarity": 0.00491644384769293,
      "pruned_count": 3
    }
  ],
  "pruned_chain_details": [
    {
      "chain_index": 1,
      "finish_reason": "worker_terminated_unexpectedly",
      "completion_tokens": 9753,
      "completed_thought_count": 119,
      "full_text_len": 41778,
      "pruned_at_step": 67,
      "pruned_by_chain_id": "q18_c8",
      "initial_pruned_count": 2
    },
    {
      "chain_index": 6,
      "finish_reason": "worker_terminated_unexpectedly",
      "completion_tokens": 9633,
      "completed_thought_count": 95,
      "full_text_len": 38408,
      "pruned_at_step": 65,
      "pruned_by_chain_id": "q18_c1",
      "initial_pruned_count": 0
    },
    {
      "chain_index": 7,
      "finish_reason": "worker_terminated_unexpectedly",
      "completion_tokens": 9752,
      "completed_thought_count": 100,
      "full_text_len": 37791,
      "pruned_at_step": 67,
      "pruned_by_chain_id": "q18_c1",
      "initial_pruned_count": 0
    }
  ],
  "error_chain_details": []
}