{
  "iteration": 6,
  "question_id": "index_5",
  "status": "SUCCESS",
  "n_chains_start": 8,
  "n_chains_completed_stream_for_voting": 2,
  "n_chains_pruned": 6,
  "n_chains_error": 0,
  "similarity_threshold": 0.95,
  "num_steps_to_delay_pruning": 20,
  "correct_answer_reference": "\\frac{1311}{2017}",
  "individual_answers_final": [
    "\\dfrac{1311}{2017}",
    "0"
  ],
  "voted_answer": "\\dfrac{1311}{2017}",
  "final_score": 1,
  "processing_duration_sec": 134.3016586303711,
  "total_analysis_intervals": 40,
  "avg_kv_cache_usage": 0.06873035931610737,
  "max_kv_cache_usage": 0.1506388702084734,
  "usage_aggregated": {
    "prompt_tokens": 11209,
    "total_completion_tokens_across_all_started_chains": 41349
  },
  "chains_for_voting_details": [
    {
      "chain_index": 7,
      "finish_reason": "stop",
      "extracted_answer": "\\dfrac{1311}{2017}",
      "prompt_tokens": 108,
      "completion_tokens": 7543,
      "completed_thought_count": 29,
      "final_mean_pairwise_similarity": 0.6865565776824951,
      "final_internal_similarity": 0.023674364747672247,
      "pruned_count": 6
    },
    {
      "chain_index": 8,
      "finish_reason": "stop",
      "extracted_answer": "0",
      "prompt_tokens": 108,
      "completion_tokens": 3354,
      "completed_thought_count": 13,
      "final_mean_pairwise_similarity": 0.6825673580169678,
      "final_internal_similarity": 0.0525051813859206,
      "pruned_count": 0
    }
  ],
  "pruned_chain_details": [
    {
      "chain_index": 1,
      "finish_reason": "worker_terminated_unexpectedly",
      "completion_tokens": 5000,
      "completed_thought_count": 33,
      "full_text_len": 12670,
      "pruned_at_step": 34,
      "pruned_by_chain_id": "q6_c7",
      "initial_pruned_count": 2
    },
    {
      "chain_index": 2,
      "finish_reason": "worker_terminated_unexpectedly",
      "completion_tokens": 4655,
      "completed_thought_count": 35,
      "full_text_len": 11472,
      "pruned_at_step": 30,
      "pruned_by_chain_id": "q6_c7",
      "initial_pruned_count": 0
    },
    {
      "chain_index": 3,
      "finish_reason": "worker_terminated_unexpectedly",
      "completion_tokens": 4655,
      "completed_thought_count": 36,
      "full_text_len": 11641,
      "pruned_at_step": 30,
      "pruned_by_chain_id": "q6_c7",
      "initial_pruned_count": 0
    },
    {
      "chain_index": 4,
      "finish_reason": "worker_terminated_unexpectedly",
      "completion_tokens": 4828,
      "completed_thought_count": 13,
      "full_text_len": 11253,
      "pruned_at_step": 32,
      "pruned_by_chain_id": "q6_c1",
      "initial_pruned_count": 0
    },
    {
      "chain_index": 5,
      "finish_reason": "worker_terminated_unexpectedly",
      "completion_tokens": 5700,
      "completed_thought_count": 22,
      "full_text_len": 13185,
      "pruned_at_step": 39,
      "pruned_by_chain_id": "q6_c7",
      "initial_pruned_count": 0
    },
    {
      "chain_index": 6,
      "finish_reason": "worker_terminated_unexpectedly",
      "completion_tokens": 4488,
      "completed_thought_count": 27,
      "full_text_len": 11693,
      "pruned_at_step": 28,
      "pruned_by_chain_id": "q6_c1",
      "initial_pruned_count": 0
    }
  ],
  "error_chain_details": [],
  "llm_tie_break_performed": true,
  "llm_tie_break_prompt_tokens": 11101,
  "llm_tie_break_completion_tokens": 1126,
  "llm_tie_break_response_text": "\n\nThe correct reasoning is in Chain 1, which accounts for the fact that 2017 divides 2025!, leading to the remainder r = (2025! / 2017) * 1311, and thus r/N = 1311/2017.\n\n\\boxed{\\dfrac{1311}{2017}}"
}