{
  "iteration": 22,
  "question_id": "index_21",
  "status": "SUCCESS",
  "n_chains_start": 8,
  "n_chains_completed_stream_for_voting": 4,
  "n_chains_pruned": 4,
  "n_chains_error": 0,
  "similarity_threshold": 0.95,
  "num_steps_to_delay_pruning": 20,
  "correct_answer_reference": "63",
  "individual_answers_final": [
    "63",
    "105",
    "63",
    "63"
  ],
  "voted_answer": "63",
  "final_score": 1,
  "processing_duration_sec": 534.2265818119049,
  "total_analysis_intervals": 100,
  "avg_kv_cache_usage": 0.1635130365823724,
  "max_kv_cache_usage": 0.3564223268325487,
  "usage_aggregated": {
    "prompt_tokens": 135,
    "total_completion_tokens_across_all_started_chains": 104889
  },
  "chains_for_voting_details": [
    {
      "chain_index": 1,
      "finish_reason": "stop",
      "extracted_answer": "63",
      "prompt_tokens": 135,
      "completion_tokens": 7615,
      "completed_thought_count": 63,
      "final_mean_pairwise_similarity": 0.4652901589870453,
      "final_internal_similarity": 0.007385558079159449,
      "pruned_count": 0
    },
    {
      "chain_index": 2,
      "finish_reason": "stop",
      "extracted_answer": "105",
      "prompt_tokens": 135,
      "completion_tokens": 22121,
      "completed_thought_count": 109,
      "final_mean_pairwise_similarity": 0.45671361684799194,
      "final_internal_similarity": 0.004190033182091669,
      "pruned_count": 4
    },
    {
      "chain_index": 3,
      "finish_reason": "stop",
      "extracted_answer": "63",
      "prompt_tokens": 135,
      "completion_tokens": 13064,
      "completed_thought_count": 79,
      "final_mean_pairwise_similarity": 0.47606173157691956,
      "final_internal_similarity": 0.0060260978680622725,
      "pruned_count": 0
    },
    {
      "chain_index": 8,
      "finish_reason": "stop",
      "extracted_answer": "63",
      "prompt_tokens": 135,
      "completion_tokens": 15540,
      "completed_thought_count": 83,
      "final_mean_pairwise_similarity": 0.47277748584747314,
      "final_internal_similarity": 0.005696114287318954,
      "pruned_count": 0
    }
  ],
  "pruned_chain_details": [
    {
      "chain_index": 4,
      "finish_reason": "stop",
      "completion_tokens": 8020,
      "completed_thought_count": 61,
      "full_text_len": 26999,
      "pruned_at_step": 96,
      "pruned_by_chain_id": "q22_c7",
      "initial_pruned_count": 0
    },
    {
      "chain_index": 5,
      "finish_reason": "worker_terminated_unexpectedly",
      "completion_tokens": 12679,
      "completed_thought_count": 75,
      "full_text_len": 36361,
      "pruned_at_step": 93,
      "pruned_by_chain_id": "q22_c7",
      "initial_pruned_count": 0
    },
    {
      "chain_index": 6,
      "finish_reason": "worker_terminated_unexpectedly",
      "completion_tokens": 12565,
      "completed_thought_count": 131,
      "full_text_len": 43107,
      "pruned_at_step": 91,
      "pruned_by_chain_id": "q22_c7",
      "initial_pruned_count": 0
    },
    {
      "chain_index": 7,
      "finish_reason": "worker_terminated_unexpectedly",
      "completion_tokens": 13285,
      "completed_thought_count": 114,
      "full_text_len": 41429,
      "pruned_at_step": 100,
      "pruned_by_chain_id": "q22_c2",
      "initial_pruned_count": 3
    }
  ],
  "error_chain_details": []
}