{
  "iteration": 3,
  "question_id": "index_2",
  "status": "SUCCESS",
  "n_chains_start": 8,
  "n_chains_completed_stream_for_voting": 1,
  "n_chains_pruned": 7,
  "n_chains_error": 0,
  "similarity_threshold": 0.95,
  "num_steps_to_delay_pruning": 20,
  "correct_answer_reference": "\\frac{1}{576}",
  "individual_answers_final": [
    "1024"
  ],
  "voted_answer": "1024",
  "final_score": 0,
  "processing_duration_sec": 533.2438595294952,
  "total_analysis_intervals": 96,
  "avg_kv_cache_usage": 0.13087968826917515,
  "max_kv_cache_usage": 0.3407307778524994,
  "usage_aggregated": {
    "prompt_tokens": 167,
    "total_completion_tokens_across_all_started_chains": 92946
  },
  "chains_for_voting_details": [
    {
      "chain_index": 5,
      "finish_reason": "stop",
      "extracted_answer": "1024",
      "prompt_tokens": 167,
      "completion_tokens": 22411,
      "completed_thought_count": 58,
      "final_mean_pairwise_similarity": 0.4367673695087433,
      "final_internal_similarity": 0.00753047188808178,
      "pruned_count": 7
    }
  ],
  "pruned_chain_details": [
    {
      "chain_index": 1,
      "finish_reason": "worker_terminated_unexpectedly",
      "completion_tokens": 9375,
      "completed_thought_count": 38,
      "full_text_len": 22656,
      "pruned_at_step": 65,
      "pruned_by_chain_id": "q3_c4",
      "initial_pruned_count": 0
    },
    {
      "chain_index": 2,
      "finish_reason": "worker_terminated_unexpectedly",
      "completion_tokens": 9486,
      "completed_thought_count": 25,
      "full_text_len": 22623,
      "pruned_at_step": 67,
      "pruned_by_chain_id": "q3_c7",
      "initial_pruned_count": 0
    },
    {
      "chain_index": 3,
      "finish_reason": "worker_terminated_unexpectedly",
      "completion_tokens": 8942,
      "completed_thought_count": 34,
      "full_text_len": 21349,
      "pruned_at_step": 59,
      "pruned_by_chain_id": "q3_c5",
      "initial_pruned_count": 0
    },
    {
      "chain_index": 4,
      "finish_reason": "worker_terminated_unexpectedly",
      "completion_tokens": 12345,
      "completed_thought_count": 60,
      "full_text_len": 29290,
      "pruned_at_step": 95,
      "pruned_by_chain_id": "q3_c5",
      "initial_pruned_count": 2
    },
    {
      "chain_index": 6,
      "finish_reason": "worker_terminated_unexpectedly",
      "completion_tokens": 11534,
      "completed_thought_count": 24,
      "full_text_len": 25897,
      "pruned_at_step": 87,
      "pruned_by_chain_id": "q3_c4",
      "initial_pruned_count": 0
    },
    {
      "chain_index": 7,
      "finish_reason": "worker_terminated_unexpectedly",
      "completion_tokens": 9588,
      "completed_thought_count": 36,
      "full_text_len": 23635,
      "pruned_at_step": 69,
      "pruned_by_chain_id": "q3_c5",
      "initial_pruned_count": 2
    },
    {
      "chain_index": 8,
      "finish_reason": "worker_terminated_unexpectedly",
      "completion_tokens": 9265,
      "completed_thought_count": 32,
      "full_text_len": 22738,
      "pruned_at_step": 63,
      "pruned_by_chain_id": "q3_c7",
      "initial_pruned_count": 0
    }
  ],
  "error_chain_details": []
}