{
  "iteration": 19,
  "question_id": "index_18",
  "status": "SUCCESS",
  "n_chains_start": 8,
  "n_chains_completed_stream_for_voting": 1,
  "n_chains_pruned": 7,
  "n_chains_error": 0,
  "similarity_threshold": 0.95,
  "num_steps_to_delay_pruning": 20,
  "correct_answer_reference": "\\frac{4}{9}",
  "individual_answers_final": [
    "\\dfrac{1}{2}"
  ],
  "voted_answer": "\\dfrac{1}{2}",
  "final_score": 0,
  "processing_duration_sec": 187.05144572257996,
  "total_analysis_intervals": 27,
  "avg_kv_cache_usage": 0.05106959561919302,
  "max_kv_cache_usage": 0.1464544571471269,
  "usage_aggregated": {
    "prompt_tokens": 90,
    "total_completion_tokens_across_all_started_chains": 37605
  },
  "chains_for_voting_details": [
    {
      "chain_index": 7,
      "finish_reason": "stop",
      "extracted_answer": "\\dfrac{1}{2}",
      "prompt_tokens": 90,
      "completion_tokens": 9844,
      "completed_thought_count": 61,
      "final_mean_pairwise_similarity": 0.4334888756275177,
      "final_internal_similarity": 0.0071063750102871755,
      "pruned_count": 7
    }
  ],
  "pruned_chain_details": [
    {
      "chain_index": 1,
      "finish_reason": "worker_terminated_unexpectedly",
      "completion_tokens": 3812,
      "completed_thought_count": 45,
      "full_text_len": 15978,
      "pruned_at_step": 22,
      "pruned_by_chain_id": "q19_c5",
      "initial_pruned_count": 0
    },
    {
      "chain_index": 2,
      "finish_reason": "worker_terminated_unexpectedly",
      "completion_tokens": 3991,
      "completed_thought_count": 46,
      "full_text_len": 17466,
      "pruned_at_step": 24,
      "pruned_by_chain_id": "q19_c3",
      "initial_pruned_count": 0
    },
    {
      "chain_index": 3,
      "finish_reason": "worker_terminated_unexpectedly",
      "completion_tokens": 4173,
      "completed_thought_count": 55,
      "full_text_len": 17721,
      "pruned_at_step": 26,
      "pruned_by_chain_id": "q19_c7",
      "initial_pruned_count": 1
    },
    {
      "chain_index": 4,
      "finish_reason": "worker_terminated_unexpectedly",
      "completion_tokens": 4173,
      "completed_thought_count": 68,
      "full_text_len": 19164,
      "pruned_at_step": 26,
      "pruned_by_chain_id": "q19_c7",
      "initial_pruned_count": 0
    },
    {
      "chain_index": 5,
      "finish_reason": "worker_terminated_unexpectedly",
      "completion_tokens": 3811,
      "completed_thought_count": 44,
      "full_text_len": 18146,
      "pruned_at_step": 22,
      "pruned_by_chain_id": "q19_c7",
      "initial_pruned_count": 1
    },
    {
      "chain_index": 6,
      "finish_reason": "worker_terminated_unexpectedly",
      "completion_tokens": 3811,
      "completed_thought_count": 42,
      "full_text_len": 15407,
      "pruned_at_step": 22,
      "pruned_by_chain_id": "q19_c8",
      "initial_pruned_count": 0
    },
    {
      "chain_index": 8,
      "finish_reason": "worker_terminated_unexpectedly",
      "completion_tokens": 3990,
      "completed_thought_count": 48,
      "full_text_len": 18193,
      "pruned_at_step": 24,
      "pruned_by_chain_id": "q19_c7",
      "initial_pruned_count": 1
    }
  ],
  "error_chain_details": []
}