{
  "iteration": 11,
  "question_id": "index_10",
  "status": "SUCCESS",
  "n_chains_start": 8,
  "n_chains_completed_stream_for_voting": 8,
  "n_chains_pruned": 0,
  "n_chains_error": 0,
  "similarity_threshold": 0.95,
  "num_steps_to_delay_pruning": 20,
  "correct_answer_reference": "56",
  "individual_answers_final": [
    "8",
    "8",
    "12",
    "4",
    "8",
    "8",
    "56",
    "12"
  ],
  "voted_answer": "8",
  "final_score": 0,
  "processing_duration_sec": 437.1468274593353,
  "total_analysis_intervals": 100,
  "avg_kv_cache_usage": 0.16722177992045292,
  "max_kv_cache_usage": 0.3813793618770081,
  "usage_aggregated": {
    "prompt_tokens": 111,
    "total_completion_tokens_across_all_started_chains": 100485
  },
  "chains_for_voting_details": [
    {
      "chain_index": 1,
      "finish_reason": "stop",
      "extracted_answer": "8",
      "prompt_tokens": 111,
      "completion_tokens": 11362,
      "completed_thought_count": 86,
      "final_mean_pairwise_similarity": 0.5109730958938599,
      "final_internal_similarity": 0.005941547626672789,
      "pruned_count": 0
    },
    {
      "chain_index": 2,
      "finish_reason": "stop",
      "extracted_answer": "8",
      "prompt_tokens": 111,
      "completion_tokens": 12604,
      "completed_thought_count": 124,
      "final_mean_pairwise_similarity": 0.45400092005729675,
      "final_internal_similarity": 0.0036612977423975544,
      "pruned_count": 0
    },
    {
      "chain_index": 3,
      "finish_reason": "stop",
      "extracted_answer": "12",
      "prompt_tokens": 111,
      "completion_tokens": 18654,
      "completed_thought_count": 73,
      "final_mean_pairwise_similarity": 0.486218124628067,
      "final_internal_similarity": 0.006660522255179001,
      "pruned_count": 0
    },
    {
      "chain_index": 4,
      "finish_reason": "stop",
      "extracted_answer": "4",
      "prompt_tokens": 111,
      "completion_tokens": 13402,
      "completed_thought_count": 131,
      "final_mean_pairwise_similarity": 0.4780966341495514,
      "final_internal_similarity": 0.003649592627095812,
      "pruned_count": 0
    },
    {
      "chain_index": 5,
      "finish_reason": "stop",
      "extracted_answer": "8",
      "prompt_tokens": 111,
      "completion_tokens": 10609,
      "completed_thought_count": 68,
      "final_mean_pairwise_similarity": 0.45549657940864563,
      "final_internal_similarity": 0.006698479108950671,
      "pruned_count": 0
    },
    {
      "chain_index": 6,
      "finish_reason": "stop",
      "extracted_answer": "8",
      "prompt_tokens": 111,
      "completion_tokens": 11861,
      "completed_thought_count": 98,
      "final_mean_pairwise_similarity": 0.5500685572624207,
      "final_internal_similarity": 0.005612944461861435,
      "pruned_count": 0
    },
    {
      "chain_index": 7,
      "finish_reason": "stop",
      "extracted_answer": "56",
      "prompt_tokens": 111,
      "completion_tokens": 10097,
      "completed_thought_count": 85,
      "final_mean_pairwise_similarity": 0.5338915586471558,
      "final_internal_similarity": 0.006281077160554774,
      "pruned_count": 0
    },
    {
      "chain_index": 8,
      "finish_reason": "stop",
      "extracted_answer": "12",
      "prompt_tokens": 111,
      "completion_tokens": 11896,
      "completed_thought_count": 85,
      "final_mean_pairwise_similarity": 0.5521215200424194,
      "final_internal_similarity": 0.006495547294616699,
      "pruned_count": 0
    }
  ],
  "pruned_chain_details": [],
  "error_chain_details": []
}