{
  "iteration": 24,
  "question_id": "index_23",
  "status": "SUCCESS",
  "n_chains_start": 8,
  "n_chains_completed_stream_for_voting": 8,
  "n_chains_pruned": 0,
  "n_chains_error": 0,
  "similarity_threshold": 0.95,
  "num_steps_to_delay_pruning": 20,
  "correct_answer_reference": "20",
  "individual_answers_final": [
    "100",
    "25",
    "25",
    "50",
    "100",
    "64",
    "100",
    "100"
  ],
  "voted_answer": "100",
  "final_score": 0,
  "processing_duration_sec": 307.67560720443726,
  "total_analysis_intervals": 80,
  "avg_kv_cache_usage": 0.15161506293143293,
  "max_kv_cache_usage": 0.3036688335948592,
  "usage_aggregated": {
    "prompt_tokens": 677,
    "total_completion_tokens_across_all_started_chains": 77109
  },
  "chains_for_voting_details": [
    {
      "chain_index": 1,
      "finish_reason": "stop",
      "extracted_answer": "100",
      "prompt_tokens": 677,
      "completion_tokens": 7889,
      "completed_thought_count": 39,
      "final_mean_pairwise_similarity": 0.5486491322517395,
      "final_internal_similarity": 0.014067926467993321,
      "pruned_count": 0
    },
    {
      "chain_index": 2,
      "finish_reason": "stop",
      "extracted_answer": "25",
      "prompt_tokens": 677,
      "completion_tokens": 10711,
      "completed_thought_count": 75,
      "final_mean_pairwise_similarity": 0.6431917548179626,
      "final_internal_similarity": 0.008575890064239502,
      "pruned_count": 0
    },
    {
      "chain_index": 3,
      "finish_reason": "stop",
      "extracted_answer": "25",
      "prompt_tokens": 677,
      "completion_tokens": 13511,
      "completed_thought_count": 86,
      "final_mean_pairwise_similarity": 0.6179773211479187,
      "final_internal_similarity": 0.007185782804045566,
      "pruned_count": 0
    },
    {
      "chain_index": 4,
      "finish_reason": "stop",
      "extracted_answer": "50",
      "prompt_tokens": 677,
      "completion_tokens": 8908,
      "completed_thought_count": 72,
      "final_mean_pairwise_similarity": 0.5737983584403992,
      "final_internal_similarity": 0.007969421645005545,
      "pruned_count": 0
    },
    {
      "chain_index": 5,
      "finish_reason": "stop",
      "extracted_answer": "100",
      "prompt_tokens": 677,
      "completion_tokens": 11171,
      "completed_thought_count": 65,
      "final_mean_pairwise_similarity": 0.5807152986526489,
      "final_internal_similarity": 0.008934081517733061,
      "pruned_count": 0
    },
    {
      "chain_index": 6,
      "finish_reason": "stop",
      "extracted_answer": "64",
      "prompt_tokens": 677,
      "completion_tokens": 8961,
      "completed_thought_count": 59,
      "final_mean_pairwise_similarity": 0.5729588866233826,
      "final_internal_similarity": 0.00971116756988784,
      "pruned_count": 0
    },
    {
      "chain_index": 7,
      "finish_reason": "stop",
      "extracted_answer": "100",
      "prompt_tokens": 677,
      "completion_tokens": 8511,
      "completed_thought_count": 48,
      "final_mean_pairwise_similarity": 0.6363495588302612,
      "final_internal_similarity": 0.013257282475630442,
      "pruned_count": 0
    },
    {
      "chain_index": 8,
      "finish_reason": "stop",
      "extracted_answer": "100",
      "prompt_tokens": 677,
      "completion_tokens": 7447,
      "completed_thought_count": 38,
      "final_mean_pairwise_similarity": 0.6943187713623047,
      "final_internal_similarity": 0.01827154661479749,
      "pruned_count": 0
    }
  ],
  "pruned_chain_details": [],
  "error_chain_details": []
}