{
  "iteration": 30,
  "question_id": "index_29",
  "status": "SUCCESS",
  "n_chains_start": 8,
  "n_chains_completed_stream_for_voting": 1,
  "n_chains_pruned": 7,
  "n_chains_error": 0,
  "similarity_threshold": 0.95,
  "num_steps_to_delay_pruning": 20,
  "correct_answer_reference": "\\sqrt{\\frac{95}{24}}",
  "individual_answers_final": [
    "42"
  ],
  "voted_answer": "42",
  "final_score": 0,
  "processing_duration_sec": 356.21648955345154,
  "total_analysis_intervals": 27,
  "avg_kv_cache_usage": 0.057398340856932455,
  "max_kv_cache_usage": 0.1572143764477321,
  "usage_aggregated": {
    "prompt_tokens": 115,
    "total_completion_tokens_across_all_started_chains": 45619
  },
  "chains_for_voting_details": [
    {
      "chain_index": 6,
      "finish_reason": "stop",
      "extracted_answer": "42",
      "prompt_tokens": 115,
      "completion_tokens": 16234,
      "completed_thought_count": 57,
      "final_mean_pairwise_similarity": 0.5109275579452515,
      "final_internal_similarity": 0.008963641367460551,
      "pruned_count": 7
    }
  ],
  "pruned_chain_details": [
    {
      "chain_index": 1,
      "finish_reason": "worker_terminated_unexpectedly",
      "completion_tokens": 4248,
      "completed_thought_count": 38,
      "full_text_len": 16989,
      "pruned_at_step": 26,
      "pruned_by_chain_id": "q30_c8",
      "initial_pruned_count": 0
    },
    {
      "chain_index": 2,
      "finish_reason": "worker_terminated_unexpectedly",
      "completion_tokens": 4075,
      "completed_thought_count": 50,
      "full_text_len": 15715,
      "pruned_at_step": 24,
      "pruned_by_chain_id": "q30_c8",
      "initial_pruned_count": 0
    },
    {
      "chain_index": 3,
      "finish_reason": "worker_terminated_unexpectedly",
      "completion_tokens": 4247,
      "completed_thought_count": 42,
      "full_text_len": 15010,
      "pruned_at_step": 26,
      "pruned_by_chain_id": "q30_c8",
      "initial_pruned_count": 0
    },
    {
      "chain_index": 4,
      "finish_reason": "worker_terminated_unexpectedly",
      "completion_tokens": 4247,
      "completed_thought_count": 43,
      "full_text_len": 14326,
      "pruned_at_step": 26,
      "pruned_by_chain_id": "q30_c8",
      "initial_pruned_count": 0
    },
    {
      "chain_index": 5,
      "finish_reason": "worker_terminated_unexpectedly",
      "completion_tokens": 4247,
      "completed_thought_count": 34,
      "full_text_len": 15227,
      "pruned_at_step": 26,
      "pruned_by_chain_id": "q30_c8",
      "initial_pruned_count": 0
    },
    {
      "chain_index": 7,
      "finish_reason": "worker_terminated_unexpectedly",
      "completion_tokens": 4074,
      "completed_thought_count": 39,
      "full_text_len": 15315,
      "pruned_at_step": 24,
      "pruned_by_chain_id": "q30_c8",
      "initial_pruned_count": 0
    },
    {
      "chain_index": 8,
      "finish_reason": "worker_terminated_unexpectedly",
      "completion_tokens": 4247,
      "completed_thought_count": 48,
      "full_text_len": 15554,
      "pruned_at_step": 26,
      "pruned_by_chain_id": "q30_c6",
      "initial_pruned_count": 6
    }
  ],
  "error_chain_details": []
}