{
  "iteration": 25,
  "question_id": "index_24",
  "status": "SUCCESS",
  "n_chains_start": 8,
  "n_chains_completed_stream_for_voting": 1,
  "n_chains_pruned": 7,
  "n_chains_error": 0,
  "similarity_threshold": 0.95,
  "num_steps_to_delay_pruning": 20,
  "correct_answer_reference": "\\sqrt{23}-2 \\sqrt{3}",
  "individual_answers_final": [
    "3"
  ],
  "voted_answer": "3",
  "final_score": 0,
  "processing_duration_sec": 429.26368594169617,
  "total_analysis_intervals": 44,
  "avg_kv_cache_usage": 0.07527893144164614,
  "max_kv_cache_usage": 0.2086228797728461,
  "usage_aggregated": {
    "prompt_tokens": 146,
    "total_completion_tokens_across_all_started_chains": 59241
  },
  "chains_for_voting_details": [
    {
      "chain_index": 8,
      "finish_reason": "stop",
      "extracted_answer": "3",
      "prompt_tokens": 146,
      "completion_tokens": 18936,
      "completed_thought_count": 47,
      "final_mean_pairwise_similarity": 0.44969239830970764,
      "final_internal_similarity": 0.009567923368291651,
      "pruned_count": 7
    }
  ],
  "pruned_chain_details": [
    {
      "chain_index": 1,
      "finish_reason": "worker_terminated_unexpectedly",
      "completion_tokens": 6638,
      "completed_thought_count": 28,
      "full_text_len": 17624,
      "pruned_at_step": 43,
      "pruned_by_chain_id": "q25_c8",
      "initial_pruned_count": 1
    },
    {
      "chain_index": 2,
      "finish_reason": "worker_terminated_unexpectedly",
      "completion_tokens": 5756,
      "completed_thought_count": 39,
      "full_text_len": 17509,
      "pruned_at_step": 37,
      "pruned_by_chain_id": "q25_c8",
      "initial_pruned_count": 1
    },
    {
      "chain_index": 3,
      "finish_reason": "worker_terminated_unexpectedly",
      "completion_tokens": 5579,
      "completed_thought_count": 42,
      "full_text_len": 16916,
      "pruned_at_step": 35,
      "pruned_by_chain_id": "q25_c8",
      "initial_pruned_count": 0
    },
    {
      "chain_index": 4,
      "finish_reason": "worker_terminated_unexpectedly",
      "completion_tokens": 5579,
      "completed_thought_count": 25,
      "full_text_len": 16329,
      "pruned_at_step": 35,
      "pruned_by_chain_id": "q25_c8",
      "initial_pruned_count": 0
    },
    {
      "chain_index": 5,
      "finish_reason": "worker_terminated_unexpectedly",
      "completion_tokens": 5579,
      "completed_thought_count": 42,
      "full_text_len": 16387,
      "pruned_at_step": 35,
      "pruned_by_chain_id": "q25_c8",
      "initial_pruned_count": 0
    },
    {
      "chain_index": 6,
      "finish_reason": "worker_terminated_unexpectedly",
      "completion_tokens": 5419,
      "completed_thought_count": 36,
      "full_text_len": 16501,
      "pruned_at_step": 33,
      "pruned_by_chain_id": "q25_c2",
      "initial_pruned_count": 0
    },
    {
      "chain_index": 7,
      "finish_reason": "worker_terminated_unexpectedly",
      "completion_tokens": 5755,
      "completed_thought_count": 31,
      "full_text_len": 16911,
      "pruned_at_step": 37,
      "pruned_by_chain_id": "q25_c1",
      "initial_pruned_count": 0
    }
  ],
  "error_chain_details": []
}