{
  "iteration": 27,
  "question_id": "index_26",
  "status": "SUCCESS",
  "n_chains_start": 8,
  "n_chains_completed_stream_for_voting": 1,
  "n_chains_pruned": 7,
  "n_chains_error": 0,
  "similarity_threshold": 0.95,
  "num_steps_to_delay_pruning": 20,
  "correct_answer_reference": "\\frac{7}{18}",
  "individual_answers_final": [
    "\\dfrac{7}{18}"
  ],
  "voted_answer": "\\dfrac{7}{18}",
  "final_score": 1,
  "processing_duration_sec": 277.3690309524536,
  "total_analysis_intervals": 63,
  "avg_kv_cache_usage": 0.11893904980637723,
  "max_kv_cache_usage": 0.2947022341776881,
  "usage_aggregated": {
    "prompt_tokens": 151,
    "total_completion_tokens_across_all_started_chains": 69482
  },
  "chains_for_voting_details": [
    {
      "chain_index": 6,
      "finish_reason": "stop",
      "extracted_answer": "\\dfrac{7}{18}",
      "prompt_tokens": 151,
      "completion_tokens": 12672,
      "completed_thought_count": 70,
      "final_mean_pairwise_similarity": 0.4601195156574249,
      "final_internal_similarity": 0.006573135937963213,
      "pruned_count": 7
    }
  ],
  "pruned_chain_details": [
    {
      "chain_index": 1,
      "finish_reason": "worker_terminated_unexpectedly",
      "completion_tokens": 7870,
      "completed_thought_count": 27,
      "full_text_len": 19035,
      "pruned_at_step": 50,
      "pruned_by_chain_id": "q27_c3",
      "initial_pruned_count": 0
    },
    {
      "chain_index": 2,
      "finish_reason": "worker_terminated_unexpectedly",
      "completion_tokens": 7870,
      "completed_thought_count": 47,
      "full_text_len": 19261,
      "pruned_at_step": 50,
      "pruned_by_chain_id": "q27_c4",
      "initial_pruned_count": 0
    },
    {
      "chain_index": 3,
      "finish_reason": "worker_terminated_unexpectedly",
      "completion_tokens": 7869,
      "completed_thought_count": 65,
      "full_text_len": 23675,
      "pruned_at_step": 50,
      "pruned_by_chain_id": "q27_c4",
      "initial_pruned_count": 1
    },
    {
      "chain_index": 4,
      "finish_reason": "worker_terminated_unexpectedly",
      "completion_tokens": 8950,
      "completed_thought_count": 61,
      "full_text_len": 24531,
      "pruned_at_step": 62,
      "pruned_by_chain_id": "q27_c6",
      "initial_pruned_count": 3
    },
    {
      "chain_index": 5,
      "finish_reason": "worker_terminated_unexpectedly",
      "completion_tokens": 7720,
      "completed_thought_count": 49,
      "full_text_len": 21457,
      "pruned_at_step": 48,
      "pruned_by_chain_id": "q27_c6",
      "initial_pruned_count": 0
    },
    {
      "chain_index": 7,
      "finish_reason": "worker_terminated_unexpectedly",
      "completion_tokens": 8033,
      "completed_thought_count": 28,
      "full_text_len": 17681,
      "pruned_at_step": 52,
      "pruned_by_chain_id": "q27_c6",
      "initial_pruned_count": 0
    },
    {
      "chain_index": 8,
      "finish_reason": "worker_terminated_unexpectedly",
      "completion_tokens": 8498,
      "completed_thought_count": 22,
      "full_text_len": 18594,
      "pruned_at_step": 57,
      "pruned_by_chain_id": "q27_c6",
      "initial_pruned_count": 0
    }
  ],
  "error_chain_details": []
}