{
  "iteration": 10,
  "question_id": "index_9",
  "status": "SUCCESS",
  "n_chains_start": 8,
  "n_chains_completed_stream_for_voting": 1,
  "n_chains_pruned": 7,
  "n_chains_error": 0,
  "similarity_threshold": 0.95,
  "num_steps_to_delay_pruning": 20,
  "correct_answer_reference": "\\frac{-1+\\sqrt{17}}{2}, \\frac{-1-\\sqrt{17}}{2}",
  "individual_answers_final": [
    "\\dfrac{1 - \\sqrt{73}}{2}"
  ],
  "voted_answer": "\\dfrac{1 - \\sqrt{73}}{2}",
  "final_score": 0,
  "processing_duration_sec": 436.4391505718231,
  "total_analysis_intervals": 61,
  "avg_kv_cache_usage": 0.091921394287682,
  "max_kv_cache_usage": 0.2456848240304864,
  "usage_aggregated": {
    "prompt_tokens": 141,
    "total_completion_tokens_across_all_started_chains": 69238
  },
  "chains_for_voting_details": [
    {
      "chain_index": 8,
      "finish_reason": "stop",
      "extracted_answer": "\\dfrac{1 - \\sqrt{73}}{2}",
      "prompt_tokens": 141,
      "completion_tokens": 19035,
      "completed_thought_count": 50,
      "final_mean_pairwise_similarity": 0.5006115436553955,
      "final_internal_similarity": 0.01001223087310791,
      "pruned_count": 7
    }
  ],
  "pruned_chain_details": [
    {
      "chain_index": 1,
      "finish_reason": "worker_terminated_unexpectedly",
      "completion_tokens": 8409,
      "completed_thought_count": 29,
      "full_text_len": 19028,
      "pruned_at_step": 56,
      "pruned_by_chain_id": "q10_c8",
      "initial_pruned_count": 1
    },
    {
      "chain_index": 2,
      "finish_reason": "worker_terminated_unexpectedly",
      "completion_tokens": 6417,
      "completed_thought_count": 34,
      "full_text_len": 15953,
      "pruned_at_step": 40,
      "pruned_by_chain_id": "q10_c8",
      "initial_pruned_count": 0
    },
    {
      "chain_index": 3,
      "finish_reason": "worker_terminated_unexpectedly",
      "completion_tokens": 6911,
      "completed_thought_count": 18,
      "full_text_len": 14634,
      "pruned_at_step": 45,
      "pruned_by_chain_id": "q10_c1",
      "initial_pruned_count": 0
    },
    {
      "chain_index": 4,
      "finish_reason": "worker_terminated_unexpectedly",
      "completion_tokens": 6572,
      "completed_thought_count": 11,
      "full_text_len": 14137,
      "pruned_at_step": 42,
      "pruned_by_chain_id": "q10_c8",
      "initial_pruned_count": 0
    },
    {
      "chain_index": 5,
      "finish_reason": "worker_terminated_unexpectedly",
      "completion_tokens": 8750,
      "completed_thought_count": 17,
      "full_text_len": 16939,
      "pruned_at_step": 60,
      "pruned_by_chain_id": "q10_c8",
      "initial_pruned_count": 0
    },
    {
      "chain_index": 6,
      "finish_reason": "worker_terminated_unexpectedly",
      "completion_tokens": 6572,
      "completed_thought_count": 20,
      "full_text_len": 14447,
      "pruned_at_step": 42,
      "pruned_by_chain_id": "q10_c7",
      "initial_pruned_count": 0
    },
    {
      "chain_index": 7,
      "finish_reason": "worker_terminated_unexpectedly",
      "completion_tokens": 6572,
      "completed_thought_count": 34,
      "full_text_len": 16573,
      "pruned_at_step": 42,
      "pruned_by_chain_id": "q10_c8",
      "initial_pruned_count": 1
    }
  ],
  "error_chain_details": []
}