{
  "iteration": 16,
  "question_id": "index_15",
  "status": "SUCCESS",
  "n_chains_start": 8,
  "n_chains_completed_stream_for_voting": 1,
  "n_chains_pruned": 7,
  "n_chains_error": 0,
  "similarity_threshold": 0.95,
  "num_steps_to_delay_pruning": 20,
  "correct_answer_reference": "6300",
  "individual_answers_final": [
    "8100"
  ],
  "voted_answer": "8100",
  "final_score": 0,
  "processing_duration_sec": 264.9897429943085,
  "total_analysis_intervals": 36,
  "avg_kv_cache_usage": 0.06222459144850667,
  "max_kv_cache_usage": 0.1751475752820742,
  "usage_aggregated": {
    "prompt_tokens": 114,
    "total_completion_tokens_across_all_started_chains": 46690
  },
  "chains_for_voting_details": [
    {
      "chain_index": 5,
      "finish_reason": "stop",
      "extracted_answer": "8100",
      "prompt_tokens": 114,
      "completion_tokens": 12738,
      "completed_thought_count": 46,
      "final_mean_pairwise_similarity": 0.4376946687698364,
      "final_internal_similarity": 0.009515101494996445,
      "pruned_count": 7
    }
  ],
  "pruned_chain_details": [
    {
      "chain_index": 1,
      "finish_reason": "worker_terminated_unexpectedly",
      "completion_tokens": 5073,
      "completed_thought_count": 45,
      "full_text_len": 19331,
      "pruned_at_step": 32,
      "pruned_by_chain_id": "q16_c5",
      "initial_pruned_count": 0
    },
    {
      "chain_index": 2,
      "finish_reason": "worker_terminated_unexpectedly",
      "completion_tokens": 4724,
      "completed_thought_count": 27,
      "full_text_len": 16347,
      "pruned_at_step": 29,
      "pruned_by_chain_id": "q16_c5",
      "initial_pruned_count": 0
    },
    {
      "chain_index": 3,
      "finish_reason": "worker_terminated_unexpectedly",
      "completion_tokens": 5432,
      "completed_thought_count": 52,
      "full_text_len": 22391,
      "pruned_at_step": 35,
      "pruned_by_chain_id": "q16_c5",
      "initial_pruned_count": 4
    },
    {
      "chain_index": 4,
      "finish_reason": "worker_terminated_unexpectedly",
      "completion_tokens": 4555,
      "completed_thought_count": 54,
      "full_text_len": 19469,
      "pruned_at_step": 27,
      "pruned_by_chain_id": "q16_c3",
      "initial_pruned_count": 0
    },
    {
      "chain_index": 6,
      "finish_reason": "worker_terminated_unexpectedly",
      "completion_tokens": 4723,
      "completed_thought_count": 45,
      "full_text_len": 19545,
      "pruned_at_step": 29,
      "pruned_by_chain_id": "q16_c3",
      "initial_pruned_count": 0
    },
    {
      "chain_index": 7,
      "finish_reason": "worker_terminated_unexpectedly",
      "completion_tokens": 4723,
      "completed_thought_count": 43,
      "full_text_len": 19003,
      "pruned_at_step": 29,
      "pruned_by_chain_id": "q16_c3",
      "initial_pruned_count": 0
    },
    {
      "chain_index": 8,
      "finish_reason": "worker_terminated_unexpectedly",
      "completion_tokens": 4722,
      "completed_thought_count": 47,
      "full_text_len": 19774,
      "pruned_at_step": 29,
      "pruned_by_chain_id": "q16_c3",
      "initial_pruned_count": 0
    }
  ],
  "error_chain_details": []
}