{
  "iteration": 14,
  "question_id": "index_13",
  "status": "SUCCESS",
  "n_chains_start": 8,
  "n_chains_completed_stream_for_voting": 1,
  "n_chains_pruned": 7,
  "n_chains_error": 0,
  "similarity_threshold": 0.95,
  "num_steps_to_delay_pruning": 20,
  "correct_answer_reference": "2304",
  "individual_answers_final": [
    "2301"
  ],
  "voted_answer": "2301",
  "final_score": 0,
  "processing_duration_sec": 180.50328540802002,
  "total_analysis_intervals": 30,
  "avg_kv_cache_usage": 0.0570060734291081,
  "max_kv_cache_usage": 0.1572143764477321,
  "usage_aggregated": {
    "prompt_tokens": 183,
    "total_completion_tokens_across_all_started_chains": 39237
  },
  "chains_for_voting_details": [
    {
      "chain_index": 8,
      "finish_reason": "stop",
      "extracted_answer": "2301",
      "prompt_tokens": 183,
      "completion_tokens": 9518,
      "completed_thought_count": 33,
      "final_mean_pairwise_similarity": 0.5690535306930542,
      "final_internal_similarity": 0.017244046384638004,
      "pruned_count": 7
    }
  ],
  "pruned_chain_details": [
    {
      "chain_index": 1,
      "finish_reason": "worker_terminated_unexpectedly",
      "completion_tokens": 4517,
      "completed_thought_count": 32,
      "full_text_len": 15734,
      "pruned_at_step": 29,
      "pruned_by_chain_id": "q14_c8",
      "initial_pruned_count": 3
    },
    {
      "chain_index": 2,
      "finish_reason": "worker_terminated_unexpectedly",
      "completion_tokens": 4170,
      "completed_thought_count": 35,
      "full_text_len": 15756,
      "pruned_at_step": 26,
      "pruned_by_chain_id": "q14_c8",
      "initial_pruned_count": 0
    },
    {
      "chain_index": 3,
      "finish_reason": "worker_terminated_unexpectedly",
      "completion_tokens": 4170,
      "completed_thought_count": 32,
      "full_text_len": 14812,
      "pruned_at_step": 26,
      "pruned_by_chain_id": "q14_c1",
      "initial_pruned_count": 0
    },
    {
      "chain_index": 4,
      "finish_reason": "worker_terminated_unexpectedly",
      "completion_tokens": 4170,
      "completed_thought_count": 30,
      "full_text_len": 12660,
      "pruned_at_step": 26,
      "pruned_by_chain_id": "q14_c1",
      "initial_pruned_count": 0
    },
    {
      "chain_index": 5,
      "finish_reason": "worker_terminated_unexpectedly",
      "completion_tokens": 4516,
      "completed_thought_count": 29,
      "full_text_len": 14186,
      "pruned_at_step": 29,
      "pruned_by_chain_id": "q14_c8",
      "initial_pruned_count": 0
    },
    {
      "chain_index": 6,
      "finish_reason": "worker_terminated_unexpectedly",
      "completion_tokens": 4006,
      "completed_thought_count": 17,
      "full_text_len": 11585,
      "pruned_at_step": 24,
      "pruned_by_chain_id": "q14_c8",
      "initial_pruned_count": 0
    },
    {
      "chain_index": 7,
      "finish_reason": "worker_terminated_unexpectedly",
      "completion_tokens": 4170,
      "completed_thought_count": 19,
      "full_text_len": 13473,
      "pruned_at_step": 26,
      "pruned_by_chain_id": "q14_c1",
      "initial_pruned_count": 0
    }
  ],
  "error_chain_details": []
}