{
  "iteration": 18,
  "question_id": "index_17",
  "status": "SUCCESS",
  "n_chains_requested": 4,
  "n_chains_completed_stream_with_content": 4,
  "n_chains_completed_stream_for_voting": 4,
  "error_chains_count": 0,
  "prompt_len": 716,
  "correct_answer_reference": "\\frac{2025}{101}",
  "individual_answers": [
    "\\dfrac{675}{67}",
    "\\dfrac{2025}{101}",
    "\\dfrac{2025}{101}",
    "1825"
  ],
  "voted_answer": "\\dfrac{2025}{101}",
  "final_score": 1,
  "avg_kv_cache_usage": 0.10814057084351392,
  "max_kv_cache_usage": 0.1899308179756991,
  "processing_duration_sec": 617.153567314148,
  "usage_aggregated": {
    "prompt_tokens": 222,
    "total_completion_tokens_across_all_requested_chains": 71022,
    "total_reasoning_tokens_counted": 69463,
    "total_non_reasoning_tokens_counted": 1551,
    "total_tokens_usage": 71244
  },
  "chains_for_voting_details": [
    {
      "chain_index": 1,
      "finish_reason": "stop",
      "extracted_answer": "\\dfrac{675}{67}",
      "prompt_tokens": 222,
      "completion_tokens": 17201,
      "reasoning_tokens_counted": 16751,
      "non_reasoning_tokens_counted": 448
    },
    {
      "chain_index": 2,
      "finish_reason": "stop",
      "extracted_answer": "\\dfrac{2025}{101}",
      "prompt_tokens": 222,
      "completion_tokens": 23460,
      "reasoning_tokens_counted": 23080,
      "non_reasoning_tokens_counted": 378
    },
    {
      "chain_index": 3,
      "finish_reason": "stop",
      "extracted_answer": "\\dfrac{2025}{101}",
      "prompt_tokens": 222,
      "completion_tokens": 20508,
      "reasoning_tokens_counted": 20160,
      "non_reasoning_tokens_counted": 346
    },
    {
      "chain_index": 4,
      "finish_reason": "stop",
      "extracted_answer": "1825",
      "prompt_tokens": 222,
      "completion_tokens": 9853,
      "reasoning_tokens_counted": 9472,
      "non_reasoning_tokens_counted": 379
    }
  ],
  "error_chain_details": []
}