{
  "iteration": 11,
  "question_id": "index_10",
  "status": "SUCCESS",
  "n_chains_requested": 4,
  "n_chains_completed_stream_with_content": 4,
  "n_chains_completed_stream_for_voting": 4,
  "error_chains_count": 0,
  "prompt_len": 481,
  "correct_answer_reference": "56",
  "individual_answers": [
    "56",
    "56",
    "56",
    "56"
  ],
  "voted_answer": "56",
  "final_score": 1,
  "avg_kv_cache_usage": 0.09685518859918416,
  "max_kv_cache_usage": 0.1695250276146735,
  "processing_duration_sec": 393.37012243270874,
  "usage_aggregated": {
    "prompt_tokens": 116,
    "total_completion_tokens_across_all_requested_chains": 57336,
    "total_reasoning_tokens_counted": 55177,
    "total_non_reasoning_tokens_counted": 2151,
    "total_tokens_usage": 57452
  },
  "chains_for_voting_details": [
    {
      "chain_index": 1,
      "finish_reason": "stop",
      "extracted_answer": "56",
      "prompt_tokens": 116,
      "completion_tokens": 15616,
      "reasoning_tokens_counted": 15059,
      "non_reasoning_tokens_counted": 555
    },
    {
      "chain_index": 2,
      "finish_reason": "stop",
      "extracted_answer": "56",
      "prompt_tokens": 116,
      "completion_tokens": 15904,
      "reasoning_tokens_counted": 15353,
      "non_reasoning_tokens_counted": 549
    },
    {
      "chain_index": 3,
      "finish_reason": "stop",
      "extracted_answer": "56",
      "prompt_tokens": 116,
      "completion_tokens": 14276,
      "reasoning_tokens_counted": 13809,
      "non_reasoning_tokens_counted": 465
    },
    {
      "chain_index": 4,
      "finish_reason": "stop",
      "extracted_answer": "56",
      "prompt_tokens": 116,
      "completion_tokens": 11540,
      "reasoning_tokens_counted": 10956,
      "non_reasoning_tokens_counted": 582
    }
  ],
  "error_chain_details": []
}