{
  "iteration": 26,
  "question_id": "index_25",
  "status": "SUCCESS",
  "n_chains_requested": 4,
  "n_chains_completed_stream_with_content": 4,
  "n_chains_completed_stream_for_voting": 4,
  "error_chains_count": 0,
  "prompt_len": 504,
  "correct_answer_reference": "9\\sqrt{15}",
  "individual_answers": [
    "9\\sqrt{15}",
    "9\\sqrt{15}",
    "9\\sqrt{15}",
    "9\\sqrt{15}"
  ],
  "voted_answer": "9\\sqrt{15}",
  "final_score": 1,
  "avg_kv_cache_usage": 0.08013206957289713,
  "max_kv_cache_usage": 0.1587117028079763,
  "processing_duration_sec": 281.73267459869385,
  "usage_aggregated": {
    "prompt_tokens": 144,
    "total_completion_tokens_across_all_requested_chains": 45433,
    "total_reasoning_tokens_counted": 41616,
    "total_non_reasoning_tokens_counted": 3809,
    "total_tokens_usage": 45577
  },
  "chains_for_voting_details": [
    {
      "chain_index": 1,
      "finish_reason": "stop",
      "extracted_answer": "9\\sqrt{15}",
      "prompt_tokens": 144,
      "completion_tokens": 12032,
      "reasoning_tokens_counted": 11031,
      "non_reasoning_tokens_counted": 999
    },
    {
      "chain_index": 2,
      "finish_reason": "stop",
      "extracted_answer": "9\\sqrt{15}",
      "prompt_tokens": 144,
      "completion_tokens": 10770,
      "reasoning_tokens_counted": 9772,
      "non_reasoning_tokens_counted": 996
    },
    {
      "chain_index": 3,
      "finish_reason": "stop",
      "extracted_answer": "9\\sqrt{15}",
      "prompt_tokens": 144,
      "completion_tokens": 11575,
      "reasoning_tokens_counted": 10641,
      "non_reasoning_tokens_counted": 932
    },
    {
      "chain_index": 4,
      "finish_reason": "stop",
      "extracted_answer": "9\\sqrt{15}",
      "prompt_tokens": 144,
      "completion_tokens": 11056,
      "reasoning_tokens_counted": 10172,
      "non_reasoning_tokens_counted": 882
    }
  ],
  "error_chain_details": []
}