{
  "iteration": 24,
  "question_id": "index_23",
  "status": "SUCCESS",
  "n_chains_requested": 4,
  "n_chains_completed_stream_with_content": 4,
  "n_chains_completed_stream_for_voting": 4,
  "error_chains_count": 0,
  "prompt_len": 1759,
  "correct_answer_reference": "20",
  "individual_answers": [
    "100",
    "99",
    "100",
    "25"
  ],
  "voted_answer": "100",
  "final_score": 0,
  "avg_kv_cache_usage": 0.14283984160513424,
  "max_kv_cache_usage": 0.2816115342131271,
  "processing_duration_sec": 702.010481595993,
  "usage_aggregated": {
    "prompt_tokens": 682,
    "total_completion_tokens_across_all_requested_chains": 86894,
    "total_reasoning_tokens_counted": 84446,
    "total_non_reasoning_tokens_counted": 2440,
    "total_tokens_usage": 87576
  },
  "chains_for_voting_details": [
    {
      "chain_index": 1,
      "finish_reason": "stop",
      "extracted_answer": "100",
      "prompt_tokens": 682,
      "completion_tokens": 18681,
      "reasoning_tokens_counted": 18127,
      "non_reasoning_tokens_counted": 552
    },
    {
      "chain_index": 2,
      "finish_reason": "stop",
      "extracted_answer": "99",
      "prompt_tokens": 682,
      "completion_tokens": 25915,
      "reasoning_tokens_counted": 25198,
      "non_reasoning_tokens_counted": 715
    },
    {
      "chain_index": 3,
      "finish_reason": "stop",
      "extracted_answer": "100",
      "prompt_tokens": 682,
      "completion_tokens": 19978,
      "reasoning_tokens_counted": 19402,
      "non_reasoning_tokens_counted": 574
    },
    {
      "chain_index": 4,
      "finish_reason": "stop",
      "extracted_answer": "25",
      "prompt_tokens": 682,
      "completion_tokens": 22320,
      "reasoning_tokens_counted": 21719,
      "non_reasoning_tokens_counted": 599
    }
  ],
  "error_chain_details": []
}