{
  "iteration": 27,
  "question_id": "index_26",
  "status": "SUCCESS",
  "n_chains_requested": 4,
  "n_chains_completed_stream_with_content": 4,
  "n_chains_completed_stream_for_voting": 4,
  "error_chains_count": 0,
  "prompt_len": 494,
  "correct_answer_reference": "\\frac{7}{18}",
  "individual_answers": [
    "\\dfrac{7}{20}",
    "\\dfrac{7}{20}",
    "\\dfrac{1}{3}",
    "\\dfrac{7}{12}"
  ],
  "voted_answer": "\\dfrac{7}{20}",
  "final_score": 0,
  "avg_kv_cache_usage": 0.14354196665362853,
  "max_kv_cache_usage": 0.3037032730655195,
  "processing_duration_sec": 708.6210334300995,
  "usage_aggregated": {
    "prompt_tokens": 156,
    "total_completion_tokens_across_all_requested_chains": 90159,
    "total_reasoning_tokens_counted": 87600,
    "total_non_reasoning_tokens_counted": 2551,
    "total_tokens_usage": 90315
  },
  "chains_for_voting_details": [
    {
      "chain_index": 1,
      "finish_reason": "stop",
      "extracted_answer": "\\dfrac{7}{20}",
      "prompt_tokens": 156,
      "completion_tokens": 26343,
      "reasoning_tokens_counted": 25887,
      "non_reasoning_tokens_counted": 454
    },
    {
      "chain_index": 2,
      "finish_reason": "stop",
      "extracted_answer": "\\dfrac{7}{20}",
      "prompt_tokens": 156,
      "completion_tokens": 20731,
      "reasoning_tokens_counted": 20131,
      "non_reasoning_tokens_counted": 598
    },
    {
      "chain_index": 3,
      "finish_reason": "stop",
      "extracted_answer": "\\dfrac{1}{3}",
      "prompt_tokens": 156,
      "completion_tokens": 21748,
      "reasoning_tokens_counted": 21040,
      "non_reasoning_tokens_counted": 706
    },
    {
      "chain_index": 4,
      "finish_reason": "stop",
      "extracted_answer": "\\dfrac{7}{12}",
      "prompt_tokens": 156,
      "completion_tokens": 21337,
      "reasoning_tokens_counted": 20542,
      "non_reasoning_tokens_counted": 793
    }
  ],
  "error_chain_details": []
}