{
  "iteration": 30,
  "question_id": "index_29",
  "status": "SUCCESS",
  "n_chains_requested": 4,
  "n_chains_completed_stream_with_content": 4,
  "n_chains_completed_stream_for_voting": 4,
  "error_chains_count": 0,
  "prompt_len": 456,
  "correct_answer_reference": "\\sqrt{\\frac{95}{24}}",
  "individual_answers": [
    "\\sqrt{\\dfrac{5555}{3}}",
    "\\sqrt{\\dfrac{11110}{3}}",
    "55",
    "\\sqrt{\\dfrac{5555}{6}}"
  ],
  "voted_answer": "55",
  "final_score": 0,
  "avg_kv_cache_usage": 0.15062841709284855,
  "max_kv_cache_usage": 0.2820766234521249,
  "processing_duration_sec": 819.8541889190674,
  "usage_aggregated": {
    "prompt_tokens": 120,
    "total_completion_tokens_across_all_requested_chains": 98451,
    "total_reasoning_tokens_counted": 96120,
    "total_non_reasoning_tokens_counted": 2323,
    "total_tokens_usage": 98571
  },
  "chains_for_voting_details": [
    {
      "chain_index": 1,
      "finish_reason": "stop",
      "extracted_answer": "\\sqrt{\\dfrac{5555}{3}}",
      "prompt_tokens": 120,
      "completion_tokens": 25975,
      "reasoning_tokens_counted": 25468,
      "non_reasoning_tokens_counted": 505
    },
    {
      "chain_index": 2,
      "finish_reason": "stop",
      "extracted_answer": "\\sqrt{\\dfrac{11110}{3}}",
      "prompt_tokens": 120,
      "completion_tokens": 19285,
      "reasoning_tokens_counted": 18612,
      "non_reasoning_tokens_counted": 671
    },
    {
      "chain_index": 3,
      "finish_reason": "stop",
      "extracted_answer": "55",
      "prompt_tokens": 120,
      "completion_tokens": 30321,
      "reasoning_tokens_counted": 29680,
      "non_reasoning_tokens_counted": 639
    },
    {
      "chain_index": 4,
      "finish_reason": "stop",
      "extracted_answer": "\\sqrt{\\dfrac{5555}{6}}",
      "prompt_tokens": 120,
      "completion_tokens": 22870,
      "reasoning_tokens_counted": 22360,
      "non_reasoning_tokens_counted": 508
    }
  ],
  "error_chain_details": []
}