{
  "iteration": 14,
  "question_id": "index_13",
  "status": "SUCCESS",
  "n_chains_requested": 4,
  "n_chains_completed_stream_with_content": 4,
  "n_chains_completed_stream_for_voting": 4,
  "error_chains_count": 0,
  "prompt_len": 638,
  "correct_answer_reference": "2304",
  "individual_answers": [
    "20",
    "20",
    "70",
    "70"
  ],
  "voted_answer": "20",
  "final_score": 0,
  "avg_kv_cache_usage": 0.11081101480283576,
  "max_kv_cache_usage": 0.2332422533573629,
  "processing_duration_sec": 577.0867488384247,
  "usage_aggregated": {
    "prompt_tokens": 188,
    "total_completion_tokens_across_all_requested_chains": 71845,
    "total_reasoning_tokens_counted": 70512,
    "total_non_reasoning_tokens_counted": 1325,
    "total_tokens_usage": 72033
  },
  "chains_for_voting_details": [
    {
      "chain_index": 1,
      "finish_reason": "stop",
      "extracted_answer": "20",
      "prompt_tokens": 188,
      "completion_tokens": 21986,
      "reasoning_tokens_counted": 21549,
      "non_reasoning_tokens_counted": 435
    },
    {
      "chain_index": 2,
      "finish_reason": "stop",
      "extracted_answer": "20",
      "prompt_tokens": 188,
      "completion_tokens": 15854,
      "reasoning_tokens_counted": 15544,
      "non_reasoning_tokens_counted": 308
    },
    {
      "chain_index": 3,
      "finish_reason": "stop",
      "extracted_answer": "70",
      "prompt_tokens": 188,
      "completion_tokens": 17214,
      "reasoning_tokens_counted": 16805,
      "non_reasoning_tokens_counted": 407
    },
    {
      "chain_index": 4,
      "finish_reason": "stop",
      "extracted_answer": "70",
      "prompt_tokens": 188,
      "completion_tokens": 16791,
      "reasoning_tokens_counted": 16614,
      "non_reasoning_tokens_counted": 175
    }
  ],
  "error_chain_details": []
}