{
  "iteration": 20,
  "question_id": "index_19",
  "status": "SUCCESS",
  "n_chains_requested": 4,
  "n_chains_completed_stream_with_content": 4,
  "n_chains_completed_stream_for_voting": 4,
  "error_chains_count": 0,
  "prompt_len": 751,
  "correct_answer_reference": "\\frac{448}{3}",
  "individual_answers": [
    "450",
    "336",
    "882",
    "315"
  ],
  "voted_answer": "450",
  "final_score": 0,
  "avg_kv_cache_usage": 0.1972592797604768,
  "max_kv_cache_usage": 0.3546305447357711,
  "processing_duration_sec": 891.5502190589905,
  "usage_aggregated": {
    "prompt_tokens": 171,
    "total_completion_tokens_across_all_requested_chains": 117182,
    "total_reasoning_tokens_counted": 115851,
    "total_non_reasoning_tokens_counted": 1323,
    "total_tokens_usage": 117353
  },
  "chains_for_voting_details": [
    {
      "chain_index": 1,
      "finish_reason": "stop",
      "extracted_answer": "450",
      "prompt_tokens": 171,
      "completion_tokens": 31833,
      "reasoning_tokens_counted": 31507,
      "non_reasoning_tokens_counted": 324
    },
    {
      "chain_index": 2,
      "finish_reason": "stop",
      "extracted_answer": "336",
      "prompt_tokens": 171,
      "completion_tokens": 28743,
      "reasoning_tokens_counted": 28425,
      "non_reasoning_tokens_counted": 316
    },
    {
      "chain_index": 3,
      "finish_reason": "stop",
      "extracted_answer": "882",
      "prompt_tokens": 171,
      "completion_tokens": 24217,
      "reasoning_tokens_counted": 23855,
      "non_reasoning_tokens_counted": 360
    },
    {
      "chain_index": 4,
      "finish_reason": "stop",
      "extracted_answer": "315",
      "prompt_tokens": 171,
      "completion_tokens": 32389,
      "reasoning_tokens_counted": 32064,
      "non_reasoning_tokens_counted": 323
    }
  ],
  "error_chain_details": []
}