{
  "iteration": 19,
  "question_id": "index_18",
  "status": "SUCCESS",
  "n_chains_requested": 4,
  "n_chains_completed_stream_with_content": 4,
  "n_chains_completed_stream_for_voting": 4,
  "error_chains_count": 0,
  "prompt_len": 457,
  "correct_answer_reference": "\\frac{4}{9}",
  "individual_answers": [
    "\\dfrac{1}{2}",
    "\\dfrac{2}{3}",
    "\\dfrac{1}{2}",
    "\\dfrac{1}{2}"
  ],
  "voted_answer": "\\dfrac{1}{2}",
  "final_score": 0,
  "avg_kv_cache_usage": 0.09272726722066113,
  "max_kv_cache_usage": 0.1721411545840357,
  "processing_duration_sec": 676.9334545135498,
  "usage_aggregated": {
    "prompt_tokens": 95,
    "total_completion_tokens_across_all_requested_chains": 68860,
    "total_reasoning_tokens_counted": 67449,
    "total_non_reasoning_tokens_counted": 1403,
    "total_tokens_usage": 68955
  },
  "chains_for_voting_details": [
    {
      "chain_index": 1,
      "finish_reason": "stop",
      "extracted_answer": "\\dfrac{1}{2}",
      "prompt_tokens": 95,
      "completion_tokens": 11691,
      "reasoning_tokens_counted": 11342,
      "non_reasoning_tokens_counted": 347
    },
    {
      "chain_index": 2,
      "finish_reason": "stop",
      "extracted_answer": "\\dfrac{2}{3}",
      "prompt_tokens": 95,
      "completion_tokens": 25530,
      "reasoning_tokens_counted": 25189,
      "non_reasoning_tokens_counted": 339
    },
    {
      "chain_index": 3,
      "finish_reason": "stop",
      "extracted_answer": "\\dfrac{1}{2}",
      "prompt_tokens": 95,
      "completion_tokens": 15694,
      "reasoning_tokens_counted": 15351,
      "non_reasoning_tokens_counted": 341
    },
    {
      "chain_index": 4,
      "finish_reason": "stop",
      "extracted_answer": "\\dfrac{1}{2}",
      "prompt_tokens": 95,
      "completion_tokens": 15945,
      "reasoning_tokens_counted": 15567,
      "non_reasoning_tokens_counted": 376
    }
  ],
  "error_chain_details": []
}