{
  "iteration": 17,
  "question_id": "index_16",
  "status": "SUCCESS",
  "n_chains_requested": 4,
  "n_chains_completed_stream_with_content": 4,
  "n_chains_completed_stream_for_voting": 4,
  "error_chains_count": 0,
  "prompt_len": 579,
  "correct_answer_reference": "2^{25} \\cdot 26!",
  "individual_answers": [
    "26!",
    "26!",
    "26!",
    "2 \\times 26!"
  ],
  "voted_answer": "26!",
  "final_score": 0,
  "avg_kv_cache_usage": 0.06931243808003741,
  "max_kv_cache_usage": 0.1272019068658798,
  "processing_duration_sec": 493.63137555122375,
  "usage_aggregated": {
    "prompt_tokens": 147,
    "total_completion_tokens_across_all_requested_chains": 51290,
    "total_reasoning_tokens_counted": 49645,
    "total_non_reasoning_tokens_counted": 1637,
    "total_tokens_usage": 51437
  },
  "chains_for_voting_details": [
    {
      "chain_index": 1,
      "finish_reason": "stop",
      "extracted_answer": "26!",
      "prompt_tokens": 147,
      "completion_tokens": 10286,
      "reasoning_tokens_counted": 9860,
      "non_reasoning_tokens_counted": 424
    },
    {
      "chain_index": 2,
      "finish_reason": "stop",
      "extracted_answer": "26!",
      "prompt_tokens": 147,
      "completion_tokens": 12976,
      "reasoning_tokens_counted": 12640,
      "non_reasoning_tokens_counted": 334
    },
    {
      "chain_index": 3,
      "finish_reason": "stop",
      "extracted_answer": "26!",
      "prompt_tokens": 147,
      "completion_tokens": 8592,
      "reasoning_tokens_counted": 8152,
      "non_reasoning_tokens_counted": 438
    },
    {
      "chain_index": 4,
      "finish_reason": "stop",
      "extracted_answer": "2 \\times 26!",
      "prompt_tokens": 147,
      "completion_tokens": 19436,
      "reasoning_tokens_counted": 18993,
      "non_reasoning_tokens_counted": 441
    }
  ],
  "error_chain_details": []
}