{
  "iteration": 28,
  "question_id": "index_27",
  "status": "SUCCESS",
  "n_chains_requested": 4,
  "n_chains_completed_stream_with_content": 4,
  "n_chains_completed_stream_for_voting": 4,
  "error_chains_count": 0,
  "prompt_len": 527,
  "correct_answer_reference": "\\sqrt{6}",
  "individual_answers": [
    "\\sqrt{6}",
    "\\sqrt{6}",
    "\\sqrt{6}",
    "\\sqrt{6}"
  ],
  "voted_answer": "\\sqrt{6}",
  "final_score": 1,
  "avg_kv_cache_usage": 0.0934930054690184,
  "max_kv_cache_usage": 0.1990581942910295,
  "processing_duration_sec": 770.3142938613892,
  "usage_aggregated": {
    "prompt_tokens": 165,
    "total_completion_tokens_across_all_requested_chains": 72081,
    "total_reasoning_tokens_counted": 69450,
    "total_non_reasoning_tokens_counted": 2623,
    "total_tokens_usage": 72246
  },
  "chains_for_voting_details": [
    {
      "chain_index": 1,
      "finish_reason": "stop",
      "extracted_answer": "\\sqrt{6}",
      "prompt_tokens": 165,
      "completion_tokens": 28807,
      "reasoning_tokens_counted": 28205,
      "non_reasoning_tokens_counted": 600
    },
    {
      "chain_index": 2,
      "finish_reason": "stop",
      "extracted_answer": "\\sqrt{6}",
      "prompt_tokens": 165,
      "completion_tokens": 13518,
      "reasoning_tokens_counted": 12825,
      "non_reasoning_tokens_counted": 691
    },
    {
      "chain_index": 3,
      "finish_reason": "stop",
      "extracted_answer": "\\sqrt{6}",
      "prompt_tokens": 165,
      "completion_tokens": 15966,
      "reasoning_tokens_counted": 15333,
      "non_reasoning_tokens_counted": 631
    },
    {
      "chain_index": 4,
      "finish_reason": "stop",
      "extracted_answer": "\\sqrt{6}",
      "prompt_tokens": 165,
      "completion_tokens": 13790,
      "reasoning_tokens_counted": 13087,
      "non_reasoning_tokens_counted": 701
    }
  ],
  "error_chain_details": []
}