{
  "iteration": 16,
  "question_id": "index_15",
  "status": "SUCCESS",
  "n_chains_requested": 4,
  "n_chains_completed_stream_with_content": 4,
  "n_chains_completed_stream_for_voting": 4,
  "error_chains_count": 0,
  "prompt_len": 533,
  "correct_answer_reference": "6300",
  "individual_answers": [
    "6300",
    "6300",
    "6525",
    "14525"
  ],
  "voted_answer": "6300",
  "final_score": 1,
  "avg_kv_cache_usage": 0.08901371608119905,
  "max_kv_cache_usage": 0.1632463228882041,
  "processing_duration_sec": 508.98147225379944,
  "usage_aggregated": {
    "prompt_tokens": 119,
    "total_completion_tokens_across_all_requested_chains": 60124,
    "total_reasoning_tokens_counted": 58259,
    "total_non_reasoning_tokens_counted": 1857,
    "total_tokens_usage": 60243
  },
  "chains_for_voting_details": [
    {
      "chain_index": 1,
      "finish_reason": "stop",
      "extracted_answer": "6300",
      "prompt_tokens": 119,
      "completion_tokens": 19731,
      "reasoning_tokens_counted": 19230,
      "non_reasoning_tokens_counted": 499
    },
    {
      "chain_index": 2,
      "finish_reason": "stop",
      "extracted_answer": "6300",
      "prompt_tokens": 119,
      "completion_tokens": 16889,
      "reasoning_tokens_counted": 16375,
      "non_reasoning_tokens_counted": 512
    },
    {
      "chain_index": 3,
      "finish_reason": "stop",
      "extracted_answer": "6525",
      "prompt_tokens": 119,
      "completion_tokens": 12392,
      "reasoning_tokens_counted": 12053,
      "non_reasoning_tokens_counted": 337
    },
    {
      "chain_index": 4,
      "finish_reason": "stop",
      "extracted_answer": "14525",
      "prompt_tokens": 119,
      "completion_tokens": 11112,
      "reasoning_tokens_counted": 10601,
      "non_reasoning_tokens_counted": 509
    }
  ],
  "error_chain_details": []
}