{
  "iteration": 22,
  "question_id": "index_21",
  "status": "SUCCESS",
  "n_chains_requested": 4,
  "n_chains_completed_stream_with_content": 4,
  "n_chains_completed_stream_for_voting": 4,
  "error_chains_count": 0,
  "prompt_len": 586,
  "correct_answer_reference": "63",
  "individual_answers": [
    "63",
    "63",
    "63",
    "63"
  ],
  "voted_answer": "63",
  "final_score": 1,
  "avg_kv_cache_usage": 0.05870056819001502,
  "max_kv_cache_usage": 0.1137143189349456,
  "processing_duration_sec": 189.77439188957214,
  "usage_aggregated": {
    "prompt_tokens": 140,
    "total_completion_tokens_across_all_requested_chains": 33295,
    "total_reasoning_tokens_counted": 31070,
    "total_non_reasoning_tokens_counted": 2217,
    "total_tokens_usage": 33435
  },
  "chains_for_voting_details": [
    {
      "chain_index": 1,
      "finish_reason": "stop",
      "extracted_answer": "63",
      "prompt_tokens": 140,
      "completion_tokens": 7815,
      "reasoning_tokens_counted": 7172,
      "non_reasoning_tokens_counted": 641
    },
    {
      "chain_index": 2,
      "finish_reason": "stop",
      "extracted_answer": "63",
      "prompt_tokens": 140,
      "completion_tokens": 8921,
      "reasoning_tokens_counted": 8435,
      "non_reasoning_tokens_counted": 484
    },
    {
      "chain_index": 3,
      "finish_reason": "stop",
      "extracted_answer": "63",
      "prompt_tokens": 140,
      "completion_tokens": 8883,
      "reasoning_tokens_counted": 8316,
      "non_reasoning_tokens_counted": 565
    },
    {
      "chain_index": 4,
      "finish_reason": "stop",
      "extracted_answer": "63",
      "prompt_tokens": 140,
      "completion_tokens": 7676,
      "reasoning_tokens_counted": 7147,
      "non_reasoning_tokens_counted": 527
    }
  ],
  "error_chain_details": []
}