{
  "iteration": 1,
  "question_id": "index_0",
  "status": "SUCCESS",
  "n_chains_requested": 4,
  "n_chains_completed_stream_with_content": 4,
  "n_chains_completed_stream_for_voting": 4,
  "error_chains_count": 0,
  "prompt_len": 338,
  "correct_answer_reference": "103",
  "individual_answers": [
    "103",
    "103",
    "103",
    "103"
  ],
  "voted_answer": "103",
  "final_score": 1,
  "avg_kv_cache_usage": 0.027908869211280336,
  "max_kv_cache_usage": 0.0599965118307075,
  "processing_duration_sec": 126.3156065940857,
  "usage_aggregated": {
    "prompt_tokens": 84,
    "total_completion_tokens_across_all_requested_chains": 19105,
    "total_reasoning_tokens_counted": 17098,
    "total_non_reasoning_tokens_counted": 1999,
    "total_tokens_usage": 19189
  },
  "chains_for_voting_details": [
    {
      "chain_index": 1,
      "finish_reason": "stop",
      "extracted_answer": "103",
      "prompt_tokens": 84,
      "completion_tokens": 4039,
      "reasoning_tokens_counted": 3553,
      "non_reasoning_tokens_counted": 484
    },
    {
      "chain_index": 2,
      "finish_reason": "stop",
      "extracted_answer": "103",
      "prompt_tokens": 84,
      "completion_tokens": 4449,
      "reasoning_tokens_counted": 4054,
      "non_reasoning_tokens_counted": 393
    },
    {
      "chain_index": 3,
      "finish_reason": "stop",
      "extracted_answer": "103",
      "prompt_tokens": 84,
      "completion_tokens": 4216,
      "reasoning_tokens_counted": 3700,
      "non_reasoning_tokens_counted": 514
    },
    {
      "chain_index": 4,
      "finish_reason": "stop",
      "extracted_answer": "103",
      "prompt_tokens": 84,
      "completion_tokens": 6401,
      "reasoning_tokens_counted": 5791,
      "non_reasoning_tokens_counted": 608
    }
  ],
  "error_chain_details": []
}