{
  "iteration": 15,
  "question_id": "index_14",
  "status": "SUCCESS",
  "n_chains_requested": 4,
  "n_chains_completed_stream_with_content": 4,
  "n_chains_completed_stream_for_voting": 4,
  "error_chains_count": 0,
  "prompt_len": 610,
  "correct_answer_reference": "200",
  "individual_answers": [
    "202",
    "202",
    "120",
    "120"
  ],
  "voted_answer": "202",
  "final_score": 0,
  "avg_kv_cache_usage": 0.03142756857210395,
  "max_kv_cache_usage": 0.062554502645195,
  "processing_duration_sec": 160.11364579200745,
  "usage_aggregated": {
    "prompt_tokens": 149,
    "total_completion_tokens_across_all_requested_chains": 22108,
    "total_reasoning_tokens_counted": 20564,
    "total_non_reasoning_tokens_counted": 1536,
    "total_tokens_usage": 22257
  },
  "chains_for_voting_details": [
    {
      "chain_index": 1,
      "finish_reason": "stop",
      "extracted_answer": "202",
      "prompt_tokens": 149,
      "completion_tokens": 7990,
      "reasoning_tokens_counted": 7536,
      "non_reasoning_tokens_counted": 452
    },
    {
      "chain_index": 2,
      "finish_reason": "stop",
      "extracted_answer": "202",
      "prompt_tokens": 149,
      "completion_tokens": 5519,
      "reasoning_tokens_counted": 5051,
      "non_reasoning_tokens_counted": 466
    },
    {
      "chain_index": 3,
      "finish_reason": "stop",
      "extracted_answer": "120",
      "prompt_tokens": 149,
      "completion_tokens": 4455,
      "reasoning_tokens_counted": 4188,
      "non_reasoning_tokens_counted": 265
    },
    {
      "chain_index": 4,
      "finish_reason": "stop",
      "extracted_answer": "120",
      "prompt_tokens": 149,
      "completion_tokens": 4144,
      "reasoning_tokens_counted": 3789,
      "non_reasoning_tokens_counted": 353
    }
  ],
  "error_chain_details": []
}