{
  "iteration": 13,
  "question_id": "index_12",
  "status": "SUCCESS",
  "n_chains_requested": 4,
  "n_chains_completed_stream_with_content": 4,
  "n_chains_completed_stream_for_voting": 4,
  "error_chains_count": 0,
  "prompt_len": 592,
  "correct_answer_reference": "105",
  "individual_answers": [
    "2",
    "266",
    "2",
    "266"
  ],
  "voted_answer": "2",
  "final_score": 0,
  "avg_kv_cache_usage": 0.10349760823522154,
  "max_kv_cache_usage": 0.2178943084704377,
  "processing_duration_sec": 595.0292479991913,
  "usage_aggregated": {
    "prompt_tokens": 154,
    "total_completion_tokens_across_all_requested_chains": 70216,
    "total_reasoning_tokens_counted": 68088,
    "total_non_reasoning_tokens_counted": 2120,
    "total_tokens_usage": 70370
  },
  "chains_for_voting_details": [
    {
      "chain_index": 1,
      "finish_reason": "stop",
      "extracted_answer": "2",
      "prompt_tokens": 154,
      "completion_tokens": 17502,
      "reasoning_tokens_counted": 17078,
      "non_reasoning_tokens_counted": 422
    },
    {
      "chain_index": 2,
      "finish_reason": "stop",
      "extracted_answer": "266",
      "prompt_tokens": 154,
      "completion_tokens": 15153,
      "reasoning_tokens_counted": 14670,
      "non_reasoning_tokens_counted": 481
    },
    {
      "chain_index": 3,
      "finish_reason": "stop",
      "extracted_answer": "2",
      "prompt_tokens": 154,
      "completion_tokens": 22735,
      "reasoning_tokens_counted": 22309,
      "non_reasoning_tokens_counted": 424
    },
    {
      "chain_index": 4,
      "finish_reason": "stop",
      "extracted_answer": "266",
      "prompt_tokens": 154,
      "completion_tokens": 14826,
      "reasoning_tokens_counted": 14031,
      "non_reasoning_tokens_counted": 793
    }
  ],
  "error_chain_details": []
}