{
  "iteration": 5,
  "question_id": "index_4",
  "status": "SUCCESS",
  "n_chains_requested": 4,
  "n_chains_completed_stream_with_content": 4,
  "n_chains_completed_stream_for_voting": 4,
  "error_chains_count": 0,
  "prompt_len": 509,
  "correct_answer_reference": "890",
  "individual_answers": [
    "890",
    "890",
    "890",
    "890"
  ],
  "voted_answer": "890",
  "final_score": 1,
  "avg_kv_cache_usage": 0.05078998354027248,
  "max_kv_cache_usage": 0.0958083832335329,
  "processing_duration_sec": 181.59282088279724,
  "usage_aggregated": {
    "prompt_tokens": 143,
    "total_completion_tokens_across_all_requested_chains": 30352,
    "total_reasoning_tokens_counted": 28235,
    "total_non_reasoning_tokens_counted": 2109,
    "total_tokens_usage": 30495
  },
  "chains_for_voting_details": [
    {
      "chain_index": 1,
      "finish_reason": "stop",
      "extracted_answer": "890",
      "prompt_tokens": 143,
      "completion_tokens": 6446,
      "reasoning_tokens_counted": 5940,
      "non_reasoning_tokens_counted": 504
    },
    {
      "chain_index": 2,
      "finish_reason": "stop",
      "extracted_answer": "890",
      "prompt_tokens": 143,
      "completion_tokens": 7783,
      "reasoning_tokens_counted": 7064,
      "non_reasoning_tokens_counted": 717
    },
    {
      "chain_index": 3,
      "finish_reason": "stop",
      "extracted_answer": "890",
      "prompt_tokens": 143,
      "completion_tokens": 8653,
      "reasoning_tokens_counted": 8191,
      "non_reasoning_tokens_counted": 460
    },
    {
      "chain_index": 4,
      "finish_reason": "stop",
      "extracted_answer": "890",
      "prompt_tokens": 143,
      "completion_tokens": 7470,
      "reasoning_tokens_counted": 7040,
      "non_reasoning_tokens_counted": 428
    }
  ],
  "error_chain_details": []
}