{
  "iteration": 12,
  "question_id": "index_11",
  "status": "SUCCESS",
  "n_chains_requested": 4,
  "n_chains_completed_stream_with_content": 4,
  "n_chains_completed_stream_for_voting": 4,
  "error_chains_count": 0,
  "prompt_len": 604,
  "correct_answer_reference": "29",
  "individual_answers": [
    "29",
    "24",
    "29",
    "27"
  ],
  "voted_answer": "29",
  "final_score": 1,
  "avg_kv_cache_usage": 0.12675447397197806,
  "max_kv_cache_usage": 0.2641706877507122,
  "processing_duration_sec": 704.1176669597626,
  "usage_aggregated": {
    "prompt_tokens": 147,
    "total_completion_tokens_across_all_requested_chains": 84206,
    "total_reasoning_tokens_counted": 82401,
    "total_non_reasoning_tokens_counted": 1796,
    "total_tokens_usage": 84353
  },
  "chains_for_voting_details": [
    {
      "chain_index": 1,
      "finish_reason": "stop",
      "extracted_answer": "29",
      "prompt_tokens": 147,
      "completion_tokens": 18029,
      "reasoning_tokens_counted": 17586,
      "non_reasoning_tokens_counted": 441
    },
    {
      "chain_index": 2,
      "finish_reason": "stop",
      "extracted_answer": "24",
      "prompt_tokens": 147,
      "completion_tokens": 26383,
      "reasoning_tokens_counted": 25866,
      "non_reasoning_tokens_counted": 515
    },
    {
      "chain_index": 3,
      "finish_reason": "stop",
      "extracted_answer": "29",
      "prompt_tokens": 147,
      "completion_tokens": 20892,
      "reasoning_tokens_counted": 20582,
      "non_reasoning_tokens_counted": 307
    },
    {
      "chain_index": 4,
      "finish_reason": "stop",
      "extracted_answer": "27",
      "prompt_tokens": 147,
      "completion_tokens": 18902,
      "reasoning_tokens_counted": 18367,
      "non_reasoning_tokens_counted": 533
    }
  ],
  "error_chain_details": []
}