{
  "iteration": 9,
  "question_id": "index_8",
  "status": "SUCCESS",
  "n_chains_requested": 4,
  "n_chains_completed_stream_with_content": 4,
  "n_chains_completed_stream_for_voting": 4,
  "error_chains_count": 0,
  "prompt_len": 743,
  "correct_answer_reference": "1037",
  "individual_answers": [
    "1037",
    "1037",
    "1037",
    "1037"
  ],
  "voted_answer": "1037",
  "final_score": 1,
  "avg_kv_cache_usage": 0.0725015326526303,
  "max_kv_cache_usage": 0.1219115167722806,
  "processing_duration_sec": 277.59393858909607,
  "usage_aggregated": {
    "prompt_tokens": 243,
    "total_completion_tokens_across_all_requested_chains": 41933,
    "total_reasoning_tokens_counted": 39183,
    "total_non_reasoning_tokens_counted": 2742,
    "total_tokens_usage": 42176
  },
  "chains_for_voting_details": [
    {
      "chain_index": 1,
      "finish_reason": "stop",
      "extracted_answer": "1037",
      "prompt_tokens": 243,
      "completion_tokens": 7383,
      "reasoning_tokens_counted": 6616,
      "non_reasoning_tokens_counted": 765
    },
    {
      "chain_index": 2,
      "finish_reason": "stop",
      "extracted_answer": "1037",
      "prompt_tokens": 243,
      "completion_tokens": 11875,
      "reasoning_tokens_counted": 11214,
      "non_reasoning_tokens_counted": 659
    },
    {
      "chain_index": 3,
      "finish_reason": "stop",
      "extracted_answer": "1037",
      "prompt_tokens": 243,
      "completion_tokens": 10932,
      "reasoning_tokens_counted": 10284,
      "non_reasoning_tokens_counted": 646
    },
    {
      "chain_index": 4,
      "finish_reason": "stop",
      "extracted_answer": "1037",
      "prompt_tokens": 243,
      "completion_tokens": 11743,
      "reasoning_tokens_counted": 11069,
      "non_reasoning_tokens_counted": 672
    }
  ],
  "error_chain_details": []
}