{
  "iteration": 25,
  "question_id": "index_24",
  "status": "SUCCESS",
  "n_chains_requested": 4,
  "n_chains_completed_stream_with_content": 4,
  "n_chains_completed_stream_for_voting": 4,
  "error_chains_count": 0,
  "prompt_len": 550,
  "correct_answer_reference": "\\sqrt{23}-2 \\sqrt{3}",
  "individual_answers": [
    "\\dfrac{\\sqrt{7}}{2}",
    "5",
    "\\sqrt{23}",
    "\\sqrt{23}"
  ],
  "voted_answer": "\\sqrt{23}",
  "final_score": 0,
  "avg_kv_cache_usage": 0.16177944853472484,
  "max_kv_cache_usage": 0.3081216208359979,
  "processing_duration_sec": 622.4670791625977,
  "usage_aggregated": {
    "prompt_tokens": 151,
    "total_completion_tokens_across_all_requested_chains": 90607,
    "total_reasoning_tokens_counted": 88449,
    "total_non_reasoning_tokens_counted": 2150,
    "total_tokens_usage": 90758
  },
  "chains_for_voting_details": [
    {
      "chain_index": 1,
      "finish_reason": "stop",
      "extracted_answer": "\\dfrac{\\sqrt{7}}{2}",
      "prompt_tokens": 151,
      "completion_tokens": 23122,
      "reasoning_tokens_counted": 22617,
      "non_reasoning_tokens_counted": 503
    },
    {
      "chain_index": 2,
      "finish_reason": "stop",
      "extracted_answer": "5",
      "prompt_tokens": 151,
      "completion_tokens": 21050,
      "reasoning_tokens_counted": 20541,
      "non_reasoning_tokens_counted": 507
    },
    {
      "chain_index": 3,
      "finish_reason": "stop",
      "extracted_answer": "\\sqrt{23}",
      "prompt_tokens": 151,
      "completion_tokens": 23027,
      "reasoning_tokens_counted": 22484,
      "non_reasoning_tokens_counted": 541
    },
    {
      "chain_index": 4,
      "finish_reason": "stop",
      "extracted_answer": "\\sqrt{23}",
      "prompt_tokens": 151,
      "completion_tokens": 23408,
      "reasoning_tokens_counted": 22807,
      "non_reasoning_tokens_counted": 599
    }
  ],
  "error_chain_details": []
}