{
  "iteration": 23,
  "question_id": "index_22",
  "status": "SUCCESS",
  "n_chains_requested": 4,
  "n_chains_completed_stream_with_content": 4,
  "n_chains_completed_stream_for_voting": 4,
  "error_chains_count": 0,
  "prompt_len": 466,
  "correct_answer_reference": "8\\sqrt{10}",
  "individual_answers": [
    "8\\sqrt{10}",
    "8\\sqrt{10}",
    "8\\sqrt{10}",
    "8\\sqrt{10}"
  ],
  "voted_answer": "8\\sqrt{10}",
  "final_score": 1,
  "avg_kv_cache_usage": 0.06504219678434159,
  "max_kv_cache_usage": 0.1274344514853788,
  "processing_duration_sec": 197.4529185295105,
  "usage_aggregated": {
    "prompt_tokens": 135,
    "total_completion_tokens_across_all_requested_chains": 35682,
    "total_reasoning_tokens_counted": 32857,
    "total_non_reasoning_tokens_counted": 2817,
    "total_tokens_usage": 35817
  },
  "chains_for_voting_details": [
    {
      "chain_index": 1,
      "finish_reason": "stop",
      "extracted_answer": "8\\sqrt{10}",
      "prompt_tokens": 135,
      "completion_tokens": 9060,
      "reasoning_tokens_counted": 8442,
      "non_reasoning_tokens_counted": 616
    },
    {
      "chain_index": 2,
      "finish_reason": "stop",
      "extracted_answer": "8\\sqrt{10}",
      "prompt_tokens": 135,
      "completion_tokens": 9179,
      "reasoning_tokens_counted": 8402,
      "non_reasoning_tokens_counted": 775
    },
    {
      "chain_index": 3,
      "finish_reason": "stop",
      "extracted_answer": "8\\sqrt{10}",
      "prompt_tokens": 135,
      "completion_tokens": 8622,
      "reasoning_tokens_counted": 7891,
      "non_reasoning_tokens_counted": 729
    },
    {
      "chain_index": 4,
      "finish_reason": "stop",
      "extracted_answer": "8\\sqrt{10}",
      "prompt_tokens": 135,
      "completion_tokens": 8821,
      "reasoning_tokens_counted": 8122,
      "non_reasoning_tokens_counted": 697
    }
  ],
  "error_chain_details": []
}