{
  "iteration": 2,
  "question_id": "index_1",
  "status": "SUCCESS",
  "n_chains_requested": 4,
  "n_chains_completed_stream_with_content": 4,
  "n_chains_completed_stream_for_voting": 4,
  "error_chains_count": 0,
  "prompt_len": 600,
  "correct_answer_reference": "3375",
  "individual_answers": [
    "3375",
    "3375",
    "3375",
    "3375"
  ],
  "voted_answer": "3375",
  "final_score": 1,
  "avg_kv_cache_usage": 0.018966982857087117,
  "max_kv_cache_usage": 0.0351142375443288,
  "processing_duration_sec": 50.959094762802124,
  "usage_aggregated": {
    "prompt_tokens": 153,
    "total_completion_tokens_across_all_requested_chains": 9719,
    "total_reasoning_tokens_counted": 7866,
    "total_non_reasoning_tokens_counted": 1845,
    "total_tokens_usage": 9872
  },
  "chains_for_voting_details": [
    {
      "chain_index": 1,
      "finish_reason": "stop",
      "extracted_answer": "3375",
      "prompt_tokens": 153,
      "completion_tokens": 2400,
      "reasoning_tokens_counted": 1959,
      "non_reasoning_tokens_counted": 439
    },
    {
      "chain_index": 2,
      "finish_reason": "stop",
      "extracted_answer": "3375",
      "prompt_tokens": 153,
      "completion_tokens": 2564,
      "reasoning_tokens_counted": 2089,
      "non_reasoning_tokens_counted": 473
    },
    {
      "chain_index": 3,
      "finish_reason": "stop",
      "extracted_answer": "3375",
      "prompt_tokens": 153,
      "completion_tokens": 2499,
      "reasoning_tokens_counted": 2029,
      "non_reasoning_tokens_counted": 468
    },
    {
      "chain_index": 4,
      "finish_reason": "stop",
      "extracted_answer": "3375",
      "prompt_tokens": 153,
      "completion_tokens": 2256,
      "reasoning_tokens_counted": 1789,
      "non_reasoning_tokens_counted": 465
    }
  ],
  "error_chain_details": []
}