{
  "iteration": 8,
  "question_id": "index_7",
  "status": "SUCCESS",
  "n_chains_requested": 4,
  "n_chains_completed_stream_with_content": 4,
  "n_chains_completed_stream_for_voting": 4,
  "error_chains_count": 0,
  "prompt_len": 504,
  "correct_answer_reference": "1-\\frac{2}{\\pi}",
  "individual_answers": [
    "1 - \\dfrac{2}{\\pi}",
    "1 - \\dfrac{2}{\\pi}",
    "\\dfrac{1487}{4096}",
    "0.363865854"
  ],
  "voted_answer": "1 - \\dfrac{2}{\\pi}",
  "final_score": 1,
  "avg_kv_cache_usage": 0.13247825444860267,
  "max_kv_cache_usage": 0.2088250683099819,
  "processing_duration_sec": 782.1395761966705,
  "usage_aggregated": {
    "prompt_tokens": 156,
    "total_completion_tokens_across_all_requested_chains": 88316,
    "total_reasoning_tokens_counted": 86764,
    "total_non_reasoning_tokens_counted": 1544,
    "total_tokens_usage": 88472
  },
  "chains_for_voting_details": [
    {
      "chain_index": 1,
      "finish_reason": "stop",
      "extracted_answer": "1 - \\dfrac{2}{\\pi}",
      "prompt_tokens": 156,
      "completion_tokens": 14209,
      "reasoning_tokens_counted": 13859,
      "non_reasoning_tokens_counted": 348
    },
    {
      "chain_index": 2,
      "finish_reason": "stop",
      "extracted_answer": "1 - \\dfrac{2}{\\pi}",
      "prompt_tokens": 156,
      "completion_tokens": 18541,
      "reasoning_tokens_counted": 18224,
      "non_reasoning_tokens_counted": 315
    },
    {
      "chain_index": 3,
      "finish_reason": "stop",
      "extracted_answer": "\\dfrac{1487}{4096}",
      "prompt_tokens": 156,
      "completion_tokens": 29095,
      "reasoning_tokens_counted": 28533,
      "non_reasoning_tokens_counted": 560
    },
    {
      "chain_index": 4,
      "finish_reason": "stop",
      "extracted_answer": "0.363865854",
      "prompt_tokens": 156,
      "completion_tokens": 26471,
      "reasoning_tokens_counted": 26148,
      "non_reasoning_tokens_counted": 321
    }
  ],
  "error_chain_details": []
}