{
  "iteration": 6,
  "question_id": "index_5",
  "status": "SUCCESS",
  "n_chains_requested": 4,
  "n_chains_completed_stream_with_content": 4,
  "n_chains_completed_stream_for_voting": 4,
  "error_chains_count": 0,
  "prompt_len": 370,
  "correct_answer_reference": "\\frac{1311}{2017}",
  "individual_answers": [
    "\\dfrac{1311}{2017}",
    "\\dfrac{1311}{2017}",
    "\\dfrac{1311}{2017}",
    "\\dfrac{1311}{2017}"
  ],
  "voted_answer": "\\dfrac{1311}{2017}",
  "final_score": 1,
  "avg_kv_cache_usage": 0.06925412677687087,
  "max_kv_cache_usage": 0.1360386024068368,
  "processing_duration_sec": 290.51513171195984,
  "usage_aggregated": {
    "prompt_tokens": 113,
    "total_completion_tokens_across_all_requested_chains": 42734,
    "total_reasoning_tokens_counted": 39882,
    "total_non_reasoning_tokens_counted": 2844,
    "total_tokens_usage": 42847
  },
  "chains_for_voting_details": [
    {
      "chain_index": 1,
      "finish_reason": "stop",
      "extracted_answer": "\\dfrac{1311}{2017}",
      "prompt_tokens": 113,
      "completion_tokens": 11589,
      "reasoning_tokens_counted": 10959,
      "non_reasoning_tokens_counted": 628
    },
    {
      "chain_index": 2,
      "finish_reason": "stop",
      "extracted_answer": "\\dfrac{1311}{2017}",
      "prompt_tokens": 113,
      "completion_tokens": 9239,
      "reasoning_tokens_counted": 8559,
      "non_reasoning_tokens_counted": 678
    },
    {
      "chain_index": 3,
      "finish_reason": "stop",
      "extracted_answer": "\\dfrac{1311}{2017}",
      "prompt_tokens": 113,
      "completion_tokens": 9465,
      "reasoning_tokens_counted": 8709,
      "non_reasoning_tokens_counted": 754
    },
    {
      "chain_index": 4,
      "finish_reason": "stop",
      "extracted_answer": "\\dfrac{1311}{2017}",
      "prompt_tokens": 113,
      "completion_tokens": 12441,
      "reasoning_tokens_counted": 11655,
      "non_reasoning_tokens_counted": 784
    }
  ],
  "error_chain_details": []
}