{
  "iteration": 21,
  "question_id": "index_20",
  "status": "SUCCESS",
  "n_chains_requested": 4,
  "n_chains_completed_stream_with_content": 4,
  "n_chains_completed_stream_for_voting": 4,
  "error_chains_count": 0,
  "prompt_len": 487,
  "correct_answer_reference": "26",
  "individual_answers": [
    "26",
    "26",
    "26",
    "26"
  ],
  "voted_answer": "26",
  "final_score": 1,
  "avg_kv_cache_usage": 0.023086002786569186,
  "max_kv_cache_usage": 0.0437183884657869,
  "processing_duration_sec": 66.66814970970154,
  "usage_aggregated": {
    "prompt_tokens": 139,
    "total_completion_tokens_across_all_requested_chains": 12438,
    "total_reasoning_tokens_counted": 10087,
    "total_non_reasoning_tokens_counted": 2343,
    "total_tokens_usage": 12577
  },
  "chains_for_voting_details": [
    {
      "chain_index": 1,
      "finish_reason": "stop",
      "extracted_answer": "26",
      "prompt_tokens": 139,
      "completion_tokens": 2861,
      "reasoning_tokens_counted": 2250,
      "non_reasoning_tokens_counted": 609
    },
    {
      "chain_index": 2,
      "finish_reason": "stop",
      "extracted_answer": "26",
      "prompt_tokens": 139,
      "completion_tokens": 3341,
      "reasoning_tokens_counted": 2753,
      "non_reasoning_tokens_counted": 586
    },
    {
      "chain_index": 3,
      "finish_reason": "stop",
      "extracted_answer": "26",
      "prompt_tokens": 139,
      "completion_tokens": 3267,
      "reasoning_tokens_counted": 2695,
      "non_reasoning_tokens_counted": 570
    },
    {
      "chain_index": 4,
      "finish_reason": "stop",
      "extracted_answer": "26",
      "prompt_tokens": 139,
      "completion_tokens": 2969,
      "reasoning_tokens_counted": 2389,
      "non_reasoning_tokens_counted": 578
    }
  ],
  "error_chain_details": []
}