{
  "iteration": 4,
  "question_id": "index_3",
  "status": "SUCCESS",
  "n_chains_requested": 4,
  "n_chains_completed_stream_with_content": 4,
  "n_chains_completed_stream_for_voting": 4,
  "error_chains_count": 0,
  "prompt_len": 404,
  "correct_answer_reference": "-984",
  "individual_answers": [
    "-984",
    "-984",
    "-984",
    "-984"
  ],
  "voted_answer": "-984",
  "final_score": 1,
  "avg_kv_cache_usage": 0.09873876743112793,
  "max_kv_cache_usage": 0.1771990000581361,
  "processing_duration_sec": 520.4561324119568,
  "usage_aggregated": {
    "prompt_tokens": 123,
    "total_completion_tokens_across_all_requested_chains": 64817,
    "total_reasoning_tokens_counted": 61433,
    "total_non_reasoning_tokens_counted": 3376,
    "total_tokens_usage": 64940
  },
  "chains_for_voting_details": [
    {
      "chain_index": 1,
      "finish_reason": "stop",
      "extracted_answer": "-984",
      "prompt_tokens": 123,
      "completion_tokens": 20294,
      "reasoning_tokens_counted": 19513,
      "non_reasoning_tokens_counted": 779
    },
    {
      "chain_index": 2,
      "finish_reason": "stop",
      "extracted_answer": "-984",
      "prompt_tokens": 123,
      "completion_tokens": 15272,
      "reasoning_tokens_counted": 14142,
      "non_reasoning_tokens_counted": 1128
    },
    {
      "chain_index": 3,
      "finish_reason": "stop",
      "extracted_answer": "-984",
      "prompt_tokens": 123,
      "completion_tokens": 17196,
      "reasoning_tokens_counted": 16405,
      "non_reasoning_tokens_counted": 789
    },
    {
      "chain_index": 4,
      "finish_reason": "stop",
      "extracted_answer": "-984",
      "prompt_tokens": 123,
      "completion_tokens": 12055,
      "reasoning_tokens_counted": 11373,
      "non_reasoning_tokens_counted": 680
    }
  ],
  "error_chain_details": []
}