{
  "iteration": 27,
  "question_id": "index_26",
  "status": "SUCCESS",
  "n_chains_requested": 8,
  "n_chains_completed_stream_with_content": 8,
  "n_chains_completed_stream_for_voting": 8,
  "error_chains_count": 0,
  "prompt_len": 494,
  "correct_answer_reference": "\\frac{7}{18}",
  "individual_answers": [
    "\\dfrac{7}{18}",
    "\\dfrac{7}{22}",
    "\\dfrac{7}{18}",
    "\\dfrac{2}{5}",
    "\\dfrac{11}{32}",
    "\\dfrac{2}{7}",
    "\\dfrac{7}{18}",
    "\\dfrac{5}{21}"
  ],
  "voted_answer": "\\dfrac{7}{18}",
  "final_score": 1,
  "avg_kv_cache_usage": 0.2255511470145724,
  "max_kv_cache_usage": 0.4133480611592349,
  "processing_duration_sec": 894.1553063392639,
  "usage_aggregated": {
    "prompt_tokens": 156,
    "total_completion_tokens_across_all_requested_chains": 170155,
    "total_reasoning_tokens_counted": 165684,
    "total_non_reasoning_tokens_counted": 4455,
    "total_tokens_usage": 170311
  },
  "chains_for_voting_details": [
    {
      "chain_index": 1,
      "finish_reason": "stop",
      "extracted_answer": "\\dfrac{7}{18}",
      "prompt_tokens": 156,
      "completion_tokens": 23259,
      "reasoning_tokens_counted": 22810,
      "non_reasoning_tokens_counted": 447
    },
    {
      "chain_index": 2,
      "finish_reason": "stop",
      "extracted_answer": "\\dfrac{7}{22}",
      "prompt_tokens": 156,
      "completion_tokens": 24787,
      "reasoning_tokens_counted": 24122,
      "non_reasoning_tokens_counted": 663
    },
    {
      "chain_index": 3,
      "finish_reason": "stop",
      "extracted_answer": "\\dfrac{7}{18}",
      "prompt_tokens": 156,
      "completion_tokens": 14959,
      "reasoning_tokens_counted": 14348,
      "non_reasoning_tokens_counted": 609
    },
    {
      "chain_index": 4,
      "finish_reason": "stop",
      "extracted_answer": "\\dfrac{2}{5}",
      "prompt_tokens": 156,
      "completion_tokens": 18803,
      "reasoning_tokens_counted": 18329,
      "non_reasoning_tokens_counted": 472
    },
    {
      "chain_index": 5,
      "finish_reason": "stop",
      "extracted_answer": "\\dfrac{11}{32}",
      "prompt_tokens": 156,
      "completion_tokens": 23983,
      "reasoning_tokens_counted": 23535,
      "non_reasoning_tokens_counted": 446
    },
    {
      "chain_index": 6,
      "finish_reason": "stop",
      "extracted_answer": "\\dfrac{2}{7}",
      "prompt_tokens": 156,
      "completion_tokens": 31629,
      "reasoning_tokens_counted": 31134,
      "non_reasoning_tokens_counted": 493
    },
    {
      "chain_index": 7,
      "finish_reason": "stop",
      "extracted_answer": "\\dfrac{7}{18}",
      "prompt_tokens": 156,
      "completion_tokens": 12670,
      "reasoning_tokens_counted": 11906,
      "non_reasoning_tokens_counted": 762
    },
    {
      "chain_index": 8,
      "finish_reason": "stop",
      "extracted_answer": "\\dfrac{5}{21}",
      "prompt_tokens": 156,
      "completion_tokens": 20065,
      "reasoning_tokens_counted": 19500,
      "non_reasoning_tokens_counted": 563
    }
  ],
  "error_chain_details": []
}