{
  "iteration": 2,
  "question_id": "index_1",
  "status": "SUCCESS",
  "n_chains_requested": 8,
  "n_chains_completed_stream_with_content": 8,
  "n_chains_completed_stream_for_voting": 8,
  "error_chains_count": 0,
  "prompt_len": 600,
  "correct_answer_reference": "3375",
  "individual_answers": [
    "3375",
    "3375",
    "3375",
    "3375",
    "3375",
    "3375",
    "3375",
    "3375"
  ],
  "voted_answer": "3375",
  "final_score": 1,
  "avg_kv_cache_usage": 0.040171122212411606,
  "max_kv_cache_usage": 0.074879367478635,
  "processing_duration_sec": 81.12514138221741,
  "usage_aggregated": {
    "prompt_tokens": 153,
    "total_completion_tokens_across_all_requested_chains": 24823,
    "total_reasoning_tokens_counted": 19807,
    "total_non_reasoning_tokens_counted": 5000,
    "total_tokens_usage": 24976
  },
  "chains_for_voting_details": [
    {
      "chain_index": 1,
      "finish_reason": "stop",
      "extracted_answer": "3375",
      "prompt_tokens": 153,
      "completion_tokens": 2824,
      "reasoning_tokens_counted": 2299,
      "non_reasoning_tokens_counted": 523
    },
    {
      "chain_index": 2,
      "finish_reason": "stop",
      "extracted_answer": "3375",
      "prompt_tokens": 153,
      "completion_tokens": 2418,
      "reasoning_tokens_counted": 1866,
      "non_reasoning_tokens_counted": 550
    },
    {
      "chain_index": 3,
      "finish_reason": "stop",
      "extracted_answer": "3375",
      "prompt_tokens": 153,
      "completion_tokens": 3613,
      "reasoning_tokens_counted": 3146,
      "non_reasoning_tokens_counted": 465
    },
    {
      "chain_index": 4,
      "finish_reason": "stop",
      "extracted_answer": "3375",
      "prompt_tokens": 153,
      "completion_tokens": 3101,
      "reasoning_tokens_counted": 2328,
      "non_reasoning_tokens_counted": 771
    },
    {
      "chain_index": 5,
      "finish_reason": "stop",
      "extracted_answer": "3375",
      "prompt_tokens": 153,
      "completion_tokens": 3932,
      "reasoning_tokens_counted": 3118,
      "non_reasoning_tokens_counted": 812
    },
    {
      "chain_index": 6,
      "finish_reason": "stop",
      "extracted_answer": "3375",
      "prompt_tokens": 153,
      "completion_tokens": 2649,
      "reasoning_tokens_counted": 2028,
      "non_reasoning_tokens_counted": 619
    },
    {
      "chain_index": 7,
      "finish_reason": "stop",
      "extracted_answer": "3375",
      "prompt_tokens": 153,
      "completion_tokens": 3527,
      "reasoning_tokens_counted": 2979,
      "non_reasoning_tokens_counted": 546
    },
    {
      "chain_index": 8,
      "finish_reason": "stop",
      "extracted_answer": "3375",
      "prompt_tokens": 153,
      "completion_tokens": 2759,
      "reasoning_tokens_counted": 2043,
      "non_reasoning_tokens_counted": 714
    }
  ],
  "error_chain_details": []
}