{
  "iteration": 14,
  "question_id": "index_13",
  "status": "SUCCESS",
  "n_chains_requested": 8,
  "n_chains_completed_stream_with_content": 8,
  "n_chains_completed_stream_for_voting": 8,
  "error_chains_count": 0,
  "prompt_len": 638,
  "correct_answer_reference": "2304",
  "individual_answers": [
    "264",
    "200",
    "200",
    "72",
    "14",
    "200",
    "70",
    "76"
  ],
  "voted_answer": "200",
  "final_score": 0,
  "avg_kv_cache_usage": 0.20032460501909133,
  "max_kv_cache_usage": 0.380094180570897,
  "processing_duration_sec": 631.2329385280609,
  "usage_aggregated": {
    "prompt_tokens": 188,
    "total_completion_tokens_across_all_requested_chains": 139079,
    "total_reasoning_tokens_counted": 136851,
    "total_non_reasoning_tokens_counted": 2212,
    "total_tokens_usage": 139267
  },
  "chains_for_voting_details": [
    {
      "chain_index": 1,
      "finish_reason": "stop",
      "extracted_answer": "264",
      "prompt_tokens": 188,
      "completion_tokens": 21688,
      "reasoning_tokens_counted": 21177,
      "non_reasoning_tokens_counted": 509
    },
    {
      "chain_index": 2,
      "finish_reason": "stop",
      "extracted_answer": "200",
      "prompt_tokens": 188,
      "completion_tokens": 16156,
      "reasoning_tokens_counted": 15980,
      "non_reasoning_tokens_counted": 174
    },
    {
      "chain_index": 3,
      "finish_reason": "stop",
      "extracted_answer": "200",
      "prompt_tokens": 188,
      "completion_tokens": 16538,
      "reasoning_tokens_counted": 16185,
      "non_reasoning_tokens_counted": 351
    },
    {
      "chain_index": 4,
      "finish_reason": "stop",
      "extracted_answer": "72",
      "prompt_tokens": 188,
      "completion_tokens": 15820,
      "reasoning_tokens_counted": 15576,
      "non_reasoning_tokens_counted": 242
    },
    {
      "chain_index": 5,
      "finish_reason": "stop",
      "extracted_answer": "14",
      "prompt_tokens": 188,
      "completion_tokens": 18136,
      "reasoning_tokens_counted": 17931,
      "non_reasoning_tokens_counted": 203
    },
    {
      "chain_index": 6,
      "finish_reason": "stop",
      "extracted_answer": "200",
      "prompt_tokens": 188,
      "completion_tokens": 14748,
      "reasoning_tokens_counted": 14483,
      "non_reasoning_tokens_counted": 263
    },
    {
      "chain_index": 7,
      "finish_reason": "stop",
      "extracted_answer": "70",
      "prompt_tokens": 188,
      "completion_tokens": 23194,
      "reasoning_tokens_counted": 22932,
      "non_reasoning_tokens_counted": 260
    },
    {
      "chain_index": 8,
      "finish_reason": "stop",
      "extracted_answer": "76",
      "prompt_tokens": 188,
      "completion_tokens": 12799,
      "reasoning_tokens_counted": 12587,
      "non_reasoning_tokens_counted": 210
    }
  ],
  "error_chain_details": []
}