{
  "iteration": 28,
  "question_id": "index_27",
  "status": "SUCCESS",
  "n_chains_requested": 8,
  "n_chains_completed_stream_with_content": 8,
  "n_chains_completed_stream_for_voting": 8,
  "error_chains_count": 0,
  "prompt_len": 527,
  "correct_answer_reference": "\\sqrt{6}",
  "individual_answers": [
    "\\sqrt{6}",
    "\\sqrt{6}",
    "\\sqrt{6}",
    "\\sqrt{6}",
    "\\sqrt{6}",
    "\\sqrt{6}",
    "\\sqrt{6}",
    "\\sqrt{6}"
  ],
  "voted_answer": "\\sqrt{6}",
  "final_score": 1,
  "avg_kv_cache_usage": 0.13249623724882958,
  "max_kv_cache_usage": 0.2850997035056101,
  "processing_duration_sec": 629.5210304260254,
  "usage_aggregated": {
    "prompt_tokens": 165,
    "total_completion_tokens_across_all_requested_chains": 110367,
    "total_reasoning_tokens_counted": 105026,
    "total_non_reasoning_tokens_counted": 5324,
    "total_tokens_usage": 110532
  },
  "chains_for_voting_details": [
    {
      "chain_index": 1,
      "finish_reason": "stop",
      "extracted_answer": "\\sqrt{6}",
      "prompt_tokens": 165,
      "completion_tokens": 14982,
      "reasoning_tokens_counted": 14323,
      "non_reasoning_tokens_counted": 657
    },
    {
      "chain_index": 2,
      "finish_reason": "stop",
      "extracted_answer": "\\sqrt{6}",
      "prompt_tokens": 165,
      "completion_tokens": 11298,
      "reasoning_tokens_counted": 10643,
      "non_reasoning_tokens_counted": 653
    },
    {
      "chain_index": 3,
      "finish_reason": "stop",
      "extracted_answer": "\\sqrt{6}",
      "prompt_tokens": 165,
      "completion_tokens": 16074,
      "reasoning_tokens_counted": 15433,
      "non_reasoning_tokens_counted": 639
    },
    {
      "chain_index": 4,
      "finish_reason": "stop",
      "extracted_answer": "\\sqrt{6}",
      "prompt_tokens": 165,
      "completion_tokens": 9642,
      "reasoning_tokens_counted": 8909,
      "non_reasoning_tokens_counted": 731
    },
    {
      "chain_index": 5,
      "finish_reason": "stop",
      "extracted_answer": "\\sqrt{6}",
      "prompt_tokens": 165,
      "completion_tokens": 12299,
      "reasoning_tokens_counted": 11652,
      "non_reasoning_tokens_counted": 645
    },
    {
      "chain_index": 6,
      "finish_reason": "stop",
      "extracted_answer": "\\sqrt{6}",
      "prompt_tokens": 165,
      "completion_tokens": 23237,
      "reasoning_tokens_counted": 22617,
      "non_reasoning_tokens_counted": 617
    },
    {
      "chain_index": 7,
      "finish_reason": "stop",
      "extracted_answer": "\\sqrt{6}",
      "prompt_tokens": 165,
      "completion_tokens": 10582,
      "reasoning_tokens_counted": 9870,
      "non_reasoning_tokens_counted": 710
    },
    {
      "chain_index": 8,
      "finish_reason": "stop",
      "extracted_answer": "\\sqrt{6}",
      "prompt_tokens": 165,
      "completion_tokens": 12253,
      "reasoning_tokens_counted": 11579,
      "non_reasoning_tokens_counted": 672
    }
  ],
  "error_chain_details": []
}