{
  "iteration": 5,
  "question_id": "index_4",
  "status": "SUCCESS",
  "n_chains_requested": 8,
  "n_chains_completed_stream_with_content": 8,
  "n_chains_completed_stream_for_voting": 8,
  "error_chains_count": 0,
  "prompt_len": 509,
  "correct_answer_reference": "890",
  "individual_answers": [
    "890",
    "890",
    "890",
    "890",
    "890",
    "890",
    "890",
    "890"
  ],
  "voted_answer": "890",
  "final_score": 1,
  "avg_kv_cache_usage": 0.08327880405617126,
  "max_kv_cache_usage": 0.173943375385152,
  "processing_duration_sec": 208.68631410598755,
  "usage_aggregated": {
    "prompt_tokens": 143,
    "total_completion_tokens_across_all_requested_chains": 56588,
    "total_reasoning_tokens_counted": 51471,
    "total_non_reasoning_tokens_counted": 5101,
    "total_tokens_usage": 56731
  },
  "chains_for_voting_details": [
    {
      "chain_index": 1,
      "finish_reason": "stop",
      "extracted_answer": "890",
      "prompt_tokens": 143,
      "completion_tokens": 7014,
      "reasoning_tokens_counted": 6338,
      "non_reasoning_tokens_counted": 674
    },
    {
      "chain_index": 2,
      "finish_reason": "stop",
      "extracted_answer": "890",
      "prompt_tokens": 143,
      "completion_tokens": 6136,
      "reasoning_tokens_counted": 5555,
      "non_reasoning_tokens_counted": 579
    },
    {
      "chain_index": 3,
      "finish_reason": "stop",
      "extracted_answer": "890",
      "prompt_tokens": 143,
      "completion_tokens": 9323,
      "reasoning_tokens_counted": 8738,
      "non_reasoning_tokens_counted": 583
    },
    {
      "chain_index": 4,
      "finish_reason": "stop",
      "extracted_answer": "890",
      "prompt_tokens": 143,
      "completion_tokens": 7106,
      "reasoning_tokens_counted": 6377,
      "non_reasoning_tokens_counted": 727
    },
    {
      "chain_index": 5,
      "finish_reason": "stop",
      "extracted_answer": "890",
      "prompt_tokens": 143,
      "completion_tokens": 5830,
      "reasoning_tokens_counted": 5252,
      "non_reasoning_tokens_counted": 576
    },
    {
      "chain_index": 6,
      "finish_reason": "stop",
      "extracted_answer": "890",
      "prompt_tokens": 143,
      "completion_tokens": 6363,
      "reasoning_tokens_counted": 5708,
      "non_reasoning_tokens_counted": 653
    },
    {
      "chain_index": 7,
      "finish_reason": "stop",
      "extracted_answer": "890",
      "prompt_tokens": 143,
      "completion_tokens": 8380,
      "reasoning_tokens_counted": 7790,
      "non_reasoning_tokens_counted": 588
    },
    {
      "chain_index": 8,
      "finish_reason": "stop",
      "extracted_answer": "890",
      "prompt_tokens": 143,
      "completion_tokens": 6436,
      "reasoning_tokens_counted": 5713,
      "non_reasoning_tokens_counted": 721
    }
  ],
  "error_chain_details": []
}