{
  "iteration": 8,
  "question_id": "index_7",
  "status": "SUCCESS",
  "n_chains_requested": 8,
  "n_chains_completed_stream_with_content": 8,
  "n_chains_completed_stream_for_voting": 8,
  "error_chains_count": 0,
  "prompt_len": 504,
  "correct_answer_reference": "1-\\frac{2}{\\pi}",
  "individual_answers": [
    "\\dfrac{3 - \\sqrt{5}}{2}",
    "\\dfrac{23813}{65536}",
    "\\dfrac{4}{11}",
    "1 - \\dfrac{2}{\\pi}",
    "\\dfrac{1}{e}",
    "1 - \\dfrac{2}{\\pi}",
    "1 - \\dfrac{2}{\\pi}",
    "\\dfrac{4}{11}"
  ],
  "voted_answer": "1 - \\dfrac{2}{\\pi}",
  "final_score": 1,
  "avg_kv_cache_usage": 0.18608580869989097,
  "max_kv_cache_usage": 0.3655601418522178,
  "processing_duration_sec": 766.9705102443695,
  "usage_aggregated": {
    "prompt_tokens": 156,
    "total_completion_tokens_across_all_requested_chains": 139754,
    "total_reasoning_tokens_counted": 135748,
    "total_non_reasoning_tokens_counted": 3990,
    "total_tokens_usage": 139910
  },
  "chains_for_voting_details": [
    {
      "chain_index": 1,
      "finish_reason": "stop",
      "extracted_answer": "\\dfrac{3 - \\sqrt{5}}{2}",
      "prompt_tokens": 156,
      "completion_tokens": 16599,
      "reasoning_tokens_counted": 16222,
      "non_reasoning_tokens_counted": 375
    },
    {
      "chain_index": 2,
      "finish_reason": "stop",
      "extracted_answer": "\\dfrac{23813}{65536}",
      "prompt_tokens": 156,
      "completion_tokens": 27673,
      "reasoning_tokens_counted": 27073,
      "non_reasoning_tokens_counted": 598
    },
    {
      "chain_index": 3,
      "finish_reason": "stop",
      "extracted_answer": "\\dfrac{4}{11}",
      "prompt_tokens": 156,
      "completion_tokens": 20552,
      "reasoning_tokens_counted": 20250,
      "non_reasoning_tokens_counted": 300
    },
    {
      "chain_index": 4,
      "finish_reason": "stop",
      "extracted_answer": "1 - \\dfrac{2}{\\pi}",
      "prompt_tokens": 156,
      "completion_tokens": 9452,
      "reasoning_tokens_counted": 8761,
      "non_reasoning_tokens_counted": 689
    },
    {
      "chain_index": 5,
      "finish_reason": "stop",
      "extracted_answer": "\\dfrac{1}{e}",
      "prompt_tokens": 156,
      "completion_tokens": 20209,
      "reasoning_tokens_counted": 19939,
      "non_reasoning_tokens_counted": 268
    },
    {
      "chain_index": 6,
      "finish_reason": "stop",
      "extracted_answer": "1 - \\dfrac{2}{\\pi}",
      "prompt_tokens": 156,
      "completion_tokens": 5877,
      "reasoning_tokens_counted": 5309,
      "non_reasoning_tokens_counted": 566
    },
    {
      "chain_index": 7,
      "finish_reason": "stop",
      "extracted_answer": "1 - \\dfrac{2}{\\pi}",
      "prompt_tokens": 156,
      "completion_tokens": 16775,
      "reasoning_tokens_counted": 16300,
      "non_reasoning_tokens_counted": 473
    },
    {
      "chain_index": 8,
      "finish_reason": "stop",
      "extracted_answer": "\\dfrac{4}{11}",
      "prompt_tokens": 156,
      "completion_tokens": 22617,
      "reasoning_tokens_counted": 21894,
      "non_reasoning_tokens_counted": 721
    }
  ],
  "error_chain_details": []
}