{
  "iteration": 24,
  "question_id": "index_23",
  "status": "SUCCESS",
  "n_chains_requested": 8,
  "n_chains_completed_stream_with_content": 8,
  "n_chains_completed_stream_for_voting": 8,
  "error_chains_count": 0,
  "prompt_len": 1759,
  "correct_answer_reference": "20",
  "individual_answers": [
    "28",
    "\\dfrac{200}{3}",
    "55",
    "100",
    "100",
    "100",
    "100",
    "16"
  ],
  "voted_answer": "100",
  "final_score": 0,
  "avg_kv_cache_usage": 0.2604131390255835,
  "max_kv_cache_usage": 0.5038079181442939,
  "processing_duration_sec": 913.8985288143158,
  "usage_aggregated": {
    "prompt_tokens": 682,
    "total_completion_tokens_across_all_requested_chains": 177562,
    "total_reasoning_tokens_counted": 172198,
    "total_non_reasoning_tokens_counted": 5348,
    "total_tokens_usage": 178244
  },
  "chains_for_voting_details": [
    {
      "chain_index": 1,
      "finish_reason": "stop",
      "extracted_answer": "28",
      "prompt_tokens": 682,
      "completion_tokens": 7484,
      "reasoning_tokens_counted": 6651,
      "non_reasoning_tokens_counted": 831
    },
    {
      "chain_index": 2,
      "finish_reason": "stop",
      "extracted_answer": "\\dfrac{200}{3}",
      "prompt_tokens": 682,
      "completion_tokens": 31908,
      "reasoning_tokens_counted": 31333,
      "non_reasoning_tokens_counted": 573
    },
    {
      "chain_index": 3,
      "finish_reason": "stop",
      "extracted_answer": "55",
      "prompt_tokens": 682,
      "completion_tokens": 22755,
      "reasoning_tokens_counted": 21934,
      "non_reasoning_tokens_counted": 819
    },
    {
      "chain_index": 4,
      "finish_reason": "stop",
      "extracted_answer": "100",
      "prompt_tokens": 682,
      "completion_tokens": 20495,
      "reasoning_tokens_counted": 19802,
      "non_reasoning_tokens_counted": 691
    },
    {
      "chain_index": 5,
      "finish_reason": "stop",
      "extracted_answer": "100",
      "prompt_tokens": 682,
      "completion_tokens": 19120,
      "reasoning_tokens_counted": 18710,
      "non_reasoning_tokens_counted": 408
    },
    {
      "chain_index": 6,
      "finish_reason": "stop",
      "extracted_answer": "100",
      "prompt_tokens": 682,
      "completion_tokens": 32151,
      "reasoning_tokens_counted": 31516,
      "non_reasoning_tokens_counted": 633
    },
    {
      "chain_index": 7,
      "finish_reason": "stop",
      "extracted_answer": "100",
      "prompt_tokens": 682,
      "completion_tokens": 21454,
      "reasoning_tokens_counted": 20812,
      "non_reasoning_tokens_counted": 640
    },
    {
      "chain_index": 8,
      "finish_reason": "stop",
      "extracted_answer": "16",
      "prompt_tokens": 682,
      "completion_tokens": 22195,
      "reasoning_tokens_counted": 21440,
      "non_reasoning_tokens_counted": 753
    }
  ],
  "error_chain_details": []
}