{
  "iteration": 16,
  "question_id": "index_15",
  "status": "SUCCESS",
  "n_chains_requested": 8,
  "n_chains_completed_stream_with_content": 8,
  "n_chains_completed_stream_for_voting": 8,
  "error_chains_count": 0,
  "prompt_len": 533,
  "correct_answer_reference": "6300",
  "individual_answers": [
    "6300",
    "6525",
    "6525",
    "6525",
    "6300",
    "6300",
    "450",
    "6300"
  ],
  "voted_answer": "6300",
  "final_score": 1,
  "avg_kv_cache_usage": 0.17356388401661713,
  "max_kv_cache_usage": 0.3176559502354514,
  "processing_duration_sec": 790.9144277572632,
  "usage_aggregated": {
    "prompt_tokens": 119,
    "total_completion_tokens_across_all_requested_chains": 140196,
    "total_reasoning_tokens_counted": 136256,
    "total_non_reasoning_tokens_counted": 3924,
    "total_tokens_usage": 140315
  },
  "chains_for_voting_details": [
    {
      "chain_index": 1,
      "finish_reason": "stop",
      "extracted_answer": "6300",
      "prompt_tokens": 119,
      "completion_tokens": 21751,
      "reasoning_tokens_counted": 21328,
      "non_reasoning_tokens_counted": 421
    },
    {
      "chain_index": 2,
      "finish_reason": "stop",
      "extracted_answer": "6525",
      "prompt_tokens": 119,
      "completion_tokens": 11866,
      "reasoning_tokens_counted": 11400,
      "non_reasoning_tokens_counted": 464
    },
    {
      "chain_index": 3,
      "finish_reason": "stop",
      "extracted_answer": "6525",
      "prompt_tokens": 119,
      "completion_tokens": 28771,
      "reasoning_tokens_counted": 28274,
      "non_reasoning_tokens_counted": 495
    },
    {
      "chain_index": 4,
      "finish_reason": "stop",
      "extracted_answer": "6525",
      "prompt_tokens": 119,
      "completion_tokens": 21042,
      "reasoning_tokens_counted": 20540,
      "non_reasoning_tokens_counted": 500
    },
    {
      "chain_index": 5,
      "finish_reason": "stop",
      "extracted_answer": "6300",
      "prompt_tokens": 119,
      "completion_tokens": 14292,
      "reasoning_tokens_counted": 13703,
      "non_reasoning_tokens_counted": 587
    },
    {
      "chain_index": 6,
      "finish_reason": "stop",
      "extracted_answer": "6300",
      "prompt_tokens": 119,
      "completion_tokens": 14033,
      "reasoning_tokens_counted": 13572,
      "non_reasoning_tokens_counted": 459
    },
    {
      "chain_index": 7,
      "finish_reason": "stop",
      "extracted_answer": "450",
      "prompt_tokens": 119,
      "completion_tokens": 10805,
      "reasoning_tokens_counted": 10341,
      "non_reasoning_tokens_counted": 462
    },
    {
      "chain_index": 8,
      "finish_reason": "stop",
      "extracted_answer": "6300",
      "prompt_tokens": 119,
      "completion_tokens": 17636,
      "reasoning_tokens_counted": 17098,
      "non_reasoning_tokens_counted": 536
    }
  ],
  "error_chain_details": []
}