{
  "iteration": 25,
  "question_id": "index_24",
  "status": "SUCCESS",
  "n_chains_requested": 8,
  "n_chains_completed_stream_with_content": 8,
  "n_chains_completed_stream_for_voting": 8,
  "error_chains_count": 0,
  "prompt_len": 550,
  "correct_answer_reference": "\\sqrt{23}-2 \\sqrt{3}",
  "individual_answers": [
    "\\sqrt{11}",
    "\\sqrt{23}",
    "\\sqrt{23} - 2\\sqrt{3}",
    "\\sqrt{11}",
    "3",
    "\\sqrt{11}",
    "\\sqrt{11}",
    "1"
  ],
  "voted_answer": "\\sqrt{11}",
  "final_score": 0,
  "avg_kv_cache_usage": 0.31643172032592304,
  "max_kv_cache_usage": 0.6078716353700366,
  "processing_duration_sec": 927.4358031749725,
  "usage_aggregated": {
    "prompt_tokens": 151,
    "total_completion_tokens_across_all_requested_chains": 207176,
    "total_reasoning_tokens_counted": 202911,
    "total_non_reasoning_tokens_counted": 4248,
    "total_tokens_usage": 207327
  },
  "chains_for_voting_details": [
    {
      "chain_index": 1,
      "finish_reason": "stop",
      "extracted_answer": "\\sqrt{11}",
      "prompt_tokens": 151,
      "completion_tokens": 22431,
      "reasoning_tokens_counted": 21989,
      "non_reasoning_tokens_counted": 440
    },
    {
      "chain_index": 2,
      "finish_reason": "stop",
      "extracted_answer": "\\sqrt{23}",
      "prompt_tokens": 151,
      "completion_tokens": 31575,
      "reasoning_tokens_counted": 31077,
      "non_reasoning_tokens_counted": 496
    },
    {
      "chain_index": 3,
      "finish_reason": "stop",
      "extracted_answer": "\\sqrt{23} - 2\\sqrt{3}",
      "prompt_tokens": 151,
      "completion_tokens": 24441,
      "reasoning_tokens_counted": 23786,
      "non_reasoning_tokens_counted": 653
    },
    {
      "chain_index": 4,
      "finish_reason": "stop",
      "extracted_answer": "\\sqrt{11}",
      "prompt_tokens": 151,
      "completion_tokens": 31519,
      "reasoning_tokens_counted": 30895,
      "non_reasoning_tokens_counted": 622
    },
    {
      "chain_index": 5,
      "finish_reason": "stop",
      "extracted_answer": "3",
      "prompt_tokens": 151,
      "completion_tokens": 21934,
      "reasoning_tokens_counted": 21312,
      "non_reasoning_tokens_counted": 619
    },
    {
      "chain_index": 6,
      "finish_reason": "stop",
      "extracted_answer": "\\sqrt{11}",
      "prompt_tokens": 151,
      "completion_tokens": 22350,
      "reasoning_tokens_counted": 21894,
      "non_reasoning_tokens_counted": 454
    },
    {
      "chain_index": 7,
      "finish_reason": "stop",
      "extracted_answer": "\\sqrt{11}",
      "prompt_tokens": 151,
      "completion_tokens": 20760,
      "reasoning_tokens_counted": 20306,
      "non_reasoning_tokens_counted": 452
    },
    {
      "chain_index": 8,
      "finish_reason": "stop",
      "extracted_answer": "1",
      "prompt_tokens": 151,
      "completion_tokens": 32166,
      "reasoning_tokens_counted": 31652,
      "non_reasoning_tokens_counted": 512
    }
  ],
  "error_chain_details": []
}