{
  "iteration": 15,
  "question_id": "index_14",
  "status": "SUCCESS",
  "n_chains_requested": 8,
  "n_chains_completed_stream_with_content": 8,
  "n_chains_completed_stream_for_voting": 8,
  "error_chains_count": 0,
  "prompt_len": 610,
  "correct_answer_reference": "200",
  "individual_answers": [
    "202",
    "202",
    "202",
    "202",
    "120",
    "202",
    "202",
    "202"
  ],
  "voted_answer": "202",
  "final_score": 0,
  "avg_kv_cache_usage": 0.07218580678486035,
  "max_kv_cache_usage": 0.1228998314051508,
  "processing_duration_sec": 220.4713945388794,
  "usage_aggregated": {
    "prompt_tokens": 149,
    "total_completion_tokens_across_all_requested_chains": 51954,
    "total_reasoning_tokens_counted": 48551,
    "total_non_reasoning_tokens_counted": 3387,
    "total_tokens_usage": 52103
  },
  "chains_for_voting_details": [
    {
      "chain_index": 1,
      "finish_reason": "stop",
      "extracted_answer": "202",
      "prompt_tokens": 149,
      "completion_tokens": 5228,
      "reasoning_tokens_counted": 4884,
      "non_reasoning_tokens_counted": 342
    },
    {
      "chain_index": 2,
      "finish_reason": "stop",
      "extracted_answer": "202",
      "prompt_tokens": 149,
      "completion_tokens": 5289,
      "reasoning_tokens_counted": 4863,
      "non_reasoning_tokens_counted": 424
    },
    {
      "chain_index": 3,
      "finish_reason": "stop",
      "extracted_answer": "202",
      "prompt_tokens": 149,
      "completion_tokens": 4674,
      "reasoning_tokens_counted": 4196,
      "non_reasoning_tokens_counted": 476
    },
    {
      "chain_index": 4,
      "finish_reason": "stop",
      "extracted_answer": "202",
      "prompt_tokens": 149,
      "completion_tokens": 7476,
      "reasoning_tokens_counted": 7084,
      "non_reasoning_tokens_counted": 390
    },
    {
      "chain_index": 5,
      "finish_reason": "stop",
      "extracted_answer": "120",
      "prompt_tokens": 149,
      "completion_tokens": 3340,
      "reasoning_tokens_counted": 2935,
      "non_reasoning_tokens_counted": 403
    },
    {
      "chain_index": 6,
      "finish_reason": "stop",
      "extracted_answer": "202",
      "prompt_tokens": 149,
      "completion_tokens": 9140,
      "reasoning_tokens_counted": 8698,
      "non_reasoning_tokens_counted": 440
    },
    {
      "chain_index": 7,
      "finish_reason": "stop",
      "extracted_answer": "202",
      "prompt_tokens": 149,
      "completion_tokens": 9790,
      "reasoning_tokens_counted": 9336,
      "non_reasoning_tokens_counted": 452
    },
    {
      "chain_index": 8,
      "finish_reason": "stop",
      "extracted_answer": "202",
      "prompt_tokens": 149,
      "completion_tokens": 7017,
      "reasoning_tokens_counted": 6555,
      "non_reasoning_tokens_counted": 460
    }
  ],
  "error_chain_details": []
}