{
  "iteration": 10,
  "question_id": "index_9",
  "status": "SUCCESS",
  "n_chains_requested": 8,
  "n_chains_completed_stream_with_content": 8,
  "n_chains_completed_stream_for_voting": 8,
  "error_chains_count": 0,
  "prompt_len": 523,
  "correct_answer_reference": "\\frac{-1+\\sqrt{17}}{2}, \\frac{-1-\\sqrt{17}}{2}",
  "individual_answers": [
    "9",
    "-3",
    "6",
    "-6",
    "9",
    "\\dfrac{1 - \\sqrt{97}}{2}",
    "2",
    "-6"
  ],
  "voted_answer": "-6",
  "final_score": 0,
  "avg_kv_cache_usage": 0.3164779630790288,
  "max_kv_cache_usage": 0.5689204116039766,
  "processing_duration_sec": 822.170211315155,
  "usage_aggregated": {
    "prompt_tokens": 146,
    "total_completion_tokens_across_all_requested_chains": 192608,
    "total_reasoning_tokens_counted": 187742,
    "total_non_reasoning_tokens_counted": 4850,
    "total_tokens_usage": 192754
  },
  "chains_for_voting_details": [
    {
      "chain_index": 1,
      "finish_reason": "stop",
      "extracted_answer": "9",
      "prompt_tokens": 146,
      "completion_tokens": 26786,
      "reasoning_tokens_counted": 26227,
      "non_reasoning_tokens_counted": 557
    },
    {
      "chain_index": 2,
      "finish_reason": "stop",
      "extracted_answer": "-3",
      "prompt_tokens": 146,
      "completion_tokens": 17527,
      "reasoning_tokens_counted": 16842,
      "non_reasoning_tokens_counted": 683
    },
    {
      "chain_index": 3,
      "finish_reason": "stop",
      "extracted_answer": "6",
      "prompt_tokens": 146,
      "completion_tokens": 27882,
      "reasoning_tokens_counted": 27440,
      "non_reasoning_tokens_counted": 440
    },
    {
      "chain_index": 4,
      "finish_reason": "stop",
      "extracted_answer": "-6",
      "prompt_tokens": 146,
      "completion_tokens": 28003,
      "reasoning_tokens_counted": 27350,
      "non_reasoning_tokens_counted": 651
    },
    {
      "chain_index": 5,
      "finish_reason": "stop",
      "extracted_answer": "9",
      "prompt_tokens": 146,
      "completion_tokens": 9385,
      "reasoning_tokens_counted": 8766,
      "non_reasoning_tokens_counted": 617
    },
    {
      "chain_index": 6,
      "finish_reason": "stop",
      "extracted_answer": "\\dfrac{1 - \\sqrt{97}}{2}",
      "prompt_tokens": 146,
      "completion_tokens": 28908,
      "reasoning_tokens_counted": 28366,
      "non_reasoning_tokens_counted": 540
    },
    {
      "chain_index": 7,
      "finish_reason": "stop",
      "extracted_answer": "2",
      "prompt_tokens": 146,
      "completion_tokens": 25943,
      "reasoning_tokens_counted": 25362,
      "non_reasoning_tokens_counted": 579
    },
    {
      "chain_index": 8,
      "finish_reason": "stop",
      "extracted_answer": "-6",
      "prompt_tokens": 146,
      "completion_tokens": 28174,
      "reasoning_tokens_counted": 27389,
      "non_reasoning_tokens_counted": 783
    }
  ],
  "error_chain_details": []
}