{
  "iteration": 12,
  "question_id": "index_11",
  "status": "SUCCESS",
  "n_chains_requested": 8,
  "n_chains_completed_stream_with_content": 8,
  "n_chains_completed_stream_for_voting": 8,
  "error_chains_count": 0,
  "prompt_len": 604,
  "correct_answer_reference": "29",
  "individual_answers": [
    "20",
    "29",
    "29",
    "29",
    "29",
    "20",
    "29",
    "29"
  ],
  "voted_answer": "29",
  "final_score": 1,
  "avg_kv_cache_usage": 0.17973395373810352,
  "max_kv_cache_usage": 0.3730015696761816,
  "processing_duration_sec": 747.7962045669556,
  "usage_aggregated": {
    "prompt_tokens": 147,
    "total_completion_tokens_across_all_requested_chains": 141355,
    "total_reasoning_tokens_counted": 137934,
    "total_non_reasoning_tokens_counted": 3405,
    "total_tokens_usage": 141502
  },
  "chains_for_voting_details": [
    {
      "chain_index": 1,
      "finish_reason": "stop",
      "extracted_answer": "20",
      "prompt_tokens": 147,
      "completion_tokens": 27232,
      "reasoning_tokens_counted": 26820,
      "non_reasoning_tokens_counted": 410
    },
    {
      "chain_index": 2,
      "finish_reason": "stop",
      "extracted_answer": "29",
      "prompt_tokens": 147,
      "completion_tokens": 12683,
      "reasoning_tokens_counted": 12248,
      "non_reasoning_tokens_counted": 433
    },
    {
      "chain_index": 3,
      "finish_reason": "stop",
      "extracted_answer": "29",
      "prompt_tokens": 147,
      "completion_tokens": 14976,
      "reasoning_tokens_counted": 14582,
      "non_reasoning_tokens_counted": 392
    },
    {
      "chain_index": 4,
      "finish_reason": "stop",
      "extracted_answer": "29",
      "prompt_tokens": 147,
      "completion_tokens": 20664,
      "reasoning_tokens_counted": 20384,
      "non_reasoning_tokens_counted": 278
    },
    {
      "chain_index": 5,
      "finish_reason": "stop",
      "extracted_answer": "29",
      "prompt_tokens": 147,
      "completion_tokens": 13488,
      "reasoning_tokens_counted": 12992,
      "non_reasoning_tokens_counted": 494
    },
    {
      "chain_index": 6,
      "finish_reason": "stop",
      "extracted_answer": "20",
      "prompt_tokens": 147,
      "completion_tokens": 18713,
      "reasoning_tokens_counted": 18209,
      "non_reasoning_tokens_counted": 502
    },
    {
      "chain_index": 7,
      "finish_reason": "stop",
      "extracted_answer": "29",
      "prompt_tokens": 147,
      "completion_tokens": 17180,
      "reasoning_tokens_counted": 16833,
      "non_reasoning_tokens_counted": 345
    },
    {
      "chain_index": 8,
      "finish_reason": "stop",
      "extracted_answer": "29",
      "prompt_tokens": 147,
      "completion_tokens": 16419,
      "reasoning_tokens_counted": 15866,
      "non_reasoning_tokens_counted": 551
    }
  ],
  "error_chain_details": []
}