{
  "iteration": 11,
  "question_id": "index_10",
  "status": "SUCCESS",
  "n_chains_requested": 8,
  "n_chains_completed_stream_with_content": 8,
  "n_chains_completed_stream_for_voting": 8,
  "error_chains_count": 0,
  "prompt_len": 481,
  "correct_answer_reference": "56",
  "individual_answers": [
    "8",
    "56",
    "8",
    "56",
    "56",
    "8",
    "56",
    "56"
  ],
  "voted_answer": "56",
  "final_score": 1,
  "avg_kv_cache_usage": 0.16694309983895383,
  "max_kv_cache_usage": 0.3930004069530841,
  "processing_duration_sec": 773.5754375457764,
  "usage_aggregated": {
    "prompt_tokens": 116,
    "total_completion_tokens_across_all_requested_chains": 138301,
    "total_reasoning_tokens_counted": 133850,
    "total_non_reasoning_tokens_counted": 4435,
    "total_tokens_usage": 138417
  },
  "chains_for_voting_details": [
    {
      "chain_index": 1,
      "finish_reason": "stop",
      "extracted_answer": "8",
      "prompt_tokens": 116,
      "completion_tokens": 15968,
      "reasoning_tokens_counted": 15438,
      "non_reasoning_tokens_counted": 528
    },
    {
      "chain_index": 2,
      "finish_reason": "stop",
      "extracted_answer": "56",
      "prompt_tokens": 116,
      "completion_tokens": 13707,
      "reasoning_tokens_counted": 13093,
      "non_reasoning_tokens_counted": 612
    },
    {
      "chain_index": 3,
      "finish_reason": "stop",
      "extracted_answer": "8",
      "prompt_tokens": 116,
      "completion_tokens": 18258,
      "reasoning_tokens_counted": 17518,
      "non_reasoning_tokens_counted": 738
    },
    {
      "chain_index": 4,
      "finish_reason": "stop",
      "extracted_answer": "56",
      "prompt_tokens": 116,
      "completion_tokens": 13521,
      "reasoning_tokens_counted": 13026,
      "non_reasoning_tokens_counted": 493
    },
    {
      "chain_index": 5,
      "finish_reason": "stop",
      "extracted_answer": "56",
      "prompt_tokens": 116,
      "completion_tokens": 16626,
      "reasoning_tokens_counted": 16133,
      "non_reasoning_tokens_counted": 491
    },
    {
      "chain_index": 6,
      "finish_reason": "stop",
      "extracted_answer": "8",
      "prompt_tokens": 116,
      "completion_tokens": 28194,
      "reasoning_tokens_counted": 27508,
      "non_reasoning_tokens_counted": 684
    },
    {
      "chain_index": 7,
      "finish_reason": "stop",
      "extracted_answer": "56",
      "prompt_tokens": 116,
      "completion_tokens": 13404,
      "reasoning_tokens_counted": 12947,
      "non_reasoning_tokens_counted": 455
    },
    {
      "chain_index": 8,
      "finish_reason": "stop",
      "extracted_answer": "56",
      "prompt_tokens": 116,
      "completion_tokens": 18623,
      "reasoning_tokens_counted": 18187,
      "non_reasoning_tokens_counted": 434
    }
  ],
  "error_chain_details": []
}