{
  "iteration": 26,
  "question_id": "index_25",
  "status": "SUCCESS",
  "n_chains_requested": 8,
  "n_chains_completed_stream_with_content": 8,
  "n_chains_completed_stream_for_voting": 8,
  "error_chains_count": 0,
  "prompt_len": 504,
  "correct_answer_reference": "9\\sqrt{15}",
  "individual_answers": [
    "9\\sqrt{15}",
    "9\\sqrt{15}",
    "9\\sqrt{15}",
    "9\\sqrt{15}",
    "9\\sqrt{15}",
    "9\\sqrt{15}",
    "9\\sqrt{15}",
    "9\\sqrt{15}"
  ],
  "voted_answer": "9\\sqrt{15}",
  "final_score": 1,
  "avg_kv_cache_usage": 0.1325788327673615,
  "max_kv_cache_usage": 0.2655659554677053,
  "processing_duration_sec": 298.3597011566162,
  "usage_aggregated": {
    "prompt_tokens": 144,
    "total_completion_tokens_across_all_requested_chains": 82497,
    "total_reasoning_tokens_counted": 74763,
    "total_non_reasoning_tokens_counted": 7718,
    "total_tokens_usage": 82641
  },
  "chains_for_voting_details": [
    {
      "chain_index": 1,
      "finish_reason": "stop",
      "extracted_answer": "9\\sqrt{15}",
      "prompt_tokens": 144,
      "completion_tokens": 9788,
      "reasoning_tokens_counted": 8765,
      "non_reasoning_tokens_counted": 1021
    },
    {
      "chain_index": 2,
      "finish_reason": "stop",
      "extracted_answer": "9\\sqrt{15}",
      "prompt_tokens": 144,
      "completion_tokens": 8987,
      "reasoning_tokens_counted": 8313,
      "non_reasoning_tokens_counted": 672
    },
    {
      "chain_index": 3,
      "finish_reason": "stop",
      "extracted_answer": "9\\sqrt{15}",
      "prompt_tokens": 144,
      "completion_tokens": 9277,
      "reasoning_tokens_counted": 8178,
      "non_reasoning_tokens_counted": 1097
    },
    {
      "chain_index": 4,
      "finish_reason": "stop",
      "extracted_answer": "9\\sqrt{15}",
      "prompt_tokens": 144,
      "completion_tokens": 11695,
      "reasoning_tokens_counted": 10760,
      "non_reasoning_tokens_counted": 933
    },
    {
      "chain_index": 5,
      "finish_reason": "stop",
      "extracted_answer": "9\\sqrt{15}",
      "prompt_tokens": 144,
      "completion_tokens": 12132,
      "reasoning_tokens_counted": 10947,
      "non_reasoning_tokens_counted": 1183
    },
    {
      "chain_index": 6,
      "finish_reason": "stop",
      "extracted_answer": "9\\sqrt{15}",
      "prompt_tokens": 144,
      "completion_tokens": 11102,
      "reasoning_tokens_counted": 10448,
      "non_reasoning_tokens_counted": 652
    },
    {
      "chain_index": 7,
      "finish_reason": "stop",
      "extracted_answer": "9\\sqrt{15}",
      "prompt_tokens": 144,
      "completion_tokens": 9430,
      "reasoning_tokens_counted": 8351,
      "non_reasoning_tokens_counted": 1077
    },
    {
      "chain_index": 8,
      "finish_reason": "stop",
      "extracted_answer": "9\\sqrt{15}",
      "prompt_tokens": 144,
      "completion_tokens": 10086,
      "reasoning_tokens_counted": 9001,
      "non_reasoning_tokens_counted": 1083
    }
  ],
  "error_chain_details": []
}