{
  "iteration": 21,
  "question_id": "index_20",
  "status": "SUCCESS",
  "n_chains_requested": 8,
  "n_chains_completed_stream_with_content": 8,
  "n_chains_completed_stream_for_voting": 8,
  "error_chains_count": 0,
  "prompt_len": 487,
  "correct_answer_reference": "26",
  "individual_answers": [
    "26",
    "26",
    "26",
    "26",
    "26",
    "26",
    "26",
    "26"
  ],
  "voted_answer": "26",
  "final_score": 1,
  "avg_kv_cache_usage": 0.04093996284564334,
  "max_kv_cache_usage": 0.0772048136736236,
  "processing_duration_sec": 79.74585723876953,
  "usage_aggregated": {
    "prompt_tokens": 139,
    "total_completion_tokens_across_all_requested_chains": 24893,
    "total_reasoning_tokens_counted": 19585,
    "total_non_reasoning_tokens_counted": 5292,
    "total_tokens_usage": 25032
  },
  "chains_for_voting_details": [
    {
      "chain_index": 1,
      "finish_reason": "stop",
      "extracted_answer": "26",
      "prompt_tokens": 139,
      "completion_tokens": 2613,
      "reasoning_tokens_counted": 1926,
      "non_reasoning_tokens_counted": 685
    },
    {
      "chain_index": 2,
      "finish_reason": "stop",
      "extracted_answer": "26",
      "prompt_tokens": 139,
      "completion_tokens": 2763,
      "reasoning_tokens_counted": 2104,
      "non_reasoning_tokens_counted": 657
    },
    {
      "chain_index": 3,
      "finish_reason": "stop",
      "extracted_answer": "26",
      "prompt_tokens": 139,
      "completion_tokens": 3854,
      "reasoning_tokens_counted": 3096,
      "non_reasoning_tokens_counted": 756
    },
    {
      "chain_index": 4,
      "finish_reason": "stop",
      "extracted_answer": "26",
      "prompt_tokens": 139,
      "completion_tokens": 3500,
      "reasoning_tokens_counted": 2833,
      "non_reasoning_tokens_counted": 665
    },
    {
      "chain_index": 5,
      "finish_reason": "stop",
      "extracted_answer": "26",
      "prompt_tokens": 139,
      "completion_tokens": 3838,
      "reasoning_tokens_counted": 3291,
      "non_reasoning_tokens_counted": 545
    },
    {
      "chain_index": 6,
      "finish_reason": "stop",
      "extracted_answer": "26",
      "prompt_tokens": 139,
      "completion_tokens": 2508,
      "reasoning_tokens_counted": 1802,
      "non_reasoning_tokens_counted": 704
    },
    {
      "chain_index": 7,
      "finish_reason": "stop",
      "extracted_answer": "26",
      "prompt_tokens": 139,
      "completion_tokens": 2687,
      "reasoning_tokens_counted": 2094,
      "non_reasoning_tokens_counted": 591
    },
    {
      "chain_index": 8,
      "finish_reason": "stop",
      "extracted_answer": "26",
      "prompt_tokens": 139,
      "completion_tokens": 3130,
      "reasoning_tokens_counted": 2439,
      "non_reasoning_tokens_counted": 689
    }
  ],
  "error_chain_details": []
}