{
  "iteration": 22,
  "question_id": "index_21",
  "status": "SUCCESS",
  "n_chains_requested": 8,
  "n_chains_completed_stream_with_content": 8,
  "n_chains_completed_stream_for_voting": 8,
  "error_chains_count": 0,
  "prompt_len": 586,
  "correct_answer_reference": "63",
  "individual_answers": [
    "63",
    "65",
    "63",
    "63",
    "63",
    "63",
    "63",
    "63"
  ],
  "voted_answer": "63",
  "final_score": 1,
  "avg_kv_cache_usage": 0.10886638646331663,
  "max_kv_cache_usage": 0.2441718504738096,
  "processing_duration_sec": 657.3477084636688,
  "usage_aggregated": {
    "prompt_tokens": 140,
    "total_completion_tokens_across_all_requested_chains": 99531,
    "total_reasoning_tokens_counted": 95307,
    "total_non_reasoning_tokens_counted": 4208,
    "total_tokens_usage": 99671
  },
  "chains_for_voting_details": [
    {
      "chain_index": 1,
      "finish_reason": "stop",
      "extracted_answer": "63",
      "prompt_tokens": 140,
      "completion_tokens": 10632,
      "reasoning_tokens_counted": 10097,
      "non_reasoning_tokens_counted": 533
    },
    {
      "chain_index": 2,
      "finish_reason": "stop",
      "extracted_answer": "65",
      "prompt_tokens": 140,
      "completion_tokens": 24454,
      "reasoning_tokens_counted": 23881,
      "non_reasoning_tokens_counted": 571
    },
    {
      "chain_index": 3,
      "finish_reason": "stop",
      "extracted_answer": "63",
      "prompt_tokens": 140,
      "completion_tokens": 9801,
      "reasoning_tokens_counted": 9171,
      "non_reasoning_tokens_counted": 628
    },
    {
      "chain_index": 4,
      "finish_reason": "stop",
      "extracted_answer": "63",
      "prompt_tokens": 140,
      "completion_tokens": 9120,
      "reasoning_tokens_counted": 8802,
      "non_reasoning_tokens_counted": 316
    },
    {
      "chain_index": 5,
      "finish_reason": "stop",
      "extracted_answer": "63",
      "prompt_tokens": 140,
      "completion_tokens": 10565,
      "reasoning_tokens_counted": 10031,
      "non_reasoning_tokens_counted": 532
    },
    {
      "chain_index": 6,
      "finish_reason": "stop",
      "extracted_answer": "63",
      "prompt_tokens": 140,
      "completion_tokens": 15544,
      "reasoning_tokens_counted": 14978,
      "non_reasoning_tokens_counted": 564
    },
    {
      "chain_index": 7,
      "finish_reason": "stop",
      "extracted_answer": "63",
      "prompt_tokens": 140,
      "completion_tokens": 11155,
      "reasoning_tokens_counted": 10624,
      "non_reasoning_tokens_counted": 529
    },
    {
      "chain_index": 8,
      "finish_reason": "stop",
      "extracted_answer": "63",
      "prompt_tokens": 140,
      "completion_tokens": 8260,
      "reasoning_tokens_counted": 7723,
      "non_reasoning_tokens_counted": 535
    }
  ],
  "error_chain_details": []
}