{
  "iteration": 6,
  "question_id": "index_5",
  "status": "SUCCESS",
  "n_chains_requested": 8,
  "n_chains_completed_stream_with_content": 8,
  "n_chains_completed_stream_for_voting": 8,
  "error_chains_count": 0,
  "prompt_len": 370,
  "correct_answer_reference": "\\frac{1311}{2017}",
  "individual_answers": [
    "\\dfrac{1311}{2017}",
    "\\dfrac{1311}{2017}",
    "\\dfrac{1311}{2017}",
    "\\dfrac{1311}{2017}",
    "\\dfrac{2016}{2025!}",
    "\\dfrac{1311}{2017}",
    "\\dfrac{1311}{2017}",
    "\\dfrac{1311}{2017}"
  ],
  "voted_answer": "\\dfrac{1311}{2017}",
  "final_score": 1,
  "avg_kv_cache_usage": 0.10679601534404293,
  "max_kv_cache_usage": 0.2232428347189117,
  "processing_duration_sec": 651.6502256393433,
  "usage_aggregated": {
    "prompt_tokens": 113,
    "total_completion_tokens_across_all_requested_chains": 98259,
    "total_reasoning_tokens_counted": 92429,
    "total_non_reasoning_tokens_counted": 5813,
    "total_tokens_usage": 98372
  },
  "chains_for_voting_details": [
    {
      "chain_index": 1,
      "finish_reason": "stop",
      "extracted_answer": "\\dfrac{1311}{2017}",
      "prompt_tokens": 113,
      "completion_tokens": 13331,
      "reasoning_tokens_counted": 12483,
      "non_reasoning_tokens_counted": 846
    },
    {
      "chain_index": 2,
      "finish_reason": "stop",
      "extracted_answer": "\\dfrac{1311}{2017}",
      "prompt_tokens": 113,
      "completion_tokens": 11992,
      "reasoning_tokens_counted": 11251,
      "non_reasoning_tokens_counted": 739
    },
    {
      "chain_index": 3,
      "finish_reason": "stop",
      "extracted_answer": "\\dfrac{1311}{2017}",
      "prompt_tokens": 113,
      "completion_tokens": 12253,
      "reasoning_tokens_counted": 11604,
      "non_reasoning_tokens_counted": 647
    },
    {
      "chain_index": 4,
      "finish_reason": "stop",
      "extracted_answer": "\\dfrac{1311}{2017}",
      "prompt_tokens": 113,
      "completion_tokens": 10744,
      "reasoning_tokens_counted": 9885,
      "non_reasoning_tokens_counted": 857
    },
    {
      "chain_index": 5,
      "finish_reason": "stop",
      "extracted_answer": "\\dfrac{2016}{2025!}",
      "prompt_tokens": 113,
      "completion_tokens": 24136,
      "reasoning_tokens_counted": 23471,
      "non_reasoning_tokens_counted": 662
    },
    {
      "chain_index": 6,
      "finish_reason": "stop",
      "extracted_answer": "\\dfrac{1311}{2017}",
      "prompt_tokens": 113,
      "completion_tokens": 10114,
      "reasoning_tokens_counted": 9461,
      "non_reasoning_tokens_counted": 651
    },
    {
      "chain_index": 7,
      "finish_reason": "stop",
      "extracted_answer": "\\dfrac{1311}{2017}",
      "prompt_tokens": 113,
      "completion_tokens": 7470,
      "reasoning_tokens_counted": 6764,
      "non_reasoning_tokens_counted": 704
    },
    {
      "chain_index": 8,
      "finish_reason": "stop",
      "extracted_answer": "\\dfrac{1311}{2017}",
      "prompt_tokens": 113,
      "completion_tokens": 8219,
      "reasoning_tokens_counted": 7510,
      "non_reasoning_tokens_counted": 707
    }
  ],
  "error_chain_details": []
}