{
  "iteration": 23,
  "question_id": "index_22",
  "status": "SUCCESS",
  "n_chains_requested": 8,
  "n_chains_completed_stream_with_content": 8,
  "n_chains_completed_stream_for_voting": 8,
  "error_chains_count": 0,
  "prompt_len": 466,
  "correct_answer_reference": "8\\sqrt{10}",
  "individual_answers": [
    "8\\sqrt{10}",
    "8\\sqrt{10}",
    "8\\sqrt{10}",
    "8\\sqrt{10}",
    "8\\sqrt{10}",
    "8\\sqrt{10}",
    "8\\sqrt{10}",
    "8\\sqrt{10}"
  ],
  "voted_answer": "8\\sqrt{10}",
  "final_score": 1,
  "avg_kv_cache_usage": 0.12432466799462866,
  "max_kv_cache_usage": 0.23998604732283,
  "processing_duration_sec": 328.88919854164124,
  "usage_aggregated": {
    "prompt_tokens": 135,
    "total_completion_tokens_across_all_requested_chains": 83115,
    "total_reasoning_tokens_counted": 77557,
    "total_non_reasoning_tokens_counted": 5542,
    "total_tokens_usage": 83250
  },
  "chains_for_voting_details": [
    {
      "chain_index": 1,
      "finish_reason": "stop",
      "extracted_answer": "8\\sqrt{10}",
      "prompt_tokens": 135,
      "completion_tokens": 8887,
      "reasoning_tokens_counted": 8309,
      "non_reasoning_tokens_counted": 576
    },
    {
      "chain_index": 2,
      "finish_reason": "stop",
      "extracted_answer": "8\\sqrt{10}",
      "prompt_tokens": 135,
      "completion_tokens": 8120,
      "reasoning_tokens_counted": 7140,
      "non_reasoning_tokens_counted": 978
    },
    {
      "chain_index": 3,
      "finish_reason": "stop",
      "extracted_answer": "8\\sqrt{10}",
      "prompt_tokens": 135,
      "completion_tokens": 11492,
      "reasoning_tokens_counted": 10730,
      "non_reasoning_tokens_counted": 760
    },
    {
      "chain_index": 4,
      "finish_reason": "stop",
      "extracted_answer": "8\\sqrt{10}",
      "prompt_tokens": 135,
      "completion_tokens": 9797,
      "reasoning_tokens_counted": 9256,
      "non_reasoning_tokens_counted": 539
    },
    {
      "chain_index": 5,
      "finish_reason": "stop",
      "extracted_answer": "8\\sqrt{10}",
      "prompt_tokens": 135,
      "completion_tokens": 11474,
      "reasoning_tokens_counted": 10824,
      "non_reasoning_tokens_counted": 648
    },
    {
      "chain_index": 6,
      "finish_reason": "stop",
      "extracted_answer": "8\\sqrt{10}",
      "prompt_tokens": 135,
      "completion_tokens": 9888,
      "reasoning_tokens_counted": 9132,
      "non_reasoning_tokens_counted": 754
    },
    {
      "chain_index": 7,
      "finish_reason": "stop",
      "extracted_answer": "8\\sqrt{10}",
      "prompt_tokens": 135,
      "completion_tokens": 13233,
      "reasoning_tokens_counted": 12616,
      "non_reasoning_tokens_counted": 615
    },
    {
      "chain_index": 8,
      "finish_reason": "stop",
      "extracted_answer": "8\\sqrt{10}",
      "prompt_tokens": 135,
      "completion_tokens": 10224,
      "reasoning_tokens_counted": 9550,
      "non_reasoning_tokens_counted": 672
    }
  ],
  "error_chain_details": []
}