{
  "iteration": 19,
  "question_id": "index_18",
  "status": "SUCCESS",
  "n_chains_requested": 8,
  "n_chains_completed_stream_with_content": 8,
  "n_chains_completed_stream_for_voting": 8,
  "error_chains_count": 0,
  "prompt_len": 457,
  "correct_answer_reference": "\\frac{4}{9}",
  "individual_answers": [
    "\\dfrac{1}{2}",
    "\\dfrac{1}{2}",
    "\\dfrac{1}{3}",
    "\\dfrac{1}{2}",
    "\\dfrac{2}{3}",
    "\\dfrac{1}{3}",
    "\\dfrac{1}{2}",
    "\\dfrac{2}{3}"
  ],
  "voted_answer": "\\dfrac{1}{2}",
  "final_score": 0,
  "avg_kv_cache_usage": 0.22816812036647913,
  "max_kv_cache_usage": 0.4110226149642463,
  "processing_duration_sec": 664.3013684749603,
  "usage_aggregated": {
    "prompt_tokens": 95,
    "total_completion_tokens_across_all_requested_chains": 151839,
    "total_reasoning_tokens_counted": 149516,
    "total_non_reasoning_tokens_counted": 2307,
    "total_tokens_usage": 151934
  },
  "chains_for_voting_details": [
    {
      "chain_index": 1,
      "finish_reason": "stop",
      "extracted_answer": "\\dfrac{1}{2}",
      "prompt_tokens": 95,
      "completion_tokens": 22683,
      "reasoning_tokens_counted": 22498,
      "non_reasoning_tokens_counted": 183
    },
    {
      "chain_index": 2,
      "finish_reason": "stop",
      "extracted_answer": "\\dfrac{1}{2}",
      "prompt_tokens": 95,
      "completion_tokens": 20458,
      "reasoning_tokens_counted": 20110,
      "non_reasoning_tokens_counted": 346
    },
    {
      "chain_index": 3,
      "finish_reason": "stop",
      "extracted_answer": "\\dfrac{1}{3}",
      "prompt_tokens": 95,
      "completion_tokens": 11164,
      "reasoning_tokens_counted": 10851,
      "non_reasoning_tokens_counted": 311
    },
    {
      "chain_index": 4,
      "finish_reason": "stop",
      "extracted_answer": "\\dfrac{1}{2}",
      "prompt_tokens": 95,
      "completion_tokens": 22540,
      "reasoning_tokens_counted": 22247,
      "non_reasoning_tokens_counted": 291
    },
    {
      "chain_index": 5,
      "finish_reason": "stop",
      "extracted_answer": "\\dfrac{2}{3}",
      "prompt_tokens": 95,
      "completion_tokens": 18486,
      "reasoning_tokens_counted": 18115,
      "non_reasoning_tokens_counted": 369
    },
    {
      "chain_index": 6,
      "finish_reason": "stop",
      "extracted_answer": "\\dfrac{1}{3}",
      "prompt_tokens": 95,
      "completion_tokens": 16063,
      "reasoning_tokens_counted": 15765,
      "non_reasoning_tokens_counted": 296
    },
    {
      "chain_index": 7,
      "finish_reason": "stop",
      "extracted_answer": "\\dfrac{1}{2}",
      "prompt_tokens": 95,
      "completion_tokens": 16185,
      "reasoning_tokens_counted": 15873,
      "non_reasoning_tokens_counted": 310
    },
    {
      "chain_index": 8,
      "finish_reason": "stop",
      "extracted_answer": "\\dfrac{2}{3}",
      "prompt_tokens": 95,
      "completion_tokens": 24260,
      "reasoning_tokens_counted": 24057,
      "non_reasoning_tokens_counted": 201
    }
  ],
  "error_chain_details": []
}