{
  "iteration": 4,
  "question_id": "index_3",
  "status": "SUCCESS",
  "n_chains_requested": 8,
  "n_chains_completed_stream_with_content": 8,
  "n_chains_completed_stream_for_voting": 8,
  "error_chains_count": 0,
  "prompt_len": 404,
  "correct_answer_reference": "-984",
  "individual_answers": [
    "-984",
    "-984",
    "-984",
    "-984",
    "2",
    "-984",
    "-984",
    "-984"
  ],
  "voted_answer": "-984",
  "final_score": 1,
  "avg_kv_cache_usage": 0.19919654415307492,
  "max_kv_cache_usage": 0.3325388058833789,
  "processing_duration_sec": 737.3541505336761,
  "usage_aggregated": {
    "prompt_tokens": 123,
    "total_completion_tokens_across_all_requested_chains": 144597,
    "total_reasoning_tokens_counted": 138164,
    "total_non_reasoning_tokens_counted": 6417,
    "total_tokens_usage": 144720
  },
  "chains_for_voting_details": [
    {
      "chain_index": 1,
      "finish_reason": "stop",
      "extracted_answer": "-984",
      "prompt_tokens": 123,
      "completion_tokens": 14487,
      "reasoning_tokens_counted": 13321,
      "non_reasoning_tokens_counted": 1164
    },
    {
      "chain_index": 2,
      "finish_reason": "stop",
      "extracted_answer": "-984",
      "prompt_tokens": 123,
      "completion_tokens": 15361,
      "reasoning_tokens_counted": 14454,
      "non_reasoning_tokens_counted": 905
    },
    {
      "chain_index": 3,
      "finish_reason": "stop",
      "extracted_answer": "-984",
      "prompt_tokens": 123,
      "completion_tokens": 11313,
      "reasoning_tokens_counted": 10533,
      "non_reasoning_tokens_counted": 778
    },
    {
      "chain_index": 4,
      "finish_reason": "stop",
      "extracted_answer": "-984",
      "prompt_tokens": 123,
      "completion_tokens": 26308,
      "reasoning_tokens_counted": 25564,
      "non_reasoning_tokens_counted": 742
    },
    {
      "chain_index": 5,
      "finish_reason": "stop",
      "extracted_answer": "2",
      "prompt_tokens": 123,
      "completion_tokens": 12250,
      "reasoning_tokens_counted": 11660,
      "non_reasoning_tokens_counted": 588
    },
    {
      "chain_index": 6,
      "finish_reason": "stop",
      "extracted_answer": "-984",
      "prompt_tokens": 123,
      "completion_tokens": 20333,
      "reasoning_tokens_counted": 19705,
      "non_reasoning_tokens_counted": 626
    },
    {
      "chain_index": 7,
      "finish_reason": "stop",
      "extracted_answer": "-984",
      "prompt_tokens": 123,
      "completion_tokens": 25842,
      "reasoning_tokens_counted": 24937,
      "non_reasoning_tokens_counted": 903
    },
    {
      "chain_index": 8,
      "finish_reason": "stop",
      "extracted_answer": "-984",
      "prompt_tokens": 123,
      "completion_tokens": 18703,
      "reasoning_tokens_counted": 17990,
      "non_reasoning_tokens_counted": 711
    }
  ],
  "error_chain_details": []
}