{
  "iteration": 1,
  "question_id": "index_0",
  "status": "SUCCESS",
  "n_chains_requested": 8,
  "n_chains_completed_stream_with_content": 8,
  "n_chains_completed_stream_for_voting": 8,
  "error_chains_count": 0,
  "prompt_len": 338,
  "correct_answer_reference": "103",
  "individual_answers": [
    "103",
    "103",
    "103",
    "103",
    "103",
    "103",
    "103",
    "103"
  ],
  "voted_answer": "103",
  "final_score": 1,
  "avg_kv_cache_usage": 0.06837642329764877,
  "max_kv_cache_usage": 0.1290041276669961,
  "processing_duration_sec": 161.09005784988403,
  "usage_aggregated": {
    "prompt_tokens": 84,
    "total_completion_tokens_across_all_requested_chains": 46824,
    "total_reasoning_tokens_counted": 42455,
    "total_non_reasoning_tokens_counted": 4353,
    "total_tokens_usage": 46908
  },
  "chains_for_voting_details": [
    {
      "chain_index": 1,
      "finish_reason": "stop",
      "extracted_answer": "103",
      "prompt_tokens": 84,
      "completion_tokens": 6909,
      "reasoning_tokens_counted": 6246,
      "non_reasoning_tokens_counted": 661
    },
    {
      "chain_index": 2,
      "finish_reason": "stop",
      "extracted_answer": "103",
      "prompt_tokens": 84,
      "completion_tokens": 4231,
      "reasoning_tokens_counted": 3790,
      "non_reasoning_tokens_counted": 439
    },
    {
      "chain_index": 3,
      "finish_reason": "stop",
      "extracted_answer": "103",
      "prompt_tokens": 84,
      "completion_tokens": 7748,
      "reasoning_tokens_counted": 7168,
      "non_reasoning_tokens_counted": 578
    },
    {
      "chain_index": 4,
      "finish_reason": "stop",
      "extracted_answer": "103",
      "prompt_tokens": 84,
      "completion_tokens": 5604,
      "reasoning_tokens_counted": 4841,
      "non_reasoning_tokens_counted": 761
    },
    {
      "chain_index": 5,
      "finish_reason": "stop",
      "extracted_answer": "103",
      "prompt_tokens": 84,
      "completion_tokens": 5906,
      "reasoning_tokens_counted": 5400,
      "non_reasoning_tokens_counted": 504
    },
    {
      "chain_index": 6,
      "finish_reason": "stop",
      "extracted_answer": "103",
      "prompt_tokens": 84,
      "completion_tokens": 4985,
      "reasoning_tokens_counted": 4418,
      "non_reasoning_tokens_counted": 565
    },
    {
      "chain_index": 7,
      "finish_reason": "stop",
      "extracted_answer": "103",
      "prompt_tokens": 84,
      "completion_tokens": 6381,
      "reasoning_tokens_counted": 5859,
      "non_reasoning_tokens_counted": 520
    },
    {
      "chain_index": 8,
      "finish_reason": "stop",
      "extracted_answer": "103",
      "prompt_tokens": 84,
      "completion_tokens": 5060,
      "reasoning_tokens_counted": 4733,
      "non_reasoning_tokens_counted": 325
    }
  ],
  "error_chain_details": []
}