{
  "iteration": 9,
  "question_id": "index_8",
  "status": "SUCCESS",
  "n_chains_requested": 8,
  "n_chains_completed_stream_with_content": 8,
  "n_chains_completed_stream_for_voting": 8,
  "error_chains_count": 0,
  "prompt_len": 743,
  "correct_answer_reference": "1037",
  "individual_answers": [
    "1037",
    "1037",
    "1037",
    "1037",
    "1037",
    "1037",
    "1037",
    "1037"
  ],
  "voted_answer": "1037",
  "final_score": 1,
  "avg_kv_cache_usage": 0.15827903675639782,
  "max_kv_cache_usage": 0.2693448055345619,
  "processing_duration_sec": 541.8334126472473,
  "usage_aggregated": {
    "prompt_tokens": 243,
    "total_completion_tokens_across_all_requested_chains": 111127,
    "total_reasoning_tokens_counted": 106379,
    "total_non_reasoning_tokens_counted": 4732,
    "total_tokens_usage": 111370
  },
  "chains_for_voting_details": [
    {
      "chain_index": 1,
      "finish_reason": "stop",
      "extracted_answer": "1037",
      "prompt_tokens": 243,
      "completion_tokens": 20308,
      "reasoning_tokens_counted": 19783,
      "non_reasoning_tokens_counted": 523
    },
    {
      "chain_index": 2,
      "finish_reason": "stop",
      "extracted_answer": "1037",
      "prompt_tokens": 243,
      "completion_tokens": 10308,
      "reasoning_tokens_counted": 9733,
      "non_reasoning_tokens_counted": 573
    },
    {
      "chain_index": 3,
      "finish_reason": "stop",
      "extracted_answer": "1037",
      "prompt_tokens": 243,
      "completion_tokens": 9022,
      "reasoning_tokens_counted": 8490,
      "non_reasoning_tokens_counted": 530
    },
    {
      "chain_index": 4,
      "finish_reason": "stop",
      "extracted_answer": "1037",
      "prompt_tokens": 243,
      "completion_tokens": 19523,
      "reasoning_tokens_counted": 18927,
      "non_reasoning_tokens_counted": 594
    },
    {
      "chain_index": 5,
      "finish_reason": "stop",
      "extracted_answer": "1037",
      "prompt_tokens": 243,
      "completion_tokens": 10924,
      "reasoning_tokens_counted": 10307,
      "non_reasoning_tokens_counted": 615
    },
    {
      "chain_index": 6,
      "finish_reason": "stop",
      "extracted_answer": "1037",
      "prompt_tokens": 243,
      "completion_tokens": 12425,
      "reasoning_tokens_counted": 11815,
      "non_reasoning_tokens_counted": 608
    },
    {
      "chain_index": 7,
      "finish_reason": "stop",
      "extracted_answer": "1037",
      "prompt_tokens": 243,
      "completion_tokens": 9343,
      "reasoning_tokens_counted": 8702,
      "non_reasoning_tokens_counted": 639
    },
    {
      "chain_index": 8,
      "finish_reason": "stop",
      "extracted_answer": "1037",
      "prompt_tokens": 243,
      "completion_tokens": 19274,
      "reasoning_tokens_counted": 18622,
      "non_reasoning_tokens_counted": 650
    }
  ],
  "error_chain_details": []
}