{
  "iteration": 17,
  "question_id": "index_16",
  "status": "SUCCESS",
  "n_chains_requested": 8,
  "n_chains_completed_stream_with_content": 8,
  "n_chains_completed_stream_for_voting": 8,
  "error_chains_count": 0,
  "prompt_len": 579,
  "correct_answer_reference": "2^{25} \\cdot 26!",
  "individual_answers": [
    "2 \\times 26!",
    "26!",
    "2 \\times 26!",
    "4 \\times 26!",
    "2 \\times 26!",
    "2 \\times 26!",
    "26!",
    "26!"
  ],
  "voted_answer": "2 \\times 26!",
  "final_score": 0,
  "avg_kv_cache_usage": 0.11699747174362685,
  "max_kv_cache_usage": 0.1900470902854485,
  "processing_duration_sec": 509.99138832092285,
  "usage_aggregated": {
    "prompt_tokens": 147,
    "total_completion_tokens_across_all_requested_chains": 92280,
    "total_reasoning_tokens_counted": 89451,
    "total_non_reasoning_tokens_counted": 2813,
    "total_tokens_usage": 92427
  },
  "chains_for_voting_details": [
    {
      "chain_index": 1,
      "finish_reason": "stop",
      "extracted_answer": "2 \\times 26!",
      "prompt_tokens": 147,
      "completion_tokens": 17160,
      "reasoning_tokens_counted": 16891,
      "non_reasoning_tokens_counted": 267
    },
    {
      "chain_index": 2,
      "finish_reason": "stop",
      "extracted_answer": "26!",
      "prompt_tokens": 147,
      "completion_tokens": 7949,
      "reasoning_tokens_counted": 7627,
      "non_reasoning_tokens_counted": 320
    },
    {
      "chain_index": 3,
      "finish_reason": "stop",
      "extracted_answer": "2 \\times 26!",
      "prompt_tokens": 147,
      "completion_tokens": 10456,
      "reasoning_tokens_counted": 10105,
      "non_reasoning_tokens_counted": 349
    },
    {
      "chain_index": 4,
      "finish_reason": "stop",
      "extracted_answer": "4 \\times 26!",
      "prompt_tokens": 147,
      "completion_tokens": 19498,
      "reasoning_tokens_counted": 19005,
      "non_reasoning_tokens_counted": 491
    },
    {
      "chain_index": 5,
      "finish_reason": "stop",
      "extracted_answer": "2 \\times 26!",
      "prompt_tokens": 147,
      "completion_tokens": 13728,
      "reasoning_tokens_counted": 13409,
      "non_reasoning_tokens_counted": 317
    },
    {
      "chain_index": 6,
      "finish_reason": "stop",
      "extracted_answer": "2 \\times 26!",
      "prompt_tokens": 147,
      "completion_tokens": 6167,
      "reasoning_tokens_counted": 5904,
      "non_reasoning_tokens_counted": 261
    },
    {
      "chain_index": 7,
      "finish_reason": "stop",
      "extracted_answer": "26!",
      "prompt_tokens": 147,
      "completion_tokens": 10008,
      "reasoning_tokens_counted": 9570,
      "non_reasoning_tokens_counted": 436
    },
    {
      "chain_index": 8,
      "finish_reason": "stop",
      "extracted_answer": "26!",
      "prompt_tokens": 147,
      "completion_tokens": 7314,
      "reasoning_tokens_counted": 6940,
      "non_reasoning_tokens_counted": 372
    }
  ],
  "error_chain_details": []
}