{
  "iteration": 18,
  "question_id": "index_17",
  "status": "SUCCESS",
  "n_chains_requested": 8,
  "n_chains_completed_stream_with_content": 8,
  "n_chains_completed_stream_for_voting": 8,
  "error_chains_count": 0,
  "prompt_len": 716,
  "correct_answer_reference": "\\frac{2025}{101}",
  "individual_answers": [
    "\\dfrac{675}{67}",
    "\\dfrac{2025}{101}",
    "\\dfrac{675}{67}",
    "1825",
    "\\dfrac{2025 \\times 601}{201 \\times 401}",
    "2025 \\left(1 - \\dfrac{1}{e}\\right)",
    "1825",
    "\\dfrac{2025}{401}"
  ],
  "voted_answer": "\\dfrac{675}{67}",
  "final_score": 0,
  "avg_kv_cache_usage": 0.21902280651410377,
  "max_kv_cache_usage": 0.38050113365502,
  "processing_duration_sec": 632.246559381485,
  "usage_aggregated": {
    "prompt_tokens": 222,
    "total_completion_tokens_across_all_requested_chains": 144246,
    "total_reasoning_tokens_counted": 141026,
    "total_non_reasoning_tokens_counted": 3204,
    "total_tokens_usage": 144468
  },
  "chains_for_voting_details": [
    {
      "chain_index": 1,
      "finish_reason": "stop",
      "extracted_answer": "\\dfrac{675}{67}",
      "prompt_tokens": 222,
      "completion_tokens": 11289,
      "reasoning_tokens_counted": 10880,
      "non_reasoning_tokens_counted": 407
    },
    {
      "chain_index": 2,
      "finish_reason": "stop",
      "extracted_answer": "\\dfrac{2025}{101}",
      "prompt_tokens": 222,
      "completion_tokens": 17507,
      "reasoning_tokens_counted": 17067,
      "non_reasoning_tokens_counted": 438
    },
    {
      "chain_index": 3,
      "finish_reason": "stop",
      "extracted_answer": "\\dfrac{675}{67}",
      "prompt_tokens": 222,
      "completion_tokens": 16907,
      "reasoning_tokens_counted": 16515,
      "non_reasoning_tokens_counted": 390
    },
    {
      "chain_index": 4,
      "finish_reason": "stop",
      "extracted_answer": "1825",
      "prompt_tokens": 222,
      "completion_tokens": 23160,
      "reasoning_tokens_counted": 22763,
      "non_reasoning_tokens_counted": 395
    },
    {
      "chain_index": 5,
      "finish_reason": "stop",
      "extracted_answer": "\\dfrac{2025 \\times 601}{201 \\times 401}",
      "prompt_tokens": 222,
      "completion_tokens": 22692,
      "reasoning_tokens_counted": 22164,
      "non_reasoning_tokens_counted": 526
    },
    {
      "chain_index": 6,
      "finish_reason": "stop",
      "extracted_answer": "2025 \\left(1 - \\dfrac{1}{e}\\right)",
      "prompt_tokens": 222,
      "completion_tokens": 16020,
      "reasoning_tokens_counted": 15709,
      "non_reasoning_tokens_counted": 309
    },
    {
      "chain_index": 7,
      "finish_reason": "stop",
      "extracted_answer": "1825",
      "prompt_tokens": 222,
      "completion_tokens": 14727,
      "reasoning_tokens_counted": 14399,
      "non_reasoning_tokens_counted": 326
    },
    {
      "chain_index": 8,
      "finish_reason": "stop",
      "extracted_answer": "\\dfrac{2025}{401}",
      "prompt_tokens": 222,
      "completion_tokens": 21944,
      "reasoning_tokens_counted": 21529,
      "non_reasoning_tokens_counted": 413
    }
  ],
  "error_chain_details": []
}