{
  "iteration": 30,
  "question_id": "index_29",
  "status": "SUCCESS",
  "n_chains_requested": 8,
  "n_chains_completed_stream_with_content": 8,
  "n_chains_completed_stream_for_voting": 8,
  "error_chains_count": 0,
  "prompt_len": 456,
  "correct_answer_reference": "\\sqrt{\\frac{95}{24}}",
  "individual_answers": [
    "\\sqrt{\\dfrac{5555}{3}}",
    "\\dfrac{2\\sqrt{285}}{3}",
    "2\\sqrt{95}",
    "35",
    "\\sqrt{5555}",
    "\\sqrt{\\dfrac{5555}{6}}",
    "\\sqrt{\\dfrac{5555}{3}}",
    "0"
  ],
  "voted_answer": "\\sqrt{\\dfrac{5555}{3}}",
  "final_score": 0,
  "avg_kv_cache_usage": 0.2294173805646942,
  "max_kv_cache_usage": 0.4138712865531073,
  "processing_duration_sec": 871.5434420108795,
  "usage_aggregated": {
    "prompt_tokens": 120,
    "total_completion_tokens_across_all_requested_chains": 169507,
    "total_reasoning_tokens_counted": 164296,
    "total_non_reasoning_tokens_counted": 5195,
    "total_tokens_usage": 169627
  },
  "chains_for_voting_details": [
    {
      "chain_index": 1,
      "finish_reason": "stop",
      "extracted_answer": "\\sqrt{\\dfrac{5555}{3}}",
      "prompt_tokens": 120,
      "completion_tokens": 28879,
      "reasoning_tokens_counted": 27914,
      "non_reasoning_tokens_counted": 963
    },
    {
      "chain_index": 2,
      "finish_reason": "stop",
      "extracted_answer": "\\dfrac{2\\sqrt{285}}{3}",
      "prompt_tokens": 120,
      "completion_tokens": 19607,
      "reasoning_tokens_counted": 18882,
      "non_reasoning_tokens_counted": 723
    },
    {
      "chain_index": 3,
      "finish_reason": "stop",
      "extracted_answer": "2\\sqrt{95}",
      "prompt_tokens": 120,
      "completion_tokens": 13567,
      "reasoning_tokens_counted": 12881,
      "non_reasoning_tokens_counted": 684
    },
    {
      "chain_index": 4,
      "finish_reason": "stop",
      "extracted_answer": "35",
      "prompt_tokens": 120,
      "completion_tokens": 30801,
      "reasoning_tokens_counted": 30195,
      "non_reasoning_tokens_counted": 604
    },
    {
      "chain_index": 5,
      "finish_reason": "stop",
      "extracted_answer": "\\sqrt{5555}",
      "prompt_tokens": 120,
      "completion_tokens": 16142,
      "reasoning_tokens_counted": 15464,
      "non_reasoning_tokens_counted": 676
    },
    {
      "chain_index": 6,
      "finish_reason": "stop",
      "extracted_answer": "\\sqrt{\\dfrac{5555}{6}}",
      "prompt_tokens": 120,
      "completion_tokens": 23216,
      "reasoning_tokens_counted": 22807,
      "non_reasoning_tokens_counted": 407
    },
    {
      "chain_index": 7,
      "finish_reason": "stop",
      "extracted_answer": "\\sqrt{\\dfrac{5555}{3}}",
      "prompt_tokens": 120,
      "completion_tokens": 19083,
      "reasoning_tokens_counted": 18645,
      "non_reasoning_tokens_counted": 436
    },
    {
      "chain_index": 8,
      "finish_reason": "stop",
      "extracted_answer": "0",
      "prompt_tokens": 120,
      "completion_tokens": 18212,
      "reasoning_tokens_counted": 17508,
      "non_reasoning_tokens_counted": 702
    }
  ],
  "error_chain_details": []
}