{
  "dataset": "hmmt",
  "model_name": "QwQ-32B",
  "run_type": "Similarity Pruning (Diversity)",
  "config": {
    "n_chains_start": 8,
    "similarity_threshold": 0.98,
    "threshold_schedule": "fixed",
    "pruning_strategy": "diversity",
    "iterations_selected_by": "range",
    "random_seed": null,
    "num_steps_to_delay_pruning": 20
  },
  "metrics": {
    "num_qns_processed": 30,
    "num_qns_with_score": 30,
    "overall_accuracy": 0.4666666666666667,
    "mean_total_completion_tokens_per_question": 131106.93333333332,
    "max_total_completion_tokens_per_question": 246949.0,
    "mean_max_kv_cache_usage_per_question_perc": 0.35271980311222223,
    "max_max_kv_cache_usage_across_all_questions_perc": 0.6767048427417011,
    "mean_processing_duration_sec_per_question": 643.0442625761032,
    "max_processing_duration_sec_per_question": 1260.3415098190308,
    "mean_chains_started_per_question": 8.0,
    "mean_chains_completed_stream_for_voting_per_question": 7.233333333333333,
    "mean_chains_error_per_question": 0.0,
    "max_chains_error_per_question": 0.0
  }
}