{
  "dataset": "hmmt",
  "model_name": "QwQ-32B",
  "run_type": "Similarity Pruning (Diversity)",
  "config": {
    "n_chains_start": 8,
    "similarity_threshold": 0.92,
    "threshold_schedule": "fixed",
    "pruning_strategy": "diversity",
    "iterations_selected_by": "range",
    "random_seed": null,
    "num_steps_to_delay_pruning": 20
  },
  "metrics": {
    "num_qns_processed": 30,
    "num_qns_with_score": 30,
    "overall_accuracy": 0.43333333333333335,
    "mean_total_completion_tokens_per_question": 48628.73333333333,
    "max_total_completion_tokens_per_question": 106535.0,
    "mean_max_kv_cache_usage_per_question_perc": 0.12000658876421909,
    "max_max_kv_cache_usage_across_all_questions_perc": 0.2288239055868844,
    "mean_processing_duration_sec_per_question": 444.8183793306351,
    "max_processing_duration_sec_per_question": 881.010929107666,
    "mean_chains_started_per_question": 8.0,
    "mean_chains_completed_stream_for_voting_per_question": 1.9,
    "mean_chains_error_per_question": 0.0,
    "max_chains_error_per_question": 0.0
  }
}