{
  "iteration": 21,
  "question_id": "index_20",
  "status": "SUCCESS",
  "n_chains_start": 8,
  "n_chains_completed_stream_for_voting": 1,
  "n_chains_pruned": 7,
  "n_chains_error": 0,
  "similarity_threshold": 0.98,
  "num_steps_to_delay_pruning": 20,
  "correct_answer_reference": "211",
  "individual_answers_final": [
    "211"
  ],
  "voted_answer": "211",
  "final_score": 1,
  "processing_duration_sec": 552.5011961460114,
  "total_analysis_intervals": 17,
  "avg_kv_cache_usage": 0.04067775843286856,
  "max_kv_cache_usage": 0.0792395790942387,
  "usage_aggregated": {
    "prompt_tokens": 170,
    "total_completion_tokens_across_all_started_chains": 28024
  },
  "chains_for_voting_details": [
    {
      "chain_index": 3,
      "finish_reason": "stop",
      "extracted_answer": "211",
      "prompt_tokens": 170,
      "completion_tokens": 21627,
      "completed_thought_count": 5,
      "final_mean_pairwise_similarity": 0.6399335861206055,
      "final_internal_similarity": 0.12798671722412108,
      "pruned_count": 0
    }
  ],
  "pruned_chain_details": [
    {
      "chain_index": 1,
      "finish_reason": "worker_terminated_unexpectedly",
      "completion_tokens": 447,
      "completed_thought_count": 1,
      "full_text_len": 1560,
      "pruned_at_step": 4,
      "pruned_by_chain_id": null,
      "initial_pruned_count": 0
    },
    {
      "chain_index": 2,
      "finish_reason": "worker_terminated_unexpectedly",
      "completion_tokens": 913,
      "completed_thought_count": 3,
      "full_text_len": 3071,
      "pruned_at_step": 10,
      "pruned_by_chain_id": null,
      "initial_pruned_count": 0
    },
    {
      "chain_index": 4,
      "finish_reason": "worker_terminated_unexpectedly",
      "completion_tokens": 757,
      "completed_thought_count": 4,
      "full_text_len": 2415,
      "pruned_at_step": 8,
      "pruned_by_chain_id": null,
      "initial_pruned_count": 0
    },
    {
      "chain_index": 5,
      "finish_reason": "worker_terminated_unexpectedly",
      "completion_tokens": 598,
      "completed_thought_count": 2,
      "full_text_len": 2024,
      "pruned_at_step": 6,
      "pruned_by_chain_id": null,
      "initial_pruned_count": 0
    },
    {
      "chain_index": 6,
      "finish_reason": "worker_terminated_unexpectedly",
      "completion_tokens": 1070,
      "completed_thought_count": 3,
      "full_text_len": 3348,
      "pruned_at_step": 12,
      "pruned_by_chain_id": null,
      "initial_pruned_count": 0
    },
    {
      "chain_index": 7,
      "finish_reason": "worker_terminated_unexpectedly",
      "completion_tokens": 1227,
      "completed_thought_count": 7,
      "full_text_len": 3960,
      "pruned_at_step": 14,
      "pruned_by_chain_id": null,
      "initial_pruned_count": 0
    },
    {
      "chain_index": 8,
      "finish_reason": "worker_terminated_unexpectedly",
      "completion_tokens": 1385,
      "completed_thought_count": 6,
      "full_text_len": 4345,
      "pruned_at_step": 16,
      "pruned_by_chain_id": null,
      "initial_pruned_count": 0
    }
  ],
  "error_chain_details": []
}