{
  "iteration": 29,
  "question_id": "index_28",
  "status": "SUCCESS",
  "n_chains_start": 8,
  "n_chains_completed_stream_for_voting": 1,
  "n_chains_pruned": 7,
  "n_chains_error": 0,
  "similarity_threshold": 0.98,
  "num_steps_to_delay_pruning": 20,
  "correct_answer_reference": "104",
  "individual_answers_final": [
    "104"
  ],
  "voted_answer": "104",
  "final_score": 1,
  "processing_duration_sec": 334.32262563705444,
  "total_analysis_intervals": 16,
  "avg_kv_cache_usage": 0.026924446268778237,
  "max_kv_cache_usage": 0.0517411778384977,
  "usage_aggregated": {
    "prompt_tokens": 124,
    "total_completion_tokens_across_all_started_chains": 19489
  },
  "chains_for_voting_details": [
    {
      "chain_index": 3,
      "finish_reason": "stop",
      "extracted_answer": "104",
      "prompt_tokens": 124,
      "completion_tokens": 14112,
      "completed_thought_count": 7,
      "final_mean_pairwise_similarity": 0.6084252595901489,
      "final_internal_similarity": 0.08691789422716413,
      "pruned_count": 0
    }
  ],
  "pruned_chain_details": [
    {
      "chain_index": 1,
      "finish_reason": "worker_terminated_unexpectedly",
      "completion_tokens": 926,
      "completed_thought_count": 6,
      "full_text_len": 3074,
      "pruned_at_step": 11,
      "pruned_by_chain_id": null,
      "initial_pruned_count": 0
    },
    {
      "chain_index": 2,
      "finish_reason": "worker_terminated_unexpectedly",
      "completion_tokens": 770,
      "completed_thought_count": 5,
      "full_text_len": 2683,
      "pruned_at_step": 9,
      "pruned_by_chain_id": null,
      "initial_pruned_count": 0
    },
    {
      "chain_index": 4,
      "finish_reason": "worker_terminated_unexpectedly",
      "completion_tokens": 295,
      "completed_thought_count": 1,
      "full_text_len": 998,
      "pruned_at_step": 3,
      "pruned_by_chain_id": null,
      "initial_pruned_count": 0
    },
    {
      "chain_index": 5,
      "finish_reason": "worker_terminated_unexpectedly",
      "completion_tokens": 1083,
      "completed_thought_count": 6,
      "full_text_len": 3652,
      "pruned_at_step": 13,
      "pruned_by_chain_id": null,
      "initial_pruned_count": 0
    },
    {
      "chain_index": 6,
      "finish_reason": "worker_terminated_unexpectedly",
      "completion_tokens": 451,
      "completed_thought_count": 2,
      "full_text_len": 1447,
      "pruned_at_step": 5,
      "pruned_by_chain_id": null,
      "initial_pruned_count": 0
    },
    {
      "chain_index": 7,
      "finish_reason": "worker_terminated_unexpectedly",
      "completion_tokens": 611,
      "completed_thought_count": 4,
      "full_text_len": 2181,
      "pruned_at_step": 7,
      "pruned_by_chain_id": null,
      "initial_pruned_count": 0
    },
    {
      "chain_index": 8,
      "finish_reason": "worker_terminated_unexpectedly",
      "completion_tokens": 1241,
      "completed_thought_count": 8,
      "full_text_len": 3895,
      "pruned_at_step": 15,
      "pruned_by_chain_id": null,
      "initial_pruned_count": 0
    }
  ],
  "error_chain_details": []
}