{
  "iteration": 9,
  "question_id": "index_8",
  "status": "SUCCESS",
  "n_chains_start": 8,
  "n_chains_completed_stream_for_voting": 1,
  "n_chains_pruned": 7,
  "n_chains_error": 0,
  "similarity_threshold": 0.98,
  "num_steps_to_delay_pruning": 20,
  "correct_answer_reference": "25",
  "individual_answers_final": [
    "25"
  ],
  "voted_answer": "25",
  "final_score": 1,
  "processing_duration_sec": 148.42325830459595,
  "total_analysis_intervals": 16,
  "avg_kv_cache_usage": 0.015521560865584207,
  "max_kv_cache_usage": 0.0278472181849892,
  "usage_aggregated": {
    "prompt_tokens": 97,
    "total_completion_tokens_across_all_started_chains": 12882
  },
  "chains_for_voting_details": [
    {
      "chain_index": 2,
      "finish_reason": "stop",
      "extracted_answer": "25",
      "prompt_tokens": 97,
      "completion_tokens": 7555,
      "completed_thought_count": 6,
      "final_mean_pairwise_similarity": 0.46369093656539917,
      "final_internal_similarity": 0.07728182276089986,
      "pruned_count": 0
    }
  ],
  "pruned_chain_details": [
    {
      "chain_index": 1,
      "finish_reason": "worker_terminated_unexpectedly",
      "completion_tokens": 604,
      "completed_thought_count": 2,
      "full_text_len": 1938,
      "pruned_at_step": 7,
      "pruned_by_chain_id": null,
      "initial_pruned_count": 0
    },
    {
      "chain_index": 3,
      "finish_reason": "worker_terminated_unexpectedly",
      "completion_tokens": 295,
      "completed_thought_count": 1,
      "full_text_len": 948,
      "pruned_at_step": 3,
      "pruned_by_chain_id": null,
      "initial_pruned_count": 0
    },
    {
      "chain_index": 4,
      "finish_reason": "worker_terminated_unexpectedly",
      "completion_tokens": 914,
      "completed_thought_count": 3,
      "full_text_len": 2779,
      "pruned_at_step": 11,
      "pruned_by_chain_id": null,
      "initial_pruned_count": 0
    },
    {
      "chain_index": 5,
      "finish_reason": "worker_terminated_unexpectedly",
      "completion_tokens": 451,
      "completed_thought_count": 2,
      "full_text_len": 1425,
      "pruned_at_step": 5,
      "pruned_by_chain_id": null,
      "initial_pruned_count": 0
    },
    {
      "chain_index": 6,
      "finish_reason": "worker_terminated_unexpectedly",
      "completion_tokens": 1071,
      "completed_thought_count": 4,
      "full_text_len": 3068,
      "pruned_at_step": 13,
      "pruned_by_chain_id": null,
      "initial_pruned_count": 0
    },
    {
      "chain_index": 7,
      "finish_reason": "worker_terminated_unexpectedly",
      "completion_tokens": 757,
      "completed_thought_count": 2,
      "full_text_len": 2319,
      "pruned_at_step": 9,
      "pruned_by_chain_id": null,
      "initial_pruned_count": 0
    },
    {
      "chain_index": 8,
      "finish_reason": "worker_terminated_unexpectedly",
      "completion_tokens": 1235,
      "completed_thought_count": 4,
      "full_text_len": 4082,
      "pruned_at_step": 15,
      "pruned_by_chain_id": null,
      "initial_pruned_count": 0
    }
  ],
  "error_chain_details": []
}