{
  "iteration": 6,
  "question_id": "index_5",
  "status": "SUCCESS",
  "n_chains_start": 8,
  "n_chains_completed_stream_for_voting": 1,
  "n_chains_pruned": 7,
  "n_chains_error": 0,
  "similarity_threshold": 0.98,
  "num_steps_to_delay_pruning": 20,
  "correct_answer_reference": "385",
  "individual_answers_final": [
    "24"
  ],
  "voted_answer": "24",
  "final_score": 0,
  "processing_duration_sec": 535.3820114135742,
  "total_analysis_intervals": 16,
  "avg_kv_cache_usage": 0.03944732903547358,
  "max_kv_cache_usage": 0.077321085983373,
  "usage_aggregated": {
    "prompt_tokens": 128,
    "total_completion_tokens_across_all_started_chains": 26499
  },
  "chains_for_voting_details": [
    {
      "chain_index": 1,
      "finish_reason": "stop",
      "extracted_answer": "24",
      "prompt_tokens": 128,
      "completion_tokens": 21145,
      "completed_thought_count": 6,
      "final_mean_pairwise_similarity": 0.5964429974555969,
      "final_internal_similarity": 0.09940716624259949,
      "pruned_count": 0
    }
  ],
  "pruned_chain_details": [
    {
      "chain_index": 2,
      "finish_reason": "worker_terminated_unexpectedly",
      "completion_tokens": 449,
      "completed_thought_count": 2,
      "full_text_len": 1464,
      "pruned_at_step": 5,
      "pruned_by_chain_id": null,
      "initial_pruned_count": 0
    },
    {
      "chain_index": 3,
      "finish_reason": "worker_terminated_unexpectedly",
      "completion_tokens": 763,
      "completed_thought_count": 2,
      "full_text_len": 2299,
      "pruned_at_step": 9,
      "pruned_by_chain_id": null,
      "initial_pruned_count": 0
    },
    {
      "chain_index": 4,
      "finish_reason": "worker_terminated_unexpectedly",
      "completion_tokens": 607,
      "completed_thought_count": 4,
      "full_text_len": 1844,
      "pruned_at_step": 7,
      "pruned_by_chain_id": null,
      "initial_pruned_count": 0
    },
    {
      "chain_index": 5,
      "finish_reason": "worker_terminated_unexpectedly",
      "completion_tokens": 921,
      "completed_thought_count": 5,
      "full_text_len": 2526,
      "pruned_at_step": 11,
      "pruned_by_chain_id": null,
      "initial_pruned_count": 0
    },
    {
      "chain_index": 6,
      "finish_reason": "worker_terminated_unexpectedly",
      "completion_tokens": 295,
      "completed_thought_count": 1,
      "full_text_len": 993,
      "pruned_at_step": 3,
      "pruned_by_chain_id": null,
      "initial_pruned_count": 0
    },
    {
      "chain_index": 7,
      "finish_reason": "worker_terminated_unexpectedly",
      "completion_tokens": 1240,
      "completed_thought_count": 6,
      "full_text_len": 3975,
      "pruned_at_step": 15,
      "pruned_by_chain_id": null,
      "initial_pruned_count": 0
    },
    {
      "chain_index": 8,
      "finish_reason": "worker_terminated_unexpectedly",
      "completion_tokens": 1079,
      "completed_thought_count": 2,
      "full_text_len": 3065,
      "pruned_at_step": 13,
      "pruned_by_chain_id": null,
      "initial_pruned_count": 0
    }
  ],
  "error_chain_details": []
}