{
  "iteration": 27,
  "question_id": "index_26",
  "status": "SUCCESS",
  "n_chains_start": 8,
  "n_chains_completed_stream_for_voting": 1,
  "n_chains_pruned": 7,
  "n_chains_error": 0,
  "similarity_threshold": 0.98,
  "num_steps_to_delay_pruning": 20,
  "correct_answer_reference": "127",
  "individual_answers_final": [
    "127"
  ],
  "voted_answer": "127",
  "final_score": 1,
  "processing_duration_sec": 312.3373408317566,
  "total_analysis_intervals": 17,
  "avg_kv_cache_usage": 0.026271302681906136,
  "max_kv_cache_usage": 0.0491831870240102,
  "usage_aggregated": {
    "prompt_tokens": 208,
    "total_completion_tokens_across_all_started_chains": 19762
  },
  "chains_for_voting_details": [
    {
      "chain_index": 3,
      "finish_reason": "stop",
      "extracted_answer": "127",
      "prompt_tokens": 208,
      "completion_tokens": 13314,
      "completed_thought_count": 13,
      "final_mean_pairwise_similarity": 0.6129461526870728,
      "final_internal_similarity": 0.04714970405285175,
      "pruned_count": 0
    }
  ],
  "pruned_chain_details": [
    {
      "chain_index": 1,
      "finish_reason": "worker_terminated_unexpectedly",
      "completion_tokens": 760,
      "completed_thought_count": 4,
      "full_text_len": 3061,
      "pruned_at_step": 8,
      "pruned_by_chain_id": null,
      "initial_pruned_count": 0
    },
    {
      "chain_index": 2,
      "finish_reason": "worker_terminated_unexpectedly",
      "completion_tokens": 1402,
      "completed_thought_count": 9,
      "full_text_len": 5620,
      "pruned_at_step": 16,
      "pruned_by_chain_id": null,
      "initial_pruned_count": 0
    },
    {
      "chain_index": 4,
      "finish_reason": "worker_terminated_unexpectedly",
      "completion_tokens": 441,
      "completed_thought_count": 3,
      "full_text_len": 1795,
      "pruned_at_step": 4,
      "pruned_by_chain_id": null,
      "initial_pruned_count": 0
    },
    {
      "chain_index": 5,
      "finish_reason": "worker_terminated_unexpectedly",
      "completion_tokens": 1082,
      "completed_thought_count": 5,
      "full_text_len": 4360,
      "pruned_at_step": 12,
      "pruned_by_chain_id": null,
      "initial_pruned_count": 0
    },
    {
      "chain_index": 6,
      "finish_reason": "worker_terminated_unexpectedly",
      "completion_tokens": 600,
      "completed_thought_count": 4,
      "full_text_len": 2523,
      "pruned_at_step": 6,
      "pruned_by_chain_id": null,
      "initial_pruned_count": 0
    },
    {
      "chain_index": 7,
      "finish_reason": "worker_terminated_unexpectedly",
      "completion_tokens": 923,
      "completed_thought_count": 9,
      "full_text_len": 4125,
      "pruned_at_step": 10,
      "pruned_by_chain_id": null,
      "initial_pruned_count": 0
    },
    {
      "chain_index": 8,
      "finish_reason": "worker_terminated_unexpectedly",
      "completion_tokens": 1240,
      "completed_thought_count": 6,
      "full_text_len": 5031,
      "pruned_at_step": 14,
      "pruned_by_chain_id": null,
      "initial_pruned_count": 0
    }
  ],
  "error_chain_details": []
}