{
  "iteration": 15,
  "question_id": "index_14",
  "status": "SUCCESS",
  "n_chains_start": 8,
  "n_chains_completed_stream_for_voting": 1,
  "n_chains_pruned": 7,
  "n_chains_error": 0,
  "similarity_threshold": 0.98,
  "num_steps_to_delay_pruning": 20,
  "correct_answer_reference": "294",
  "individual_answers_final": [
    "294"
  ],
  "voted_answer": "294",
  "final_score": 1,
  "processing_duration_sec": 156.00233030319214,
  "total_analysis_intervals": 16,
  "avg_kv_cache_usage": 0.016213135605794717,
  "max_kv_cache_usage": 0.0292424859019824,
  "usage_aggregated": {
    "prompt_tokens": 101,
    "total_completion_tokens_across_all_started_chains": 13337
  },
  "chains_for_voting_details": [
    {
      "chain_index": 7,
      "finish_reason": "stop",
      "extracted_answer": "294",
      "prompt_tokens": 101,
      "completion_tokens": 7941,
      "completed_thought_count": 5,
      "final_mean_pairwise_similarity": 0.7122892141342163,
      "final_internal_similarity": 0.14245784282684326,
      "pruned_count": 0
    }
  ],
  "pruned_chain_details": [
    {
      "chain_index": 1,
      "finish_reason": "worker_terminated_unexpectedly",
      "completion_tokens": 772,
      "completed_thought_count": 6,
      "full_text_len": 3018,
      "pruned_at_step": 9,
      "pruned_by_chain_id": null,
      "initial_pruned_count": 0
    },
    {
      "chain_index": 2,
      "finish_reason": "worker_terminated_unexpectedly",
      "completion_tokens": 931,
      "completed_thought_count": 6,
      "full_text_len": 3826,
      "pruned_at_step": 11,
      "pruned_by_chain_id": null,
      "initial_pruned_count": 0
    },
    {
      "chain_index": 3,
      "finish_reason": "worker_terminated_unexpectedly",
      "completion_tokens": 1244,
      "completed_thought_count": 9,
      "full_text_len": 5210,
      "pruned_at_step": 15,
      "pruned_by_chain_id": null,
      "initial_pruned_count": 0
    },
    {
      "chain_index": 4,
      "finish_reason": "worker_terminated_unexpectedly",
      "completion_tokens": 455,
      "completed_thought_count": 3,
      "full_text_len": 1900,
      "pruned_at_step": 5,
      "pruned_by_chain_id": null,
      "initial_pruned_count": 0
    },
    {
      "chain_index": 5,
      "finish_reason": "worker_terminated_unexpectedly",
      "completion_tokens": 1086,
      "completed_thought_count": 4,
      "full_text_len": 4438,
      "pruned_at_step": 13,
      "pruned_by_chain_id": null,
      "initial_pruned_count": 0
    },
    {
      "chain_index": 6,
      "finish_reason": "worker_terminated_unexpectedly",
      "completion_tokens": 297,
      "completed_thought_count": 3,
      "full_text_len": 1115,
      "pruned_at_step": 3,
      "pruned_by_chain_id": null,
      "initial_pruned_count": 0
    },
    {
      "chain_index": 8,
      "finish_reason": "worker_terminated_unexpectedly",
      "completion_tokens": 611,
      "completed_thought_count": 6,
      "full_text_len": 2581,
      "pruned_at_step": 7,
      "pruned_by_chain_id": null,
      "initial_pruned_count": 0
    }
  ],
  "error_chain_details": []
}