{
  "iteration": 22,
  "question_id": "index_21",
  "status": "SUCCESS",
  "n_chains_start": 8,
  "n_chains_completed_stream_for_voting": 1,
  "n_chains_pruned": 7,
  "n_chains_error": 0,
  "similarity_threshold": 0.98,
  "num_steps_to_delay_pruning": 20,
  "correct_answer_reference": "80",
  "individual_answers_final": [
    "80"
  ],
  "voted_answer": "80",
  "final_score": 1,
  "processing_duration_sec": 524.7906539440155,
  "total_analysis_intervals": 15,
  "avg_kv_cache_usage": 0.03850234540860957,
  "max_kv_cache_usage": 0.0758095459566304,
  "usage_aggregated": {
    "prompt_tokens": 109,
    "total_completion_tokens_across_all_started_chains": 25036
  },
  "chains_for_voting_details": [
    {
      "chain_index": 1,
      "finish_reason": "stop",
      "extracted_answer": "80",
      "prompt_tokens": 109,
      "completion_tokens": 20750,
      "completed_thought_count": 9,
      "final_mean_pairwise_similarity": 0.5880720019340515,
      "final_internal_similarity": 0.06534133354822795,
      "pruned_count": 0
    }
  ],
  "pruned_chain_details": [
    {
      "chain_index": 2,
      "finish_reason": "worker_terminated_unexpectedly",
      "completion_tokens": 929,
      "completed_thought_count": 9,
      "full_text_len": 4091,
      "pruned_at_step": 12,
      "pruned_by_chain_id": null,
      "initial_pruned_count": 0
    },
    {
      "chain_index": 3,
      "finish_reason": "worker_terminated_unexpectedly",
      "completion_tokens": 771,
      "completed_thought_count": 9,
      "full_text_len": 3444,
      "pruned_at_step": 10,
      "pruned_by_chain_id": null,
      "initial_pruned_count": 0
    },
    {
      "chain_index": 4,
      "finish_reason": "worker_terminated_unexpectedly",
      "completion_tokens": 145,
      "completed_thought_count": 1,
      "full_text_len": 623,
      "pruned_at_step": 2,
      "pruned_by_chain_id": null,
      "initial_pruned_count": 0
    },
    {
      "chain_index": 5,
      "finish_reason": "worker_terminated_unexpectedly",
      "completion_tokens": 609,
      "completed_thought_count": 2,
      "full_text_len": 2595,
      "pruned_at_step": 8,
      "pruned_by_chain_id": null,
      "initial_pruned_count": 0
    },
    {
      "chain_index": 6,
      "finish_reason": "worker_terminated_unexpectedly",
      "completion_tokens": 294,
      "completed_thought_count": 2,
      "full_text_len": 1263,
      "pruned_at_step": 4,
      "pruned_by_chain_id": null,
      "initial_pruned_count": 0
    },
    {
      "chain_index": 7,
      "finish_reason": "worker_terminated_unexpectedly",
      "completion_tokens": 452,
      "completed_thought_count": 2,
      "full_text_len": 1888,
      "pruned_at_step": 6,
      "pruned_by_chain_id": null,
      "initial_pruned_count": 0
    },
    {
      "chain_index": 8,
      "finish_reason": "worker_terminated_unexpectedly",
      "completion_tokens": 1086,
      "completed_thought_count": 7,
      "full_text_len": 4713,
      "pruned_at_step": 14,
      "pruned_by_chain_id": null,
      "initial_pruned_count": 0
    }
  ],
  "error_chain_details": []
}