{
  "iteration": 1,
  "question_id": "index_0",
  "status": "SUCCESS",
  "n_chains_start": 8,
  "n_chains_completed_stream_for_voting": 1,
  "n_chains_pruned": 7,
  "n_chains_error": 0,
  "similarity_threshold": 0.98,
  "num_steps_to_delay_pruning": 20,
  "correct_answer_reference": "33",
  "individual_answers_final": [
    "33"
  ],
  "voted_answer": "33",
  "final_score": 1,
  "processing_duration_sec": 85.92379879951477,
  "total_analysis_intervals": 14,
  "avg_kv_cache_usage": 0.0104610794718035,
  "max_kv_cache_usage": 0.019068658798907,
  "usage_aggregated": {
    "prompt_tokens": 194,
    "total_completion_tokens_across_all_started_chains": 8440
  },
  "chains_for_voting_details": [
    {
      "chain_index": 3,
      "finish_reason": "stop",
      "extracted_answer": "33",
      "prompt_tokens": 194,
      "completion_tokens": 4357,
      "completed_thought_count": 1,
      "final_mean_pairwise_similarity": 0.0,
      "final_internal_similarity": 0.0,
      "pruned_count": 0
    }
  ],
  "pruned_chain_details": [
    {
      "chain_index": 1,
      "finish_reason": "worker_terminated_unexpectedly",
      "completion_tokens": 612,
      "completed_thought_count": 1,
      "full_text_len": 1902,
      "pruned_at_step": 9,
      "pruned_by_chain_id": null,
      "initial_pruned_count": 0
    },
    {
      "chain_index": 2,
      "finish_reason": "worker_terminated_unexpectedly",
      "completion_tokens": 771,
      "completed_thought_count": 1,
      "full_text_len": 2119,
      "pruned_at_step": 11,
      "pruned_by_chain_id": null,
      "initial_pruned_count": 0
    },
    {
      "chain_index": 4,
      "finish_reason": "worker_terminated_unexpectedly",
      "completion_tokens": 933,
      "completed_thought_count": 4,
      "full_text_len": 2712,
      "pruned_at_step": 13,
      "pruned_by_chain_id": null,
      "initial_pruned_count": 0
    },
    {
      "chain_index": 5,
      "finish_reason": "worker_terminated_unexpectedly",
      "completion_tokens": 420,
      "completed_thought_count": 1,
      "full_text_len": 1328,
      "pruned_at_step": 4,
      "pruned_by_chain_id": null,
      "initial_pruned_count": 0
    },
    {
      "chain_index": 6,
      "finish_reason": "worker_terminated_unexpectedly",
      "completion_tokens": 453,
      "completed_thought_count": 2,
      "full_text_len": 1543,
      "pruned_at_step": 7,
      "pruned_by_chain_id": null,
      "initial_pruned_count": 0
    },
    {
      "chain_index": 7,
      "finish_reason": "worker_terminated_unexpectedly",
      "completion_tokens": 447,
      "completed_thought_count": 1,
      "full_text_len": 1506,
      "pruned_at_step": 6,
      "pruned_by_chain_id": null,
      "initial_pruned_count": 0
    },
    {
      "chain_index": 8,
      "finish_reason": "worker_terminated_unexpectedly",
      "completion_tokens": 447,
      "completed_thought_count": 3,
      "full_text_len": 1528,
      "pruned_at_step": 5,
      "pruned_by_chain_id": null,
      "initial_pruned_count": 0
    }
  ],
  "error_chain_details": []
}