{
  "iteration": 17,
  "question_id": "index_16",
  "status": "SUCCESS",
  "n_chains_start": 8,
  "n_chains_completed_stream_for_voting": 1,
  "n_chains_pruned": 7,
  "n_chains_error": 0,
  "similarity_threshold": 0.98,
  "num_steps_to_delay_pruning": 20,
  "correct_answer_reference": "721",
  "individual_answers_final": [
    "721"
  ],
  "voted_answer": "721",
  "final_score": 1,
  "processing_duration_sec": 306.14537620544434,
  "total_analysis_intervals": 19,
  "avg_kv_cache_usage": 0.02557614660144016,
  "max_kv_cache_usage": 0.0483692808557641,
  "usage_aggregated": {
    "prompt_tokens": 145,
    "total_completion_tokens_across_all_started_chains": 18989
  },
  "chains_for_voting_details": [
    {
      "chain_index": 3,
      "finish_reason": "stop",
      "extracted_answer": "721",
      "prompt_tokens": 145,
      "completion_tokens": 13167,
      "completed_thought_count": 6,
      "final_mean_pairwise_similarity": 0.5131558775901794,
      "final_internal_similarity": 0.08552597959836324,
      "pruned_count": 0
    }
  ],
  "pruned_chain_details": [
    {
      "chain_index": 1,
      "finish_reason": "worker_terminated_unexpectedly",
      "completion_tokens": 1701,
      "completed_thought_count": 4,
      "full_text_len": 5531,
      "pruned_at_step": 18,
      "pruned_by_chain_id": null,
      "initial_pruned_count": 0
    },
    {
      "chain_index": 2,
      "finish_reason": "worker_terminated_unexpectedly",
      "completion_tokens": 1081,
      "completed_thought_count": 6,
      "full_text_len": 3980,
      "pruned_at_step": 13,
      "pruned_by_chain_id": null,
      "initial_pruned_count": 0
    },
    {
      "chain_index": 4,
      "finish_reason": "worker_terminated_unexpectedly",
      "completion_tokens": 606,
      "completed_thought_count": 3,
      "full_text_len": 2310,
      "pruned_at_step": 7,
      "pruned_by_chain_id": null,
      "initial_pruned_count": 0
    },
    {
      "chain_index": 5,
      "finish_reason": "worker_terminated_unexpectedly",
      "completion_tokens": 449,
      "completed_thought_count": 1,
      "full_text_len": 1665,
      "pruned_at_step": 5,
      "pruned_by_chain_id": null,
      "initial_pruned_count": 0
    },
    {
      "chain_index": 6,
      "finish_reason": "worker_terminated_unexpectedly",
      "completion_tokens": 925,
      "completed_thought_count": 4,
      "full_text_len": 3461,
      "pruned_at_step": 11,
      "pruned_by_chain_id": null,
      "initial_pruned_count": 0
    },
    {
      "chain_index": 7,
      "finish_reason": "worker_terminated_unexpectedly",
      "completion_tokens": 294,
      "completed_thought_count": 1,
      "full_text_len": 1256,
      "pruned_at_step": 3,
      "pruned_by_chain_id": null,
      "initial_pruned_count": 0
    },
    {
      "chain_index": 8,
      "finish_reason": "worker_terminated_unexpectedly",
      "completion_tokens": 766,
      "completed_thought_count": 2,
      "full_text_len": 2831,
      "pruned_at_step": 9,
      "pruned_by_chain_id": null,
      "initial_pruned_count": 0
    }
  ],
  "error_chain_details": []
}