{
  "iteration": 19,
  "question_id": "index_18",
  "status": "SUCCESS",
  "n_chains_start": 8,
  "n_chains_completed_stream_for_voting": 1,
  "n_chains_pruned": 7,
  "n_chains_error": 0,
  "similarity_threshold": 0.98,
  "num_steps_to_delay_pruning": 20,
  "correct_answer_reference": "468",
  "individual_answers_final": [
    "468"
  ],
  "voted_answer": "468",
  "final_score": 1,
  "processing_duration_sec": 156.05228209495544,
  "total_analysis_intervals": 16,
  "avg_kv_cache_usage": 0.01624356106921761,
  "max_kv_cache_usage": 0.0292424859019824,
  "usage_aggregated": {
    "prompt_tokens": 100,
    "total_completion_tokens_across_all_started_chains": 13410
  },
  "chains_for_voting_details": [
    {
      "chain_index": 8,
      "finish_reason": "stop",
      "extracted_answer": "468",
      "prompt_tokens": 100,
      "completion_tokens": 7935,
      "completed_thought_count": 11,
      "final_mean_pairwise_similarity": 0.5116687417030334,
      "final_internal_similarity": 0.04651534015482122,
      "pruned_count": 0
    }
  ],
  "pruned_chain_details": [
    {
      "chain_index": 1,
      "finish_reason": "worker_terminated_unexpectedly",
      "completion_tokens": 949,
      "completed_thought_count": 11,
      "full_text_len": 3813,
      "pruned_at_step": 11,
      "pruned_by_chain_id": null,
      "initial_pruned_count": 0
    },
    {
      "chain_index": 2,
      "finish_reason": "worker_terminated_unexpectedly",
      "completion_tokens": 295,
      "completed_thought_count": 1,
      "full_text_len": 1302,
      "pruned_at_step": 3,
      "pruned_by_chain_id": null,
      "initial_pruned_count": 0
    },
    {
      "chain_index": 3,
      "finish_reason": "worker_terminated_unexpectedly",
      "completion_tokens": 783,
      "completed_thought_count": 6,
      "full_text_len": 3159,
      "pruned_at_step": 9,
      "pruned_by_chain_id": null,
      "initial_pruned_count": 0
    },
    {
      "chain_index": 4,
      "finish_reason": "worker_terminated_unexpectedly",
      "completion_tokens": 1265,
      "completed_thought_count": 13,
      "full_text_len": 4778,
      "pruned_at_step": 15,
      "pruned_by_chain_id": null,
      "initial_pruned_count": 0
    },
    {
      "chain_index": 5,
      "finish_reason": "worker_terminated_unexpectedly",
      "completion_tokens": 458,
      "completed_thought_count": 4,
      "full_text_len": 1756,
      "pruned_at_step": 5,
      "pruned_by_chain_id": null,
      "initial_pruned_count": 0
    },
    {
      "chain_index": 6,
      "finish_reason": "worker_terminated_unexpectedly",
      "completion_tokens": 1107,
      "completed_thought_count": 10,
      "full_text_len": 4360,
      "pruned_at_step": 13,
      "pruned_by_chain_id": null,
      "initial_pruned_count": 0
    },
    {
      "chain_index": 7,
      "finish_reason": "worker_terminated_unexpectedly",
      "completion_tokens": 618,
      "completed_thought_count": 3,
      "full_text_len": 2478,
      "pruned_at_step": 7,
      "pruned_by_chain_id": null,
      "initial_pruned_count": 0
    }
  ],
  "error_chain_details": []
}