{
  "iteration": 23,
  "question_id": "index_22",
  "status": "SUCCESS",
  "n_chains_start": 8,
  "n_chains_completed_stream_for_voting": 1,
  "n_chains_pruned": 7,
  "n_chains_error": 0,
  "similarity_threshold": 0.98,
  "num_steps_to_delay_pruning": 20,
  "correct_answer_reference": "480",
  "individual_answers_final": [
    "480"
  ],
  "voted_answer": "480",
  "final_score": 1,
  "processing_duration_sec": 160.1422712802887,
  "total_analysis_intervals": 15,
  "avg_kv_cache_usage": 0.01628617574176338,
  "max_kv_cache_usage": 0.0299982559153537,
  "usage_aggregated": {
    "prompt_tokens": 131,
    "total_completion_tokens_across_all_started_chains": 12457
  },
  "chains_for_voting_details": [
    {
      "chain_index": 3,
      "finish_reason": "stop",
      "extracted_answer": "480",
      "prompt_tokens": 131,
      "completion_tokens": 8114,
      "completed_thought_count": 5,
      "final_mean_pairwise_similarity": 0.5876516103744507,
      "final_internal_similarity": 0.11753032207489014,
      "pruned_count": 0
    }
  ],
  "pruned_chain_details": [
    {
      "chain_index": 1,
      "finish_reason": "worker_terminated_unexpectedly",
      "completion_tokens": 304,
      "completed_thought_count": 1,
      "full_text_len": 1124,
      "pruned_at_step": 4,
      "pruned_by_chain_id": null,
      "initial_pruned_count": 0
    },
    {
      "chain_index": 2,
      "finish_reason": "worker_terminated_unexpectedly",
      "completion_tokens": 1098,
      "completed_thought_count": 7,
      "full_text_len": 3882,
      "pruned_at_step": 14,
      "pruned_by_chain_id": null,
      "initial_pruned_count": 0
    },
    {
      "chain_index": 4,
      "finish_reason": "worker_terminated_unexpectedly",
      "completion_tokens": 778,
      "completed_thought_count": 7,
      "full_text_len": 3012,
      "pruned_at_step": 10,
      "pruned_by_chain_id": null,
      "initial_pruned_count": 0
    },
    {
      "chain_index": 5,
      "finish_reason": "worker_terminated_unexpectedly",
      "completion_tokens": 940,
      "completed_thought_count": 12,
      "full_text_len": 3674,
      "pruned_at_step": 12,
      "pruned_by_chain_id": null,
      "initial_pruned_count": 0
    },
    {
      "chain_index": 6,
      "finish_reason": "worker_terminated_unexpectedly",
      "completion_tokens": 620,
      "completed_thought_count": 5,
      "full_text_len": 2396,
      "pruned_at_step": 8,
      "pruned_by_chain_id": null,
      "initial_pruned_count": 0
    },
    {
      "chain_index": 7,
      "finish_reason": "worker_terminated_unexpectedly",
      "completion_tokens": 459,
      "completed_thought_count": 4,
      "full_text_len": 1781,
      "pruned_at_step": 6,
      "pruned_by_chain_id": null,
      "initial_pruned_count": 0
    },
    {
      "chain_index": 8,
      "finish_reason": "worker_terminated_unexpectedly",
      "completion_tokens": 144,
      "completed_thought_count": 1,
      "full_text_len": 525,
      "pruned_at_step": 2,
      "pruned_by_chain_id": null,
      "initial_pruned_count": 0
    }
  ],
  "error_chain_details": []
}