{
  "iteration": 2,
  "question_id": "index_1",
  "status": "SUCCESS",
  "n_chains_start": 8,
  "n_chains_completed_stream_for_voting": 1,
  "n_chains_pruned": 7,
  "n_chains_error": 0,
  "similarity_threshold": 0.98,
  "num_steps_to_delay_pruning": 20,
  "correct_answer_reference": "23",
  "individual_answers_final": [
    "23"
  ],
  "voted_answer": "23",
  "final_score": 1,
  "processing_duration_sec": 174.2290337085724,
  "total_analysis_intervals": 17,
  "avg_kv_cache_usage": 0.018356858335254828,
  "max_kv_cache_usage": 0.0319167490262194,
  "usage_aggregated": {
    "prompt_tokens": 226,
    "total_completion_tokens_across_all_started_chains": 14838
  },
  "chains_for_voting_details": [
    {
      "chain_index": 1,
      "finish_reason": "stop",
      "extracted_answer": "23",
      "prompt_tokens": 226,
      "completion_tokens": 8544,
      "completed_thought_count": 2,
      "final_mean_pairwise_similarity": 0.7544585466384888,
      "final_internal_similarity": 0.3772292733192444,
      "pruned_count": 0
    }
  ],
  "pruned_chain_details": [
    {
      "chain_index": 2,
      "finish_reason": "worker_terminated_unexpectedly",
      "completion_tokens": 438,
      "completed_thought_count": 1,
      "full_text_len": 1262,
      "pruned_at_step": 4,
      "pruned_by_chain_id": null,
      "initial_pruned_count": 0
    },
    {
      "chain_index": 3,
      "finish_reason": "worker_terminated_unexpectedly",
      "completion_tokens": 897,
      "completed_thought_count": 3,
      "full_text_len": 2822,
      "pruned_at_step": 10,
      "pruned_by_chain_id": null,
      "initial_pruned_count": 0
    },
    {
      "chain_index": 4,
      "finish_reason": "worker_terminated_unexpectedly",
      "completion_tokens": 1208,
      "completed_thought_count": 6,
      "full_text_len": 4089,
      "pruned_at_step": 14,
      "pruned_by_chain_id": null,
      "initial_pruned_count": 0
    },
    {
      "chain_index": 5,
      "finish_reason": "worker_terminated_unexpectedly",
      "completion_tokens": 1368,
      "completed_thought_count": 9,
      "full_text_len": 4625,
      "pruned_at_step": 16,
      "pruned_by_chain_id": null,
      "initial_pruned_count": 0
    },
    {
      "chain_index": 6,
      "finish_reason": "worker_terminated_unexpectedly",
      "completion_tokens": 588,
      "completed_thought_count": 2,
      "full_text_len": 2154,
      "pruned_at_step": 6,
      "pruned_by_chain_id": null,
      "initial_pruned_count": 0
    },
    {
      "chain_index": 7,
      "finish_reason": "worker_terminated_unexpectedly",
      "completion_tokens": 743,
      "completed_thought_count": 1,
      "full_text_len": 2498,
      "pruned_at_step": 8,
      "pruned_by_chain_id": null,
      "initial_pruned_count": 0
    },
    {
      "chain_index": 8,
      "finish_reason": "worker_terminated_unexpectedly",
      "completion_tokens": 1052,
      "completed_thought_count": 3,
      "full_text_len": 3543,
      "pruned_at_step": 12,
      "pruned_by_chain_id": null,
      "initial_pruned_count": 0
    }
  ],
  "error_chain_details": []
}