{
  "iteration": 20,
  "question_id": "index_19",
  "status": "SUCCESS",
  "n_chains_start": 8,
  "n_chains_completed_stream_for_voting": 1,
  "n_chains_pruned": 7,
  "n_chains_error": 0,
  "similarity_threshold": 0.98,
  "num_steps_to_delay_pruning": 20,
  "correct_answer_reference": "902",
  "individual_answers_final": [
    "32402"
  ],
  "voted_answer": "32402",
  "final_score": 0,
  "processing_duration_sec": 690.4693925380707,
  "total_analysis_intervals": 15,
  "avg_kv_cache_usage": 0.04885578172536809,
  "max_kv_cache_usage": 0.0965060170920295,
  "usage_aggregated": {
    "prompt_tokens": 147,
    "total_completion_tokens_across_all_started_chains": 30714
  },
  "chains_for_voting_details": [
    {
      "chain_index": 7,
      "finish_reason": "stop",
      "extracted_answer": "32402",
      "prompt_tokens": 147,
      "completion_tokens": 26404,
      "completed_thought_count": 10,
      "final_mean_pairwise_similarity": 0.6624813079833984,
      "final_internal_similarity": 0.06624813079833984,
      "pruned_count": 0
    }
  ],
  "pruned_chain_details": [
    {
      "chain_index": 1,
      "finish_reason": "worker_terminated_unexpectedly",
      "completion_tokens": 777,
      "completed_thought_count": 8,
      "full_text_len": 3255,
      "pruned_at_step": 10,
      "pruned_by_chain_id": null,
      "initial_pruned_count": 0
    },
    {
      "chain_index": 2,
      "finish_reason": "worker_terminated_unexpectedly",
      "completion_tokens": 296,
      "completed_thought_count": 1,
      "full_text_len": 1206,
      "pruned_at_step": 4,
      "pruned_by_chain_id": null,
      "initial_pruned_count": 0
    },
    {
      "chain_index": 3,
      "finish_reason": "worker_terminated_unexpectedly",
      "completion_tokens": 142,
      "completed_thought_count": 1,
      "full_text_len": 562,
      "pruned_at_step": 2,
      "pruned_by_chain_id": null,
      "initial_pruned_count": 0
    },
    {
      "chain_index": 4,
      "finish_reason": "worker_terminated_unexpectedly",
      "completion_tokens": 452,
      "completed_thought_count": 3,
      "full_text_len": 1888,
      "pruned_at_step": 6,
      "pruned_by_chain_id": null,
      "initial_pruned_count": 0
    },
    {
      "chain_index": 5,
      "finish_reason": "worker_terminated_unexpectedly",
      "completion_tokens": 614,
      "completed_thought_count": 6,
      "full_text_len": 2667,
      "pruned_at_step": 8,
      "pruned_by_chain_id": null,
      "initial_pruned_count": 0
    },
    {
      "chain_index": 6,
      "finish_reason": "worker_terminated_unexpectedly",
      "completion_tokens": 934,
      "completed_thought_count": 6,
      "full_text_len": 4082,
      "pruned_at_step": 12,
      "pruned_by_chain_id": null,
      "initial_pruned_count": 0
    },
    {
      "chain_index": 8,
      "finish_reason": "worker_terminated_unexpectedly",
      "completion_tokens": 1095,
      "completed_thought_count": 9,
      "full_text_len": 4718,
      "pruned_at_step": 14,
      "pruned_by_chain_id": null,
      "initial_pruned_count": 0
    }
  ],
  "error_chain_details": []
}