{
  "iteration": 16,
  "question_id": "index_15",
  "status": "SUCCESS",
  "n_chains_start": 8,
  "n_chains_completed_stream_for_voting": 1,
  "n_chains_pruned": 7,
  "n_chains_error": 0,
  "similarity_threshold": 0.98,
  "num_steps_to_delay_pruning": 20,
  "correct_answer_reference": "110",
  "individual_answers_final": [
    "110"
  ],
  "voted_answer": "110",
  "final_score": 1,
  "processing_duration_sec": 225.23962807655334,
  "total_analysis_intervals": 18,
  "avg_kv_cache_usage": 0.020497973444775483,
  "max_kv_cache_usage": 0.0380791814429393,
  "usage_aggregated": {
    "prompt_tokens": 112,
    "total_completion_tokens_across_all_started_chains": 16024
  },
  "chains_for_voting_details": [
    {
      "chain_index": 1,
      "finish_reason": "stop",
      "extracted_answer": "110",
      "prompt_tokens": 112,
      "completion_tokens": 10363,
      "completed_thought_count": 5,
      "final_mean_pairwise_similarity": 0.5342322587966919,
      "final_internal_similarity": 0.10684645175933838,
      "pruned_count": 0
    }
  ],
  "pruned_chain_details": [
    {
      "chain_index": 2,
      "finish_reason": "worker_terminated_unexpectedly",
      "completion_tokens": 1077,
      "completed_thought_count": 7,
      "full_text_len": 3136,
      "pruned_at_step": 13,
      "pruned_by_chain_id": null,
      "initial_pruned_count": 0
    },
    {
      "chain_index": 3,
      "finish_reason": "worker_terminated_unexpectedly",
      "completion_tokens": 297,
      "completed_thought_count": 2,
      "full_text_len": 1062,
      "pruned_at_step": 3,
      "pruned_by_chain_id": null,
      "initial_pruned_count": 0
    },
    {
      "chain_index": 4,
      "finish_reason": "worker_terminated_unexpectedly",
      "completion_tokens": 606,
      "completed_thought_count": 2,
      "full_text_len": 1874,
      "pruned_at_step": 7,
      "pruned_by_chain_id": null,
      "initial_pruned_count": 0
    },
    {
      "chain_index": 5,
      "finish_reason": "worker_terminated_unexpectedly",
      "completion_tokens": 1552,
      "completed_thought_count": 6,
      "full_text_len": 3814,
      "pruned_at_step": 17,
      "pruned_by_chain_id": null,
      "initial_pruned_count": 0
    },
    {
      "chain_index": 6,
      "finish_reason": "worker_terminated_unexpectedly",
      "completion_tokens": 918,
      "completed_thought_count": 5,
      "full_text_len": 2757,
      "pruned_at_step": 11,
      "pruned_by_chain_id": null,
      "initial_pruned_count": 0
    },
    {
      "chain_index": 7,
      "finish_reason": "worker_terminated_unexpectedly",
      "completion_tokens": 450,
      "completed_thought_count": 1,
      "full_text_len": 1532,
      "pruned_at_step": 5,
      "pruned_by_chain_id": null,
      "initial_pruned_count": 0
    },
    {
      "chain_index": 8,
      "finish_reason": "worker_terminated_unexpectedly",
      "completion_tokens": 761,
      "completed_thought_count": 3,
      "full_text_len": 2266,
      "pruned_at_step": 9,
      "pruned_by_chain_id": null,
      "initial_pruned_count": 0
    }
  ],
  "error_chain_details": []
}