{
  "iteration": 26,
  "question_id": "index_25",
  "status": "SUCCESS",
  "n_chains_start": 8,
  "n_chains_completed_stream_for_voting": 1,
  "n_chains_pruned": 7,
  "n_chains_error": 0,
  "similarity_threshold": 0.98,
  "num_steps_to_delay_pruning": 20,
  "correct_answer_reference": "113",
  "individual_answers_final": [
    "113"
  ],
  "voted_answer": "113",
  "final_score": 1,
  "processing_duration_sec": 311.6992132663727,
  "total_analysis_intervals": 16,
  "avg_kv_cache_usage": 0.026791616946836475,
  "max_kv_cache_usage": 0.0494738677983838,
  "usage_aggregated": {
    "prompt_tokens": 402,
    "total_completion_tokens_across_all_started_chains": 18608
  },
  "chains_for_voting_details": [
    {
      "chain_index": 4,
      "finish_reason": "stop",
      "extracted_answer": "113",
      "prompt_tokens": 402,
      "completion_tokens": 13214,
      "completed_thought_count": 7,
      "final_mean_pairwise_similarity": 0.31575846672058105,
      "final_internal_similarity": 0.04510835238865444,
      "pruned_count": 0
    }
  ],
  "pruned_chain_details": [
    {
      "chain_index": 1,
      "finish_reason": "worker_terminated_unexpectedly",
      "completion_tokens": 451,
      "completed_thought_count": 3,
      "full_text_len": 1810,
      "pruned_at_step": 5,
      "pruned_by_chain_id": null,
      "initial_pruned_count": 0
    },
    {
      "chain_index": 2,
      "finish_reason": "worker_terminated_unexpectedly",
      "completion_tokens": 1254,
      "completed_thought_count": 13,
      "full_text_len": 4776,
      "pruned_at_step": 15,
      "pruned_by_chain_id": null,
      "initial_pruned_count": 0
    },
    {
      "chain_index": 3,
      "finish_reason": "worker_terminated_unexpectedly",
      "completion_tokens": 282,
      "completed_thought_count": 4,
      "full_text_len": 1121,
      "pruned_at_step": 3,
      "pruned_by_chain_id": null,
      "initial_pruned_count": 0
    },
    {
      "chain_index": 5,
      "finish_reason": "worker_terminated_unexpectedly",
      "completion_tokens": 774,
      "completed_thought_count": 9,
      "full_text_len": 2813,
      "pruned_at_step": 9,
      "pruned_by_chain_id": null,
      "initial_pruned_count": 0
    },
    {
      "chain_index": 6,
      "finish_reason": "worker_terminated_unexpectedly",
      "completion_tokens": 933,
      "completed_thought_count": 12,
      "full_text_len": 3478,
      "pruned_at_step": 11,
      "pruned_by_chain_id": null,
      "initial_pruned_count": 0
    },
    {
      "chain_index": 7,
      "finish_reason": "worker_terminated_unexpectedly",
      "completion_tokens": 609,
      "completed_thought_count": 7,
      "full_text_len": 2367,
      "pruned_at_step": 7,
      "pruned_by_chain_id": null,
      "initial_pruned_count": 0
    },
    {
      "chain_index": 8,
      "finish_reason": "worker_terminated_unexpectedly",
      "completion_tokens": 1091,
      "completed_thought_count": 15,
      "full_text_len": 3935,
      "pruned_at_step": 13,
      "pruned_by_chain_id": null,
      "initial_pruned_count": 0
    }
  ],
  "error_chain_details": []
}