{
  "iteration": 12,
  "question_id": "index_11",
  "status": "SUCCESS",
  "n_chains_start": 8,
  "n_chains_completed_stream_for_voting": 1,
  "n_chains_pruned": 7,
  "n_chains_error": 0,
  "similarity_threshold": 0.98,
  "num_steps_to_delay_pruning": 20,
  "correct_answer_reference": "45",
  "individual_answers_final": [
    "45"
  ],
  "voted_answer": "45",
  "final_score": 1,
  "processing_duration_sec": 130.3634970188141,
  "total_analysis_intervals": 16,
  "avg_kv_cache_usage": 0.014238622872867757,
  "max_kv_cache_usage": 0.0247660019766292,
  "usage_aggregated": {
    "prompt_tokens": 186,
    "total_completion_tokens_across_all_started_chains": 11076
  },
  "chains_for_voting_details": [
    {
      "chain_index": 3,
      "finish_reason": "stop",
      "extracted_answer": "45",
      "prompt_tokens": 186,
      "completion_tokens": 6629,
      "completed_thought_count": 4,
      "final_mean_pairwise_similarity": 0.6573212742805481,
      "final_internal_similarity": 0.16433031857013702,
      "pruned_count": 0
    }
  ],
  "pruned_chain_details": [
    {
      "chain_index": 1,
      "finish_reason": "worker_terminated_unexpectedly",
      "completion_tokens": 298,
      "completed_thought_count": 1,
      "full_text_len": 953,
      "pruned_at_step": 4,
      "pruned_by_chain_id": null,
      "initial_pruned_count": 0
    },
    {
      "chain_index": 2,
      "finish_reason": "worker_terminated_unexpectedly",
      "completion_tokens": 770,
      "completed_thought_count": 2,
      "full_text_len": 2216,
      "pruned_at_step": 10,
      "pruned_by_chain_id": null,
      "initial_pruned_count": 0
    },
    {
      "chain_index": 4,
      "finish_reason": "worker_terminated_unexpectedly",
      "completion_tokens": 142,
      "completed_thought_count": 2,
      "full_text_len": 593,
      "pruned_at_step": 2,
      "pruned_by_chain_id": null,
      "initial_pruned_count": 0
    },
    {
      "chain_index": 5,
      "finish_reason": "worker_terminated_unexpectedly",
      "completion_tokens": 928,
      "completed_thought_count": 1,
      "full_text_len": 2583,
      "pruned_at_step": 12,
      "pruned_by_chain_id": null,
      "initial_pruned_count": 0
    },
    {
      "chain_index": 6,
      "finish_reason": "worker_terminated_unexpectedly",
      "completion_tokens": 1244,
      "completed_thought_count": 2,
      "full_text_len": 3397,
      "pruned_at_step": 15,
      "pruned_by_chain_id": null,
      "initial_pruned_count": 0
    },
    {
      "chain_index": 7,
      "finish_reason": "worker_terminated_unexpectedly",
      "completion_tokens": 610,
      "completed_thought_count": 7,
      "full_text_len": 1997,
      "pruned_at_step": 8,
      "pruned_by_chain_id": null,
      "initial_pruned_count": 0
    },
    {
      "chain_index": 8,
      "finish_reason": "worker_terminated_unexpectedly",
      "completion_tokens": 455,
      "completed_thought_count": 1,
      "full_text_len": 1477,
      "pruned_at_step": 6,
      "pruned_by_chain_id": null,
      "initial_pruned_count": 0
    }
  ],
  "error_chain_details": []
}