{
  "iteration": 25,
  "question_id": "index_24",
  "status": "SUCCESS",
  "n_chains_start": 8,
  "n_chains_completed_stream_for_voting": 1,
  "n_chains_pruned": 7,
  "n_chains_error": 0,
  "similarity_threshold": 0.98,
  "num_steps_to_delay_pruning": 20,
  "correct_answer_reference": "73",
  "individual_answers_final": [
    "73"
  ],
  "voted_answer": "73",
  "final_score": 1,
  "processing_duration_sec": 116.338303565979,
  "total_analysis_intervals": 15,
  "avg_kv_cache_usage": 0.012875033760187901,
  "max_kv_cache_usage": 0.022149875007267,
  "usage_aggregated": {
    "prompt_tokens": 159,
    "total_completion_tokens_across_all_started_chains": 10255
  },
  "chains_for_voting_details": [
    {
      "chain_index": 8,
      "finish_reason": "stop",
      "extracted_answer": "73",
      "prompt_tokens": 159,
      "completion_tokens": 5937,
      "completed_thought_count": 12,
      "final_mean_pairwise_similarity": 0.6956222057342529,
      "final_internal_similarity": 0.05796851714452108,
      "pruned_count": 0
    }
  ],
  "pruned_chain_details": [
    {
      "chain_index": 1,
      "finish_reason": "worker_terminated_unexpectedly",
      "completion_tokens": 1095,
      "completed_thought_count": 7,
      "full_text_len": 4216,
      "pruned_at_step": 14,
      "pruned_by_chain_id": null,
      "initial_pruned_count": 0
    },
    {
      "chain_index": 2,
      "finish_reason": "worker_terminated_unexpectedly",
      "completion_tokens": 933,
      "completed_thought_count": 6,
      "full_text_len": 3909,
      "pruned_at_step": 12,
      "pruned_by_chain_id": null,
      "initial_pruned_count": 0
    },
    {
      "chain_index": 3,
      "finish_reason": "worker_terminated_unexpectedly",
      "completion_tokens": 617,
      "completed_thought_count": 3,
      "full_text_len": 2216,
      "pruned_at_step": 8,
      "pruned_by_chain_id": null,
      "initial_pruned_count": 0
    },
    {
      "chain_index": 4,
      "finish_reason": "worker_terminated_unexpectedly",
      "completion_tokens": 144,
      "completed_thought_count": 1,
      "full_text_len": 671,
      "pruned_at_step": 2,
      "pruned_by_chain_id": null,
      "initial_pruned_count": 0
    },
    {
      "chain_index": 5,
      "finish_reason": "worker_terminated_unexpectedly",
      "completion_tokens": 457,
      "completed_thought_count": 2,
      "full_text_len": 1840,
      "pruned_at_step": 6,
      "pruned_by_chain_id": null,
      "initial_pruned_count": 0
    },
    {
      "chain_index": 6,
      "finish_reason": "worker_terminated_unexpectedly",
      "completion_tokens": 298,
      "completed_thought_count": 2,
      "full_text_len": 1217,
      "pruned_at_step": 4,
      "pruned_by_chain_id": null,
      "initial_pruned_count": 0
    },
    {
      "chain_index": 7,
      "finish_reason": "worker_terminated_unexpectedly",
      "completion_tokens": 774,
      "completed_thought_count": 5,
      "full_text_len": 3310,
      "pruned_at_step": 10,
      "pruned_by_chain_id": null,
      "initial_pruned_count": 0
    }
  ],
  "error_chain_details": []
}