{
  "iteration": 11,
  "question_id": "index_10",
  "status": "SUCCESS",
  "n_chains_start": 8,
  "n_chains_completed_stream_for_voting": 1,
  "n_chains_pruned": 7,
  "n_chains_error": 0,
  "similarity_threshold": 0.98,
  "num_steps_to_delay_pruning": 20,
  "correct_answer_reference": "540",
  "individual_answers_final": [
    "540"
  ],
  "voted_answer": "540",
  "final_score": 1,
  "processing_duration_sec": 100.27614569664001,
  "total_analysis_intervals": 20,
  "avg_kv_cache_usage": 0.012775047074057385,
  "max_kv_cache_usage": 0.0188942503342829,
  "usage_aggregated": {
    "prompt_tokens": 96,
    "total_completion_tokens_across_all_started_chains": 11315
  },
  "chains_for_voting_details": [
    {
      "chain_index": 5,
      "finish_reason": "stop",
      "extracted_answer": "540",
      "prompt_tokens": 96,
      "completion_tokens": 5104,
      "completed_thought_count": 6,
      "final_mean_pairwise_similarity": 0.5966585874557495,
      "final_internal_similarity": 0.09944309790929158,
      "pruned_count": 0
    }
  ],
  "pruned_chain_details": [
    {
      "chain_index": 1,
      "finish_reason": "worker_terminated_unexpectedly",
      "completion_tokens": 905,
      "completed_thought_count": 2,
      "full_text_len": 2305,
      "pruned_at_step": 10,
      "pruned_by_chain_id": null,
      "initial_pruned_count": 0
    },
    {
      "chain_index": 2,
      "finish_reason": "worker_terminated_unexpectedly",
      "completion_tokens": 753,
      "completed_thought_count": 1,
      "full_text_len": 1891,
      "pruned_at_step": 8,
      "pruned_by_chain_id": null,
      "initial_pruned_count": 0
    },
    {
      "chain_index": 3,
      "finish_reason": "worker_terminated_unexpectedly",
      "completion_tokens": 146,
      "completed_thought_count": 1,
      "full_text_len": 477,
      "pruned_at_step": 2,
      "pruned_by_chain_id": null,
      "initial_pruned_count": 0
    },
    {
      "chain_index": 4,
      "finish_reason": "worker_terminated_unexpectedly",
      "completion_tokens": 1213,
      "completed_thought_count": 2,
      "full_text_len": 2893,
      "pruned_at_step": 14,
      "pruned_by_chain_id": null,
      "initial_pruned_count": 0
    },
    {
      "chain_index": 6,
      "finish_reason": "worker_terminated_unexpectedly",
      "completion_tokens": 299,
      "completed_thought_count": 1,
      "full_text_len": 887,
      "pruned_at_step": 4,
      "pruned_by_chain_id": null,
      "initial_pruned_count": 0
    },
    {
      "chain_index": 7,
      "finish_reason": "worker_terminated_unexpectedly",
      "completion_tokens": 1836,
      "completed_thought_count": 2,
      "full_text_len": 4183,
      "pruned_at_step": 19,
      "pruned_by_chain_id": null,
      "initial_pruned_count": 0
    },
    {
      "chain_index": 8,
      "finish_reason": "worker_terminated_unexpectedly",
      "completion_tokens": 1059,
      "completed_thought_count": 2,
      "full_text_len": 2794,
      "pruned_at_step": 12,
      "pruned_by_chain_id": null,
      "initial_pruned_count": 0
    }
  ],
  "error_chain_details": []
}