{
  "iteration": 3,
  "question_id": "index_2",
  "status": "SUCCESS",
  "n_chains_start": 8,
  "n_chains_completed_stream_for_voting": 1,
  "n_chains_pruned": 7,
  "n_chains_error": 0,
  "similarity_threshold": 0.98,
  "num_steps_to_delay_pruning": 20,
  "correct_answer_reference": "116",
  "individual_answers_final": [
    "116"
  ],
  "voted_answer": "116",
  "final_score": 1,
  "processing_duration_sec": 80.90086102485657,
  "total_analysis_intervals": 19,
  "avg_kv_cache_usage": 0.013336394099232863,
  "max_kv_cache_usage": 0.0237195511888843,
  "usage_aggregated": {
    "prompt_tokens": 172,
    "total_completion_tokens_across_all_started_chains": 11650
  },
  "chains_for_voting_details": [
    {
      "chain_index": 2,
      "finish_reason": "stop",
      "extracted_answer": "116",
      "prompt_tokens": 172,
      "completion_tokens": 4086,
      "completed_thought_count": 6,
      "final_mean_pairwise_similarity": 0.4688762426376343,
      "final_internal_similarity": 0.07814604043960571,
      "pruned_count": 0
    }
  ],
  "pruned_chain_details": [
    {
      "chain_index": 1,
      "finish_reason": "worker_terminated_unexpectedly",
      "completion_tokens": 903,
      "completed_thought_count": 4,
      "full_text_len": 3073,
      "pruned_at_step": 9,
      "pruned_by_chain_id": null,
      "initial_pruned_count": 0
    },
    {
      "chain_index": 3,
      "finish_reason": "worker_terminated_unexpectedly",
      "completion_tokens": 747,
      "completed_thought_count": 4,
      "full_text_len": 2979,
      "pruned_at_step": 7,
      "pruned_by_chain_id": null,
      "initial_pruned_count": 0
    },
    {
      "chain_index": 4,
      "finish_reason": "worker_terminated_unexpectedly",
      "completion_tokens": 1370,
      "completed_thought_count": 9,
      "full_text_len": 4749,
      "pruned_at_step": 15,
      "pruned_by_chain_id": null,
      "initial_pruned_count": 0
    },
    {
      "chain_index": 5,
      "finish_reason": "worker_terminated_unexpectedly",
      "completion_tokens": 1215,
      "completed_thought_count": 5,
      "full_text_len": 4072,
      "pruned_at_step": 13,
      "pruned_by_chain_id": null,
      "initial_pruned_count": 0
    },
    {
      "chain_index": 6,
      "finish_reason": "worker_terminated_unexpectedly",
      "completion_tokens": 1057,
      "completed_thought_count": 6,
      "full_text_len": 3475,
      "pruned_at_step": 11,
      "pruned_by_chain_id": null,
      "initial_pruned_count": 0
    },
    {
      "chain_index": 7,
      "finish_reason": "worker_terminated_unexpectedly",
      "completion_tokens": 587,
      "completed_thought_count": 2,
      "full_text_len": 2330,
      "pruned_at_step": 5,
      "pruned_by_chain_id": null,
      "initial_pruned_count": 0
    },
    {
      "chain_index": 8,
      "finish_reason": "worker_terminated_unexpectedly",
      "completion_tokens": 1685,
      "completed_thought_count": 7,
      "full_text_len": 5350,
      "pruned_at_step": 18,
      "pruned_by_chain_id": null,
      "initial_pruned_count": 0
    }
  ],
  "error_chain_details": []
}