{
  "iteration": 4,
  "question_id": "index_3",
  "status": "SUCCESS",
  "n_chains_start": 8,
  "n_chains_completed_stream_for_voting": 1,
  "n_chains_pruned": 7,
  "n_chains_error": 0,
  "similarity_threshold": 0.98,
  "num_steps_to_delay_pruning": 20,
  "correct_answer_reference": "809",
  "individual_answers_final": [
    "809"
  ],
  "voted_answer": "809",
  "final_score": 1,
  "processing_duration_sec": 136.93549013137817,
  "total_analysis_intervals": 15,
  "avg_kv_cache_usage": 0.014835762348507715,
  "max_kv_cache_usage": 0.0257543166094994,
  "usage_aggregated": {
    "prompt_tokens": 145,
    "total_completion_tokens_across_all_started_chains": 12269
  },
  "chains_for_voting_details": [
    {
      "chain_index": 7,
      "finish_reason": "stop",
      "extracted_answer": "809",
      "prompt_tokens": 145,
      "completion_tokens": 6943,
      "completed_thought_count": 13,
      "final_mean_pairwise_similarity": 0.7162622213363647,
      "final_internal_similarity": 0.05509709394895113,
      "pruned_count": 0
    }
  ],
  "pruned_chain_details": [
    {
      "chain_index": 1,
      "finish_reason": "worker_terminated_unexpectedly",
      "completion_tokens": 626,
      "completed_thought_count": 7,
      "full_text_len": 2360,
      "pruned_at_step": 7,
      "pruned_by_chain_id": null,
      "initial_pruned_count": 0
    },
    {
      "chain_index": 2,
      "finish_reason": "worker_terminated_unexpectedly",
      "completion_tokens": 946,
      "completed_thought_count": 8,
      "full_text_len": 3593,
      "pruned_at_step": 11,
      "pruned_by_chain_id": null,
      "initial_pruned_count": 0
    },
    {
      "chain_index": 3,
      "finish_reason": "worker_terminated_unexpectedly",
      "completion_tokens": 455,
      "completed_thought_count": 4,
      "full_text_len": 1797,
      "pruned_at_step": 5,
      "pruned_by_chain_id": null,
      "initial_pruned_count": 0
    },
    {
      "chain_index": 4,
      "finish_reason": "worker_terminated_unexpectedly",
      "completion_tokens": 1113,
      "completed_thought_count": 9,
      "full_text_len": 3981,
      "pruned_at_step": 14,
      "pruned_by_chain_id": null,
      "initial_pruned_count": 0
    },
    {
      "chain_index": 5,
      "finish_reason": "worker_terminated_unexpectedly",
      "completion_tokens": 1106,
      "completed_thought_count": 12,
      "full_text_len": 4227,
      "pruned_at_step": 13,
      "pruned_by_chain_id": null,
      "initial_pruned_count": 0
    },
    {
      "chain_index": 6,
      "finish_reason": "worker_terminated_unexpectedly",
      "completion_tokens": 785,
      "completed_thought_count": 7,
      "full_text_len": 3005,
      "pruned_at_step": 9,
      "pruned_by_chain_id": null,
      "initial_pruned_count": 0
    },
    {
      "chain_index": 8,
      "finish_reason": "worker_terminated_unexpectedly",
      "completion_tokens": 295,
      "completed_thought_count": 2,
      "full_text_len": 1232,
      "pruned_at_step": 3,
      "pruned_by_chain_id": null,
      "initial_pruned_count": 0
    }
  ],
  "error_chain_details": []
}