{
  "iteration": 13,
  "question_id": "index_12",
  "status": "SUCCESS",
  "n_chains_start": 8,
  "n_chains_completed_stream_for_voting": 1,
  "n_chains_pruned": 7,
  "n_chains_error": 0,
  "similarity_threshold": 0.98,
  "num_steps_to_delay_pruning": 20,
  "correct_answer_reference": "204",
  "individual_answers_final": [
    "204"
  ],
  "voted_answer": "204",
  "final_score": 1,
  "processing_duration_sec": 61.167967796325684,
  "total_analysis_intervals": 18,
  "avg_kv_cache_usage": 0.010841849380430093,
  "max_kv_cache_usage": 0.0174408464624149,
  "usage_aggregated": {
    "prompt_tokens": 181,
    "total_completion_tokens_across_all_started_chains": 8712
  },
  "chains_for_voting_details": [
    {
      "chain_index": 1,
      "finish_reason": "stop",
      "extracted_answer": "204",
      "prompt_tokens": 181,
      "completion_tokens": 3102,
      "completed_thought_count": 3,
      "final_mean_pairwise_similarity": 0.6584141850471497,
      "final_internal_similarity": 0.21947139501571655,
      "pruned_count": 0
    }
  ],
  "pruned_chain_details": [
    {
      "chain_index": 2,
      "finish_reason": "worker_terminated_unexpectedly",
      "completion_tokens": 1064,
      "completed_thought_count": 3,
      "full_text_len": 3095,
      "pruned_at_step": 13,
      "pruned_by_chain_id": null,
      "initial_pruned_count": 0
    },
    {
      "chain_index": 3,
      "finish_reason": "worker_terminated_unexpectedly",
      "completion_tokens": 448,
      "completed_thought_count": 2,
      "full_text_len": 1714,
      "pruned_at_step": 5,
      "pruned_by_chain_id": null,
      "initial_pruned_count": 0
    },
    {
      "chain_index": 4,
      "finish_reason": "worker_terminated_unexpectedly",
      "completion_tokens": 755,
      "completed_thought_count": 2,
      "full_text_len": 2713,
      "pruned_at_step": 9,
      "pruned_by_chain_id": null,
      "initial_pruned_count": 0
    },
    {
      "chain_index": 5,
      "finish_reason": "worker_terminated_unexpectedly",
      "completion_tokens": 601,
      "completed_thought_count": 3,
      "full_text_len": 2483,
      "pruned_at_step": 7,
      "pruned_by_chain_id": null,
      "initial_pruned_count": 0
    },
    {
      "chain_index": 6,
      "finish_reason": "worker_terminated_unexpectedly",
      "completion_tokens": 1539,
      "completed_thought_count": 4,
      "full_text_len": 4569,
      "pruned_at_step": 17,
      "pruned_by_chain_id": null,
      "initial_pruned_count": 0
    },
    {
      "chain_index": 7,
      "finish_reason": "worker_terminated_unexpectedly",
      "completion_tokens": 909,
      "completed_thought_count": 2,
      "full_text_len": 2659,
      "pruned_at_step": 11,
      "pruned_by_chain_id": null,
      "initial_pruned_count": 0
    },
    {
      "chain_index": 8,
      "finish_reason": "worker_terminated_unexpectedly",
      "completion_tokens": 294,
      "completed_thought_count": 2,
      "full_text_len": 1145,
      "pruned_at_step": 3,
      "pruned_by_chain_id": null,
      "initial_pruned_count": 0
    }
  ],
  "error_chain_details": []
}