{
  "iteration": 8,
  "question_id": "index_7",
  "status": "SUCCESS",
  "n_chains_start": 8,
  "n_chains_completed_stream_for_voting": 1,
  "n_chains_pruned": 7,
  "n_chains_error": 0,
  "similarity_threshold": 0.98,
  "num_steps_to_delay_pruning": 20,
  "correct_answer_reference": "601",
  "individual_answers_final": [
    "601"
  ],
  "voted_answer": "601",
  "final_score": 1,
  "processing_duration_sec": 390.8175106048584,
  "total_analysis_intervals": 19,
  "avg_kv_cache_usage": 0.030693757693953876,
  "max_kv_cache_usage": 0.0590081971978373,
  "usage_aggregated": {
    "prompt_tokens": 119,
    "total_completion_tokens_across_all_started_chains": 22290
  },
  "chains_for_voting_details": [
    {
      "chain_index": 2,
      "finish_reason": "stop",
      "extracted_answer": "601",
      "prompt_tokens": 119,
      "completion_tokens": 16115,
      "completed_thought_count": 5,
      "final_mean_pairwise_similarity": 0.6439830660820007,
      "final_internal_similarity": 0.12879661321640015,
      "pruned_count": 0
    }
  ],
  "pruned_chain_details": [
    {
      "chain_index": 1,
      "finish_reason": "worker_terminated_unexpectedly",
      "completion_tokens": 1058,
      "completed_thought_count": 4,
      "full_text_len": 3133,
      "pruned_at_step": 12,
      "pruned_by_chain_id": null,
      "initial_pruned_count": 0
    },
    {
      "chain_index": 3,
      "finish_reason": "worker_terminated_unexpectedly",
      "completion_tokens": 595,
      "completed_thought_count": 4,
      "full_text_len": 1914,
      "pruned_at_step": 7,
      "pruned_by_chain_id": null,
      "initial_pruned_count": 0
    },
    {
      "chain_index": 4,
      "finish_reason": "worker_terminated_unexpectedly",
      "completion_tokens": 438,
      "completed_thought_count": 3,
      "full_text_len": 1293,
      "pruned_at_step": 5,
      "pruned_by_chain_id": null,
      "initial_pruned_count": 0
    },
    {
      "chain_index": 5,
      "finish_reason": "worker_terminated_unexpectedly",
      "completion_tokens": 897,
      "completed_thought_count": 3,
      "full_text_len": 2507,
      "pruned_at_step": 10,
      "pruned_by_chain_id": null,
      "initial_pruned_count": 0
    },
    {
      "chain_index": 6,
      "finish_reason": "worker_terminated_unexpectedly",
      "completion_tokens": 1688,
      "completed_thought_count": 3,
      "full_text_len": 4338,
      "pruned_at_step": 18,
      "pruned_by_chain_id": null,
      "initial_pruned_count": 0
    },
    {
      "chain_index": 7,
      "finish_reason": "worker_terminated_unexpectedly",
      "completion_tokens": 285,
      "completed_thought_count": 1,
      "full_text_len": 909,
      "pruned_at_step": 3,
      "pruned_by_chain_id": null,
      "initial_pruned_count": 0
    },
    {
      "chain_index": 8,
      "finish_reason": "worker_terminated_unexpectedly",
      "completion_tokens": 1214,
      "completed_thought_count": 6,
      "full_text_len": 3603,
      "pruned_at_step": 14,
      "pruned_by_chain_id": null,
      "initial_pruned_count": 0
    }
  ],
  "error_chain_details": []
}