{
  "dataset": "aime",
  "model_name": "QwQ-32B",
  "run_type": "Similarity Pruning (Prune Farthest)",
  "config": {
    "n_chains_start": 8,
    "similarity_threshold": 0.92,
    "threshold_schedule": "fixed",
    "pruning_strategy": "prune_farthest",
    "iterations_selected_by": "range",
    "random_seed": null,
    "num_steps_to_delay_pruning": 20
  },
  "metrics": {
    "num_qns_processed": 30,
    "num_qns_with_score": 30,
    "overall_accuracy": 0.7333333333333333,
    "mean_total_completion_tokens_per_question": 19767.7,
    "max_total_completion_tokens_per_question": 38779.0,
    "mean_max_kv_cache_usage_per_question_perc": 0.05286901924306722,
    "max_max_kv_cache_usage_across_all_questions_perc": 0.1213882913784082,
    "mean_processing_duration_sec_per_question": 344.7664889494578,
    "max_processing_duration_sec_per_question": 890.6581733226776,
    "mean_chains_started_per_question": 8.0,
    "mean_chains_completed_stream_for_voting_per_question": 1.0,
    "mean_chains_error_per_question": 0.0,
    "max_chains_error_per_question": 0.0
  }
}