{
  "iteration": 8,
  "question_id": "index_7",
  "status": "SUCCESS",
  "n_chains_requested": 1,
  "n_chains_completed_stream_with_content": 1,
  "n_chains_completed_stream_for_voting": 1,
  "error_chains_count": 0,
  "prompt_len": 504,
  "correct_answer_reference": "1-\\frac{2}{\\pi}",
  "individual_answers": [
    "1 - \\dfrac{2}{\\pi}"
  ],
  "voted_answer": "1 - \\dfrac{2}{\\pi}",
  "final_score": 1,
  "avg_kv_cache_usage": 0.017513513535106728,
  "max_kv_cache_usage": 0.0344166036858322,
  "processing_duration_sec": 195.20363521575928,
  "usage_aggregated": {
    "prompt_tokens": 156,
    "total_completion_tokens_across_all_requested_chains": 9314,
    "total_reasoning_tokens_counted": 8522,
    "total_non_reasoning_tokens_counted": 790,
    "total_tokens_usage": 9470
  },
  "chains_for_voting_details": [
    {
      "chain_index": 1,
      "finish_reason": "stop",
      "extracted_answer": "1 - \\dfrac{2}{\\pi}",
      "prompt_tokens": 156,
      "completion_tokens": 9314,
      "reasoning_tokens_counted": 8522,
      "non_reasoning_tokens_counted": 790
    }
  ],
  "error_chain_details": []
}