{
  "iteration": 24,
  "question_id": "index_23",
  "status": "SUCCESS",
  "n_chains_requested": 1,
  "n_chains_completed_stream_with_content": 1,
  "n_chains_completed_stream_for_voting": 1,
  "error_chains_count": 0,
  "prompt_len": 1759,
  "correct_answer_reference": "20",
  "individual_answers": [
    "20"
  ],
  "voted_answer": "20",
  "final_score": 1,
  "avg_kv_cache_usage": 0.02776546382523226,
  "max_kv_cache_usage": 0.0530201732457414,
  "processing_duration_sec": 332.4647421836853,
  "usage_aggregated": {
    "prompt_tokens": 682,
    "total_completion_tokens_across_all_requested_chains": 13905,
    "total_reasoning_tokens_counted": 13188,
    "total_non_reasoning_tokens_counted": 715,
    "total_tokens_usage": 14587
  },
  "chains_for_voting_details": [
    {
      "chain_index": 1,
      "finish_reason": "stop",
      "extracted_answer": "20",
      "prompt_tokens": 682,
      "completion_tokens": 13905,
      "reasoning_tokens_counted": 13188,
      "non_reasoning_tokens_counted": 715
    }
  ],
  "error_chain_details": []
}