{
  "iteration": 4,
  "question_id": "index_3",
  "status": "SUCCESS",
  "n_chains_requested": 1,
  "n_chains_completed_stream_with_content": 1,
  "n_chains_completed_stream_for_voting": 1,
  "error_chains_count": 0,
  "prompt_len": 404,
  "correct_answer_reference": "-984",
  "individual_answers": [
    "-984"
  ],
  "voted_answer": "-984",
  "final_score": 1,
  "avg_kv_cache_usage": 0.02997645485727569,
  "max_kv_cache_usage": 0.059473286436835,
  "processing_duration_sec": 397.88117027282715,
  "usage_aggregated": {
    "prompt_tokens": 123,
    "total_completion_tokens_across_all_requested_chains": 16240,
    "total_reasoning_tokens_counted": 15404,
    "total_non_reasoning_tokens_counted": 834,
    "total_tokens_usage": 16363
  },
  "chains_for_voting_details": [
    {
      "chain_index": 1,
      "finish_reason": "stop",
      "extracted_answer": "-984",
      "prompt_tokens": 123,
      "completion_tokens": 16240,
      "reasoning_tokens_counted": 15404,
      "non_reasoning_tokens_counted": 834
    }
  ],
  "error_chain_details": []
}