{
  "iteration": 6,
  "question_id": "index_5",
  "status": "SUCCESS",
  "n_chains_requested": 1,
  "n_chains_completed_stream_with_content": 1,
  "n_chains_completed_stream_for_voting": 1,
  "error_chains_count": 0,
  "prompt_len": 370,
  "correct_answer_reference": "\\frac{1311}{2017}",
  "individual_answers": [
    "\\dfrac{1311}{2017}"
  ],
  "voted_answer": "\\dfrac{1311}{2017}",
  "final_score": 1,
  "avg_kv_cache_usage": 0.03952168985248247,
  "max_kv_cache_usage": 0.0786000813906168,
  "processing_duration_sec": 547.1637074947357,
  "usage_aggregated": {
    "prompt_tokens": 113,
    "total_completion_tokens_across_all_requested_chains": 21514,
    "total_reasoning_tokens_counted": 20652,
    "total_non_reasoning_tokens_counted": 860,
    "total_tokens_usage": 21627
  },
  "chains_for_voting_details": [
    {
      "chain_index": 1,
      "finish_reason": "stop",
      "extracted_answer": "\\dfrac{1311}{2017}",
      "prompt_tokens": 113,
      "completion_tokens": 21514,
      "reasoning_tokens_counted": 20652,
      "non_reasoning_tokens_counted": 860
    }
  ],
  "error_chain_details": []
}