{
  "iteration": 27,
  "question_id": "index_26",
  "status": "SUCCESS",
  "n_chains_requested": 1,
  "n_chains_completed_stream_with_content": 1,
  "n_chains_completed_stream_for_voting": 1,
  "error_chains_count": 0,
  "prompt_len": 494,
  "correct_answer_reference": "\\frac{7}{18}",
  "individual_answers": [
    "\\dfrac{7}{18}"
  ],
  "voted_answer": "\\dfrac{7}{18}",
  "final_score": 1,
  "avg_kv_cache_usage": 0.028077945209058375,
  "max_kv_cache_usage": 0.055578164060229,
  "processing_duration_sec": 365.7770698070526,
  "usage_aggregated": {
    "prompt_tokens": 156,
    "total_completion_tokens_across_all_requested_chains": 15129,
    "total_reasoning_tokens_counted": 14576,
    "total_non_reasoning_tokens_counted": 551,
    "total_tokens_usage": 15285
  },
  "chains_for_voting_details": [
    {
      "chain_index": 1,
      "finish_reason": "stop",
      "extracted_answer": "\\dfrac{7}{18}",
      "prompt_tokens": 156,
      "completion_tokens": 15129,
      "reasoning_tokens_counted": 14576,
      "non_reasoning_tokens_counted": 551
    }
  ],
  "error_chain_details": []
}