{
  "iteration": 23,
  "question_id": "index_22",
  "status": "SUCCESS",
  "n_chains_requested": 1,
  "n_chains_completed_stream_with_content": 1,
  "n_chains_completed_stream_for_voting": 1,
  "error_chains_count": 0,
  "prompt_len": 466,
  "correct_answer_reference": "8\\sqrt{10}",
  "individual_answers": [
    "8\\sqrt{10}"
  ],
  "voted_answer": "8\\sqrt{10}",
  "final_score": 1,
  "avg_kv_cache_usage": 0.016855852211973343,
  "max_kv_cache_usage": 0.0331957444334631,
  "processing_duration_sec": 185.43744373321533,
  "usage_aggregated": {
    "prompt_tokens": 135,
    "total_completion_tokens_across_all_requested_chains": 8994,
    "total_reasoning_tokens_counted": 8478,
    "total_non_reasoning_tokens_counted": 514,
    "total_tokens_usage": 9129
  },
  "chains_for_voting_details": [
    {
      "chain_index": 1,
      "finish_reason": "stop",
      "extracted_answer": "8\\sqrt{10}",
      "prompt_tokens": 135,
      "completion_tokens": 8994,
      "reasoning_tokens_counted": 8478,
      "non_reasoning_tokens_counted": 514
    }
  ],
  "error_chain_details": []
}