{
  "iteration": 11,
  "question_id": "index_10",
  "status": "SUCCESS",
  "n_chains_requested": 1,
  "n_chains_completed_stream_with_content": 1,
  "n_chains_completed_stream_for_voting": 1,
  "error_chains_count": 0,
  "prompt_len": 481,
  "correct_answer_reference": "56",
  "individual_answers": [
    "56"
  ],
  "voted_answer": "56",
  "final_score": 1,
  "avg_kv_cache_usage": 0.02911349872624192,
  "max_kv_cache_usage": 0.0577873379454683,
  "processing_duration_sec": 380.6217198371887,
  "usage_aggregated": {
    "prompt_tokens": 116,
    "total_completion_tokens_across_all_requested_chains": 15779,
    "total_reasoning_tokens_counted": 15284,
    "total_non_reasoning_tokens_counted": 493,
    "total_tokens_usage": 15895
  },
  "chains_for_voting_details": [
    {
      "chain_index": 1,
      "finish_reason": "stop",
      "extracted_answer": "56",
      "prompt_tokens": 116,
      "completion_tokens": 15779,
      "reasoning_tokens_counted": 15284,
      "non_reasoning_tokens_counted": 493
    }
  ],
  "error_chain_details": []
}