{
  "iteration": 5,
  "question_id": "index_4",
  "status": "SUCCESS",
  "n_chains_requested": 1,
  "n_chains_completed_stream_with_content": 1,
  "n_chains_completed_stream_for_voting": 1,
  "error_chains_count": 0,
  "prompt_len": 509,
  "correct_answer_reference": "890",
  "individual_answers": [
    "9000"
  ],
  "voted_answer": "9000",
  "final_score": 0,
  "avg_kv_cache_usage": 0.010331896577820104,
  "max_kv_cache_usage": 0.0201151095866519,
  "processing_duration_sec": 105.06103301048279,
  "usage_aggregated": {
    "prompt_tokens": 143,
    "total_completion_tokens_across_all_requested_chains": 5387,
    "total_reasoning_tokens_counted": 4842,
    "total_non_reasoning_tokens_counted": 543,
    "total_tokens_usage": 5530
  },
  "chains_for_voting_details": [
    {
      "chain_index": 1,
      "finish_reason": "stop",
      "extracted_answer": "9000",
      "prompt_tokens": 143,
      "completion_tokens": 5387,
      "reasoning_tokens_counted": 4842,
      "non_reasoning_tokens_counted": 543
    }
  ],
  "error_chain_details": []
}