{
  "iteration": 9,
  "question_id": "index_8",
  "status": "SUCCESS",
  "n_chains_requested": 1,
  "n_chains_completed_stream_with_content": 1,
  "n_chains_completed_stream_for_voting": 1,
  "error_chains_count": 0,
  "prompt_len": 743,
  "correct_answer_reference": "1037",
  "individual_answers": [
    "1037"
  ],
  "voted_answer": "1037",
  "final_score": 1,
  "avg_kv_cache_usage": 0.022120806929829612,
  "max_kv_cache_usage": 0.0433114353816638,
  "processing_duration_sec": 264.2673101425171,
  "usage_aggregated": {
    "prompt_tokens": 243,
    "total_completion_tokens_across_all_requested_chains": 11676,
    "total_reasoning_tokens_counted": 11105,
    "total_non_reasoning_tokens_counted": 569,
    "total_tokens_usage": 11919
  },
  "chains_for_voting_details": [
    {
      "chain_index": 1,
      "finish_reason": "stop",
      "extracted_answer": "1037",
      "prompt_tokens": 243,
      "completion_tokens": 11676,
      "reasoning_tokens_counted": 11105,
      "non_reasoning_tokens_counted": 569
    }
  ],
  "error_chain_details": []
}