{
  "iteration": 28,
  "question_id": "index_27",
  "status": "SUCCESS",
  "n_chains_requested": 1,
  "n_chains_completed_stream_with_content": 1,
  "n_chains_completed_stream_for_voting": 1,
  "error_chains_count": 0,
  "prompt_len": 527,
  "correct_answer_reference": "\\sqrt{6}",
  "individual_answers": [
    "\\sqrt{6}"
  ],
  "voted_answer": "\\sqrt{6}",
  "final_score": 1,
  "avg_kv_cache_usage": 0.023650516225110888,
  "max_kv_cache_usage": 0.0466833323643973,
  "processing_duration_sec": 291.70111107826233,
  "usage_aggregated": {
    "prompt_tokens": 165,
    "total_completion_tokens_across_all_requested_chains": 12674,
    "total_reasoning_tokens_counted": 11980,
    "total_non_reasoning_tokens_counted": 692,
    "total_tokens_usage": 12839
  },
  "chains_for_voting_details": [
    {
      "chain_index": 1,
      "finish_reason": "stop",
      "extracted_answer": "\\sqrt{6}",
      "prompt_tokens": 165,
      "completion_tokens": 12674,
      "reasoning_tokens_counted": 11980,
      "non_reasoning_tokens_counted": 692
    }
  ],
  "error_chain_details": []
}