{
  "iteration": 18,
  "question_id": "index_17",
  "status": "SUCCESS",
  "n_chains_requested": 1,
  "n_chains_completed_stream_with_content": 1,
  "n_chains_completed_stream_for_voting": 1,
  "error_chains_count": 0,
  "prompt_len": 716,
  "correct_answer_reference": "\\frac{2025}{101}",
  "individual_answers": [
    "2025 \\left(1 - \\frac{1}{e}\\right)"
  ],
  "voted_answer": "2025 \\left(1 - \\frac{1}{e}\\right)",
  "final_score": 0,
  "avg_kv_cache_usage": 0.02286930632927307,
  "max_kv_cache_usage": 0.0448811115632812,
  "processing_duration_sec": 276.33474493026733,
  "usage_aggregated": {
    "prompt_tokens": 222,
    "total_completion_tokens_across_all_requested_chains": 12130,
    "total_reasoning_tokens_counted": 11851,
    "total_non_reasoning_tokens_counted": 277,
    "total_tokens_usage": 12352
  },
  "chains_for_voting_details": [
    {
      "chain_index": 1,
      "finish_reason": "stop",
      "extracted_answer": "2025 \\left(1 - \\frac{1}{e}\\right)",
      "prompt_tokens": 222,
      "completion_tokens": 12130,
      "reasoning_tokens_counted": 11851,
      "non_reasoning_tokens_counted": 277
    }
  ],
  "error_chain_details": []
}