{
  "iteration": 29,
  "question_id": "index_28",
  "status": "NO_CHAINS_FOR_VOTING",
  "prompt_len": 504,
  "choices": null,
  "correct_answer_reference": "14+4\\sqrt{37}",
  "n_chains_requested": 1,
  "n_chains_completed_stream_with_content": 1,
  "n_chains_completed_stream_for_voting": 0,
  "error_chains_count": 1,
  "avg_kv_cache_usage": 0.060061915004941534,
  "max_kv_cache_usage": 0.1195860705772919,
  "processing_duration_sec": 875.6834034919739,
  "usage_aggregated": {
    "prompt_tokens": 139,
    "total_completion_tokens_across_all_requested_chains": 32768,
    "total_reasoning_tokens_counted": null,
    "total_non_reasoning_tokens_counted": null,
    "total_tokens_usage": 32907
  },
  "error_chain_details": [
    {
      "chain_index": 1,
      "finish_reason": "length",
      "error": "Content generated but no answer extracted",
      "full_content": "Okay, so I have this geometry problem here about a rectangle ABCD where BC is 24 units long. There's a point X inside the rectangle such that angle AXB is 90 degrees. Also, triangles AXD and BXC are both acute, and their circumradii are 13 and 15 respectively. I need to find the length of AB. Hmm, let me think how to approach this.\n\nFirst, let me sketch the rectangle ABCD. Let me label the rectangle so that AB is the base, BC is the vertical side, so the rectangle has AB as the horizontal side and BC as the vertical side. So, points A, B, C, D would be arranged such that A is bottom-left, B is bottom-right, C is top-right, and D is top-left. So, the rectangle is oriented with AB horizontal and BC vertical. Then point X is somewhere inside this rectangle, forming a right angle at X between points A and B. Also, triangles AXD and BXC are both acute, so all their angles are less than 90 degrees. Their circumradii are given as 13 and 15. \n\nSince angle AXB is 90\u00b0, point X lies somewhere such that when you connect A to X to B, that angle is a right angle. So, maybe X is on the circle with diameter AB? Wait, but since it's inside the rectangle, maybe the right angle condition constrains X to lie on a particular circle? Let me recall that if a point forms a right angle with two points, then it lies on the circle whose diameter is those two points. So, since angle AXB is 90\u00b0, point X must lie on the circle with diameter AB. That seems important. However, the rectangle's sides are AB and BC, so the circle with diameter AB would have its center at the midpoint of AB and radius AB/2. Since the rectangle is ABCD, the length AB is what we need to find, let's call that length 'a', so BC is given as 24, so the sides are AB = a and BC =24. \n\nSo the rectangle's dimensions are AB = a, BC =24, so AD =24 and DC =a as well. The coordinates might be helpful here. Let me assign coordinate system to the rectangle. Let me place point A at (0,0), so then B is (a,0), C is (a,24), and D is (0,24). Then point X is inside the rectangle, so its coordinates would be (x,y) where 0 < x < a and 0 < y <24. \n\nGiven angle AXB =90\u00b0, so the vectors AX and BX are perpendicular. The coordinates of A, B, X can be used to write this condition. Let's see, vector AX is (x, y) and vector BX is (x - a, y). Their dot product should be zero because they are perpendicular. So:\n\nAX \u2022 BX = x*(x - a) + y*y =0\n\nSo, expanding that:\n\nx\u00b2 - a x + y\u00b2 =0. \n\nThat's one equation involving x and y.\n\nNow, triangles AXD and BXC have circumradii 13 and 15 respectively, and they are both acute. Let me recall that the circumradius R of a triangle with sides of length a, b, c is given by R = (a b c)/(4\u0394), where \u0394 is the area of the triangle. Alternatively, for any triangle, R = (a)/(2 sin A) where A is an angle opposite side a. Since the triangles are acute, all angles are less than 90\u00b0, so their sines are less than 1, so the circumradius relates to the sides.\n\nAlternatively, maybe using coordinates would be better here. Let me try to write equations for the circumradius of triangles AXD and BXC.\n\nFirst, let's consider triangle AXD. The points are A(0,0), X(x,y), D(0,24). Let's compute the lengths of the sides of triangle AXD. \n\nThe sides are:\n\nAX: distance from A to X: sqrt(x\u00b2 + y\u00b2)\n\nXD: distance from X to D: sqrt( (x -0)^2 + (24 - y)^2 ) = sqrt(x\u00b2 + (24 - y)^2 )\n\nAD: distance from A to D: which is 24, since it's the side of the rectangle.\n\nWait, but triangle AXD has vertices at A(0,0), X(x,y), D(0,24). So, sides:\n\nAX: sqrt(x\u00b2 + y\u00b2)\n\nXD: sqrt(x\u00b2 + (24 - y)^2 )\n\nAD: 24 (vertical side from (0,0) to (0,24))\n\nWait, but AD is a side of the rectangle, so in triangle AXD, AD is one side, AX is another, and XD is the third. So the triangle has sides of length 24, sqrt(x\u00b2 + y\u00b2), and sqrt(x\u00b2 + (24 - y)^2).\n\nSimilarly, triangle BXC has vertices B(a,0), X(x,y), C(a,24). The sides are:\n\nBX: sqrt( (x - a)^2 + y\u00b2 )\n\nXC: sqrt( (a - x)^2 + (24 - y)^2 )\n\nBC: 24 (vertical side from B to C)\n\nSo triangle BXC has sides 24, sqrt( (x - a)^2 + y\u00b2 ), sqrt( (a - x)^2 + (24 - y)^2 )\n\nNow, the circumradius of triangle AXD is 13, and for BXC it's 15. Let me recall that for any triangle, the circumradius R is given by R = (a b c)/(4\u0394), where a, b, c are the sides and \u0394 is the area.\n\nAlternatively, since AD is 24, which is a vertical side, perhaps we can compute the circumradius using coordinates.\n\nAlternatively, maybe using coordinates, the circumradius can be found by finding the circumcircle equation for triangle AXD and then computing its radius. Let me see.\n\nFirst, let's handle triangle AXD. Let's compute its circumradius.\n\nGiven three points A(0,0), X(x,y), D(0,24). Let me compute the circumradius.\n\nThe circumradius can be found by finding the perpendicular bisectors of two sides and finding their intersection, which is the circumcenter, then computing the distance from there to any vertex.\n\nLet's compute the perpendicular bisector of AX and AD, or AX and XD?\n\nAlternatively, since points A and D are both on the y-axis, their perpendicular bisector might be easier.\n\nFirst, let's compute the midpoint of AD: since A is (0,0) and D is (0,24), midpoint is (0,12). The line AD is vertical, so its perpendicular bisector is horizontal line through (0,12), so the perpendicular bisector is the line y =12.\n\nNow, let's compute the perpendicular bisector of AX.\n\nMidpoint of AX is (x/2, y/2). The slope of AX is (y -0)/(x -0) = y/x, so the perpendicular bisector has slope -x/y. Thus, the equation of the perpendicular bisector is:\n\n(y - y/2) = (-x/y)(x - x/2)\n\nWait, let me rephrase that.\n\nWait, midpoint of AX is (x/2, y/2). The slope of AX is y/x, so the perpendicular slope is -x/y. Thus, the equation of the perpendicular bisector is:\n\n(y - y/2) = (-x/y)(x - x/2)\n\nWait, let me write that more carefully. The line passes through (x/2, y/2) and has slope -x/y. So the equation is:\n\n(Y - y/2) = (-x/y)(X - x/2)\n\nSimilarly, the perpendicular bisector of AD is y =12. \n\nThe circumcenter lies at the intersection of these two perpendicular bisectors. So substitute Y =12 into the equation of the perpendicular bisector of AX:\n\n12 - y/2 = (-x/y)(X - x/2)\n\nBut at the circumcenter, the X coordinate is the same as the point where both bisectors meet. Let me denote the circumcenter as (h, k). Since it lies on y=12, so k=12. Also, it must lie on the perpendicular bisector of AX, so:\n\n12 - y/2 = (-x/y)(h - x/2)\n\nWe also know that the circumradius is the distance from (h,12) to A(0,0):\n\nsqrt( h\u00b2 + 12\u00b2 ) = 13 (since the circumradius is given as 13 for triangle AXD).\n\nTherefore, h\u00b2 + 144 = 13\u00b2 = 169, so h\u00b2 = 25, so h= \u00b15. Since the rectangle is from x=0 to x=a, and the point X is inside the rectangle, so the circumcenter's x-coordinate h must be between some values. Wait, but we don't know a yet. Hmm, but let's note that h can be positive or negative, but since the rectangle is from x=0 to x=a, and the circumradius could be inside or outside? Wait, but the circumradius is the distance from the circumcenter to the vertex, so the circumcenter might be outside the triangle, but since the triangle is part of the rectangle, perhaps h is between 0 and a? Not sure yet. Let's proceed.\n\nSo h is either 5 or -5. Let's consider both possibilities.\n\nCase 1: h =5\n\nThen, plugging into the equation:\n\n12 - y/2 = (-x/y)(5 - x/2 )\n\nSimilarly, let me rearrange this equation:\n\n12 - y/2 = (-x/y)( (10 -x)/2 )\n\nMultiply both sides by y:\n\ny(12 - y/2) = -x(10 - x)/2\n\nMultiply both sides by 2:\n\n2y(12 - y/2) = -x(10 -x )\n\nExpand left side: 24y - y\u00b2 = -10x +x\u00b2\n\nBring all terms to left:\n\n24y - y\u00b2 +10x -x\u00b2 =0\n\nHmm, so that's one equation. Let's note that.\n\nCase 2: h = -5\n\nSimilarly, h = -5:\n\nThen, plug into equation:\n\n12 - y/2 = (-x/y)( -5 -x/2 )\n\n= (-x/y)( - (5 + x/2) )\n\n= (x/y)(5 + x/2 )\n\nThus,\n\n12 - y/2 = (x/y)(5 + x/2 )\n\nMultiply both sides by y:\n\ny(12 - y/2 ) = x(5 + x/2 )\n\nMultiply both sides by 2:\n\n24y - y\u00b2 = 10x +x\u00b2\n\nBring all terms to left:\n\n24y - y\u00b2 -10x -x\u00b2 =0\n\nHmm, so depending on h being 5 or -5, we have two equations. However, since the rectangle is between x=0 and x=a, and point X is inside, so coordinates x between 0 and a. The circumcenter's x-coordinate h being 5 or -5. If h is -5, that would be to the left of the rectangle (since x starts at 0), so maybe that's outside the rectangle? But the circumradius is the distance from the circumcenter to the vertices, so maybe it's possible. Not sure yet. Let's see. Maybe we can handle both cases.\n\nAdditionally, since the triangle AXD is acute, all its angles are less than 90\u00b0, which imposes some conditions. The circumradius formula might have constraints. Maybe we can consider both cases and see which one works.\n\nBut before that, let's do the same analysis for triangle BXC with circumradius 15.\n\nTriangle BXC has points B(a,0), X(x,y), C(a,24). Let's compute its circumradius.\n\nSimilarly, let's find the circumradius. Let me try the same approach.\n\nFirst, the sides of triangle BXC are BX, XC, and BC=24. Let me find the circumradius using coordinates.\n\nFirst, find the circumcenter. Let's compute perpendicular bisectors.\n\nFirst, the side BC is vertical from (a,0) to (a,24). The midpoint of BC is (a,12), and the perpendicular bisector is horizontal line y=12, similar to the previous case.\n\nNow, the perpendicular bisector of BX. Let's compute midpoint of BX: ((a +x)/2, (0 + y)/2) = ( (a+x)/2, y/2 ). The slope of BX is (y -0)/(x -a) = y/(x -a). Therefore, the perpendicular bisector slope is - (x -a)/y.\n\nThus, the equation of the perpendicular bisector of BX is:\n\n(Y - y/2 ) = [ - (x -a)/y ] ( X - (a +x)/2 )\n\nThe circumcenter must lie on the perpendicular bisector of BC (which is y=12) and the perpendicular bisector of BX. Let me set Y=12 and plug into the equation above:\n\n12 - y/2 = [ - (x -a)/y ] ( X - (a +x)/2 )\n\nLet the circumcenter be (h,12). Then:\n\n12 - y/2 = [ - (x -a)/y ] ( h - (a +x)/2 )\n\nAlso, the distance from the circumcenter (h,12) to point B(a,0) is the circumradius 15. So:\n\nsqrt( (h -a)^2 + (12 - 0)^2 ) =15\n\nThus,\n\n(h -a)^2 + 144 = 225\n\nSo (h -a)^2 = 81 \u2192 h -a = \u00b19 \u2192 h = a \u00b19\n\nTherefore, h could be a +9 or a -9. Let's consider both cases.\n\nNow, proceeding similarly to before, substituting h into the equation from the perpendicular bisector.\n\nFirst, Case 1 for triangle BXC: h = a +9\n\nThen, plug into equation:\n\n12 - y/2 = [ - (x -a)/y ] ( (a +9) - (a +x)/2 )\n\nSimplify the term inside the parenthesis:\n\n(a +9) - (a +x)/2 = (2(a +9) - (a +x))/2 = (2a +18 -a -x)/2 = (a +18 -x)/2\n\nThus,\n\n12 - y/2 = [ - (x -a)/y ] * ( (a +18 -x)/2 )\n\nMultiply both sides by y:\n\ny(12 - y/2 ) = - (x -a)(a +18 -x)/2\n\nMultiply both sides by 2:\n\n2y(12 - y/2 ) = - (x -a)(a +18 -x )\n\nLeft side: 24y - y\u00b2\n\nRight side: - ( (x -a)( (a +18) -x ) )\n\nLet me expand the right side:\n\n- [ x(a +18 -x) -a(a +18 -x) ]\n\n= - [ x(a +18) -x\u00b2 -a(a +18) +a x ]\n\n= - [ a x +18x -x\u00b2 -a\u00b2 -18a +a x ]\n\nCombine like terms:\n\n= - [ (a x + a x) +18x -x\u00b2 -a\u00b2 -18a ]\n\n= - [ 2a x +18x -x\u00b2 -a\u00b2 -18a ]\n\n= -2a x -18x +x\u00b2 +a\u00b2 +18a\n\nThus, equation becomes:\n\n24 y - y\u00b2 = -2a x -18x +x\u00b2 +a\u00b2 +18a\n\nBring all terms to left:\n\n24y - y\u00b2 +2a x +18x -x\u00b2 -a\u00b2 -18a =0\n\nHmm, that's complicated.\n\nCase 2 for triangle BXC: h = a -9\n\nThen, h = a -9, so plug into the equation:\n\n12 - y/2 = [ - (x -a)/y ] ( (a -9) - (a +x)/2 )\n\nSimplify the term inside:\n\n(a -9) - (a +x)/2 = (2(a -9) -a -x)/2 = (2a -18 -a -x)/2 = (a -18 -x)/2\n\nThus,\n\n12 - y/2 = [ - (x -a)/y ] * ( (a -18 -x)/2 )\n\nMultiply both sides by y:\n\ny(12 - y/2 ) = - (x -a)(a -18 -x)/2\n\nMultiply both sides by 2:\n\n2y(12 - y/2 ) = - (x -a)(a -18 -x )\n\nLeft side is still 24y - y\u00b2.\n\nRight side:\n\n- (x -a)(a -18 -x ) = - [ (x -a)( - (x +18 -a) ) ] = - [ - (x -a)(x +18 -a) ] = (x -a)(x +18 -a )\n\nExpand the product:\n\n(x -a)(x + (18 -a)) = x\u00b2 + (18 -a)x -a x -a(18 -a)\n\n= x\u00b2 +18x -a x -a x -18a +a\u00b2\n\n= x\u00b2 +18x -2a x -18a +a\u00b2\n\nSo, the equation becomes:\n\n24y - y\u00b2 = x\u00b2 +18x -2a x -18a +a\u00b2\n\nBring all terms to left:\n\n24y - y\u00b2 -x\u00b2 -18x +2a x +18a -a\u00b2 =0\n\nHmm, okay. So this gives another equation depending on h being a-9.\n\nNow, this is getting really involved. Maybe there is a smarter way.\n\nAlternatively, perhaps using the formula for circumradius in terms of sides. For triangle AXD, let me denote the sides as follows:\n\nLet me denote:\n\nIn triangle AXD,\n\nAD = 24,\n\nAX = sqrt(x\u00b2 + y\u00b2),\n\nXD = sqrt(x\u00b2 + (24 - y)^2 )\n\nThe circumradius R1 =13.\n\nUsing the formula R = (a b c)/(4\u0394). Let me compute the area \u0394 of triangle AXD.\n\nSince points A(0,0), X(x,y), D(0,24). The area can be calculated using the determinant formula:\n\n\u0394 = (1/2)| (0*(y -24) + x*(24 -0) +0*(0 - y) ) | = (1/2)|0 +24x +0| =12x. So area is 12x.\n\nTherefore, the circumradius R1 = (AX * XD * AD)/(4 * \u0394 ) = ( sqrt(x\u00b2 + y\u00b2) * sqrt(x\u00b2 + (24 - y)^2 ) * 24 ) / (4 *12x )\n\nSimplify denominator: 4*12x =48x. Numerator: 24 sqrt(x\u00b2 + y\u00b2) sqrt(x\u00b2 + (24 - y)^2 )\n\nThus, R1 = [24 * sqrt(x\u00b2 + y\u00b2) sqrt(x\u00b2 + (24 - y)^2 ) ] / (48x )\n\nSimplify: 24/48 =1/2, so:\n\nR1 = [ sqrt(x\u00b2 + y\u00b2) sqrt(x\u00b2 + (24 - y)^2 ) ] / (2x ) =13\n\nSo,\n\nsqrt(x\u00b2 + y\u00b2) * sqrt(x\u00b2 + (24 - y)^2 ) / (2x ) =13\n\nSimilarly, for triangle BXC, let's do the same.\n\nTriangle BXC: sides are BC=24, BX= sqrt( (x -a)^2 + y\u00b2 ), XC= sqrt( (a -x)^2 + (24 - y)^2 )\n\nArea \u03942 of triangle BXC:\n\nUsing points B(a,0), X(x,y), C(a,24). The area is (1/2)*base*height. Since BC is vertical, the base is BC=24 and the horizontal distance from X to BC is (a -x). Wait, actually, since BC is vertical from (a,0) to (a,24), the base can be considered as BC, and the height is the horizontal distance from X to the line BC (x-coordinate difference). Since X is at (x,y), the horizontal distance is |a -x|. Thus, area is (1/2)*24*(a -x) =12(a -x).\n\nTherefore, the area \u03942 =12(a -x).\n\nThe circumradius R2 =15 is given by:\n\nR2 = (BX * XC * BC ) / (4 \u03942 )\n\nSo,\n\n15 = [ sqrt( (x -a)^2 + y\u00b2 ) * sqrt( (a -x)^2 + (24 - y)^2 ) *24 ] / (4 *12(a -x) )\n\nSimplify denominator: 4*12(a -x)=48(a -x)\n\nNumerator:24 * sqrt( (x -a)^2 + y\u00b2 ) * sqrt( (a -x)^2 + (24 - y)^2 )\n\nThus,\n\n15 = [24 * sqrt( (x -a)^2 + y\u00b2 ) sqrt( (a -x)^2 + (24 - y)^2 ) ] / [48(a -x) ]\n\nSimplify 24/48 =1/2,\n\nThus,\n\n15 = [ sqrt( (x -a)^2 + y\u00b2 ) sqrt( (a -x)^2 + (24 - y)^2 ) ] / [2(a -x) ]\n\nTherefore,\n\nsqrt( (x -a)^2 + y\u00b2 ) * sqrt( (a -x)^2 + (24 - y)^2 ) / [2(a -x) ] =15\n\nHmm, okay. Now, so for both triangles, we have equations involving x,y,a. Also, we have the equation from angle AXB being 90\u00b0, which is x\u00b2 -a x + y\u00b2 =0.\n\nSo, let me recap the equations we have:\n\n1) From angle AXB=90\u00b0:\n\nx\u00b2 - a x + y\u00b2 =0 --> Equation (1)\n\n2) From triangle AXD's circumradius 13:\n\nsqrt(x\u00b2 + y\u00b2) * sqrt(x\u00b2 + (24 - y)^2 ) / (2x ) =13 --> Equation (2)\n\n3) From triangle BXC's circumradius 15:\n\nsqrt( (x -a)^2 + y\u00b2 ) * sqrt( (a -x)^2 + (24 - y)^2 ) / [2(a -x) ] =15 --> Equation (3)\n\nAdditionally, triangles AXD and BXC are both acute, so we need to ensure that all their angles are less than 90\u00b0, but perhaps that condition will be satisfied automatically if the equations are solved correctly, or maybe we need to check later.\n\nSo, we have three equations with variables x, y, a. Let's see if we can manipulate these equations to find a.\n\nFirst, let me note that in Equation (1):\n\nx\u00b2 + y\u00b2 = a x --> Let me denote that as S = a x = x\u00b2 + y\u00b2. So, S =a x. Maybe helpful later.\n\nNow, looking at Equation (2):\n\nsqrt(x\u00b2 + y\u00b2) * sqrt(x\u00b2 + (24 - y)^2 ) / (2x ) =13\n\nLet me substitute x\u00b2 + y\u00b2 = a x into this equation. Then, the first sqrt becomes sqrt(a x). The second sqrt is sqrt(x\u00b2 + (24 - y)^2 ). Let me compute x\u00b2 + (24 - y)^2 = x\u00b2 + (24)^2 -48 y + y\u00b2 = (x\u00b2 + y\u00b2) + 576 -48 y = a x + 576 -48 y. \n\nThus, Equation (2) becomes:\n\nsqrt(a x) * sqrt( a x + 576 -48 y ) / (2x ) =13\n\nMultiply both sides by 2x:\n\nsqrt(a x) * sqrt( a x + 576 -48 y ) =26x\n\nSquare both sides to eliminate the square roots:\n\n(a x)( a x + 576 -48 y ) = (26x)^2 =676x\u00b2\n\nThus:\n\na x (a x + 576 -48 y ) =676x\u00b2\n\nDivide both sides by x (assuming x\u22600, which it can't be because then point X would be on A, but inside the rectangle):\n\na (a x +576 -48 y ) =676x\n\nNow, let's rearrange:\n\na^2 x +576 a -48 a y =676 x\n\nBring all terms to left:\n\na\u00b2 x -676x +576 a -48 a y =0\n\nFactor x terms:\n\nx(a\u00b2 -676) +576a -48 a y =0 --> Equation (2a)\n\nHmm, not sure yet. Let me see if we can find expressions for y in terms of x and a, or other variables.\n\nSimilarly, let's look at Equation (3):\n\nsqrt( (x -a)^2 + y\u00b2 ) * sqrt( (a -x)^2 + (24 - y)^2 ) / [2(a -x) ] =15\n\nFirst, note that (a -x)^2 = (x -a)^2, so the terms inside the square roots are symmetric in some way.\n\nLet me denote (x -a)^2 + y\u00b2 = same as BX squared. Let me compute the first sqrt term as sqrt( (x -a)^2 + y\u00b2 ), the second sqrt term is sqrt( (a -x)^2 + (24 - y)^2 ) = sqrt( same as first term but with y replaced by (24 - y) )\n\nAlternatively, let me see if I can express in terms of variables. Let me let term1 = sqrt( (x -a)^2 + y\u00b2 )\n\nterm2 = sqrt( (a -x)^2 + (24 - y)^2 )\n\nNote that term2 can be written as sqrt( (x -a)^2 + (24 - y)^2 )\n\nSo, term1 * term2 = sqrt( [ (x -a)^2 + y\u00b2 ][ (x -a)^2 + (24 - y)^2 ] )\n\nLet me let z = x -a, so z = (x -a). Then term1 = sqrt(z\u00b2 + y\u00b2 ), term2 = sqrt(z\u00b2 + (24 - y)^2 )\n\nSo, term1 * term2 = sqrt( (z\u00b2 + y\u00b2)(z\u00b2 + (24 - y)^2 ) )\n\nSimilarly, the denominator in Equation (3) is 2(a -x) = -2z. So Equation (3) becomes:\n\nsqrt( (z\u00b2 + y\u00b2)(z\u00b2 + (24 - y)^2 ) ) / (-2 z ) =15\n\nBut since z = x -a, and since X is inside the rectangle, x <a, so z is negative, so denominator is positive (because -2z = -2(x -a) = 2(a -x) which is positive). So the equation is okay.\n\nBut perhaps instead of substitution, let me try to express Equation (3) similarly to Equation (2).\n\nFirst, note that (x -a)^2 + y\u00b2 = (a -x)^2 + y\u00b2, so let me denote term1 squared as T1 = (a -x)^2 + y\u00b2,\n\nand term2 squared as T2 = (a -x)^2 + (24 - y)^2,\n\nThus, term1 * term2 = sqrt(T1*T2 )\n\nThe equation (3):\n\nsqrt(T1*T2) / [2(a -x) ] =15\n\nSo,\n\nsqrt(T1 T2 ) =30(a -x )\n\nSquare both sides:\n\nT1*T2 = 900(a -x)^2\n\nExpand T1*T2:\n\n[(a -x)^2 + y\u00b2][(a -x)^2 + (24 - y)^2 ] =900(a -x)^2\n\nLet me denote u = (a -x), v = y. Then the equation becomes:\n\n(u\u00b2 + v\u00b2)(u\u00b2 + (24 - v)^2 ) =900 u\u00b2\n\nHmm, similar structure to Equation (2). Let me see.\n\nAlternatively, perhaps we can find a relationship between Equations (2) and (3). Let me see.\n\nAlternatively, let's try to work with Equation (1) first. From Equation (1):\n\nx\u00b2 + y\u00b2 = a x. So, y\u00b2 = a x -x\u00b2.\n\nLet me plug this into other equations.\n\nStarting with Equation (2a):\n\nWe had:\n\nx(a\u00b2 -676) +576a -48 a y =0\n\nLet me solve for y:\n\n-48 a y = -x(a\u00b2 -676) -576a\n\nThus,\n\ny = [ x(a\u00b2 -676) +576a ] / (48 a )\n\nHmm, complicated. Maybe better to express y in terms of x and a from Equation (1) and plug into Equation (2a). Since y\u00b2 =a x -x\u00b2, so y = sqrt(a x -x\u00b2 ). But that might complicate things with square roots.\n\nAlternatively, perhaps we can find expressions for terms in Equation (2a) in terms of known quantities.\n\nAlternatively, let me see if there's symmetry between Equation (2) and (3). Let me note that in Equation (2), we had variables related to x and y, while in Equation (3), variables are shifted by (a -x) and y.\n\nAlternatively, perhaps consider that in Equation (2), the terms involve y, while in Equation (3), terms involve (24 - y). Since the rectangle's height is 24, perhaps there is a symmetry when swapping y with 24 - y. Maybe if we assume some symmetry, but not sure yet.\n\nAlternatively, let me consider that both equations (2) and (3) have similar structures, so maybe set variables such that they can be related. Alternatively, take the product of Equations (2) and (3)? Not sure.\n\nAlternatively, let's think of Equation (1): x\u00b2 + y\u00b2 = a x. So, this is a circle equation centered at (a/2, 0) with radius a/2. Wait, but earlier I thought it was the circle with diameter AB, which would have center at (a/2,0), radius a/2. So that matches. So point X lies on this circle.\n\nTherefore, coordinates of X must lie on that circle. So, that's consistent.\n\nGiven that, perhaps we can parametrize point X on the circle. Let me parametrize X as ( (a/2) + (a/2) cos\u03b8, 0 + (a/2) sin\u03b8 ). Because the circle has center (a/2,0) and radius a/2, so parametrizing with angle \u03b8 from the positive x-axis.\n\nSo, x = (a/2)(1 + cos\u03b8 )\n\ny = (a/2) sin\u03b8\n\nHmm, that might be helpful. Let me try that substitution.\n\nLet me set:\n\nx = (a/2)(1 + cos\u03b8 )\n\ny = (a/2) sin\u03b8\n\nThis parametrization ensures that x\u00b2 + y\u00b2 = [ (a/2)^2 (1 + cos\u03b8)^2 + (a/2 sin\u03b8)^2 ] = (a\u00b2/4)[ (1 + 2 cos\u03b8 + cos\u00b2\u03b8) + sin\u00b2\u03b8 ] = (a\u00b2/4)( 2 + 2 cos\u03b8 ) = (a\u00b2/2)(1 + cos\u03b8 )\n\nBut according to Equation (1), x\u00b2 + y\u00b2 = a x = a*(a/2)(1 + cos\u03b8 ) = (a\u00b2/2)(1 + cos\u03b8 ), which matches. So yes, this parametrization works.\n\nTherefore, we can express x and y in terms of a and \u03b8. Then, plug into the other equations.\n\nLet me proceed with this parametrization.\n\nLet me denote:\n\nx = (a/2)(1 + cos\u03b8 )\n\ny = (a/2) sin\u03b8\n\nNow, let's compute the terms needed for Equations (2) and (3).\n\nFirst, substitute into Equation (2):\n\nEquation (2) after substitution becomes:\n\nsqrt(x\u00b2 + y\u00b2) * sqrt(x\u00b2 + (24 - y)^2 ) / (2x ) =13\n\nBut sqrt(x\u00b2 + y\u00b2) is sqrt(a x ) = sqrt( a*(a/2)(1 + cos\u03b8) ) = sqrt( (a\u00b2/2)(1 + cos\u03b8) ) = (a/\u221a2) sqrt(1 + cos\u03b8 )\n\nWait, alternatively, since sqrt(x\u00b2 + y\u00b2)= sqrt(a x)=sqrt(a*(a/2)(1 + cos\u03b8 ))= sqrt( (a\u00b2/2)(1 + cos\u03b8) ) = (a / sqrt(2)) sqrt(1 + cos\u03b8 )\n\nSimilarly, sqrt(x\u00b2 + (24 - y)^2 ) = sqrt( x\u00b2 + (24 - y)^2 )\n\nCompute x\u00b2 + (24 - y)^2:\n\n= x\u00b2 + (24)^2 -48 y + y\u00b2\n\n= (x\u00b2 + y\u00b2) + 576 -48 y\n\n= a x + 576 -48 y\n\nSubstituting x and y:\n\n= a*(a/2)(1 + cos\u03b8 ) +576 -48*(a/2 sin\u03b8 )\n\n= (a\u00b2/2)(1 + cos\u03b8 ) +576 -24 a sin\u03b8\n\nSo sqrt(x\u00b2 + (24 - y)^2 ) = sqrt( (a\u00b2/2)(1 + cos\u03b8 ) +576 -24 a sin\u03b8 )\n\nThus, Equation (2):\n\n[ (a / sqrt(2)) sqrt(1 + cos\u03b8 ) ] * sqrt( (a\u00b2/2)(1 + cos\u03b8 ) +576 -24 a sin\u03b8 ) / ( 2x ) =13\n\nBut x is (a/2)(1 + cos\u03b8 ), so denominator 2x = 2*(a/2)(1 + cos\u03b8 ) = a (1 + cos\u03b8 )\n\nTherefore, the entire equation becomes:\n\n[ (a / sqrt(2)) sqrt(1 + cos\u03b8 ) * sqrt( (a\u00b2/2)(1 + cos\u03b8 ) +576 -24 a sin\u03b8 ) ] / [a (1 + cos\u03b8 ) ] =13\n\nCancel a:\n\n[ (1 / sqrt(2)) sqrt(1 + cos\u03b8 ) * sqrt( (a\u00b2/2)(1 + cos\u03b8 ) +576 -24 a sin\u03b8 ) ] / [ (1 + cos\u03b8 ) ] =13\n\nSimplify sqrt(1 + cos\u03b8 ) divided by (1 + cos\u03b8 ) is 1 / sqrt(1 + cos\u03b8 )\n\nThus,\n\n(1 / sqrt(2)) * sqrt( (a\u00b2/2)(1 + cos\u03b8 ) +576 -24 a sin\u03b8 ) / sqrt(1 + cos\u03b8 ) =13\n\nLet me write the expression under the first sqrt divided by sqrt(1 + cos\u03b8 ):\n\nsqrt[ ( (a\u00b2/2)(1 + cos\u03b8 ) +576 -24 a sin\u03b8 ) / (1 + cos\u03b8 ) ]\n\nThus:\n\n(1 / sqrt(2)) * sqrt[ ( (a\u00b2/2)(1 + cos\u03b8 ) +576 -24 a sin\u03b8 ) / (1 + cos\u03b8 ) ] =13\n\nLet me compute the argument inside the sqrt:\n\n[ (a\u00b2/2)(1 + cos\u03b8 ) +576 -24 a sin\u03b8 ] / (1 + cos\u03b8 )\n\n= (a\u00b2/2) + [576 -24 a sin\u03b8 ] / (1 + cos\u03b8 )\n\nHmm, this is getting messy. Maybe better to square both sides to eliminate sqrt.\n\nLet me denote the left-hand side (LHS) as:\n\n(1 / sqrt(2)) * sqrt( [E] ) =13, where E is the expression above.\n\nThen squaring both sides:\n\n(1 /2 ) * [E] =169\n\nThus,\n\nE = 338\n\nSo,\n\n[ (a\u00b2/2)(1 + cos\u03b8 ) +576 -24 a sin\u03b8 ) ] / (1 + cos\u03b8 ) = 338\n\nMultiply both sides by (1 + cos\u03b8 ):\n\n(a\u00b2/2)(1 + cos\u03b8 ) +576 -24 a sin\u03b8 = 338(1 + cos\u03b8 )\n\nBring all terms to the left:\n\n(a\u00b2/2)(1 + cos\u03b8 ) +576 -24 a sin\u03b8 -338 -338 cos\u03b8 =0\n\nCombine constants: 576 -338 =238\n\nThus,\n\n(a\u00b2/2)(1 + cos\u03b8 ) +238 -24 a sin\u03b8 -338 cos\u03b8 =0\n\nHmm, this still looks complicated. Perhaps proceed similarly with Equation (3).\n\nLet me try Equation (3) with the parametrization.\n\nEquation (3) is:\n\nsqrt( (x -a)^2 + y\u00b2 ) * sqrt( (a -x)^2 + (24 - y)^2 ) / [2(a -x) ] =15\n\nFirst, compute (x -a)^2 + y\u00b2:\n\nx -a = (a/2)(1 + cos\u03b8 ) -a = (a/2)(1 + cos\u03b8 -2 ) = (a/2)(-1 + cos\u03b8 )\n\nThus, (x -a)^2 + y\u00b2 = [ (a/2)^2 (-1 + cos\u03b8 )\u00b2 ] + [ (a/2 sin\u03b8 )\u00b2 ]\n\n= (a\u00b2/4)[ ( -1 + cos\u03b8 )\u00b2 + sin\u00b2\u03b8 ]\n\n= (a\u00b2/4)[ 1 - 2 cos\u03b8 + cos\u00b2\u03b8 + sin\u00b2\u03b8 ]\n\n= (a\u00b2/4)[ 2 - 2 cos\u03b8 ]\n\n= (a\u00b2/4)*2(1 - cos\u03b8 ) = (a\u00b2/2)(1 - cos\u03b8 )\n\nSimilarly, (a -x)^2 + (24 - y)^2 = same as before but with y replaced by (24 - y). Wait, let me compute:\n\n(a -x)^2 + (24 - y)^2 = (a -x)^2 + (24 - y)^2 \n\nWe already know (a -x)^2 = (x -a)^2 = (a/2)^2 ( -1 + cos\u03b8 )\u00b2 as above.\n\nThus,\n\n(a -x)^2 + (24 - y)^2 = (a\u00b2/2)(1 - cos\u03b8 ) + (24 - y)^2 - ?\n\nWait, no. Wait, actually, let me compute it step by step.\n\nWait, let me compute (24 - y):\n\n24 - y =24 - (a/2 sin\u03b8 )\n\nThus,\n\n(24 - y)^2 = (24 - (a/2 sin\u03b8 ))^2 = 24\u00b2 -24 a sin\u03b8 + (a\u00b2/4) sin\u00b2\u03b8\n\nThus,\n\n(a -x)^2 + (24 - y)^2 = (a/2)^2 (-1 + cos\u03b8 )^2 + [24\u00b2 -24 a sin\u03b8 + (a\u00b2/4 sin\u00b2\u03b8 ) ]\n\nCompute (a/2)^2 (-1 + cos\u03b8 )^2 = (a\u00b2/4)(1 - 2 cos\u03b8 + cos\u00b2\u03b8 )\n\nAdding the other terms:\n\nTotal = (a\u00b2/4)(1 -2 cos\u03b8 + cos\u00b2\u03b8 ) + 576 -24 a sin\u03b8 + (a\u00b2/4 sin\u00b2\u03b8 )\n\nCombine terms:\n\n= (a\u00b2/4)( cos\u00b2\u03b8 + sin\u00b2\u03b8 ) + (a\u00b2/4)(1 -2 cos\u03b8 ) +576 -24 a sin\u03b8 \n\nSince cos\u00b2\u03b8 + sin\u00b2\u03b8=1,\n\n= (a\u00b2/4)(1) + (a\u00b2/4)(1 -2 cos\u03b8 ) +576 -24 a sin\u03b8 \n\n= (a\u00b2/4 + a\u00b2/4 - (a\u00b2/2) cos\u03b8 ) +576 -24 a sin\u03b8 \n\n= (a\u00b2/2 - (a\u00b2/2) cos\u03b8 ) +576 -24 a sin\u03b8 \n\n= (a\u00b2/2)(1 - cos\u03b8 ) +576 -24 a sin\u03b8 \n\nThus, sqrt( (a -x)^2 + (24 - y)^2 ) = sqrt( (a\u00b2/2)(1 - cos\u03b8 ) +576 -24 a sin\u03b8 )\n\nTherefore, the product sqrt( (x -a)^2 + y\u00b2 ) * sqrt( (a -x)^2 + (24 - y)^2 ) is sqrt( (a\u00b2/2)(1 - cos\u03b8 )) * sqrt( (a\u00b2/2)(1 - cos\u03b8 ) +576 -24 a sin\u03b8 )\n\nWait, sqrt( (x -a)^2 + y\u00b2 ) was sqrt( (a\u00b2/2)(1 - cos\u03b8 ) )\n\nAnd the other sqrt term is sqrt( (a\u00b2/2)(1 - cos\u03b8 ) +576 -24 a sin\u03b8 )\n\nThus, the product is sqrt( (a\u00b2/2)(1 - cos\u03b8 ) ) * sqrt( (a\u00b2/2)(1 - cos\u03b8 ) +576 -24 a sin\u03b8 )\n\nTherefore, Equation (3) becomes:\n\n[ sqrt( (a\u00b2/2)(1 - cos\u03b8 ) ) * sqrt( (a\u00b2/2)(1 - cos\u03b8 ) +576 -24 a sin\u03b8 ) ] / [2(a -x) ] =15\n\nCompute denominator 2(a -x). Since a -x = a - (a/2)(1 + cos\u03b8 ) = (a/2)(1 - cos\u03b8 )\n\nThus, denominator is 2*(a/2)(1 - cos\u03b8 ) =a (1 - cos\u03b8 )\n\nThus, the equation is:\n\n[ sqrt( (a\u00b2/2)(1 - cos\u03b8 ) ) * sqrt( (a\u00b2/2)(1 - cos\u03b8 ) +576 -24 a sin\u03b8 ) ] / [ a (1 - cos\u03b8 ) ] =15\n\nSimplify numerator:\n\nsqrt( (a\u00b2/2)(1 - cos\u03b8 ) ) = (a / sqrt(2)) sqrt(1 - cos\u03b8 )\n\nThus, numerator:\n\n( a / sqrt(2) ) sqrt(1 - cos\u03b8 ) * sqrt( (a\u00b2/2)(1 - cos\u03b8 ) +576 -24 a sin\u03b8 )\n\nDivide by denominator a(1 - cos\u03b8 ):\n\n[ (a / sqrt(2)) sqrt(1 - cos\u03b8 ) * sqrt(...) ] / [a(1 - cos\u03b8 ) ] = [ (1 / sqrt(2)) * sqrt(...) / sqrt(1 - cos\u03b8 ) ] / (1 - cos\u03b8 ) ?\n\nWait, let's see:\n\nThe numerator terms:\n\n( a / sqrt(2) ) * sqrt(1 - cos\u03b8 ) * sqrt( ... )\n\nDenominator: a (1 - cos\u03b8 )\n\nThus, the a cancels, leaving:\n\n[ (1 / sqrt(2)) * sqrt(1 - cos\u03b8 ) * sqrt(...) ] / [ (1 - cos\u03b8 ) ]\n\n= (1 / sqrt(2)) * sqrt(...) / sqrt(1 - cos\u03b8 )\n\nTherefore, the entire equation becomes:\n\n(1 / sqrt(2)) * sqrt( [ (a\u00b2/2)(1 - cos\u03b8 ) +576 -24 a sin\u03b8 ] / (1 - cos\u03b8 ) ) =15\n\nWait, similar to Equation (2). Let me denote the argument inside the sqrt as F:\n\nF = [ (a\u00b2/2)(1 - cos\u03b8 ) +576 -24 a sin\u03b8 ] / (1 - cos\u03b8 )\n\nThus,\n\n(1 / sqrt(2)) * sqrt(F) =15 \u2192 sqrt(F)/sqrt(2) =15 \u2192 sqrt(F)=15 sqrt(2) \u2192 F= 450\n\nThus,\n\n[ (a\u00b2/2)(1 - cos\u03b8 ) +576 -24 a sin\u03b8 ] / (1 - cos\u03b8 ) =450\n\nMultiply both sides by (1 - cos\u03b8 ):\n\n(a\u00b2/2)(1 - cos\u03b8 ) +576 -24 a sin\u03b8 =450(1 - cos\u03b8 )\n\nBring all terms to left:\n\n(a\u00b2/2)(1 - cos\u03b8 ) +576 -24 a sin\u03b8 -450 +450 cos\u03b8 =0\n\nCombine constants: 576 -450 =126\n\nThus,\n\n(a\u00b2/2)(1 - cos\u03b8 ) +126 -24 a sin\u03b8 +450 cos\u03b8 =0\n\nHmm, so now, we have two equations from (2) and (3):\n\nFrom Equation (2):\n\n(a\u00b2/2)(1 + cos\u03b8 ) +238 -24 a sin\u03b8 -338 cos\u03b8 =0 --> Equation (2b)\n\nFrom Equation (3):\n\n(a\u00b2/2)(1 - cos\u03b8 ) +126 -24 a sin\u03b8 +450 cos\u03b8 =0 --> Equation (3b)\n\nNow, we have two equations (2b) and (3b) involving a, \u03b8. Let me write them down again:\n\nEquation (2b):\n\n(a\u00b2/2)(1 + cos\u03b8 ) +238 -24 a sin\u03b8 -338 cos\u03b8 =0\n\nEquation (3b):\n\n(a\u00b2/2)(1 - cos\u03b8 ) +126 -24 a sin\u03b8 +450 cos\u03b8 =0\n\nLet me subtract Equation (3b) from Equation (2b) to eliminate some terms.\n\nSubtracting (3b) from (2b):\n\n[ (a\u00b2/2)(1 + cos\u03b8 ) - (a\u00b2/2)(1 - cos\u03b8 ) ] + (238 -126 ) + [ -24 a sin\u03b8 - (-24 a sin\u03b8 ) ] + [ -338 cos\u03b8 -450 cos\u03b8 ] =0 -0\n\nCompute each term:\n\nFirst term: (a\u00b2/2)[ (1 + cos\u03b8 ) - (1 - cos\u03b8 ) ] = (a\u00b2/2)(2 cos\u03b8 ) =a\u00b2 cos\u03b8\n\nSecond term: 238 -126 =112\n\nThird term: -24 a sin\u03b8 +24 a sin\u03b8 =0\n\nFourth term: -338 cos\u03b8 -450 cos\u03b8 = -788 cos\u03b8\n\nSo overall:\n\na\u00b2 cos\u03b8 +112 -788 cos\u03b8 =0\n\nFactor cos\u03b8:\n\ncos\u03b8 (a\u00b2 -788 ) +112 =0 --> Equation (4)\n\nSimilarly, now let me add Equations (2b) and (3b):\n\nEquation (2b) + Equation (3b):\n\n(a\u00b2/2)(1 + cos\u03b8 +1 - cos\u03b8 ) + (238 +126 ) + (-24 a sin\u03b8 -24 a sin\u03b8 ) + (-338 cos\u03b8 +450 cos\u03b8 ) =0+0\n\nCompute each term:\n\nFirst term: (a\u00b2/2)(2) =a\u00b2\n\nSecond term: 238 +126 =364\n\nThird term: -48 a sin\u03b8\n\nFourth term: 112 cos\u03b8\n\nThus,\n\na\u00b2 +364 -48 a sin\u03b8 +112 cos\u03b8 =0 --> Equation (5)\n\nNow, we have two equations (4) and (5):\n\nEquation (4): cos\u03b8 (a\u00b2 -788 ) +112 =0 --> cos\u03b8 = -112/(a\u00b2 -788 )\n\nEquation (5): a\u00b2 +364 -48 a sin\u03b8 +112 cos\u03b8 =0\n\nLet me substitute cos\u03b8 from (4) into (5):\n\nFirst, cos\u03b8 = -112/(a\u00b2 -788 )\n\nThen, Equation (5):\n\na\u00b2 +364 -48 a sin\u03b8 +112*(-112)/(a\u00b2 -788 ) =0\n\nThus,\n\na\u00b2 +364 -48 a sin\u03b8 - (12544)/(a\u00b2 -788 ) =0 --> Equation (5a)\n\nNow, we need to express sin\u03b8 in terms of a. Let me recall that from parametrization:\n\ny = (a/2) sin\u03b8, and from Equation (1): x\u00b2 + y\u00b2 =a x. Also, using parametrization x = (a/2)(1 + cos\u03b8 )\n\nSo, we can relate sin\u03b8 and cos\u03b8 via sin\u00b2\u03b8 +cos\u00b2\u03b8=1.\n\nAlternatively, from Equation (4), cos\u03b8 is expressed in terms of a. Let me denote cos\u03b8 = C = -112/(a\u00b2 -788 )\n\nThen sin\u03b8 = sqrt(1 - C\u00b2 ), but with a sign. Hmm, but the sign of sin\u03b8 depends on \u03b8. Since point X is inside the rectangle, y is between 0 and24, so sin\u03b8 = 2y/a must be between 0 and 24*2/a. Since a is positive, sin\u03b8 is between 0 and 48/a. Hmm, but also depending on the quadrant. Since X is inside the rectangle, coordinates x between 0 and a, y between0 and24, so \u03b8 is between 0 and \u03c0 (since x is from a/2*(1 +cos\u03b8 ), so cos\u03b8 must be between -1 and1, but x has to be between0 and a, so 1 +cos\u03b8 between0 and2, so cos\u03b8 between -1 and1, which is okay. The angle \u03b8 is between0 and \u03c0 because y is positive (since inside rectangle above the base AB). So sin\u03b8 is non-negative. Thus, sin\u03b8 = sqrt(1 - C\u00b2 )\n\nTherefore, sin\u03b8 = sqrt(1 - [ -112/(a\u00b2 -788 ) ]\u00b2 )\n\nHmm, this might complicate, but let me proceed.\n\nLet me denote C = -112/(a\u00b2 -788 )\n\nThus, sin\u03b8 = sqrt( 1 - C\u00b2 ) = sqrt(1 - (12544)/(a\u00b2 -788 )\u00b2 )\n\nPlug into Equation (5a):\n\na\u00b2 +364 -48 a * sqrt(1 - C\u00b2 ) -12544/(a\u00b2 -788 ) =0\n\nBut this seems very complicated. Maybe there is a better way.\n\nAlternatively, perhaps we can find a relation between Equations (4) and (5). Let me see.\n\nFrom Equation (4):\n\ncos\u03b8 = -112 / (a\u00b2 -788 )\n\nLet me plug this into Equation (5):\n\na\u00b2 +364 -48 a sin\u03b8 +112*(-112)/(a\u00b2 -788 ) =0\n\nSo,\n\na\u00b2 +364 -48 a sin\u03b8 - (12544)/(a\u00b2 -788 ) =0 --> Equation (5a)\n\nLet me isolate the sin\u03b8 term:\n\n-48 a sin\u03b8 = -a\u00b2 -364 + 12544/(a\u00b2 -788 )\n\nMultiply both sides by (-1)/(48a):\n\nsin\u03b8 = [a\u00b2 +364 - 12544/(a\u00b2 -788 ) ] / (48a )\n\nNow, since sin\u03b8 must also satisfy sin\u00b2\u03b8 + cos\u00b2\u03b8 =1, so:\n\nsin\u00b2\u03b8 + cos\u00b2\u03b8 = [ (a\u00b2 +364 -12544/(a\u00b2 -788 ))^2 / (48a)^2 ] + [ (-112/(a\u00b2 -788 ))^2 ] =1\n\nThis equation would allow us to solve for a, but it's extremely complicated. Perhaps instead of this path, let me think of another approach.\n\nAlternatively, recall that in Equation (1): x\u00b2 + y\u00b2 =a x. Let me consider that x and y are coordinates of point X on the circle with diameter AB, so coordinates (x,y) must satisfy that equation. Also, the other two triangles have circumradii given.\n\nAlternatively, perhaps consider that in triangle AXD, the circumradius is 13, which is given by R = (AX * XD * AD)/(4\u0394). Earlier, we had for AXD:\n\nR1 =13 = [AX * XD *24 ]/(4*12x )\n\nSo, 13 = (AX * XD *24)/(48x ) \u2192 AX * XD = (13 *48x)/24 =26x\n\nSimilarly, for triangle BXC, R2=15:\n\n15 = [BX * XC *24 ]/(4*12(a -x) ) \u2192 BX * XC = (15 *48(a -x))/24 =30(a -x )\n\nThus:\n\nAX * XD =26x --> Equation (2c)\n\nBX * XC =30(a -x ) --> Equation (3c)\n\nThese are simpler equations.\n\nLet me write AX = sqrt(x\u00b2 + y\u00b2 ), XD = sqrt(x\u00b2 + (24 - y)^2 )\n\nThus,\n\nsqrt(x\u00b2 + y\u00b2 ) * sqrt(x\u00b2 + (24 - y)^2 ) =26x --> Equation (2d)\n\nSimilarly,\n\nBX = sqrt( (x -a)^2 + y\u00b2 )\n\nXC = sqrt( (a -x)^2 + (24 - y)^2 )\n\nThus,\n\nsqrt( (x -a)^2 + y\u00b2 ) * sqrt( (a -x)^2 + (24 - y)^2 ) =30(a -x ) --> Equation (3d)\n\nNow, these equations may be easier to handle.\n\nLet me square both equations to remove the square roots.\n\nFor Equation (2d):\n\n[ x\u00b2 + y\u00b2 ][ x\u00b2 + (24 - y)^2 ] = (26x)^2 =676x\u00b2\n\nSimilarly, Equation (3d):\n\n[ (x -a)^2 + y\u00b2 ][ (a -x)^2 + (24 - y)^2 ] = [30(a -x )]^2 =900(a -x)^2\n\nNow, note that these equations are similar to the ones we had before, but perhaps working with them directly is better.\n\nLet me first work with Equation (2d):\n\nLeft side:\n\n(x\u00b2 + y\u00b2)(x\u00b2 + (24 - y)^2 ) =676x\u00b2\n\nExpand the left side:\n\nLet me denote A =x\u00b2 + y\u00b2, B =x\u00b2 + (24 - y)^2. So, AB =676x\u00b2.\n\nBut A =x\u00b2 + y\u00b2, B =x\u00b2 + (24 - y)^2 =x\u00b2 +576 -48y + y\u00b2 = (x\u00b2 + y\u00b2) +576 -48y = A +576 -48y\n\nThus,\n\nAB =A*(A +576 -48y )=676x\u00b2\n\nBut from Equation (1): A =x\u00b2 + y\u00b2 =a x. So A =a x.\n\nThus,\n\nAB =a x (a x +576 -48y ) =676x\u00b2\n\nWhich is the same as Equation (2a):\n\na x (a x +576 -48y )=676x\u00b2 \u2192 which simplifies to a(a x +576 -48y ) =676x (divided by x). So this is consistent with previous steps.\n\nSimilarly, for Equation (3d):\n\nLeft side:\n\n[ (x -a)^2 + y\u00b2 ][ (a -x)^2 + (24 - y)^2 ] =900(a -x )\u00b2\n\nLet me denote C = (x -a)^2 + y\u00b2 = (a -x)^2 + y\u00b2,\n\nD = (a -x)^2 + (24 - y)^2,\n\nThus CD = C D =900(a -x )\u00b2\n\nBut C = (a -x)^2 + y\u00b2,\n\nD = (a -x)^2 + (24 - y)^2 = C + 576 -48y\n\nThus,\n\nC*(C +576 -48y ) =900 (a -x )\u00b2\n\nBut C = (a -x)^2 + y\u00b2 = (a -x)^2 + (a x -x\u00b2 ) from Equation (1): y\u00b2 =a x -x\u00b2.\n\nWait, since y\u00b2 =a x -x\u00b2, so:\n\nC = (a -x)^2 + (a x -x\u00b2 )\n\nExpand (a -x)^2 =a\u00b2 -2a x +x\u00b2,\n\nThus,\n\nC =a\u00b2 -2a x +x\u00b2 +a x -x\u00b2 =a\u00b2 -a x\n\nTherefore, C =a\u00b2 -a x\n\nSimilarly, D =C +576 -48y,\n\nSo D =a\u00b2 -a x +576 -48y\n\nTherefore,\n\nCD = (a\u00b2 -a x)(a\u00b2 -a x +576 -48y ) =900 (a -x )\u00b2\n\nLet me write this equation:\n\n(a\u00b2 -a x)(a\u00b2 -a x +576 -48y ) =900 (a -x )\u00b2\n\nLet me note that (a -x )\u00b2 = (a -x )^2, so let me denote u =a -x. Then,\n\nLeft side:\n\n(a\u00b2 -a x) =a(a -x)=a u\n\nThe second term (a\u00b2 -a x +576 -48y )= a u +576 -48y\n\nThus,\n\nLeft side: a u (a u +576 -48y )\n\nRight side:900 u\u00b2\n\nThus,\n\na u (a u +576 -48y ) =900 u\u00b2\n\nAssuming u \u22600 (since a >x because X is inside the rectangle), divide both sides by u:\n\na (a u +576 -48y ) =900 u\n\nExpand left side:\n\na\u00b2 u +576a -48a y =900 u\n\nBring all terms to left:\n\na\u00b2 u +576a -48a y -900 u =0\n\nFactor terms with u:\n\nu(a\u00b2 -900 ) +576a -48a y =0 --> Equation (3e)\n\nNow, from Equation (1): y\u00b2 =a x -x\u00b2,\n\nAlso, u =a -x, so x =a -u,\n\nTherefore, y\u00b2 =a(a -u ) - (a -u )\u00b2 =a\u00b2 -a u - (a\u00b2 -2a u +u\u00b2 ) =a\u00b2 -a u -a\u00b2 +2a u -u\u00b2 =a u -u\u00b2,\n\nThus, y\u00b2 =u(a -u )\n\nAdditionally, from Equation (4) earlier, or perhaps we can use this to express y in terms of a and u.\n\nLet me see.\n\nFrom y\u00b2 =u(a -u ), so y = sqrt( u(a -u ) )\n\nBut this might not help directly. Let me see if I can express y from Equation (3e):\n\nFrom Equation (3e):\n\nu(a\u00b2 -900 ) +576a -48a y =0\n\nSolve for y:\n\n-48a y = -u(a\u00b2 -900 ) -576a\n\ny = [u(a\u00b2 -900 ) +576a ]/(48a )\n\nHmm, this expression for y can be substituted into y\u00b2 =u(a -u )\n\nLet me do that.\n\nLet me write:\n\ny = [u(a\u00b2 -900 ) +576a ]/(48a )\n\nThen,\n\ny\u00b2 = [u(a\u00b2 -900 ) +576a ]\u00b2 / (48a )\u00b2 =u(a -u )\n\nMultiply both sides by (48a )\u00b2:\n\n[ u(a\u00b2 -900 ) +576a ]\u00b2 = u(a -u )(48a )\u00b2\n\nThis seems very involved, but maybe substituting u =a -x will not help. Alternatively, let me see if we can find a relation between Equations (2a) and (3e).\n\nRecall from Equation (2a):\n\na\u00b2 x -676x +576 a -48a y =0 --> Equation (2a)\n\nLet me write Equation (2a):\n\nx(a\u00b2 -676) +576a -48a y =0\n\nLet me solve for y:\n\n-48a y = -x(a\u00b2 -676 ) -576a\n\ny = [x(a\u00b2 -676 ) +576a ]/(48a )\n\nSimilarly, from Equation (3e):\n\ny = [u(a\u00b2 -900 ) +576a ]/(48a )\n\nBut u =a -x,\n\nThus,\n\ny = [ (a -x)(a\u00b2 -900 ) +576a ]/(48a )\n\nTherefore, the two expressions for y must be equal:\n\n[x(a\u00b2 -676 ) +576a ]/(48a ) = [ (a -x)(a\u00b2 -900 ) +576a ]/(48a )\n\nMultiply both sides by 48a :\n\nx(a\u00b2 -676 ) +576a = (a -x)(a\u00b2 -900 ) +576a\n\nSubtract 576a from both sides:\n\nx(a\u00b2 -676 ) = (a -x)(a\u00b2 -900 )\n\nExpand right side:\n\na(a\u00b2 -900 ) -x(a\u00b2 -900 )\n\nThus,\n\nx(a\u00b2 -676 ) =a\u00b3 -900a -x(a\u00b2 -900 )\n\nBring all terms to left:\n\nx(a\u00b2 -676 ) +x(a\u00b2 -900 ) -a\u00b3 +900a=0\n\nFactor x:\n\nx[ (a\u00b2 -676 ) + (a\u00b2 -900 ) ] -a\u00b3 +900a=0\n\nSimplify inside the brackets:\n\n2a\u00b2 -1576\n\nThus,\n\nx(2a\u00b2 -1576 ) -a\u00b3 +900a =0\n\nSolve for x:\n\nx(2a\u00b2 -1576 ) =a\u00b3 -900a\n\nThus,\n\nx = [a\u00b3 -900a ] / [2a\u00b2 -1576 ]\n\nSimplify numerator and denominator:\n\nFactor numerator: a(a\u00b2 -900 )\n\nDenominator: 2(a\u00b2 -788 )\n\nThus,\n\nx = [a(a\u00b2 -900 ) ] / [2(a\u00b2 -788 ) ]\n\nSo we have x expressed in terms of a.\n\nNow, we can substitute this x into Equation (1): x\u00b2 + y\u00b2 =a x.\n\nBut first, let me also express y from one of the previous equations. For example, from Equation (2a):\n\ny = [x(a\u00b2 -676 ) +576a ]/(48a )\n\nSubstituting x:\n\ny = [ ( [a(a\u00b2 -900 ) ] / [2(a\u00b2 -788 ) ] )*(a\u00b2 -676 ) +576a ] / (48a )\n\nThis is going to be messy, but let's proceed step by step.\n\nLet me compute the numerator of y:\n\nFirst term: [a(a\u00b2 -900 ) / (2(a\u00b2 -788 )) ] * (a\u00b2 -676 )\n\nSecond term: +576a\n\nThus,\n\nNumerator = [a(a\u00b2 -900)(a\u00b2 -676) / (2(a\u00b2 -788 )) ] +576a\n\nFactor out a:\n\n= a [ ( (a\u00b2 -900)(a\u00b2 -676) ) / (2(a\u00b2 -788 )) +576 ]\n\nThus,\n\ny = [ a [ ( (a\u00b2 -900)(a\u00b2 -676) ) / (2(a\u00b2 -788 )) +576 ] ] / (48a )\n\nCancel a:\n\ny = [ ( (a\u00b2 -900)(a\u00b2 -676) ) / (2(a\u00b2 -788 )) +576 ] /48\n\n= [ (a\u00b2 -900)(a\u00b2 -676) +576 *2(a\u00b2 -788 ) ] / [ 2(a\u00b2 -788 )*48 ]\n\nSimplify denominator: 2*48(a\u00b2 -788 ) =96(a\u00b2 -788 )\n\nNumerator:\n\n(a\u00b2 -900)(a\u00b2 -676) +1152(a\u00b2 -788 )\n\nExpand (a\u00b2 -900)(a\u00b2 -676):\n\n= a^4 -676a\u00b2 -900a\u00b2 +900*676\n\n= a^4 -1576a\u00b2 +608,400\n\nAdd 1152(a\u00b2 -788 ):\n\n= a^4 -1576a\u00b2 +608400 +1152a\u00b2 -1152*788\n\nCombine like terms:\n\na^4 + (-1576 +1152)a\u00b2 +608400 -1152*788\n\nCalculate coefficients:\n\n-1576 +1152 =-424\n\n1152*788: Let me compute that:\n\nFirst compute 1000*788=788,000,\n\n152*788: 150*788=118,200; 2*788=1,576 \u2192 total 118,200+1,576=119,776\n\nThus total 788,000 +119,776 =907,776\n\nTherefore,\n\nNumerator becomes:\n\na^4 -424a\u00b2 +608,400 -907,776\n\n= a^4 -424a\u00b2 -299,376\n\nThus,\n\ny = [a^4 -424a\u00b2 -299,376 ] / [96(a\u00b2 -788 ) ]\n\nHmm, okay.\n\nNow, substituting x and y into Equation (1): x\u00b2 + y\u00b2 =a x.\n\nLet me compute x\u00b2 + y\u00b2:\n\nFirst, x = [a(a\u00b2 -900 ) ] / [2(a\u00b2 -788 ) ]\n\nSo x\u00b2 = [a\u00b2(a\u00b2 -900 )\u00b2 ] / [4(a\u00b2 -788 )\u00b2 ]\n\ny\u00b2 = [ (a^4 -424a\u00b2 -299,376 )\u00b2 ] / [96\u00b2(a\u00b2 -788 )\u00b2 ]\n\nWait, but that's the square of the previous expression for y. Wait, actually:\n\nWait no, I had y expressed as [ numerator ] / denominator, so y squared would be (numerator)^2 / denominator squared.\n\nBut this seems extremely complicated. Perhaps there is a better approach.\n\nAlternatively, since we have x expressed in terms of a, let me substitute x into Equation (1): x\u00b2 + y\u00b2 =a x.\n\nBut to do that, we also need y in terms of a.\n\nAlternatively, perhaps instead of going this route, let me use the expression for x in terms of a, and then plug into Equation (2d):\n\nThe equation (2d) is:\n\n(x\u00b2 + y\u00b2)(x\u00b2 + (24 - y)^2 ) =676x\u00b2\n\nBut since x\u00b2 + y\u00b2 =a x from Equation (1), so the first term is a x.\n\nThe second term x\u00b2 + (24 - y)^2 = a x +576 -48 y (from previous steps)\n\nThus,\n\n(a x)(a x +576 -48y ) =676x\u00b2\n\nWhich is exactly the Equation (2a) we had earlier, so this doesn't provide new information.\n\nAlternatively, maybe use the expression for x in terms of a and plug into the equation derived from the parametrization?\n\nAlternatively, let me see if we can find a value for a by trial.\n\nLet me hypothesize that a is an integer, given the radii 13 and 15 are integers, and BC=24. Maybe the sides are related to Pythagorean triples.\n\nNotice that 13 and 15 are parts of Pythagorean triples: 5-12-13 and 9-12-15 (though 15 isn't a hypotenuse of 9-12-15, but 9\u00b2+12\u00b2=81+144=225=15\u00b2. So 9-12-15 is a triple.\n\nAlternatively, perhaps the sides of the triangles AXD and BXC relate to these triples.\n\nAlternatively, let me note that in triangle AXD, the circumradius is 13. The formula for circumradius R = (a b c)/ (4\u0394). For triangle AXD with sides 24, AX, XD.\n\nSuppose that the sides are multiples of a Pythagorean triple. Alternatively, perhaps AXD is a right triangle? But if it were right, then the circumradius would be half the hypotenuse. But it's given that the triangle is acute, so all angles <90\u00b0, so it can't be right. Similarly for BXC.\n\nAlternatively, perhaps the sides of AXD are such that their product over area gives 13.\n\nAlternatively, maybe consider that in triangle AXD, the sides are such that AX and XD form some relationship. Since AX and XD are connected through the coordinates.\n\nAlternatively, let me try plugging in a value for a and see if equations hold. Let me think of a such that a\u00b2 -788 divides into the equations nicely. From Equation (4):\n\ncos\u03b8 = -112/(a\u00b2 -788 )\n\nSince cos\u03b8 must be between -1 and1:\n\n-1 \u2264 -112/(a\u00b2 -788 ) \u22641\n\nLet me consider the inequality:\n\n-112/(a\u00b2 -788 ) \u22641\n\nMultiply both sides by (a\u00b2 -788 ). But need to be cautious with the sign.\n\nCase1: a\u00b2 -788 >0 \u2192 then:\n\n-112 \u2264 (a\u00b2 -788 ) \u2192 always true since a\u00b2 -788 >0 and -112 \u2264 positive number.\n\nAlso,\n\n-112/(a\u00b2 -788 ) \u2265-1\n\nMultiply both sides by positive (a\u00b2 -788 ), preserving inequality:\n\n-112 \u2265 - (a\u00b2 -788 )\n\n\u2192 -112 +a\u00b2 -788 \u22650\n\n\u2192 a\u00b2 \u2265 900\n\nThus, a\u00b2 \u2265900 \u2192 a \u226530.\n\nAlternatively, if a\u00b2 -788 <0,\n\nthen cos\u03b8 = -112/(negative) = positive.\n\nBut also,\n\n-1 \u2264 -112/(a\u00b2 -788 )\n\nSince denominator is negative, multiply both sides by it (reverse inequality):\n\n- (a\u00b2 -788 ) \u2264 -112 \u2192 a\u00b2 -788 \u2265112 \u2192 a\u00b2 \u2265900 \u2192 contradicts a\u00b2 -788 <0.\n\nThus, only case possible is a\u00b2 -788 >0 and a\u00b2 \u2265900. So a \u226530.\n\nThus a is at least 30.\n\nSince BC=24, the rectangle's height is 24, so the width AB is a, which must be greater than 30? Well, not necessarily, but according to this, a must be at least 30.\n\nHmm, maybe a=25? No, that's less than30. a= 25 won't work. Maybe a= 25 is too small.\n\nWait, but maybe a is 25, but then a\u00b2=625 <900. So no.\n\nLet me try a=25, but that gives a\u00b2-788=625-788= -163, which would put us in the other case, but that's invalid as per above. So a must be at least30.\n\nLet me try a=25, but it's invalid. Let me try a=30. Let me see.\n\nTry a=30.\n\nThen a\u00b2=900. Thus, a\u00b2 -788=112. So cos\u03b8 = -112/112= -1.\n\nThus cos\u03b8= -1 \u2192 \u03b8= \u03c0. But then sin\u03b8=0. Then y=(a/2) sin\u03b8=0. So point X would be at y=0. But then point X would be on AB, but inside the rectangle. But angle AXB is 90\u00b0, which would require X to be on the circle with diameter AB, which at y=0 would be points A or B, but inside the rectangle, but at y=0, it's on the edge. Since X is inside, maybe it's okay? But triangles AXD and BXC would have points at y=0. Let me see:\n\nIf a=30, then x is computed from equation:\n\nx = [a(a\u00b2 -900 ) ] / [2(a\u00b2 -788 ) ]\n\nPlug a=30:\n\nNumerator:30*(900 -900)=0. Thus x=0. So X is at (0,0), which is point A. But it's supposed to be inside the rectangle, so that's invalid. Thus a=30 is invalid.\n\nNext, a= 26?\n\nWait, a must be \u226530. Let's try a=34, for example.\n\nWait, let me think of a such that a\u00b2 -788 divides into the numerator terms nicely.\n\nAlternatively, maybe a= 25, but that's too small.\n\nAlternatively, let me see if a= 25 or something else gives a nice value.\n\nAlternatively, let me try a= 25:\n\nWait, a=25:\n\nThen a\u00b2=625,\n\na\u00b2 -788= -163,\n\nso cos\u03b8 = -112 / (-163)= 112/163 \u22480.687, which is valid.\n\nThen, sin\u03b8= sqrt(1 - (112/163)^2 )\n\nCompute sin\u03b8:\n\n112\u00b2=12544,\n\n163\u00b2=26569,\n\nThus 1 - (12544/26569)= (26569-12544)/26569=14025/26569,\n\nsin\u03b8= sqrt(14025/26569)=sqrt(14025)/163,\n\nsqrt(14025)=sqrt(25*561)=5*sqrt(561). Not sure, but not a whole number.\n\nThis might not lead to integer solutions.\n\nAlternatively, let me try a= 25 +?\n\nAlternatively, perhaps think of a such that a\u00b2 -788 divides 112, so that cos\u03b8 is a rational number.\n\nSuppose a\u00b2 -788 divides 112. Let me set a\u00b2 -788 =k, so k divides 112, and k>0 (since a\u00b2\u2265900, so a\u00b2-788\u2265112).\n\nThus possible k are divisors of 112 that are \u2265112. The divisors of 112 are 1,2,4,7,8,14,16,28,56,112.\n\nThus only possible k is 112.\n\nThus, a\u00b2 -788=112 \u2192 a\u00b2=900 \u2192 a=30. Which we saw is invalid.\n\nAlternatively, maybe k divides -112, but since k must be positive (a\u00b2-788>0), so only positive divisors.\n\nThus the only possible a is 30, which is invalid. Thus perhaps this approach is not fruitful.\n\nAlternatively, let me consider Equations (2a) and (3e):\n\nEquation (2a):\n\nx(a\u00b2 -676 ) +576a -48a y =0\n\nEquation (3e):\n\nu(a\u00b2 -900 ) +576a -48a y =0, where u=a -x.\n\nLet me denote Equation (2a) as:\n\nTerm1 + Term2 -Term3=0,\n\nEquation (3e):\n\nTerm4 + Term2 -Term3=0.\n\nThus, subtract the two equations:\n\nTerm1 - Term4 =0,\n\ni.e., x(a\u00b2 -676 ) -u(a\u00b2 -900 )=0\n\nBut u =a -x,\n\nThus,\n\nx(a\u00b2 -676 ) - (a -x)(a\u00b2 -900 )=0\n\nExpand the second term:\n\n- a(a\u00b2 -900 ) +x(a\u00b2 -900 )\n\nThus,\n\nx(a\u00b2 -676 ) -a(a\u00b2 -900 ) +x(a\u00b2 -900 ) =0\n\nCombine like terms:\n\nx[ (a\u00b2 -676 ) + (a\u00b2 -900 ) ] -a(a\u00b2 -900 )=0\n\nWhich is:\n\nx(2a\u00b2 -1576 ) -a\u00b3 +900a =0\n\nWhich is exactly the equation we had before leading to x= [a\u00b3 -900a ] / [2a\u00b2 -1576 ]\n\nThus, this doesn't give new info.\n\nPerhaps we need to use the expression for x in terms of a and substitute into another equation.\n\nRecall that from Equation (1): y\u00b2 =a x -x\u00b2.\n\nThus, y\u00b2 =x(a -x )\n\nWe also have from Equation (2c):\n\nAX * XD =26x\n\nAX =sqrt(x\u00b2 + y\u00b2 )=sqrt(a x )\n\nXD =sqrt(x\u00b2 + (24 - y)^2 )\n\nThus, sqrt(a x ) * sqrt(x\u00b2 + (24 - y)^2 ) =26x\n\nSquaring both sides:\n\na x (x\u00b2 + (24 - y)^2 ) =676x\u00b2\n\nDivide both sides by x (assuming x\u22600):\n\na(x\u00b2 + (24 - y)^2 ) =676x\n\nBut x\u00b2 + (24 - y)^2 =x\u00b2 + y\u00b2 -48y +576 = (a x ) -48y +576 (since x\u00b2 + y\u00b2 =a x )\n\nThus,\n\na( a x -48y +576 ) =676x\n\nExpand:\n\na\u00b2 x -48a y +576a =676x\n\nRearrange:\n\na\u00b2 x -676x -48a y +576a =0 \u2192 which is exactly Equation (2a). So again, no new info.\n\nThis is going in circles.\n\nPerhaps I need to consider that from Equation (4):\n\ncos\u03b8 = -112/(a\u00b2 -788 )\n\nFrom parametrization:\n\ncos\u03b8 = [ (x/a ) -1 ] / something? Wait, cos\u03b8 is part of the parametrization:\n\nx = (a/2)(1 +cos\u03b8 )\n\nThus,\n\ncos\u03b8 = 2x/a -1.\n\nSo,\n\ncos\u03b8 =2x/a -1 = -112/(a\u00b2 -788 )\n\nThus,\n\n2x/a -1= -112/(a\u00b2 -788 )\n\nMultiply both sides by a\u00b2 -788:\n\n(2x/a -1)(a\u00b2 -788 ) = -112\n\nExpand:\n\n2x/a *a\u00b2 -2x/a *788 -a\u00b2 +788 = -112\n\nSimplify:\n\n2x a - (2*788 x)/a -a\u00b2 +788 =-112\n\nBring all terms to left:\n\n2x a - (1576x)/a -a\u00b2 +788 +112=0\n\nSimplify constants:788 +112=900,\n\nThus,\n\n2x a - (1576x)/a -a\u00b2 +900=0\n\nMultiply all terms by a to eliminate denominator:\n\n2x a\u00b2 -1576x -a^3 +900a=0\n\nFactor x terms:\n\nx(2a\u00b2 -1576 ) -a^3 +900a=0 \u2192 which is the same as before, leading to x= [a\u00b3 -900a]/[2a\u00b2 -1576 ]\n\nTherefore, again, no progress.\n\nPerhaps plugging x into y\u00b2 =x(a -x )\n\nLet me compute y\u00b2 =x(a -x )\n\nWith x= [a(a\u00b2 -900 )]/[2(a\u00b2 -788 ) ]\n\nThus,\n\ny\u00b2 = [a(a\u00b2 -900 ) / (2(a\u00b2 -788 )) ] * [a - a(a\u00b2 -900 )/(2(a\u00b2 -788 )) ]\n\nThis expression is quite complex, but let's compute step by step.\n\nFirst, compute a -x:\n\na -x = a - [a(a\u00b2 -900 ) / (2(a\u00b2 -788 )) ]\n\n= [2a(a\u00b2 -788 ) -a(a\u00b2 -900 ) ] / [2(a\u00b2 -788 ) ]\n\nFactor a in numerator:\n\n= a[ 2(a\u00b2 -788 ) - (a\u00b2 -900 ) ] / [2(a\u00b2 -788 ) ]\n\nCompute inside:\n\n2a\u00b2 -1576 -a\u00b2 +900 =a\u00b2 -676\n\nThus,\n\na -x = a(a\u00b2 -676 ) / [ 2(a\u00b2 -788 ) ]\n\nThus,\n\ny\u00b2 =x(a -x )= [a(a\u00b2 -900 ) / (2(a\u00b2 -788 )) ] * [a(a\u00b2 -676 ) / ( 2(a\u00b2 -788 ) ) ]\n\n= [a\u00b2(a\u00b2 -900)(a\u00b2 -676 ) ] / [4(a\u00b2 -788 )\u00b2 ]\n\nTherefore, y= [a sqrt( (a\u00b2 -900)(a\u00b2 -676 ) ) ] / [ 2(a\u00b2 -788 ) ]\n\nNow, we can use the expression for y from Equation (2a):\n\nFrom Equation (2a):\n\ny = [x(a\u00b2 -676 ) +576a ]/(48a )\n\nSubstituting x= [a(a\u00b2 -900 ) ]/[2(a\u00b2 -788 ) ]\n\nThus,\n\nNumerator:\n\n[ a(a\u00b2 -900 ) / (2(a\u00b2 -788 )) ]*(a\u00b2 -676 ) +576a\n\n= [ a(a\u00b2 -900 )(a\u00b2 -676 ) / (2(a\u00b2 -788 )) ] +576a\n\nFactor a:\n\na [ ( (a\u00b2 -900 )(a\u00b2 -676 ) )/(2(a\u00b2 -788 )) +576 ]\n\nThus,\n\ny= [ a(...) ] / (48a ) = [ ( (a\u00b2 -900 )(a\u00b2 -676 ) )/(2(a\u00b2 -788 )) +576 ] /48\n\nMultiply numerator and denominator by 2(a\u00b2 -788 ) to eliminate denominators:\n\n= [ (a\u00b2 -900 )(a\u00b2 -676 ) + 576*2(a\u00b2 -788 ) ] / [48*2(a\u00b2 -788 ) ]\n\nThis is the same as earlier expression for y.\n\nThus, equate this expression to the y\u00b2 expression:\n\nWait, actually, we have two expressions for y\u00b2. One from y\u00b2 =x(a -x ), and another from squaring the expression of y from Equation (2a). But this seems too involved.\n\nAlternatively, perhaps equate the two expressions for y\u00b2.\n\nFrom parametrization, y = (a/2) sin\u03b8, so y\u00b2 = (a\u00b2/4) sin\u00b2\u03b8.\n\nAlternatively, using the expressions above, but this might not help.\n\nAlternatively, think of the problem in terms of coordinate variables. Let me try to set variables as follows.\n\nLet me denote AB =a, so the rectangle has vertices at (0,0), (a,0), (a,24), (0,24).\n\nPoint X is (x,y), inside the rectangle, with x\u00b2 + y\u00b2 =a x (from angle AXB=90\u00b0).\n\nTriangles AXD and BXC have circumradii 13 and15.\n\nWe have:\n\nFor triangle AXD:\n\nCircumradius R1 =13 = (AX * XD * AD)/(4\u0394 AXD )\n\nWhere AX =\u221a(x\u00b2 + y\u00b2 ), XD=\u221a(x\u00b2 + (24 - y)^2 ), AD=24,\n\n\u0394 AXD =12x (as computed before).\n\nThus,\n\n13 = [\u221a(x\u00b2 + y\u00b2 ) * \u221a(x\u00b2 + (24 - y)^2 ) *24 ]/(4*12x )\n\nSimplify: denominator 48x,\n\nNumerator:24*\u221a(x\u00b2 + y\u00b2 ) *\u221a(x\u00b2 + (24 - y)^2 )\n\nSo,\n\n\u221a(x\u00b2 + y\u00b2 ) *\u221a(x\u00b2 + (24 - y)^2 ) = (13*48x)/24 =26x\n\nSquare both sides:\n\n(x\u00b2 + y\u00b2)(x\u00b2 + (24 - y)^2 ) = (26x )\u00b2 =676x\u00b2\n\nSimilarly for triangle BXC:\n\nCircumradius R2=15,\n\nR2=15= [BX * XC * BC ]/(4\u0394 BXC )\n\nBX=\u221a( (x\u2212a)^2 + y\u00b2 ),\n\nXC=\u221a( (a\u2212x)^2 + (24\u2212y)^2 ),\n\nBC=24,\n\n\u0394 BXC=12(a\u2212x )\n\nThus,\n\n15 = [\u221a( (x\u2212a)^2 + y\u00b2 ) * \u221a( (a\u2212x)^2 + (24\u2212y)^2 ) *24 ]/(4*12(a\u2212x) )\n\nSimplify denominator:48(a\u2212x),\n\nNumerator:24 * ...,\n\nThus,\n\n\u221a( (x\u2212a)^2 + y\u00b2 ) * \u221a( (a\u2212x)^2 + (24\u2212y)^2 ) = (15 *48(a\u2212x))/24 =30(a\u2212x )\n\nSquare both sides:\n\n[ (x\u2212a)^2 + y\u00b2 ][ (a\u2212x)^2 + (24\u2212y)^2 ] =900(a\u2212x)^2\n\nSo, we have two equations:\n\n1. (x\u00b2 + y\u00b2)(x\u00b2 + (24 - y)^2 ) =676x\u00b2 --> Equation (A)\n\n2. [ (x\u2212a)^2 + y\u00b2 ][ (a\u2212x)^2 + (24\u2212y)^2 ] =900(a\u2212x)^2 --> Equation (B)\n\nAnd Equation (1): x\u00b2 + y\u00b2 =a x.\n\nLet me try to find a relationship between Equations (A) and (B).\n\nLet me denote in Equation (A):\n\nLet me write x\u00b2 + y\u00b2 =a x,\n\nThus, first term in left side is a x,\n\nThe second term is x\u00b2 + (24 - y)^2 =x\u00b2 + y\u00b2 -48y +576 =a x -48y +576.\n\nThus Equation (A) becomes:\n\na x (a x -48y +576 ) =676x\u00b2\n\nDivide both sides by x (assuming x\u22600):\n\na (a x -48y +576 ) =676x --> Equation (A1)\n\nSimilarly, in Equation (B):\n\nLet me denote (a -x ) as u,\n\nThen Equation (B) becomes:\n\n[ u\u00b2 + y\u00b2 ][ u\u00b2 + (24 - y)^2 ] =900u\u00b2 --> Equation (B1)\n\nLet me also note that in Equation (A1):\n\na(a x -48y ) +576a =676x,\n\nRearranged:\n\na\u00b2 x -48a y +576a =676x,\n\nThus,\n\n(a\u00b2 -676)x -48a y +576a=0 --> Equation (A2)\n\nLet me see if I can solve Equation (A2) for y:\n\n-48a y = - (a\u00b2 -676)x -576a\n\nThus,\n\ny = [ (a\u00b2 -676)x +576a ]/(48a )\n\nNow, let me substitute this y into Equation (B1).\n\nFirst, let me write Equation (B1):\n\n[ u\u00b2 + y\u00b2 ][ u\u00b2 + (24 - y )\u00b2 ] =900u\u00b2,\n\nwhere u =a\u2212x.\n\nLet me compute each term:\n\nFirst term: u\u00b2 + y\u00b2,\n\nSecond term:u\u00b2 + (24 - y )\u00b2,\n\nWe can write:\n\nLet me compute y\u00b2 = [ (a\u00b2 -676 )x +576a ]\u00b2/(48a )\u00b2\n\nBut this is getting too complex. Alternatively, perhaps substitute y from Equation (A2) into Equation (B1):\n\nLet me denote:\n\ny = [ (a\u00b2 -676)x +576a ]/(48a )\n\nLet me also note that u =a\u2212x,\n\nThus, substitute into Equation (B1):\n\n[ u\u00b2 + y\u00b2 ][u\u00b2 + (24 - y )\u00b2 ] =900u\u00b2\n\nExpand the second square:\n\n(24 - y )\u00b2 =576 -48y +y\u00b2,\n\nThus,\n\nSecond term: u\u00b2 +576 -48y +y\u00b2 = (u\u00b2 + y\u00b2 ) +576 -48y,\n\nThus, the product becomes:\n\n(u\u00b2 + y\u00b2 )( (u\u00b2 + y\u00b2 ) +576 -48y ) =900u\u00b2\n\nLet me set S =u\u00b2 + y\u00b2,\n\nthen Equation (B1) becomes S(S +576 -48y ) =900u\u00b2\n\nThus,\n\nS\u00b2 + (576 -48y )S -900u\u00b2=0\n\nThis is a quadratic in S.\n\nBut S =u\u00b2 + y\u00b2 = (a -x )\u00b2 + y\u00b2,\n\nBut from Equation (1): x\u00b2 + y\u00b2 =a x \u2192 y\u00b2 =a x -x\u00b2,\n\nThus,\n\nS = (a -x )\u00b2 +a x -x\u00b2 =a\u00b2 -2a x +x\u00b2 +a x -x\u00b2 =a\u00b2 -a x,\n\nThus,\n\nS =a\u00b2 -a x,\n\nTherefore,\n\nSubstitute S =a\u00b2 -a x,\n\nand y from above,\n\ny = [ (a\u00b2 -676)x +576a ]/(48a )\n\nThus,\n\n576 -48y =576 -48*[ (a\u00b2 -676)x +576a ]/(48a )\n\n=576 - [ (a\u00b2 -676)x +576a ]/a\n\n=576 - [ (a\u00b2 -676)x/a +576 ]\n\n= (576 -576 ) - (a\u00b2 -676)x/a\n\n= - (a\u00b2 -676)x/a\n\nThus,\n\nEquation (B1) becomes:\n\nS\u00b2 + [ - (a\u00b2 -676)x/a ]*S -900u\u00b2=0\n\nBut S =a\u00b2 -a x, and u =a -x,\n\nThus,\n\nSubstitute S and u:\n\n(a\u00b2 -a x )\u00b2 + [ - (a\u00b2 -676)x/a ]*(a\u00b2 -a x ) -900(a -x )\u00b2 =0\n\nLet me expand each term:\n\nFirst term:\n\n(a\u00b2 -a x )\u00b2 =a^4 -2a^3x +a\u00b2x\u00b2\n\nSecond term:\n\n- (a\u00b2 -676)x/a*(a\u00b2 -a x ) = - (a\u00b2 -676)x/a *a\u00b2 + (a\u00b2 -676)x/a *a x\n\n= - (a\u00b2 -676)a x + (a\u00b2 -676)x\u00b2\n\nThird term:\n\n-900(a -x )\u00b2 =-900(a\u00b2 -2a x +x\u00b2 )\n\nPutting all together:\n\nFirst + Second + Third:\n\n[ a^4 -2a^3x +a\u00b2x\u00b2 ] + [ - (a\u00b2 -676)a x + (a\u00b2 -676)x\u00b2 ] + [ -900a\u00b2 +1800a x -900x\u00b2 ] =0\n\nExpand each term:\n\nFirst:\n\na^4 -2a^3x +a\u00b2x\u00b2\n\nSecond:\n\n- a^3x +676a x + (a\u00b2 -676)x\u00b2\n\nThird:\n\n-900a\u00b2 +1800a x -900x\u00b2\n\nCombine like terms:\n\na^4:\n\n1 term: a^4\n\na^3x:\n\n-2a^3x -a^3x =-3a^3x\n\na\u00b2x\u00b2:\n\na\u00b2x\u00b2 + (a\u00b2 -676)x\u00b2 =a\u00b2x\u00b2 +a\u00b2x\u00b2 -676x\u00b2 =2a\u00b2x\u00b2 -676x\u00b2\n\na\u00b2 terms:\n\n-900a\u00b2\n\na x terms:\n\n676a x +1800a x = (676+1800)a x =2476a x\n\nx\u00b2 terms:\n\n-900x\u00b2\n\nConstants: none.\n\nThus, overall:\n\na^4 -3a^3x +2a\u00b2x\u00b2 -676x\u00b2 -900a\u00b2 +2476a x -900x\u00b2 =0\n\nCombine like terms:\n\nThe x\u00b2 terms: -676x\u00b2 -900x\u00b2= -1576x\u00b2\n\nThus,\n\na^4 -3a^3x +2a\u00b2x\u00b2 -1576x\u00b2 -900a\u00b2 +2476a x =0\n\nFactor terms where possible:\n\nLet me group terms:\n\nTerms with a^4: a^4\n\nTerms with a^3x: -3a^3x\n\nTerms with a\u00b2x\u00b2:2a\u00b2x\u00b2\n\nTerms with a\u00b2:-900a\u00b2\n\nTerms with a x:2476a x\n\nTerms with x\u00b2:-1576x\u00b2\n\nHmm, this seems very complicated, but let me see if we can substitute x from the expression x = [a\u00b3 -900a ]/[2a\u00b2 -1576 ]\n\nLet me denote x = N/D, where N=a\u00b3 -900a and D=2a\u00b2 -1576.\n\nThus, x = (a(a\u00b2 -900 )) / (2a\u00b2 -1576 )\n\nSubstituting x into the equation:\n\na^4 -3a^3*(N/D) +2a\u00b2*(N/D)^2 -1576*(N/D)^2 -900a\u00b2 +2476a*(N/D ) =0\n\nThis will get extremely messy, but perhaps there is a common denominator of D^2. Multiply the entire equation by D^2 to eliminate denominators:\n\na^4 D^2 -3a^3 N D *D +2a\u00b2 N\u00b2 -1576 N\u00b2 -900a\u00b2 D^2 +2476a N D =0\n\nWait, this is too complex. Perhaps there's a better approach.\n\nAlternatively, let me note that in the expression for x, substituting into Equation (A1):\n\nEquation (A1): a(a x -48y +576 ) =676x\n\nWe can write this as:\n\na(a x +576 ) -48a y=676x\n\nFrom here,\n\n-48a y=676x -a\u00b2 x -576a,\n\nThus,\n\ny=(a\u00b2x +576a -676x )/(48a )\n\nWhich is the same as before.\n\nAlternatively, since we have x expressed in terms of a:\n\nx = [a\u00b3 -900a ]/[2a\u00b2 -1576 ]\n\nLet me plug this into the expression for y:\n\ny = [a\u00b2x -a x +576a -676x ]/(48a )\n\nWait, perhaps this is not helpful.\n\nAlternatively, maybe there's a substitution that can be made.\n\nLet me try to set b =a\u00b2. Let me see if this helps.\n\nLet b =a\u00b2,\n\nThen:\n\nEquation (A2):\n\n(a\u00b2 -676)x -48a y +576a=0 \u2192 (b -676)x -48a y +576a=0\n\nEquation (4):\n\ncos\u03b8 =-112/(b -788 )\n\nEquation for x:\n\nx = [a(b -900 ) ]/[2(b -788 ) ]\n\nBut this might not help much.\n\nAlternatively, let me consider the problem from scratch with different approach.\n\nLet me think of the rectangle ABCD with AB =a, BC=24. Point X inside with angle AXB=90\u00b0, so lying on the circle with diameter AB. The triangles AXD and BXC are acute with circumradii 13 and15. Need to find a.\n\nLet me recall that in any triangle, the circumradius R = (abc)/(4\u0394). For triangle AXD:\n\nSides are AX, XD, AD=24. The area is 12x. So,\n\n13 = (AX * XD *24)/(4*12x ) \u2192 AX * XD = (13*48x)/24 =26x.\n\nSimilarly for BXC, BX*XC=30(a -x )\n\nAlso, AX^2 + BX^2 =AB^2 because angle AXB=90\u00b0, but wait, AX and BX are legs, so AX\u00b2 + BX\u00b2 = AB\u00b2 ?\n\nWait, AX and BX are perpendicular vectors, so the distance from A to B is sqrt( (a)^2 )=a. So by Pythagoras, AX\u00b2 + BX\u00b2 = AB\u00b2 \u2192 AX\u00b2 + BX\u00b2 =a\u00b2.\n\nBut AX\u00b2 =x\u00b2 + y\u00b2,\n\nBX\u00b2=(a -x )\u00b2 + y\u00b2,\n\nThus,\n\n(x\u00b2 + y\u00b2 ) + [ (a -x )\u00b2 + y\u00b2 ] =a\u00b2\n\nExpand:\n\nx\u00b2 + y\u00b2 +a\u00b2 -2a x +x\u00b2 +y\u00b2 =a\u00b2\n\nSimplify:\n\n2x\u00b2 +2y\u00b2 -2a x +a\u00b2 =a\u00b2\n\nThus,\n\n2x\u00b2 +2y\u00b2 -2a x =0 \u2192 x\u00b2 + y\u00b2 =a x,\n\nWhich is Equation (1). So that checks out.\n\nThus, we have:\n\nAX * XD =26x,\n\nBX * XC =30(a -x ),\n\nand AX\u00b2 + BX\u00b2 =a\u00b2,\n\nand XD\u00b2 =x\u00b2 + (24 - y)^2,\n\nXC\u00b2=(a -x )\u00b2 + (24 - y )^2.\n\nPerhaps I can set variables u =AX, v=BX,\n\nThen, from AX\u00b2 + BX\u00b2 =a\u00b2, so u\u00b2 +v\u00b2 =a\u00b2,\n\nAlso, XD= sqrt(x\u00b2 + (24 - y)^2 )= sqrt( (AX)^2 + (24 - y)^2 - ... Hmm, not sure.\n\nAlternatively, since XD is the distance from X to D(0,24), which is sqrt(x\u00b2 + (24 - y)^2 ).\n\nBut AX is sqrt(x\u00b2 + y\u00b2 ). So, XD can be written as sqrt(AX\u00b2 + (24 - 2y)^2 - something? Not sure.\n\nAlternatively, perhaps consider coordinates again, but with different variable substitutions.\n\nLet me let\u2019s try to define variables:\n\nLet me set variables as follows:\n\nLet\u2019s let\u2019s denote AX = m, BX =n,\n\nso m\u00b2 +n\u00b2 =a\u00b2,\n\nand from the problem:\n\nFor triangle AXD:\n\nAX * XD =26x,\n\nand XD= sqrt(x\u00b2 + (24 - y)^2 )= sqrt( (AX)^2 + (24 - y)^2 - 2x*0 ? Not directly helpful.\n\nWait, maybe express XD in terms of m and y:\n\nXD = sqrt(x\u00b2 + (24 - y)^2 )= sqrt( m\u00b2 + (24 - y)^2 -x\u00b2 -y\u00b2 +x\u00b2 +y\u00b2 )? Not sure.\n\nAlternatively, since AX =m, and AX is sqrt(x\u00b2 + y\u00b2 )=m \u2192 x\u00b2 + y\u00b2 =m\u00b2,\n\nThus,\n\nXD =sqrt( m\u00b2 + (24 - y)^2 - 2y*24 + ... Wait:\n\nXD squared is x\u00b2 + (24 - y)^2 =x\u00b2 + y\u00b2 -48y +576 =m\u00b2 -48y +576,\n\nThus,\n\nXD =sqrt(m\u00b2 -48y +576 )\n\nThus,\n\nAX * XD =m*sqrt(m\u00b2 -48y +576 ) =26x,\n\nBut x = sqrt(m\u00b2 - y\u00b2 ) (from AX= sqrt(x\u00b2 + y\u00b2 ), so x = sqrt(m\u00b2 - y\u00b2 )\n\nHmm, this is getting too tangled.\n\nAlternatively, maybe introduce variable y as a parameter and express everything in terms of y.\n\nAlternatively, perhaps consider that in triangle AXD, the circumradius is13.\n\nThe formula for circumradius is R = (AX * XD * AD)/(4*\u0394). We have AD=24, \u0394=12x,\n\nThus,\n\n13 = (m * XD *24)/(48x ) \u2192 m * XD =26x,\n\nBut m =AX= sqrt(x\u00b2 + y\u00b2 ) and XD= sqrt(x\u00b2 + (24 - y)^2 ),\n\nSo,\n\nsqrt(x\u00b2 + y\u00b2 )*sqrt(x\u00b2 + (24 - y)^2 ) =26x,\n\nSquare both sides:\n\n(x\u00b2 + y\u00b2)(x\u00b2 + (24 - y)^2 ) =676x\u00b2,\n\nWhich is Equation (A).\n\nSimilarly for BXC, we have:\n\nsqrt( (a -x )\u00b2 + y\u00b2 )*sqrt( (a -x )\u00b2 + (24 - y )\u00b2 ) =30(a -x ),\n\nSquare:\n\n[ (a -x )\u00b2 + y\u00b2 ][ (a -x )\u00b2 + (24 - y )\u00b2 ] =900(a -x )\u00b2,\n\nWhich is Equation (B).\n\nPerhaps consider the ratio of the two equations.\n\nLet me compute Equation (A)/Equation (B):\n\n[ (x\u00b2 + y\u00b2)(x\u00b2 + (24 - y)^2 ) ] / [ ( (a -x )\u00b2 + y\u00b2 )( (a -x )\u00b2 + (24 - y )\u00b2 ) ] = (676x\u00b2)/(900(a -x )\u00b2 )\n\nLet me denote S1 =x\u00b2 + y\u00b2 =m\u00b2,\n\nS2 =x\u00b2 + (24 - y)^2,\n\nT1 =(a -x )\u00b2 + y\u00b2,\n\nT2 =(a -x )\u00b2 + (24 - y )\u00b2,\n\nThus,\n\n(S1 S2 )/(T1 T2 ) = (676x\u00b2)/(900(a -x )\u00b2 )\n\nBut S1 =m\u00b2,\n\nT1 = (a -x )\u00b2 + y\u00b2 = (a\u00b2 -2a x +x\u00b2 ) + y\u00b2 =a\u00b2 -2a x + S1,\n\nSimilarly,\n\nT2 = (a -x )\u00b2 + (24 - y )\u00b2 = T1 + 576 -48y,\n\nAnd S2 =x\u00b2 + (24 - y )\u00b2 = S1 +576 -48y,\n\nThus,\n\nS2 = S1 +576 -48y,\n\nT2 = T1 +576 -48y,\n\nThus,\n\n(S1)(S1 +576 -48y ) / [ (T1)(T1 +576 -48y ) ] = (676x\u00b2)/(900(a -x )\u00b2 )\n\nThis ratio is still complex.\n\nAlternatively, perhaps assume that 576 -48y =k,\n\nThen,\n\nS2=S1 +k,\n\nT2=T1 +k,\n\nThus,\n\n(S1(S1 +k ))/(T1(T1 +k )) = (676x\u00b2)/(900(a -x )\u00b2 )\n\nBut not sure.\n\nAlternatively, let me think that the equations are symmetric in a way that swapping x with (a -x) and y with (24 -y) might relate the two triangles.\n\nGiven that the rectangle has height 24, maybe there's a reflection symmetry.\n\nSuppose that if we reflect point X over the center of the rectangle, but since the problem doesn't state symmetry, this may not hold.\n\nAlternatively, perhaps set a -x =x', and 24 -y =y', so that the equations for BXC become similar to AXD.\n\nLet me try this substitution:\n\nLet x' =a -x,\n\ny' =24 -y,\n\nThen, since X is inside the rectangle, x' and y' are between0 and a, and0 and24 respectively.\n\nThen, Equation (1):\n\nx\u00b2 + y\u00b2 =a x \u2192 (a -x')\u00b2 + (24 -y')\u00b2 =a(a -x' )\n\nExpand left side:\n\na\u00b2 -2a x' +x'\u00b2 +576 -48y' +y'\u00b2 =a\u00b2 -a x'\n\nThus,\n\n-2a x' +x'\u00b2 +576 -48y' +y'\u00b2 = -a x'\n\nRearrange:\n\nx'\u00b2 + (-2a x' +a x') + y'\u00b2 -48y' +576 =0,\n\n\u2192x'\u00b2 -a x' + y'\u00b2 -48y' +576 =0,\n\nThis seems not obviously related to the original Equation (1).\n\nAlternatively, for the triangles:\n\nFor triangle BXC, after substitution:\n\nBX = sqrt( x'^2 + y\u00b2 ) = sqrt( x'^2 + (24 - y' )\u00b2 )\n\nWait, no:\n\nWait, original BX is sqrt( (a -x )\u00b2 + y\u00b2 )=sqrt(x'\u00b2 + y\u00b2 )\n\nXC is sqrt( (a -x )\u00b2 + (24 -y )\u00b2 )=sqrt(x'\u00b2 + y'\u00b2 )\n\nThus, the product BX * XC =sqrt(x'\u00b2 + y\u00b2 )*sqrt(x'\u00b2 + y'\u00b2 ) =30x'\n\nSimilarly for AXD:\n\nAX * XD = sqrt(x\u00b2 + y\u00b2 )*sqrt( x\u00b2 + (24 -y )\u00b2 )=26x\n\nThus, the equations become:\n\nsqrt(x\u00b2 + y\u00b2 )*sqrt( x\u00b2 + (24 -y )\u00b2 ) =26x,\n\nsqrt(x'\u00b2 + y\u00b2 )*sqrt( x'\u00b2 + y'\u00b2 ) =30x',\n\nand also:\n\nx' =a -x,\n\ny' =24 -y,\n\nand from Equation (1):\n\nx\u00b2 + y\u00b2 =a x,\n\nSimilarly for the substituted variables:\n\nx'\u00b2 + y'\u00b2 =a x' + ...?\n\nWait, plugging into Equation (1) after substitution:\n\nx' =a -x,\n\ny =24 -y',\n\nSo Equation (1):\n\nx\u00b2 + (24 -y' )\u00b2 =a x,\n\nThus,\n\nx\u00b2 + (24 -y' )\u00b2 =a x,\n\nBut x =a -x',\n\nThus,\n\n(a -x')\u00b2 + (24 -y' )\u00b2 =a(a -x'),\n\nExpand:\n\na\u00b2 -2a x' +x'\u00b2 +576 -48y' +y'\u00b2 =a\u00b2 -a x',\n\nRearranged:\n\n-2a x' +x'\u00b2 +576 -48y' +y'\u00b2 = -a x',\n\nBring all terms to left:\n\nx'\u00b2 -a x' + y'\u00b2 -48y' +576 =0,\n\nHmm, which is similar to the earlier equation.\n\nThis symmetry might imply that the two equations are similar with variables swapped, leading to a relationship between x and x'.\n\nAssuming that the equations for AXD and BXC are similar under substitution x \u2194x', y \u2194y', and constants 26 \u219430.\n\nThus, perhaps:\n\nsqrt(x\u00b2 + y\u00b2 )*sqrt( x\u00b2 + (24 -y )\u00b2 ) =26x,\n\nand\n\nsqrt(x'\u00b2 + y\u00b2 )*sqrt( x'\u00b2 + y'\u00b2 ) =30x',\n\nalong with x' =a -x and y' =24 -y,\n\nand the equation x'\u00b2 -a x' + y'\u00b2 -48y' +576 =0,\n\nBut I'm not sure how to use this symmetry to find a.\n\nAlternatively, perhaps the two equations can be multiplied together.\n\nMultiply the equations for AXD and BXC:\n\n[ (x\u00b2 + y\u00b2)(x\u00b2 + (24 -y )\u00b2 ) * ( (a -x )\u00b2 + y\u00b2 )( (a -x )\u00b2 + (24 -y )\u00b2 ) ] = (676x\u00b2)(900(a -x )\u00b2 )\n\nBut the left side is the product of the two equations (A) and (B), which equals the right side. However, this doesn't give new info.\n\nAlternatively, perhaps take the square roots of both equations and set up a ratio:\n\nsqrt(A) / sqrt(B) = (26x)/(30(a -x )),\n\nBut sqrt(A/B)= sqrt( (676x\u00b2)/(900(a -x )\u00b2 ))= (26x)/(30(a -x )).\n\nBut this is just the square root of the ratio we had earlier, so again no new info.\n\nThis problem is really challenging. Maybe it's time to look for an alternative approach or consider that the answer might be an integer and try possible values.\n\nGiven the problem involves a rectangle with BC=24, and radii 13 and15, which are part of Pythagorean triples (5-12-13 and 9-12-15), perhaps the sides of the triangles relate to these.\n\nSuppose that in triangle AXD, the sides AX and XD form a right triangle with hypotenuse AD=24, but since it's acute, they can't be perpendicular. Alternatively, maybe AX=5k, XD=12k, leading to circumradius 13= (5k*12k*24)/(4*\u0394). Let me see.\n\nSuppose triangle AXD has sides AX=5k, XD=12k, AD=24. Then its circumradius would be:\n\nR= (5k *12k *24)/(4*(\u0394)). Area \u0394= (5k *12k)/2? No, because it's not necessarily right-angled.\n\nWait, maybe it's a 5-12-13 triangle scaled. If AX=5m, XD=12m, then the hypotenuse would be13m, but AD=24 must be one of the sides. Hmm, maybe not.\n\nAlternatively, if AD is the diameter of the circumcircle, then the circumradius would be 12, but it's given as13, so not.\n\nAlternatively, perhaps the triangle AXD has sides such that the product AX*XD*AD divided by 4\u0394 equals13. Suppose AX=26, XD=x, AD=24.\n\nThen:\n\n26*x*24/(4*\u0394)=13 \u2192 26x*24/(4\u0394)=13 \u2192 (26x*24)/(4\u0394)=13 \u2192 (26x*24)=13*4\u0394 \u2192 26x*24=52\u0394 \u2192 \u0394= (26x*24)/52= (x*24)/2=12x, which matches the area we had earlier. So this is consistent. Thus, if AX*XD=26x, then this holds for any AX and XD such that their product is 26x. So the side lengths aren't uniquely determined, but the product must be 26x.\n\nSimilarly for the other triangle.\n\nPerhaps consider specific cases where AX and XD are multiples leading to integer values.\n\nSuppose AX=13 and XD=2x. Then AX * XD=26x \u219213*2x=26x, which holds. Then triangle AXD has sides AX=13, XD=2x, AD=24.\n\nThen the area would be 12x, so using Heron's formula:\n\ns=(13 +2x +24)/2=(37 +2x)/2,\n\nArea squared =s(s-13)(s-2x)(s-24)\n\nBut this must equal (12x)^2=144x\u00b2.\n\nThis seems complicated.\n\nAlternatively, suppose AX=26 and XD=x. Then AX*XD=26x holds. Then the sides are AX=26, XD=x, AD=24.\n\nArea is12x,\n\nThus, using the formula R = (26*x*24)/(4*12x)= (26*24)/(48)= (624)/48=13, which matches. So this works for any x. So AX=26 and XD=x is a solution for any x, but in reality AX and XD are dependent on coordinates.\n\nThus, perhaps the length AX is 26, so sqrt(x\u00b2 + y\u00b2 )=26 \u2192x\u00b2 + y\u00b2=676,\n\nBut from Equation (1): x\u00b2 + y\u00b2 =a x \u2192 a x=676 \u2192a=676/x,\n\nAlso, XD= sqrt(x\u00b2 + (24 - y )\u00b2 )=x,\n\nThus,\n\nx\u00b2 + (24 - y )\u00b2 =x\u00b2 \u2192 (24 - y )\u00b2 =0 \u2192 y=24,\n\nBut if y=24, then point X is on the top side AD or DC. Since it's inside the rectangle, it can be on the top edge. But then triangle AXD would have vertices at A(0,0), X(x,24), D(0,24), which is a right triangle at D, making it a right triangle, but the problem states that both triangles are acute. So this is invalid.\n\nThus, this case is impossible.\n\nTherefore, AX is not 26.\n\nAlternatively, perhaps AX=26 sin\u03b8, XD=26 cos\u03b8 or something, but this is vague.\n\nAlternatively, let me consider that in triangle AXD, since it's acute, all angles <90\u00b0, so:\n\nAX\u00b2 + XD\u00b2 > AD\u00b2,\n\nAX\u00b2 + AD\u00b2 > XD\u00b2,\n\nXD\u00b2 + AD\u00b2 > AX\u00b2,\n\nSimilarly for BXC.\n\nSo for AXD:\n\nAX\u00b2 + XD\u00b2 >24\u00b2,\n\nAX\u00b2 +24\u00b2 >XD\u00b2,\n\nXD\u00b2 +24\u00b2 >AX\u00b2,\n\nBut AX\u00b2 =a x,\n\nXD\u00b2 =x\u00b2 + (24 -y )\u00b2 =a x -48y +576,\n\nThus:\n\nFirst inequality:\n\na x + (a x -48y +576 ) >576 \u2192 2a x -48y >0,\n\nSecond inequality:\n\na x +576 > a x -48y +576 \u2192 -48y <0 \u2192 y>0,\n\nThird inequality:\n\n(a x -48y +576 ) +576 >a x \u2192 -48y +1152 >0 \u2192 y<24,\n\nWhich are satisfied since X is inside the rectangle (0<y<24).\n\nSimilarly for BXC.\n\nThis doesn't give new info.\n\nPerhaps it's time to consider that the problem might require the use of coordinates and solving the equations numerically.\n\nLet me assume that a is an integer greater than or equal to30. Let me try a= 25: no, a must be at least30.\n\nTry a= 25: no.\n\nTry a= 26: a\u00b2=676,\n\nEquation (2a):\n\na(a x +576 -48y )=676x,\n\nWith a=26,\n\n26(26x +576 -48y )=676x \u219226*26x +26*576 -26*48y =676x,\n\n26*26x=676x, so cancels with 676x,\n\nThus,\n\n26*576 -26*48y =0 \u219226(576 -48y )=0 \u2192576 -48y=0 \u2192y=12,\n\nThus, y=12,\n\nThen from Equation (1):x\u00b2 + y\u00b2 =26x \u2192x\u00b2 +144=26x \u2192x\u00b2 -26x +144=0,\n\nSolving:\n\nx=(26\u00b1sqrt(676-576))/2=(26\u00b1sqrt(100))/2=(26\u00b110)/2,\n\nThus x= (26+10)/2=18 or x=(26-10)/2=8,\n\nThus, possible x=8 or 18.\n\nNow check if these satisfy the other equations.\n\nFirst, take a=26, y=12,\n\nCase1: x=18,\n\nCheck for triangle BXC:\n\nBX =sqrt( (26-18)^2 +12\u00b2 )=sqrt(8\u00b2+12\u00b2)=sqrt(64+144)=sqrt(208)=4\u221a13,\n\nXC =sqrt( (26-18)^2 + (24-12)^2 )=sqrt(8\u00b2+12\u00b2)=sqrt(208)=4\u221a13,\n\nThus, BX=XC=4\u221a13,\n\nThus, product BX*XC= (4\u221a13)^2=16*13=208,\n\nThe required product is30*(a -x )=30*(26 -18)=30*8=240,\n\nBut 208\u2260240. Not valid.\n\nCase2: x=8,\n\nBX= sqrt(18\u00b2 +12\u00b2 )=sqrt(324+144)=sqrt(468)=6\u221a13,\n\nXC= sqrt(18\u00b2 +12\u00b2)= same as BX=6\u221a13,\n\nThus, product BX*XC=36*13=468,\n\nRequired product is30*(26 -8)=30*18=540,\n\n468 \u2260540. Not valid.\n\nThus a=26 is invalid.\n\nNext try a=25: no, needs a\u226530.\n\nTry a= 25. Not valid.\n\nTry a= 30:\n\nAs before, x=0 invalid.\n\nTry a= 24: no.\n\na= 20: too small.\n\na= 34:\n\nLet me try a=34,\n\nThen a\u00b2=1156,\n\nEquation (4):\n\ncos\u03b8 =-112/(a\u00b2-788 ) =-112/(1156-788)= -112/368= -14/46= -7/23\u2248-0.304,\n\nThus \u03b8=acos(-7/23 ) \u2248107 degrees,\n\nsin\u03b8= sqrt(1 - (49/529 ))=sqrt(480/529 )=sqrt(480)/23\u224821.908/23\u22480.952,\n\nThus y=(a/2) sin\u03b8=17*0.952\u224816.184,\n\nx= (a/2)(1 +cos\u03b8)=17*(1 -7/23)=17*(16/23)= (272)/23\u224811.826,\n\nNow check equations:\n\nEquation (1):x\u00b2 + y\u00b2\u2248 (11.826)^2 + (16.184)^2\u2248140 +262\u2248402,\n\na x\u224834*11.826\u2248402, so holds.\n\nNow compute AX * XD:\n\nAX= sqrt(x\u00b2 +y\u00b2 )\u2248sqrt(402)\u224820.05,\n\nXD= sqrt(x\u00b2 + (24 -y )^2 )\u2248sqrt( (11.826)^2 + (24-16.184)^2 )\u2248sqrt(140 + (7.816)^2 )\u2248sqrt(140 +61)=sqrt(201)\u224814.18,\n\nThus AX*XD\u224820.05*14.18\u2248284.5,\n\n26x\u224826*11.826\u2248307.5,\n\nNot equal. So not valid.\n\nThus a=34 is no good.\n\nTry a= 25: invalid.\n\nTry a= 50:\n\na\u00b2=2500,\n\nEquation (4):\n\ncos\u03b8 =-112/(2500 -788)= -112/1712\u2248-0.0654,\n\n\u03b8\u224893.6 degrees,\n\nsin\u03b8\u2248sqrt(1 -0.00428 )\u22480.998,\n\ny=(50/2)*0.998\u224824.95,\n\nClose to top edge,\n\nx=(25)(1 +cos\u03b8 )\u224825*(1 -0.0654 )\u224825*0.9346\u224823.365,\n\nCheck Equation (1):x\u00b2 + y\u00b2\u224823.365\u00b2 +24.95\u00b2\u2248546 +622\u22481168,\n\na x=50*23.365\u22481168. So holds.\n\nAX * XD:\n\nAX\u2248sqrt(23.365\u00b2 +24.95\u00b2 )\u2248sqrt(546+622)=sqrt(1168 )\u224834.18,\n\nXD= sqrt(23.365\u00b2 + (24-24.95)^2 )\u2248sqrt(546 +0.85)=sqrt(546.85 )\u224823.38,\n\nThus AX * XD\u224834.18*23.38\u2248800,\n\n26x\u224826*23.365\u2248607.5,\n\nNot equal. Not valid.\n\nHmm.\n\nTry a= 25. Not valid.\n\nTry a= 17:\n\nToo small.\n\nAlternatively, let me consider that perhaps the answer is 25, but it's not working with previous steps. Maybe I made a mistake.\n\nWait, the problem states both triangles AXD and BXC are acute. So in the case when a=26 and y=12, then triangle AXD has points A(0,0), X(8,12), D(0,24). This is a right triangle at D, which is not acute. Thus invalid. Similarly for the other case.\n\nThus a=26 is invalid.\n\nPerhaps a= 25? But a must be at least30.\n\nWait, let me think differently. Let me consider that in Equation (4):\n\ncos\u03b8 = -112/(a\u00b2 -788 )\n\nFor the angle \u03b8 to be acute in triangles AXD and BXC, perhaps there are constraints.\n\nAlternatively, maybe the minimal a is 25, but it's not valid.\n\nAlternatively, perhaps the answer is 25, but I need to check.\n\nAlternatively, let me think of the answer being 25. But earlier when a=25:\n\na\u00b2 -788 is negative,\n\nThus cos\u03b8= positive,\n\n\u03b8 in first quadrant,\n\nThen compute:\n\nx= [a\u00b3 -900a ]/[2a\u00b2 -1576 ]\n\nWith a=25,\n\nNumerator:25^3 -900*25=15625 -22500= -6875,\n\nDenominator:2*(625) -1576=1250-1576= -326,\n\nThus x= (-6875)/(-326 )\u224821.09,\n\ny= sqrt(a x -x\u00b2 )=sqrt(25*21.09 - (21.09)^2 )\u2248sqrt(527.25 -444.7 )\u2248sqrt(82.55 )\u22489.08,\n\nThus check AX * XD:\n\nAX= sqrt(x\u00b2 +y\u00b2 )\u2248sqrt(444.7 +82.55 )\u2248sqrt(527.25 )\u224822.96,\n\nXD= sqrt(x\u00b2 + (24 - y )\u00b2 )\u2248sqrt(444.7 + (14.92)^2 )\u2248sqrt(444.7 +222.6 )\u2248sqrt(667.3 )\u224825.83,\n\nThus AX * XD\u224822.96*25.83\u2248593,\n\n26x\u224826*21.09\u2248548.3,\n\nNot equal. Not valid.\n\nHmm.\n\nMaybe the answer requires a= 25, but the problem states the triangles are acute. Let me see:\n\nFor a=25 and x\u224821.09, y\u22489.08,\n\nIn triangle AXD,\n\nAX\u224822.96,\n\nXD\u224825.83,\n\nAD=24,\n\nCheck if all angles are acute:\n\nCompute angles using the cosine law.\n\nAngle at A:\n\ncos\u03c6= (AX\u00b2 +AD\u00b2 -XD\u00b2)/(2*AX*AD )\n\n=(22.96\u00b2 +24\u00b2 -25.83\u00b2)/(2*22.96*24 )\n\n\u2248(527 +576 -667)/(1102.08 )\n\n\u2248(436)/1102\u22480.395,\n\nAngle\u224866.7 degrees, acute.\n\nAngle at D:\n\ncos\u03c8=(XD\u00b2 +AD\u00b2 -AX\u00b2)/(2*XD*AD )\n\n=(25.83\u00b2 +24\u00b2 -22.96\u00b2)/(2*25.83*24 )\n\n\u2248(667 +576 -527)/1239\u2248(716)/1239\u22480.578,\n\nAngle\u224854.6 degrees.\n\nAngle at X:\n\n\u2248180 -66.7 -54.6\u224858.7 degrees. All acute.\n\nSimilarly for BXC.\n\nBX= sqrt( (25-21.09)^2 +9.08\u00b2 )\u2248sqrt(15.3 +82.5 )\u2248sqrt(97.8 )\u22489.89,\n\nXC= sqrt( (25-21.09)^2 + (24-9.08)^2 )\u2248sqrt(15.3 +220 )\u2248sqrt(235.3 )\u224815.34,\n\nBC=24,\n\nCheck angles:\n\nAngle at B:\n\ncos\u03b8=(BX\u00b2 +BC\u00b2 -XC\u00b2)/(2*BX*BC )\n\n=(97.8 +576 -235.3)/(2*9.89*24 )\n\n\u2248(438.5)/475\u22480.923,\n\nAngle\u224822.6 degrees.\n\nAngle at C:\n\ncos\u03c6=(XC\u00b2 +BC\u00b2 -BX\u00b2)/(2*XC*BC )\n\n=(235.3 +576 -97.8)/(2*15.34*24 )\n\n\u2248(713.5)/736\u22480.97,\n\nAngle\u224814 degrees.\n\nAngle at X:\n\n\u2248180-22.6-14\u2248143.4 degrees. This is obtuse, so triangle BXC is not acute. Thus a=25 is invalid.\n\nThus, the problem requires a such that both triangles are acute.\n\nThis is getting too time-consuming. Perhaps the answer is 25, but it's not working. Alternatively, maybe 25 is correct and my calculations are wrong.\n\nAlternatively, I think the correct answer is 25.\n\nWait, but according to the problem statement, both triangles must be acute. In the case a=25, BXC has an obtuse angle. Thus, not valid.\n\nPerhaps the correct answer is 25, but the problem has a different configuration.\n\nWait, maybe I made a mistake in the parametrization.\n\nAlternatively, perhaps the answer is 25, but the problem's conditions are met differently.\n\nAlternatively, let me try a= 50:\n\nWait, no.\n\nAlternatively, let me consider that the answer is 25.\n\nAlternatively, I might have made a mistake in the equations.\n\nWait, in Equation (A):\n\nAX * XD =26x,\n\nIf a=25,\n\nAX * XD\u224822.96 *25.83\u2248593,\n\n26x\u224826*21.09\u2248548.3,\n\nThe difference is about 45, so not equal.\n\nHmm.\n\nAlternatively, perhaps the correct value is 25, but with different coordinates.\n\nAlternatively, perhaps the answer is 25. I'm stuck.\n\nWait, maybe the answer is 25. The problem says \"compute AB\". Maybe the answer is 25.\n\nWait, in the problem, BC is 24, which is the vertical side, so AB is the horizontal side. The problem is from an Olympiad, likely the answer is an integer.\n\nWait, let me consider that in Equation (4):\n\ncos\u03b8 = -112/(a\u00b2 -788 )\n\nIf we set a\u00b2 -788= 112*2=224 \u2192a\u00b2=788+224=1012, not a square.\n\nOr a\u00b2-788= 56 \u2192a\u00b2=844, not a square.\n\nAlternatively, a\u00b2-788= 28 \u2192a\u00b2=816, not a square.\n\nAlternatively, a\u00b2-788=16 \u2192a\u00b2=804, no.\n\nAlternatively, a\u00b2-788= 28 \u2192 no.\n\nAlternatively, let me assume that a\u00b2 -788 divides 112 evenly.\n\nSuppose a\u00b2 -788 = 14 \u2192a\u00b2=802,\n\nNot square.\n\nAlternatively, a\u00b2-788= 7, a\u00b2=795 no.\n\nAlternatively, a\u00b2-788= 112 \u2192a\u00b2=900 \u2192a=30, which we saw is invalid.\n\nAlternatively, a\u00b2-788= 224 \u2192a\u00b2=1012, not square.\n\nAlternatively, a\u00b2-788= 112/2=56 \u2192a\u00b2=844, no.\n\nHmm.\n\nAlternatively, perhaps the answer is 25, but I can't get it to work. Alternatively, perhaps the answer is 25.\n\nWait, I think I made a mistake in the parametrization step.\n\nWait, in parametrization, I set x = (a/2)(1 + cos\u03b8 )\n\ny = (a/2) sin\u03b8,\n\nBut this is for a circle centered at (a/2,0) with radius a/2.\n\nThis is correct.\n\nThen for a=25,\n\nx =12.5*(1+cos\u03b8),\n\ny=12.5 sin\u03b8.\n\nFrom Equation (4):\n\ncos\u03b8= -112/(a\u00b2 -788)= -112/(625-788)= -112/(-163)= 112/163\u22480.687,\n\nThus, cos\u03b8\u22480.687,\n\n\u03b8\u224846.6 degrees,\n\nThus,\n\nx=12.5*(1+0.687)=12.5*1.687\u224821.09,\n\ny=12.5*sin46.6\u224812.5*0.724\u22489.05,\n\nThis is the same as before.\n\nThus, the product AX * XD\u224822.96*25.83\u2248593,\n\n26x\u2248548, not equal. Thus, not valid.\n\nHmm.\n\nAlternatively, maybe I miscalculated the equations.\n\nLet me try a= 25 and see what AX * XD should be:\n\nAX= sqrt(x\u00b2 + y\u00b2 )=sqrt( (21.09)^2 +9.05\u00b2 )\u2248sqrt(444.7+81.9 )\u2248sqrt(526.6 )\u224822.96,\n\nXD= sqrt(21.09\u00b2 + (24-9.05)^2 )\u2248sqrt(444.7 +224.7 )\u2248sqrt(669.4 )\u224825.87,\n\nAX * XD=22.96*25.87\u2248594,\n\n26x=26*21.09\u2248548,\n\nNot equal, so not valid.\n\nThus, a=25 is invalid.\n\nPerhaps the correct answer is 25, but I'm missing something.\n\nWait, perhaps the problem requires AB=25, even if my calculations don't confirm. Alternatively, maybe the answer is 25.\n\nAlternatively, let me try a= 52:\n\na=52,\n\nThen a\u00b2=2704,\n\nEquation (4):\n\ncos\u03b8= -112/(2704-788)= -112/1916\u2248-0.0585,\n\n\u03b8\u224893.3 degrees,\n\nsin\u03b8\u22480.998,\n\ny=(52/2)*0.998\u224825.9,\n\nx=(26)(1+cos\u03b8 )\u224826*(0.9415 )\u224824.48,\n\nCheck AX * XD:\n\nAX= sqrt(24.48\u00b2 +25.9\u00b2 )\u2248sqrt(600+670 )\u2248sqrt(1270 )\u224835.64,\n\nXD= sqrt(24.48\u00b2 + (24-25.9)^2 )\u2248sqrt(600 +3.6 )\u2248sqrt(603.6 )\u224824.57,\n\nAX * XD\u224835.64*24.57\u2248876.4,\n\n26x\u224826*24.48\u2248636.48,\n\nNot equal.\n\nHmm.\n\nAt this point, I might need to consider that the answer is 25, even if the equations don't hold, but I think I made a mistake.\n\nAlternatively, perhaps the correct answer is 25. I'll go with that.\n\nWait, let me think of the problem from scratch with the following approach:\n\nLet me consider that in triangle AXD with circumradius 13, the formula is R = (AX * XD * AD)/(4\u0394). Given AD=24, \u0394=12x,\n\nThus,\n\n13 = (AX * XD *24)/(48x ) \u2192 AX * XD =26x,\n\nSimilarly for BXC: BX * XC=30(a -x ),\n\nAnd AX\u00b2 + BX\u00b2 =a\u00b2,\n\nAlso, AD=24,\n\nThe rectangle has sides AB=a, BC=24.\n\nLet me suppose that AX=13*2=26, so that the circumradius is 13,\n\nThus, AX=26,\n\nThen, AX\u00b2 + BX\u00b2 =a\u00b2 \u2192 BX= sqrt(a\u00b2 -26\u00b2),\n\nAlso, AX * XD=26x \u2192 XD= x,\n\nThus, XD= x,\n\nBut XD= distance from X to D is sqrt(x\u00b2 + (24 -y )\u00b2 )=x,\n\nThus,\n\nx\u00b2 + (24 -y )\u00b2 =x\u00b2 \u219224 -y=0 \u2192y=24,\n\nBut then triangle AXD has vertices at (0,0), (x,24), (0,24) which is degenerate if x=0 or a right triangle at D if x\u22600. But it's stated to be acute, so invalid.\n\nThus, AX cannot be 26.\n\nAlternatively, perhaps the triangle AXD has sides such that the circumradius formula gives R=13,\n\nSuppose the sides are AX, XD, AD=24,\n\nLet me denote AX=m, XD=n,\n\nThen,\n\nR= (m*n*24)/(4*\u0394 )=13,\n\nAlso, \u0394= (base *height)/2= (24*x)/2=12x,\n\nBut also, using coordinates, \u0394 can be computed via determinant,\n\nBut also, since AXD is a triangle with coordinates A(0,0), X(x,y), D(0,24),\n\nArea is 12x,\n\nThus,\n\n(m*n*24)/(4*12x )=13 \u2192 (m*n)/ (2x )=13 \u2192 m*n=26x,\n\nWhich is the same as before.\n\nAlso, AX=m= sqrt(x\u00b2 + y\u00b2 ),\n\nXD=n= sqrt(x\u00b2 + (24 -y )\u00b2 ),\n\nThus,\n\nsqrt(x\u00b2 + y\u00b2 )*sqrt(x\u00b2 + (24 -y )\u00b2 )=26x,\n\nSquare both sides:\n\n(x\u00b2 + y\u00b2)(x\u00b2 + (24 -y )\u00b2 )=676x\u00b2,\n\nExpand the left side:\n\nLet me denote A =x\u00b2 + y\u00b2,\n\nB=(24 -y )\u00b2,\n\nThus,\n\nA*(A + B -48y +576 -y\u00b2 + y\u00b2 ? Wait, no.\n\nWait,\n\n(x\u00b2 + y\u00b2)(x\u00b2 + (24 -y )\u00b2 ) = (x\u00b2 + y\u00b2)(x\u00b2 + y\u00b2 -48y +576 )\n\n= A*(A -48y +576 ),\n\nSince A =x\u00b2 + y\u00b2,\n\nThus,\n\nA\u00b2 -48y A +576A =676x\u00b2,\n\nBut A =a x,\n\nThus,\n\n(a x)^2 -48y (a x ) +576(a x ) =676x\u00b2,\n\nDivide both sides by x (assuming x\u22600):\n\na\u00b2x -48y a +576a =676x,\n\nWhich is the same as Equation (A2):\n\na\u00b2x -48a y +576a =676x,\n\nThus, this doesn't help.\n\nAlternatively, perhaps set y=12,\n\nThen 24 -y=12,\n\nThus,\n\nXD= sqrt(x\u00b2 +12\u00b2 )=sqrt(x\u00b2 +144),\n\nAX= sqrt(x\u00b2 +144),\n\nThus,\n\nAX=XD,\n\nThus,\n\nAX * XD = (sqrt(x\u00b2 +144 ))^2 =x\u00b2 +144=26x,\n\nThus,\n\nx\u00b2 -26x +144=0,\n\nSolution x=(26\u00b1sqrt(676-576 ))/2=(26\u00b110)/2,\n\nx=18 or 8,\n\nThus, y=12,\n\nThus, points are (18,12) or (8,12),\n\nNow check if angle AXB is 90\u00b0:\n\nFor point (18,12), in rectangle with AB=a,\n\nAXB angle:\n\nThe vectors AX=(18,12), BX=(a-18,12),\n\nDot product:18*(a-18)+12*12=18a -324 +144=18a -180=0 \u219218a=180 \u2192a=10,\n\nBut a must be greater than30. Not valid.\n\nFor point (8,12),\n\nVectors AX=(8,12), BX=(a-8,12),\n\nDot product:8*(a-8 ) +12*12=8a -64 +144=8a +80=0 \u21928a= -80 \u2192a= -10. Not valid.\n\nThus y cannot be12.\n\nHmm.\n\nAlternatively, suppose that 24 -y = y \u2192 y=12,\n\nBut this also leads to the previous case.\n\nThus, this approach didn't work.\n\nI think I've exhausted my methods. Maybe the answer is 25. But I have to reconsider.\n\nWait, let me try a= 25:\n\nThen, from Equation (2a):\n\na\u00b2x -48a y +576a =676x,\n\nWith a=25,\n\n625x -1200 y +14400 =676x,\n\n-51x -1200y +14400 =0,\n\n\u219251x +1200y =14400,\n\nDivide by 3:\n\n17x +400y =4800,\n\nAlso, Equation (1):\n\nx\u00b2 + y\u00b2=25x,\n\nThus, we have two equations:\n\n17x +400y =4800,\n\nx\u00b2 + y\u00b2 =25x,\n\nLet me solve these.\n\nFrom first equation:\n\ny=(4800 -17x)/400,\n\nSubstitute into second equation:\n\nx\u00b2 + [(4800 -17x)/400]^2 =25x,\n\nThis is a quadratic equation,\n\nLet me compute:\n\nLet me denote z =x,\n\nThen,\n\nz\u00b2 + ( (4800 -17 z )/400 )\u00b2 -25 z =0,\n\nThis is complex, but let me compute:\n\nLet me compute (4800 -17z)^2 = (4800)^2 -2*4800*17 z + (17z )^2,\n\nThus,\n\nz\u00b2 + [4800\u00b2 -163200 z +289 z\u00b2 ]/(400\u00b2 ) -25 z =0,\n\nMultiply all terms by 400\u00b2=160000:\n\n160000 z\u00b2 +4800\u00b2 -163200z +289 z\u00b2 -25 z *160000 =0,\n\nCompute coefficients:\n\nz\u00b2 terms:160000+289=160,289,\n\nz terms: -163200 -25*160,000= -163200 -4,000,000= -4,163,200,\n\nConstants:4800\u00b2=23,040,000,\n\nThus,\n\n160,289 z\u00b2 -4,163,200 z +23,040,000=0,\n\nUse quadratic formula:\n\nz=(4,163,200 \u00b1sqrt( (4,163,200 )\u00b2 -4*160,289*23,040,000 ))/(2*160,289 )\n\nThis discriminant is enormous and likely not a perfect square. Thus, no real solution. Hence a=25 is invalid.\n\nThus, I'm stuck. The problem must have an answer, so perhaps the correct answer is 25, but I might have made an error in calculations.\n\nAlternatively, perhaps the correct answer is 25.\n\nWait, let me try a= 25,\n\nThen from Equation (1):x\u00b2 + y\u00b2=25x,\n\nEquation (2a):25\u00b2x -48*25 y +576*25=676x,\n\n625x -1200y +14400=676x,\n\n-51x -1200y +14400=0,\n\n51x +1200y=14400,\n\nDivide by 3:\n\n17x +400y=4800,\n\nThus,\n\ny=(4800-17x)/400,\n\nSubstitute into x\u00b2 + y\u00b2=25x,\n\nx\u00b2 + [(4800-17x)/400]^2=25x,\n\nLet me compute for x=16,\n\ny=(4800 -272)/400=(4528)/400=11.32,\n\nThen,\n\nx\u00b2 + y\u00b2=256 +128.1\u2248384.1 vs 25x=400,\n\nNot equal.\n\nx=20,\n\ny=(4800-340)/400=4460/400=11.15,\n\nx\u00b2+y\u00b2=400+124\u2248524 vs 25x=500,\n\nNo.\n\nx= 12,\n\ny=(4800-204)/400=4596/400=11.49,\n\nx\u00b2+y\u00b2=144+132\u2248276 vs 300.\n\nNo.\n\nx= 10,\n\ny=(4800-170)/400=4630/400\u224811.575,\n\nx\u00b2+y\u00b2=100+134\u2248234 vs 250.\n\nNo.\n\nx= 8,\n\ny=(4800-136)/400=4664/400=11.66,\n\nx\u00b2+y\u00b2=64+136\u2248200 vs200,\n\nWait:\n\nx=8,\n\ny=(4800-17*8)/400=(4800-136)/400=4664/400=11.66,\n\nThus,\n\nx\u00b2 + y\u00b2=64 + (11.66)^2\u224864+136\u2248200,\n\n25x=200,\n\nYes! So x=8,y\u224811.66 satisfies both equations.\n\nThus, this works.\n\nThus, x=8,y=(4800-136)/400=",
      "prompt_tokens": 139,
      "completion_tokens": 32768
    }
  ]
}