{
  "iteration": 2,
  "question_id": "index_1",
  "status": "SUCCESS",
  "n_chains_requested": 1,
  "n_chains_completed_stream_with_content": 1,
  "n_chains_completed_stream_for_voting": 1,
  "error_chains_count": 0,
  "prompt_len": 600,
  "correct_answer_reference": "3375",
  "individual_answers": [
    "3375"
  ],
  "voted_answer": "3375",
  "final_score": 1,
  "avg_kv_cache_usage": 0.0051468657383095685,
  "max_kv_cache_usage": 0.0097087378640776,
  "processing_duration_sec": 48.798335790634155,
  "usage_aggregated": {
    "prompt_tokens": 153,
    "total_completion_tokens_across_all_requested_chains": 2513,
    "total_reasoning_tokens_counted": 1975,
    "total_non_reasoning_tokens_counted": 536,
    "total_tokens_usage": 2666
  },
  "chains_for_voting_details": [
    {
      "chain_index": 1,
      "finish_reason": "stop",
      "extracted_answer": "3375",
      "prompt_tokens": 153,
      "completion_tokens": 2513,
      "reasoning_tokens_counted": 1975,
      "non_reasoning_tokens_counted": 536
    }
  ],
  "error_chain_details": []
}