{
  "iteration": 30,
  "question_id": "index_29",
  "status": "SUCCESS",
  "n_chains_requested": 1,
  "n_chains_completed_stream_with_content": 1,
  "n_chains_completed_stream_for_voting": 1,
  "error_chains_count": 0,
  "prompt_len": 456,
  "correct_answer_reference": "\\sqrt{\\frac{95}{24}}",
  "individual_answers": [
    "33"
  ],
  "voted_answer": "33",
  "final_score": 0,
  "avg_kv_cache_usage": 0.04730284329856614,
  "max_kv_cache_usage": 0.0941224347421662,
  "processing_duration_sec": 670.9444315433502,
  "usage_aggregated": {
    "prompt_tokens": 120,
    "total_completion_tokens_across_all_requested_chains": 25783,
    "total_reasoning_tokens_counted": 25315,
    "total_non_reasoning_tokens_counted": 466,
    "total_tokens_usage": 25903
  },
  "chains_for_voting_details": [
    {
      "chain_index": 1,
      "finish_reason": "stop",
      "extracted_answer": "33",
      "prompt_tokens": 120,
      "completion_tokens": 25783,
      "reasoning_tokens_counted": 25315,
      "non_reasoning_tokens_counted": 466
    }
  ],
  "error_chain_details": []
}