{
  "iteration": 1,
  "question_id": "index_0",
  "status": "SUCCESS",
  "n_chains_requested": 1,
  "n_chains_completed_stream_with_content": 1,
  "n_chains_completed_stream_for_voting": 1,
  "error_chains_count": 0,
  "prompt_len": 338,
  "correct_answer_reference": "103",
  "individual_answers": [
    "103"
  ],
  "voted_answer": "103",
  "final_score": 1,
  "avg_kv_cache_usage": 0.010500835185371721,
  "max_kv_cache_usage": 0.020696471135399,
  "processing_duration_sec": 107.79524898529053,
  "usage_aggregated": {
    "prompt_tokens": 84,
    "total_completion_tokens_across_all_requested_chains": 5598,
    "total_reasoning_tokens_counted": 4991,
    "total_non_reasoning_tokens_counted": 605,
    "total_tokens_usage": 5682
  },
  "chains_for_voting_details": [
    {
      "chain_index": 1,
      "finish_reason": "stop",
      "extracted_answer": "103",
      "prompt_tokens": 84,
      "completion_tokens": 5598,
      "reasoning_tokens_counted": 4991,
      "non_reasoning_tokens_counted": 605
    }
  ],
  "error_chain_details": []
}