{
  "iteration": 15,
  "question_id": "index_14",
  "status": "SUCCESS",
  "n_chains_requested": 1,
  "n_chains_completed_stream_with_content": 1,
  "n_chains_completed_stream_for_voting": 1,
  "error_chains_count": 0,
  "prompt_len": 610,
  "correct_answer_reference": "200",
  "individual_answers": [
    "120"
  ],
  "voted_answer": "120",
  "final_score": 0,
  "avg_kv_cache_usage": 0.009574290677350413,
  "max_kv_cache_usage": 0.0186035695599092,
  "processing_duration_sec": 96.73855662345886,
  "usage_aggregated": {
    "prompt_tokens": 149,
    "total_completion_tokens_across_all_requested_chains": 4958,
    "total_reasoning_tokens_counted": 4490,
    "total_non_reasoning_tokens_counted": 466,
    "total_tokens_usage": 5107
  },
  "chains_for_voting_details": [
    {
      "chain_index": 1,
      "finish_reason": "stop",
      "extracted_answer": "120",
      "prompt_tokens": 149,
      "completion_tokens": 4958,
      "reasoning_tokens_counted": 4490,
      "non_reasoning_tokens_counted": 466
    }
  ],
  "error_chain_details": []
}