{
  "iteration": 16,
  "question_id": "index_15",
  "status": "SUCCESS",
  "n_chains_requested": 1,
  "n_chains_completed_stream_with_content": 1,
  "n_chains_completed_stream_for_voting": 1,
  "error_chains_count": 0,
  "prompt_len": 533,
  "correct_answer_reference": "6300",
  "individual_answers": [
    "6300"
  ],
  "voted_answer": "6300",
  "final_score": 1,
  "avg_kv_cache_usage": 0.026906137680423603,
  "max_kv_cache_usage": 0.0533689901749898,
  "processing_duration_sec": 346.1282579898834,
  "usage_aggregated": {
    "prompt_tokens": 119,
    "total_completion_tokens_across_all_requested_chains": 14558,
    "total_reasoning_tokens_counted": 14063,
    "total_non_reasoning_tokens_counted": 493,
    "total_tokens_usage": 14677
  },
  "chains_for_voting_details": [
    {
      "chain_index": 1,
      "finish_reason": "stop",
      "extracted_answer": "6300",
      "prompt_tokens": 119,
      "completion_tokens": 14558,
      "reasoning_tokens_counted": 14063,
      "non_reasoning_tokens_counted": 493
    }
  ],
  "error_chain_details": []
}