{
  "iteration": 25,
  "question_id": "index_24",
  "status": "SUCCESS",
  "n_chains_requested": 1,
  "n_chains_completed_stream_with_content": 1,
  "n_chains_completed_stream_for_voting": 1,
  "error_chains_count": 0,
  "prompt_len": 550,
  "correct_answer_reference": "\\sqrt{23}-2 \\sqrt{3}",
  "individual_answers": [
    "\\sqrt{23}"
  ],
  "voted_answer": "\\sqrt{23}",
  "final_score": 0,
  "avg_kv_cache_usage": 0.04366206868274507,
  "max_kv_cache_usage": 0.0867391430730771,
  "processing_duration_sec": 613.4788708686829,
  "usage_aggregated": {
    "prompt_tokens": 151,
    "total_completion_tokens_across_all_requested_chains": 23717,
    "total_reasoning_tokens_counted": 23297,
    "total_non_reasoning_tokens_counted": 418,
    "total_tokens_usage": 23868
  },
  "chains_for_voting_details": [
    {
      "chain_index": 1,
      "finish_reason": "stop",
      "extracted_answer": "\\sqrt{23}",
      "prompt_tokens": 151,
      "completion_tokens": 23717,
      "reasoning_tokens_counted": 23297,
      "non_reasoning_tokens_counted": 418
    }
  ],
  "error_chain_details": []
}