{
  "iteration": 10,
  "question_id": "index_9",
  "status": "SUCCESS",
  "n_chains_requested": 1,
  "n_chains_completed_stream_with_content": 1,
  "n_chains_completed_stream_for_voting": 1,
  "error_chains_count": 0,
  "prompt_len": 523,
  "correct_answer_reference": "\\frac{-1+\\sqrt{17}}{2}, \\frac{-1-\\sqrt{17}}{2}",
  "individual_answers": [
    "-6, 9"
  ],
  "voted_answer": "-6, 9",
  "final_score": 0,
  "avg_kv_cache_usage": 0.020522062670774905,
  "max_kv_cache_usage": 0.0404627637928027,
  "processing_duration_sec": 243.00506067276,
  "usage_aggregated": {
    "prompt_tokens": 146,
    "total_completion_tokens_across_all_requested_chains": 10990,
    "total_reasoning_tokens_counted": 10405,
    "total_non_reasoning_tokens_counted": 583,
    "total_tokens_usage": 11136
  },
  "chains_for_voting_details": [
    {
      "chain_index": 1,
      "finish_reason": "stop",
      "extracted_answer": "-6, 9",
      "prompt_tokens": 146,
      "completion_tokens": 10990,
      "reasoning_tokens_counted": 10405,
      "non_reasoning_tokens_counted": 583
    }
  ],
  "error_chain_details": []
}