{
  "iteration": 20,
  "question_id": "index_19",
  "status": "SUCCESS",
  "n_chains_requested": 1,
  "n_chains_completed_stream_with_content": 1,
  "n_chains_completed_stream_for_voting": 1,
  "error_chains_count": 0,
  "prompt_len": 751,
  "correct_answer_reference": "\\frac{448}{3}",
  "individual_answers": [
    "588"
  ],
  "voted_answer": "588",
  "final_score": 0,
  "avg_kv_cache_usage": 0.03638959833377769,
  "max_kv_cache_usage": 0.0721469681995232,
  "processing_duration_sec": 491.89501762390137,
  "usage_aggregated": {
    "prompt_tokens": 171,
    "total_completion_tokens_across_all_requested_chains": 19674,
    "total_reasoning_tokens_counted": 19368,
    "total_non_reasoning_tokens_counted": 304,
    "total_tokens_usage": 19845
  },
  "chains_for_voting_details": [
    {
      "chain_index": 1,
      "finish_reason": "stop",
      "extracted_answer": "588",
      "prompt_tokens": 171,
      "completion_tokens": 19674,
      "reasoning_tokens_counted": 19368,
      "non_reasoning_tokens_counted": 304
    }
  ],
  "error_chain_details": []
}