{
  "iteration": 13,
  "question_id": "index_12",
  "status": "SUCCESS",
  "n_chains_requested": 1,
  "n_chains_completed_stream_with_content": 1,
  "n_chains_completed_stream_for_voting": 1,
  "error_chains_count": 0,
  "prompt_len": 592,
  "correct_answer_reference": "105",
  "individual_answers": [
    "262"
  ],
  "voted_answer": "262",
  "final_score": 0,
  "avg_kv_cache_usage": 0.044719417765056765,
  "max_kv_cache_usage": 0.0888320446485669,
  "processing_duration_sec": 628.3828382492065,
  "usage_aggregated": {
    "prompt_tokens": 154,
    "total_completion_tokens_across_all_requested_chains": 24293,
    "total_reasoning_tokens_counted": 23731,
    "total_non_reasoning_tokens_counted": 560,
    "total_tokens_usage": 24447
  },
  "chains_for_voting_details": [
    {
      "chain_index": 1,
      "finish_reason": "stop",
      "extracted_answer": "262",
      "prompt_tokens": 154,
      "completion_tokens": 24293,
      "reasoning_tokens_counted": 23731,
      "non_reasoning_tokens_counted": 560
    }
  ],
  "error_chain_details": []
}