{
  "iteration": 14,
  "question_id": "index_13",
  "status": "SUCCESS",
  "n_chains_requested": 1,
  "n_chains_completed_stream_with_content": 1,
  "n_chains_completed_stream_for_voting": 1,
  "error_chains_count": 0,
  "prompt_len": 638,
  "correct_answer_reference": "2304",
  "individual_answers": [
    "70"
  ],
  "voted_answer": "70",
  "final_score": 0,
  "avg_kv_cache_usage": 0.028156061697713897,
  "max_kv_cache_usage": 0.055578164060229,
  "processing_duration_sec": 363.7978196144104,
  "usage_aggregated": {
    "prompt_tokens": 188,
    "total_completion_tokens_across_all_requested_chains": 15108,
    "total_reasoning_tokens_counted": 14942,
    "total_non_reasoning_tokens_counted": 164,
    "total_tokens_usage": 15296
  },
  "chains_for_voting_details": [
    {
      "chain_index": 1,
      "finish_reason": "stop",
      "extracted_answer": "70",
      "prompt_tokens": 188,
      "completion_tokens": 15108,
      "reasoning_tokens_counted": 14942,
      "non_reasoning_tokens_counted": 164
    }
  ],
  "error_chain_details": []
}