{
  "iteration": 12,
  "question_id": "index_11",
  "status": "SUCCESS",
  "n_chains_requested": 1,
  "n_chains_completed_stream_with_content": 1,
  "n_chains_completed_stream_for_voting": 1,
  "error_chains_count": 0,
  "prompt_len": 604,
  "correct_answer_reference": "29",
  "individual_answers": [
    "29"
  ],
  "voted_answer": "29",
  "final_score": 1,
  "avg_kv_cache_usage": 0.033044956525025135,
  "max_kv_cache_usage": 0.0655194465438055,
  "processing_duration_sec": 442.4067049026489,
  "usage_aggregated": {
    "prompt_tokens": 147,
    "total_completion_tokens_across_all_requested_chains": 17881,
    "total_reasoning_tokens_counted": 17528,
    "total_non_reasoning_tokens_counted": 351,
    "total_tokens_usage": 18028
  },
  "chains_for_voting_details": [
    {
      "chain_index": 1,
      "finish_reason": "stop",
      "extracted_answer": "29",
      "prompt_tokens": 147,
      "completion_tokens": 17881,
      "reasoning_tokens_counted": 17528,
      "non_reasoning_tokens_counted": 351
    }
  ],
  "error_chain_details": []
}