{
  "iteration": 3,
  "question_id": "index_2",
  "status": "SUCCESS",
  "n_chains_requested": 1,
  "n_chains_completed_stream_with_content": 1,
  "n_chains_completed_stream_for_voting": 1,
  "error_chains_count": 0,
  "prompt_len": 510,
  "correct_answer_reference": "\\frac{1}{576}",
  "individual_answers": [
    "2^{\\sqrt{11 + 10 \\log_2 3}}"
  ],
  "voted_answer": "2^{\\sqrt{11 + 10 \\log_2 3}}",
  "final_score": 0,
  "avg_kv_cache_usage": 0.0539448997870722,
  "max_kv_cache_usage": 0.1072612057438521,
  "processing_duration_sec": 778.6666719913483,
  "usage_aggregated": {
    "prompt_tokens": 172,
    "total_completion_tokens_across_all_requested_chains": 29335,
    "total_reasoning_tokens_counted": 28625,
    "total_non_reasoning_tokens_counted": 708,
    "total_tokens_usage": 29507
  },
  "chains_for_voting_details": [
    {
      "chain_index": 1,
      "finish_reason": "stop",
      "extracted_answer": "2^{\\sqrt{11 + 10 \\log_2 3}}",
      "prompt_tokens": 172,
      "completion_tokens": 29335,
      "reasoning_tokens_counted": 28625,
      "non_reasoning_tokens_counted": 708
    }
  ],
  "error_chain_details": []
}