{
  "iteration": 22,
  "question_id": "index_21",
  "status": "SUCCESS",
  "n_chains_requested": 1,
  "n_chains_completed_stream_with_content": 1,
  "n_chains_completed_stream_for_voting": 1,
  "error_chains_count": 0,
  "prompt_len": 586,
  "correct_answer_reference": "63",
  "individual_answers": [
    "63"
  ],
  "voted_answer": "63",
  "final_score": 1,
  "avg_kv_cache_usage": 0.03512695416031812,
  "max_kv_cache_usage": 0.0697052496947852,
  "processing_duration_sec": 477.4133982658386,
  "usage_aggregated": {
    "prompt_tokens": 140,
    "total_completion_tokens_across_all_requested_chains": 19041,
    "total_reasoning_tokens_counted": 18604,
    "total_non_reasoning_tokens_counted": 435,
    "total_tokens_usage": 19181
  },
  "chains_for_voting_details": [
    {
      "chain_index": 1,
      "finish_reason": "stop",
      "extracted_answer": "63",
      "prompt_tokens": 140,
      "completion_tokens": 19041,
      "reasoning_tokens_counted": 18604,
      "non_reasoning_tokens_counted": 435
    }
  ],
  "error_chain_details": []
}