{
  "iteration": 17,
  "question_id": "index_16",
  "status": "SUCCESS",
  "n_chains_requested": 1,
  "n_chains_completed_stream_with_content": 1,
  "n_chains_completed_stream_for_voting": 1,
  "error_chains_count": 0,
  "prompt_len": 579,
  "correct_answer_reference": "2^{25} \\cdot 26!",
  "individual_answers": [
    "26!"
  ],
  "voted_answer": "26!",
  "final_score": 0,
  "avg_kv_cache_usage": 0.033235715060127236,
  "max_kv_cache_usage": 0.0659263996279285,
  "processing_duration_sec": 445.4781844615936,
  "usage_aggregated": {
    "prompt_tokens": 147,
    "total_completion_tokens_across_all_requested_chains": 17986,
    "total_reasoning_tokens_counted": 17558,
    "total_non_reasoning_tokens_counted": 426,
    "total_tokens_usage": 18133
  },
  "chains_for_voting_details": [
    {
      "chain_index": 1,
      "finish_reason": "stop",
      "extracted_answer": "26!",
      "prompt_tokens": 147,
      "completion_tokens": 17986,
      "reasoning_tokens_counted": 17558,
      "non_reasoning_tokens_counted": 426
    }
  ],
  "error_chain_details": []
}