{
  "iteration": 19,
  "question_id": "index_18",
  "status": "SUCCESS",
  "n_chains_requested": 1,
  "n_chains_completed_stream_with_content": 1,
  "n_chains_completed_stream_for_voting": 1,
  "error_chains_count": 0,
  "prompt_len": 457,
  "correct_answer_reference": "\\frac{4}{9}",
  "individual_answers": [
    "\\dfrac{2}{3}"
  ],
  "voted_answer": "\\dfrac{2}{3}",
  "final_score": 0,
  "avg_kv_cache_usage": 0.04220866606167261,
  "max_kv_cache_usage": 0.0840648799488401,
  "processing_duration_sec": 590.2723801136017,
  "usage_aggregated": {
    "prompt_tokens": 95,
    "total_completion_tokens_across_all_requested_chains": 23029,
    "total_reasoning_tokens_counted": 22754,
    "total_non_reasoning_tokens_counted": 273,
    "total_tokens_usage": 23124
  },
  "chains_for_voting_details": [
    {
      "chain_index": 1,
      "finish_reason": "stop",
      "extracted_answer": "\\dfrac{2}{3}",
      "prompt_tokens": 95,
      "completion_tokens": 23029,
      "reasoning_tokens_counted": 22754,
      "non_reasoning_tokens_counted": 273
    }
  ],
  "error_chain_details": []
}