{
  "iteration": 26,
  "question_id": "index_25",
  "status": "SUCCESS",
  "n_chains_requested": 1,
  "n_chains_completed_stream_with_content": 1,
  "n_chains_completed_stream_for_voting": 1,
  "error_chains_count": 0,
  "prompt_len": 504,
  "correct_answer_reference": "9\\sqrt{15}",
  "individual_answers": [
    "9\\sqrt{15}"
  ],
  "voted_answer": "9\\sqrt{15}",
  "final_score": 1,
  "avg_kv_cache_usage": 0.02016598276014802,
  "max_kv_cache_usage": 0.0397651299343061,
  "processing_duration_sec": 237.06935501098633,
  "usage_aggregated": {
    "prompt_tokens": 144,
    "total_completion_tokens_across_all_requested_chains": 10798,
    "total_reasoning_tokens_counted": 9882,
    "total_non_reasoning_tokens_counted": 914,
    "total_tokens_usage": 10942
  },
  "chains_for_voting_details": [
    {
      "chain_index": 1,
      "finish_reason": "stop",
      "extracted_answer": "9\\sqrt{15}",
      "prompt_tokens": 144,
      "completion_tokens": 10798,
      "reasoning_tokens_counted": 9882,
      "non_reasoning_tokens_counted": 914
    }
  ],
  "error_chain_details": []
}