{
  "iteration": 24,
  "question_id": "index_23",
  "status": "SUCCESS",
  "n_chains_requested": 16,
  "n_chains_completed_stream_with_content": 16,
  "n_chains_completed_stream_for_voting": 16,
  "error_chains_count": 0,
  "prompt_len": 1759,
  "correct_answer_reference": "20",
  "individual_answers": [
    "28",
    "25",
    "100",
    "55",
    "25",
    "55",
    "100",
    "20",
    "20",
    "20\\sqrt{2}",
    "50",
    "10",
    "25",
    "28",
    "28",
    "100"
  ],
  "voted_answer": "100",
  "final_score": 0,
  "avg_kv_cache_usage": 0.5738982735523004,
  "max_kv_cache_usage": 0.9749433172489972,
  "processing_duration_sec": 897.7364037036896,
  "usage_aggregated": {
    "prompt_tokens": 682,
    "total_completion_tokens_across_all_requested_chains": 359955,
    "total_reasoning_tokens_counted": 349986,
    "total_non_reasoning_tokens_counted": 9937,
    "total_tokens_usage": 360637
  },
  "chains_for_voting_details": [
    {
      "chain_index": 1,
      "finish_reason": "stop",
      "extracted_answer": "28",
      "prompt_tokens": 682,
      "completion_tokens": 10556,
      "reasoning_tokens_counted": 9808,
      "non_reasoning_tokens_counted": 746
    },
    {
      "chain_index": 2,
      "finish_reason": "stop",
      "extracted_answer": "25",
      "prompt_tokens": 682,
      "completion_tokens": 19958,
      "reasoning_tokens_counted": 19362,
      "non_reasoning_tokens_counted": 594
    },
    {
      "chain_index": 3,
      "finish_reason": "stop",
      "extracted_answer": "100",
      "prompt_tokens": 682,
      "completion_tokens": 24059,
      "reasoning_tokens_counted": 23483,
      "non_reasoning_tokens_counted": 574
    },
    {
      "chain_index": 4,
      "finish_reason": "stop",
      "extracted_answer": "55",
      "prompt_tokens": 682,
      "completion_tokens": 21084,
      "reasoning_tokens_counted": 20427,
      "non_reasoning_tokens_counted": 655
    },
    {
      "chain_index": 5,
      "finish_reason": "stop",
      "extracted_answer": "25",
      "prompt_tokens": 682,
      "completion_tokens": 22465,
      "reasoning_tokens_counted": 21963,
      "non_reasoning_tokens_counted": 500
    },
    {
      "chain_index": 6,
      "finish_reason": "stop",
      "extracted_answer": "55",
      "prompt_tokens": 682,
      "completion_tokens": 28324,
      "reasoning_tokens_counted": 27635,
      "non_reasoning_tokens_counted": 687
    },
    {
      "chain_index": 7,
      "finish_reason": "stop",
      "extracted_answer": "100",
      "prompt_tokens": 682,
      "completion_tokens": 27129,
      "reasoning_tokens_counted": 26571,
      "non_reasoning_tokens_counted": 556
    },
    {
      "chain_index": 8,
      "finish_reason": "stop",
      "extracted_answer": "20",
      "prompt_tokens": 682,
      "completion_tokens": 16481,
      "reasoning_tokens_counted": 15862,
      "non_reasoning_tokens_counted": 617
    },
    {
      "chain_index": 9,
      "finish_reason": "stop",
      "extracted_answer": "20",
      "prompt_tokens": 682,
      "completion_tokens": 27751,
      "reasoning_tokens_counted": 27221,
      "non_reasoning_tokens_counted": 528
    },
    {
      "chain_index": 10,
      "finish_reason": "stop",
      "extracted_answer": "20\\sqrt{2}",
      "prompt_tokens": 682,
      "completion_tokens": 22945,
      "reasoning_tokens_counted": 22347,
      "non_reasoning_tokens_counted": 596
    },
    {
      "chain_index": 11,
      "finish_reason": "stop",
      "extracted_answer": "50",
      "prompt_tokens": 682,
      "completion_tokens": 23654,
      "reasoning_tokens_counted": 23083,
      "non_reasoning_tokens_counted": 569
    },
    {
      "chain_index": 12,
      "finish_reason": "stop",
      "extracted_answer": "10",
      "prompt_tokens": 682,
      "completion_tokens": 24426,
      "reasoning_tokens_counted": 23716,
      "non_reasoning_tokens_counted": 708
    },
    {
      "chain_index": 13,
      "finish_reason": "stop",
      "extracted_answer": "25",
      "prompt_tokens": 682,
      "completion_tokens": 26294,
      "reasoning_tokens_counted": 25674,
      "non_reasoning_tokens_counted": 618
    },
    {
      "chain_index": 14,
      "finish_reason": "stop",
      "extracted_answer": "28",
      "prompt_tokens": 682,
      "completion_tokens": 15585,
      "reasoning_tokens_counted": 14966,
      "non_reasoning_tokens_counted": 617
    },
    {
      "chain_index": 15,
      "finish_reason": "stop",
      "extracted_answer": "28",
      "prompt_tokens": 682,
      "completion_tokens": 28396,
      "reasoning_tokens_counted": 27588,
      "non_reasoning_tokens_counted": 806
    },
    {
      "chain_index": 16,
      "finish_reason": "stop",
      "extracted_answer": "100",
      "prompt_tokens": 682,
      "completion_tokens": 20848,
      "reasoning_tokens_counted": 20280,
      "non_reasoning_tokens_counted": 566
    }
  ],
  "error_chain_details": []
}