{
  "iteration": 28,
  "question_id": "index_27",
  "status": "SUCCESS",
  "n_chains_requested": 16,
  "n_chains_completed_stream_with_content": 16,
  "n_chains_completed_stream_for_voting": 16,
  "error_chains_count": 0,
  "prompt_len": 527,
  "correct_answer_reference": "\\sqrt{6}",
  "individual_answers": [
    "\\dfrac{\\sqrt{22}}{2}",
    "\\sqrt{6}",
    "\\sqrt{6}",
    "\\sqrt{6}",
    "\\sqrt{6}",
    "\\sqrt{6}",
    "\\sqrt{6}",
    "\\sqrt{21}",
    "\\sqrt{6}",
    "\\sqrt{6}",
    "\\sqrt{6}",
    "\\sqrt{6}",
    "\\sqrt{6}",
    "\\sqrt{6}",
    "\\sqrt{6}",
    "\\sqrt{6}"
  ],
  "voted_answer": "\\sqrt{6}",
  "final_score": 1,
  "avg_kv_cache_usage": 0.2723590188662433,
  "max_kv_cache_usage": 0.5145049706412418,
  "processing_duration_sec": 705.5373861789703,
  "usage_aggregated": {
    "prompt_tokens": 165,
    "total_completion_tokens_across_all_requested_chains": 228788,
    "total_reasoning_tokens_counted": 218437,
    "total_non_reasoning_tokens_counted": 10319,
    "total_tokens_usage": 228953
  },
  "chains_for_voting_details": [
    {
      "chain_index": 1,
      "finish_reason": "stop",
      "extracted_answer": "\\dfrac{\\sqrt{22}}{2}",
      "prompt_tokens": 165,
      "completion_tokens": 24876,
      "reasoning_tokens_counted": 24190,
      "non_reasoning_tokens_counted": 684
    },
    {
      "chain_index": 2,
      "finish_reason": "stop",
      "extracted_answer": "\\sqrt{6}",
      "prompt_tokens": 165,
      "completion_tokens": 10350,
      "reasoning_tokens_counted": 9569,
      "non_reasoning_tokens_counted": 779
    },
    {
      "chain_index": 3,
      "finish_reason": "stop",
      "extracted_answer": "\\sqrt{6}",
      "prompt_tokens": 165,
      "completion_tokens": 19125,
      "reasoning_tokens_counted": 18508,
      "non_reasoning_tokens_counted": 615
    },
    {
      "chain_index": 4,
      "finish_reason": "stop",
      "extracted_answer": "\\sqrt{6}",
      "prompt_tokens": 165,
      "completion_tokens": 12333,
      "reasoning_tokens_counted": 11766,
      "non_reasoning_tokens_counted": 565
    },
    {
      "chain_index": 5,
      "finish_reason": "stop",
      "extracted_answer": "\\sqrt{6}",
      "prompt_tokens": 165,
      "completion_tokens": 9266,
      "reasoning_tokens_counted": 8613,
      "non_reasoning_tokens_counted": 651
    },
    {
      "chain_index": 6,
      "finish_reason": "stop",
      "extracted_answer": "\\sqrt{6}",
      "prompt_tokens": 165,
      "completion_tokens": 13576,
      "reasoning_tokens_counted": 13083,
      "non_reasoning_tokens_counted": 491
    },
    {
      "chain_index": 7,
      "finish_reason": "stop",
      "extracted_answer": "\\sqrt{6}",
      "prompt_tokens": 165,
      "completion_tokens": 16717,
      "reasoning_tokens_counted": 16092,
      "non_reasoning_tokens_counted": 623
    },
    {
      "chain_index": 8,
      "finish_reason": "stop",
      "extracted_answer": "\\sqrt{21}",
      "prompt_tokens": 165,
      "completion_tokens": 23819,
      "reasoning_tokens_counted": 23103,
      "non_reasoning_tokens_counted": 714
    },
    {
      "chain_index": 9,
      "finish_reason": "stop",
      "extracted_answer": "\\sqrt{6}",
      "prompt_tokens": 165,
      "completion_tokens": 11037,
      "reasoning_tokens_counted": 10429,
      "non_reasoning_tokens_counted": 606
    },
    {
      "chain_index": 10,
      "finish_reason": "stop",
      "extracted_answer": "\\sqrt{6}",
      "prompt_tokens": 165,
      "completion_tokens": 14756,
      "reasoning_tokens_counted": 14114,
      "non_reasoning_tokens_counted": 640
    },
    {
      "chain_index": 11,
      "finish_reason": "stop",
      "extracted_answer": "\\sqrt{6}",
      "prompt_tokens": 165,
      "completion_tokens": 9623,
      "reasoning_tokens_counted": 9084,
      "non_reasoning_tokens_counted": 537
    },
    {
      "chain_index": 12,
      "finish_reason": "stop",
      "extracted_answer": "\\sqrt{6}",
      "prompt_tokens": 165,
      "completion_tokens": 13524,
      "reasoning_tokens_counted": 12909,
      "non_reasoning_tokens_counted": 613
    },
    {
      "chain_index": 13,
      "finish_reason": "stop",
      "extracted_answer": "\\sqrt{6}",
      "prompt_tokens": 165,
      "completion_tokens": 17993,
      "reasoning_tokens_counted": 17357,
      "non_reasoning_tokens_counted": 634
    },
    {
      "chain_index": 14,
      "finish_reason": "stop",
      "extracted_answer": "\\sqrt{6}",
      "prompt_tokens": 165,
      "completion_tokens": 8181,
      "reasoning_tokens_counted": 7533,
      "non_reasoning_tokens_counted": 646
    },
    {
      "chain_index": 15,
      "finish_reason": "stop",
      "extracted_answer": "\\sqrt{6}",
      "prompt_tokens": 165,
      "completion_tokens": 10176,
      "reasoning_tokens_counted": 9330,
      "non_reasoning_tokens_counted": 844
    },
    {
      "chain_index": 16,
      "finish_reason": "stop",
      "extracted_answer": "\\sqrt{6}",
      "prompt_tokens": 165,
      "completion_tokens": 13436,
      "reasoning_tokens_counted": 12757,
      "non_reasoning_tokens_counted": 677
    }
  ],
  "error_chain_details": []
}