{
  "iteration": 27,
  "question_id": "index_26",
  "status": "SUCCESS",
  "n_chains_requested": 16,
  "n_chains_completed_stream_with_content": 16,
  "n_chains_completed_stream_for_voting": 16,
  "error_chains_count": 0,
  "prompt_len": 494,
  "correct_answer_reference": "\\frac{7}{18}",
  "individual_answers": [
    "\\dfrac{7}{18}",
    "\\dfrac{7}{18}",
    "\\dfrac{7}{10}",
    "\\dfrac{11}{45}",
    "\\dfrac{9}{20}",
    "\\dfrac{7}{18}",
    "\\dfrac{17}{50}",
    "\\dfrac{7}{15}",
    "\\dfrac{7}{18}",
    "\\dfrac{7}{18}",
    "\\dfrac{7}{22}",
    "\\dfrac{7}{18}",
    "\\dfrac{3}{8}",
    "\\dfrac{2}{7}",
    "\\dfrac{7}{18}",
    "\\dfrac{2\\sqrt{5}}{15}"
  ],
  "voted_answer": "\\dfrac{7}{18}",
  "final_score": 1,
  "avg_kv_cache_usage": 0.4889102298916694,
  "max_kv_cache_usage": 0.817626882158014,
  "processing_duration_sec": 925.0249726772308,
  "usage_aggregated": {
    "prompt_tokens": 156,
    "total_completion_tokens_across_all_requested_chains": 345879,
    "total_reasoning_tokens_counted": 335522,
    "total_non_reasoning_tokens_counted": 10323,
    "total_tokens_usage": 346035
  },
  "chains_for_voting_details": [
    {
      "chain_index": 1,
      "finish_reason": "stop",
      "extracted_answer": "\\dfrac{7}{18}",
      "prompt_tokens": 156,
      "completion_tokens": 15634,
      "reasoning_tokens_counted": 14991,
      "non_reasoning_tokens_counted": 641
    },
    {
      "chain_index": 2,
      "finish_reason": "stop",
      "extracted_answer": "\\dfrac{7}{18}",
      "prompt_tokens": 156,
      "completion_tokens": 13905,
      "reasoning_tokens_counted": 13368,
      "non_reasoning_tokens_counted": 535
    },
    {
      "chain_index": 3,
      "finish_reason": "stop",
      "extracted_answer": "\\dfrac{7}{10}",
      "prompt_tokens": 156,
      "completion_tokens": 25596,
      "reasoning_tokens_counted": 24766,
      "non_reasoning_tokens_counted": 826
    },
    {
      "chain_index": 4,
      "finish_reason": "stop",
      "extracted_answer": "\\dfrac{11}{45}",
      "prompt_tokens": 156,
      "completion_tokens": 30375,
      "reasoning_tokens_counted": 29647,
      "non_reasoning_tokens_counted": 726
    },
    {
      "chain_index": 5,
      "finish_reason": "stop",
      "extracted_answer": "\\dfrac{9}{20}",
      "prompt_tokens": 156,
      "completion_tokens": 29423,
      "reasoning_tokens_counted": 28766,
      "non_reasoning_tokens_counted": 655
    },
    {
      "chain_index": 6,
      "finish_reason": "stop",
      "extracted_answer": "\\dfrac{7}{18}",
      "prompt_tokens": 156,
      "completion_tokens": 26409,
      "reasoning_tokens_counted": 25643,
      "non_reasoning_tokens_counted": 764
    },
    {
      "chain_index": 7,
      "finish_reason": "stop",
      "extracted_answer": "\\dfrac{17}{50}",
      "prompt_tokens": 156,
      "completion_tokens": 20723,
      "reasoning_tokens_counted": 20273,
      "non_reasoning_tokens_counted": 448
    },
    {
      "chain_index": 8,
      "finish_reason": "stop",
      "extracted_answer": "\\dfrac{7}{15}",
      "prompt_tokens": 156,
      "completion_tokens": 26484,
      "reasoning_tokens_counted": 25781,
      "non_reasoning_tokens_counted": 701
    },
    {
      "chain_index": 9,
      "finish_reason": "stop",
      "extracted_answer": "\\dfrac{7}{18}",
      "prompt_tokens": 156,
      "completion_tokens": 15198,
      "reasoning_tokens_counted": 14486,
      "non_reasoning_tokens_counted": 710
    },
    {
      "chain_index": 10,
      "finish_reason": "stop",
      "extracted_answer": "\\dfrac{7}{18}",
      "prompt_tokens": 156,
      "completion_tokens": 14820,
      "reasoning_tokens_counted": 14073,
      "non_reasoning_tokens_counted": 745
    },
    {
      "chain_index": 11,
      "finish_reason": "stop",
      "extracted_answer": "\\dfrac{7}{22}",
      "prompt_tokens": 156,
      "completion_tokens": 25381,
      "reasoning_tokens_counted": 24782,
      "non_reasoning_tokens_counted": 597
    },
    {
      "chain_index": 12,
      "finish_reason": "stop",
      "extracted_answer": "\\dfrac{7}{18}",
      "prompt_tokens": 156,
      "completion_tokens": 16335,
      "reasoning_tokens_counted": 15744,
      "non_reasoning_tokens_counted": 589
    },
    {
      "chain_index": 13,
      "finish_reason": "stop",
      "extracted_answer": "\\dfrac{3}{8}",
      "prompt_tokens": 156,
      "completion_tokens": 24945,
      "reasoning_tokens_counted": 24355,
      "non_reasoning_tokens_counted": 588
    },
    {
      "chain_index": 14,
      "finish_reason": "stop",
      "extracted_answer": "\\dfrac{2}{7}",
      "prompt_tokens": 156,
      "completion_tokens": 29809,
      "reasoning_tokens_counted": 29207,
      "non_reasoning_tokens_counted": 600
    },
    {
      "chain_index": 15,
      "finish_reason": "stop",
      "extracted_answer": "\\dfrac{7}{18}",
      "prompt_tokens": 156,
      "completion_tokens": 13982,
      "reasoning_tokens_counted": 13451,
      "non_reasoning_tokens_counted": 529
    },
    {
      "chain_index": 16,
      "finish_reason": "stop",
      "extracted_answer": "\\dfrac{2\\sqrt{5}}{15}",
      "prompt_tokens": 156,
      "completion_tokens": 16860,
      "reasoning_tokens_counted": 16189,
      "non_reasoning_tokens_counted": 669
    }
  ],
  "error_chain_details": []
}