{
  "iteration": 4,
  "question_id": "index_3",
  "status": "SUCCESS",
  "n_chains_requested": 16,
  "n_chains_completed_stream_with_content": 16,
  "n_chains_completed_stream_for_voting": 16,
  "error_chains_count": 0,
  "prompt_len": 404,
  "correct_answer_reference": "-984",
  "individual_answers": [
    "-984",
    "-983",
    "-984",
    "-984",
    "-984",
    "-984",
    "-984",
    "-984",
    "-984",
    "-985",
    "-985",
    "-984",
    "-983",
    "-984",
    "-984",
    "-984"
  ],
  "voted_answer": "-984",
  "final_score": 1,
  "avg_kv_cache_usage": 0.3942258124755083,
  "max_kv_cache_usage": 0.7776292076042091,
  "processing_duration_sec": 679.5542340278625,
  "usage_aggregated": {
    "prompt_tokens": 123,
    "total_completion_tokens_across_all_requested_chains": 277111,
    "total_reasoning_tokens_counted": 264098,
    "total_non_reasoning_tokens_counted": 12981,
    "total_tokens_usage": 277234
  },
  "chains_for_voting_details": [
    {
      "chain_index": 1,
      "finish_reason": "stop",
      "extracted_answer": "-984",
      "prompt_tokens": 123,
      "completion_tokens": 20296,
      "reasoning_tokens_counted": 19302,
      "non_reasoning_tokens_counted": 992
    },
    {
      "chain_index": 2,
      "finish_reason": "stop",
      "extracted_answer": "-983",
      "prompt_tokens": 123,
      "completion_tokens": 13247,
      "reasoning_tokens_counted": 12361,
      "non_reasoning_tokens_counted": 884
    },
    {
      "chain_index": 3,
      "finish_reason": "stop",
      "extracted_answer": "-984",
      "prompt_tokens": 123,
      "completion_tokens": 17960,
      "reasoning_tokens_counted": 16999,
      "non_reasoning_tokens_counted": 959
    },
    {
      "chain_index": 4,
      "finish_reason": "stop",
      "extracted_answer": "-984",
      "prompt_tokens": 123,
      "completion_tokens": 14783,
      "reasoning_tokens_counted": 13852,
      "non_reasoning_tokens_counted": 929
    },
    {
      "chain_index": 5,
      "finish_reason": "stop",
      "extracted_answer": "-984",
      "prompt_tokens": 123,
      "completion_tokens": 17131,
      "reasoning_tokens_counted": 16383,
      "non_reasoning_tokens_counted": 746
    },
    {
      "chain_index": 6,
      "finish_reason": "stop",
      "extracted_answer": "-984",
      "prompt_tokens": 123,
      "completion_tokens": 13739,
      "reasoning_tokens_counted": 13050,
      "non_reasoning_tokens_counted": 687
    },
    {
      "chain_index": 7,
      "finish_reason": "stop",
      "extracted_answer": "-984",
      "prompt_tokens": 123,
      "completion_tokens": 18528,
      "reasoning_tokens_counted": 17637,
      "non_reasoning_tokens_counted": 889
    },
    {
      "chain_index": 8,
      "finish_reason": "stop",
      "extracted_answer": "-984",
      "prompt_tokens": 123,
      "completion_tokens": 23004,
      "reasoning_tokens_counted": 22554,
      "non_reasoning_tokens_counted": 448
    },
    {
      "chain_index": 9,
      "finish_reason": "stop",
      "extracted_answer": "-984",
      "prompt_tokens": 123,
      "completion_tokens": 17339,
      "reasoning_tokens_counted": 16620,
      "non_reasoning_tokens_counted": 717
    },
    {
      "chain_index": 10,
      "finish_reason": "stop",
      "extracted_answer": "-985",
      "prompt_tokens": 123,
      "completion_tokens": 18319,
      "reasoning_tokens_counted": 17450,
      "non_reasoning_tokens_counted": 867
    },
    {
      "chain_index": 11,
      "finish_reason": "stop",
      "extracted_answer": "-985",
      "prompt_tokens": 123,
      "completion_tokens": 21367,
      "reasoning_tokens_counted": 20593,
      "non_reasoning_tokens_counted": 772
    },
    {
      "chain_index": 12,
      "finish_reason": "stop",
      "extracted_answer": "-984",
      "prompt_tokens": 123,
      "completion_tokens": 14875,
      "reasoning_tokens_counted": 14073,
      "non_reasoning_tokens_counted": 800
    },
    {
      "chain_index": 13,
      "finish_reason": "stop",
      "extracted_answer": "-983",
      "prompt_tokens": 123,
      "completion_tokens": 20081,
      "reasoning_tokens_counted": 19055,
      "non_reasoning_tokens_counted": 1024
    },
    {
      "chain_index": 14,
      "finish_reason": "stop",
      "extracted_answer": "-984",
      "prompt_tokens": 123,
      "completion_tokens": 14936,
      "reasoning_tokens_counted": 14045,
      "non_reasoning_tokens_counted": 889
    },
    {
      "chain_index": 15,
      "finish_reason": "stop",
      "extracted_answer": "-984",
      "prompt_tokens": 123,
      "completion_tokens": 15673,
      "reasoning_tokens_counted": 15086,
      "non_reasoning_tokens_counted": 585
    },
    {
      "chain_index": 16,
      "finish_reason": "stop",
      "extracted_answer": "-984",
      "prompt_tokens": 123,
      "completion_tokens": 15833,
      "reasoning_tokens_counted": 15038,
      "non_reasoning_tokens_counted": 793
    }
  ],
  "error_chain_details": []
}