{
  "iteration": 10,
  "question_id": "index_9",
  "status": "SUCCESS",
  "n_chains_requested": 16,
  "n_chains_completed_stream_with_content": 16,
  "n_chains_completed_stream_for_voting": 16,
  "error_chains_count": 0,
  "prompt_len": 523,
  "correct_answer_reference": "\\frac{-1+\\sqrt{17}}{2}, \\frac{-1-\\sqrt{17}}{2}",
  "individual_answers": [
    "\\frac{-1 - \\sqrt{17}}{2}",
    "\\dfrac{-1 - \\sqrt{17}}{2}",
    "\\dfrac{-1 - \\sqrt{17}}{2}",
    "\\dfrac{-1 - \\sqrt{17}}{2}",
    "-9",
    "1 + \\sqrt{26}",
    "9",
    "9, -6",
    "-7",
    "-6",
    "6",
    "-6",
    "-6",
    "\\dfrac{3 - \\sqrt{105}}{2}",
    "6",
    "6"
  ],
  "voted_answer": "\\dfrac{-1 - \\sqrt{17}}{2}",
  "final_score": 0,
  "avg_kv_cache_usage": 0.46524815433437333,
  "max_kv_cache_usage": 0.8133829428521597,
  "processing_duration_sec": 918.8978946208954,
  "usage_aggregated": {
    "prompt_tokens": 146,
    "total_completion_tokens_across_all_requested_chains": 333974,
    "total_reasoning_tokens_counted": 324530,
    "total_non_reasoning_tokens_counted": 9410,
    "total_tokens_usage": 334120
  },
  "chains_for_voting_details": [
    {
      "chain_index": 1,
      "finish_reason": "stop",
      "extracted_answer": "\\frac{-1 - \\sqrt{17}}{2}",
      "prompt_tokens": 146,
      "completion_tokens": 30308,
      "reasoning_tokens_counted": 29525,
      "non_reasoning_tokens_counted": 781
    },
    {
      "chain_index": 2,
      "finish_reason": "stop",
      "extracted_answer": "\\dfrac{-1 - \\sqrt{17}}{2}",
      "prompt_tokens": 146,
      "completion_tokens": 16463,
      "reasoning_tokens_counted": 15967,
      "non_reasoning_tokens_counted": 494
    },
    {
      "chain_index": 3,
      "finish_reason": "stop",
      "extracted_answer": "\\dfrac{-1 - \\sqrt{17}}{2}",
      "prompt_tokens": 146,
      "completion_tokens": 22257,
      "reasoning_tokens_counted": 21654,
      "non_reasoning_tokens_counted": 601
    },
    {
      "chain_index": 4,
      "finish_reason": "stop",
      "extracted_answer": "\\dfrac{-1 - \\sqrt{17}}{2}",
      "prompt_tokens": 146,
      "completion_tokens": 18496,
      "reasoning_tokens_counted": 17902,
      "non_reasoning_tokens_counted": 592
    },
    {
      "chain_index": 5,
      "finish_reason": "stop",
      "extracted_answer": "-9",
      "prompt_tokens": 146,
      "completion_tokens": 20064,
      "reasoning_tokens_counted": 19590,
      "non_reasoning_tokens_counted": 472
    },
    {
      "chain_index": 6,
      "finish_reason": "stop",
      "extracted_answer": "1 + \\sqrt{26}",
      "prompt_tokens": 146,
      "completion_tokens": 21136,
      "reasoning_tokens_counted": 20528,
      "non_reasoning_tokens_counted": 606
    },
    {
      "chain_index": 7,
      "finish_reason": "stop",
      "extracted_answer": "9",
      "prompt_tokens": 146,
      "completion_tokens": 8028,
      "reasoning_tokens_counted": 7439,
      "non_reasoning_tokens_counted": 587
    },
    {
      "chain_index": 8,
      "finish_reason": "stop",
      "extracted_answer": "9, -6",
      "prompt_tokens": 146,
      "completion_tokens": 6522,
      "reasoning_tokens_counted": 6099,
      "non_reasoning_tokens_counted": 419
    },
    {
      "chain_index": 9,
      "finish_reason": "stop",
      "extracted_answer": "-7",
      "prompt_tokens": 146,
      "completion_tokens": 27568,
      "reasoning_tokens_counted": 27029,
      "non_reasoning_tokens_counted": 537
    },
    {
      "chain_index": 10,
      "finish_reason": "stop",
      "extracted_answer": "-6",
      "prompt_tokens": 146,
      "completion_tokens": 28383,
      "reasoning_tokens_counted": 27673,
      "non_reasoning_tokens_counted": 708
    },
    {
      "chain_index": 11,
      "finish_reason": "stop",
      "extracted_answer": "6",
      "prompt_tokens": 146,
      "completion_tokens": 20271,
      "reasoning_tokens_counted": 19713,
      "non_reasoning_tokens_counted": 556
    },
    {
      "chain_index": 12,
      "finish_reason": "stop",
      "extracted_answer": "-6",
      "prompt_tokens": 146,
      "completion_tokens": 23830,
      "reasoning_tokens_counted": 23264,
      "non_reasoning_tokens_counted": 564
    },
    {
      "chain_index": 13,
      "finish_reason": "stop",
      "extracted_answer": "-6",
      "prompt_tokens": 146,
      "completion_tokens": 15211,
      "reasoning_tokens_counted": 14496,
      "non_reasoning_tokens_counted": 713
    },
    {
      "chain_index": 14,
      "finish_reason": "stop",
      "extracted_answer": "\\dfrac{3 - \\sqrt{105}}{2}",
      "prompt_tokens": 146,
      "completion_tokens": 26460,
      "reasoning_tokens_counted": 25879,
      "non_reasoning_tokens_counted": 579
    },
    {
      "chain_index": 15,
      "finish_reason": "stop",
      "extracted_answer": "6",
      "prompt_tokens": 146,
      "completion_tokens": 23901,
      "reasoning_tokens_counted": 23158,
      "non_reasoning_tokens_counted": 741
    },
    {
      "chain_index": 16,
      "finish_reason": "stop",
      "extracted_answer": "6",
      "prompt_tokens": 146,
      "completion_tokens": 25076,
      "reasoning_tokens_counted": 24614,
      "non_reasoning_tokens_counted": 460
    }
  ],
  "error_chain_details": []
}