{
  "iteration": 9,
  "question_id": "index_8",
  "status": "SUCCESS",
  "n_chains_requested": 16,
  "n_chains_completed_stream_with_content": 16,
  "n_chains_completed_stream_for_voting": 16,
  "error_chains_count": 0,
  "prompt_len": 743,
  "correct_answer_reference": "1037",
  "individual_answers": [
    "1037",
    "1037",
    "1037",
    "1037",
    "1037",
    "0",
    "1037",
    "1037",
    "1037",
    "1037",
    "1037",
    "0",
    "1037",
    "1037",
    "1037",
    "990"
  ],
  "voted_answer": "1037",
  "final_score": 1,
  "avg_kv_cache_usage": 0.2523301012292326,
  "max_kv_cache_usage": 0.4666007790244753,
  "processing_duration_sec": 726.2469682693481,
  "usage_aggregated": {
    "prompt_tokens": 243,
    "total_completion_tokens_across_all_requested_chains": 216205,
    "total_reasoning_tokens_counted": 206279,
    "total_non_reasoning_tokens_counted": 9894,
    "total_tokens_usage": 216448
  },
  "chains_for_voting_details": [
    {
      "chain_index": 1,
      "finish_reason": "stop",
      "extracted_answer": "1037",
      "prompt_tokens": 243,
      "completion_tokens": 8319,
      "reasoning_tokens_counted": 7516,
      "non_reasoning_tokens_counted": 801
    },
    {
      "chain_index": 2,
      "finish_reason": "stop",
      "extracted_answer": "1037",
      "prompt_tokens": 243,
      "completion_tokens": 13134,
      "reasoning_tokens_counted": 12433,
      "non_reasoning_tokens_counted": 699
    },
    {
      "chain_index": 3,
      "finish_reason": "stop",
      "extracted_answer": "1037",
      "prompt_tokens": 243,
      "completion_tokens": 25545,
      "reasoning_tokens_counted": 24994,
      "non_reasoning_tokens_counted": 549
    },
    {
      "chain_index": 4,
      "finish_reason": "stop",
      "extracted_answer": "1037",
      "prompt_tokens": 243,
      "completion_tokens": 20039,
      "reasoning_tokens_counted": 19459,
      "non_reasoning_tokens_counted": 578
    },
    {
      "chain_index": 5,
      "finish_reason": "stop",
      "extracted_answer": "1037",
      "prompt_tokens": 243,
      "completion_tokens": 8528,
      "reasoning_tokens_counted": 7850,
      "non_reasoning_tokens_counted": 676
    },
    {
      "chain_index": 6,
      "finish_reason": "stop",
      "extracted_answer": "0",
      "prompt_tokens": 243,
      "completion_tokens": 20633,
      "reasoning_tokens_counted": 20080,
      "non_reasoning_tokens_counted": 551
    },
    {
      "chain_index": 7,
      "finish_reason": "stop",
      "extracted_answer": "1037",
      "prompt_tokens": 243,
      "completion_tokens": 13121,
      "reasoning_tokens_counted": 12475,
      "non_reasoning_tokens_counted": 644
    },
    {
      "chain_index": 8,
      "finish_reason": "stop",
      "extracted_answer": "1037",
      "prompt_tokens": 243,
      "completion_tokens": 10927,
      "reasoning_tokens_counted": 10354,
      "non_reasoning_tokens_counted": 571
    },
    {
      "chain_index": 9,
      "finish_reason": "stop",
      "extracted_answer": "1037",
      "prompt_tokens": 243,
      "completion_tokens": 11882,
      "reasoning_tokens_counted": 11315,
      "non_reasoning_tokens_counted": 565
    },
    {
      "chain_index": 10,
      "finish_reason": "stop",
      "extracted_answer": "1037",
      "prompt_tokens": 243,
      "completion_tokens": 10538,
      "reasoning_tokens_counted": 10000,
      "non_reasoning_tokens_counted": 536
    },
    {
      "chain_index": 11,
      "finish_reason": "stop",
      "extracted_answer": "1037",
      "prompt_tokens": 243,
      "completion_tokens": 10933,
      "reasoning_tokens_counted": 10331,
      "non_reasoning_tokens_counted": 600
    },
    {
      "chain_index": 12,
      "finish_reason": "stop",
      "extracted_answer": "0",
      "prompt_tokens": 243,
      "completion_tokens": 8861,
      "reasoning_tokens_counted": 8185,
      "non_reasoning_tokens_counted": 674
    },
    {
      "chain_index": 13,
      "finish_reason": "stop",
      "extracted_answer": "1037",
      "prompt_tokens": 243,
      "completion_tokens": 12284,
      "reasoning_tokens_counted": 11720,
      "non_reasoning_tokens_counted": 562
    },
    {
      "chain_index": 14,
      "finish_reason": "stop",
      "extracted_answer": "1037",
      "prompt_tokens": 243,
      "completion_tokens": 24711,
      "reasoning_tokens_counted": 23952,
      "non_reasoning_tokens_counted": 757
    },
    {
      "chain_index": 15,
      "finish_reason": "stop",
      "extracted_answer": "1037",
      "prompt_tokens": 243,
      "completion_tokens": 9395,
      "reasoning_tokens_counted": 8756,
      "non_reasoning_tokens_counted": 637
    },
    {
      "chain_index": 16,
      "finish_reason": "stop",
      "extracted_answer": "990",
      "prompt_tokens": 243,
      "completion_tokens": 7355,
      "reasoning_tokens_counted": 6859,
      "non_reasoning_tokens_counted": 494
    }
  ],
  "error_chain_details": []
}