{
  "iteration": 20,
  "question_id": "index_19",
  "status": "SUCCESS",
  "n_chains_requested": 16,
  "n_chains_completed_stream_with_content": 16,
  "n_chains_completed_stream_for_voting": 16,
  "error_chains_count": 0,
  "prompt_len": 751,
  "correct_answer_reference": "\\frac{448}{3}",
  "individual_answers": [
    "630",
    "126",
    "63",
    "\\dfrac{2025}{4}",
    "135",
    "615",
    "\\dfrac{1195757}{8580}",
    "\\dfrac{1071}{2}",
    "630",
    "60",
    "225",
    "41",
    "30",
    "882",
    "\\dfrac{135}{2}",
    "135"
  ],
  "voted_answer": "135",
  "final_score": 0,
  "avg_kv_cache_usage": 0.6019624602102226,
  "max_kv_cache_usage": 0.9999418638451252,
  "processing_duration_sec": 1188.6362752914429,
  "usage_aggregated": {
    "prompt_tokens": 171,
    "total_completion_tokens_across_all_requested_chains": 435306,
    "total_reasoning_tokens_counted": 429604,
    "total_non_reasoning_tokens_counted": 5670,
    "total_tokens_usage": 435477
  },
  "chains_for_voting_details": [
    {
      "chain_index": 1,
      "finish_reason": "stop",
      "extracted_answer": "630",
      "prompt_tokens": 171,
      "completion_tokens": 31817,
      "reasoning_tokens_counted": 31500,
      "non_reasoning_tokens_counted": 315
    },
    {
      "chain_index": 2,
      "finish_reason": "stop",
      "extracted_answer": "126",
      "prompt_tokens": 171,
      "completion_tokens": 23127,
      "reasoning_tokens_counted": 22805,
      "non_reasoning_tokens_counted": 320
    },
    {
      "chain_index": 3,
      "finish_reason": "stop",
      "extracted_answer": "63",
      "prompt_tokens": 171,
      "completion_tokens": 26904,
      "reasoning_tokens_counted": 26515,
      "non_reasoning_tokens_counted": 387
    },
    {
      "chain_index": 4,
      "finish_reason": "stop",
      "extracted_answer": "\\dfrac{2025}{4}",
      "prompt_tokens": 171,
      "completion_tokens": 26263,
      "reasoning_tokens_counted": 25990,
      "non_reasoning_tokens_counted": 271
    },
    {
      "chain_index": 5,
      "finish_reason": "stop",
      "extracted_answer": "135",
      "prompt_tokens": 171,
      "completion_tokens": 24787,
      "reasoning_tokens_counted": 24477,
      "non_reasoning_tokens_counted": 308
    },
    {
      "chain_index": 6,
      "finish_reason": "stop",
      "extracted_answer": "615",
      "prompt_tokens": 171,
      "completion_tokens": 25935,
      "reasoning_tokens_counted": 25561,
      "non_reasoning_tokens_counted": 372
    },
    {
      "chain_index": 7,
      "finish_reason": "stop",
      "extracted_answer": "\\dfrac{1195757}{8580}",
      "prompt_tokens": 171,
      "completion_tokens": 30042,
      "reasoning_tokens_counted": 29542,
      "non_reasoning_tokens_counted": 498
    },
    {
      "chain_index": 8,
      "finish_reason": "stop",
      "extracted_answer": "\\dfrac{1071}{2}",
      "prompt_tokens": 171,
      "completion_tokens": 30524,
      "reasoning_tokens_counted": 30155,
      "non_reasoning_tokens_counted": 367
    },
    {
      "chain_index": 9,
      "finish_reason": "stop",
      "extracted_answer": "630",
      "prompt_tokens": 171,
      "completion_tokens": 27295,
      "reasoning_tokens_counted": 26983,
      "non_reasoning_tokens_counted": 310
    },
    {
      "chain_index": 10,
      "finish_reason": "stop",
      "extracted_answer": "60",
      "prompt_tokens": 171,
      "completion_tokens": 27587,
      "reasoning_tokens_counted": 27205,
      "non_reasoning_tokens_counted": 380
    },
    {
      "chain_index": 11,
      "finish_reason": "stop",
      "extracted_answer": "225",
      "prompt_tokens": 171,
      "completion_tokens": 27553,
      "reasoning_tokens_counted": 27257,
      "non_reasoning_tokens_counted": 294
    },
    {
      "chain_index": 12,
      "finish_reason": "stop",
      "extracted_answer": "41",
      "prompt_tokens": 171,
      "completion_tokens": 29682,
      "reasoning_tokens_counted": 29162,
      "non_reasoning_tokens_counted": 518
    },
    {
      "chain_index": 13,
      "finish_reason": "stop",
      "extracted_answer": "30",
      "prompt_tokens": 171,
      "completion_tokens": 25552,
      "reasoning_tokens_counted": 25199,
      "non_reasoning_tokens_counted": 351
    },
    {
      "chain_index": 14,
      "finish_reason": "stop",
      "extracted_answer": "882",
      "prompt_tokens": 171,
      "completion_tokens": 26673,
      "reasoning_tokens_counted": 26424,
      "non_reasoning_tokens_counted": 247
    },
    {
      "chain_index": 15,
      "finish_reason": "stop",
      "extracted_answer": "\\dfrac{135}{2}",
      "prompt_tokens": 171,
      "completion_tokens": 28709,
      "reasoning_tokens_counted": 28326,
      "non_reasoning_tokens_counted": 381
    },
    {
      "chain_index": 16,
      "finish_reason": "stop",
      "extracted_answer": "135",
      "prompt_tokens": 171,
      "completion_tokens": 22856,
      "reasoning_tokens_counted": 22503,
      "non_reasoning_tokens_counted": 351
    }
  ],
  "error_chain_details": []
}