{
  "iteration": 21,
  "question_id": "index_20",
  "status": "SUCCESS",
  "n_chains_requested": 16,
  "n_chains_completed_stream_with_content": 16,
  "n_chains_completed_stream_for_voting": 16,
  "error_chains_count": 0,
  "prompt_len": 487,
  "correct_answer_reference": "26",
  "individual_answers": [
    "26",
    "26",
    "26",
    "26",
    "26",
    "26",
    "26",
    "26",
    "26",
    "26",
    "26",
    "26",
    "26",
    "26",
    "26",
    "26"
  ],
  "voted_answer": "26",
  "final_score": 1,
  "avg_kv_cache_usage": 0.07011666462138007,
  "max_kv_cache_usage": 0.133945700831347,
  "processing_duration_sec": 76.23140621185303,
  "usage_aggregated": {
    "prompt_tokens": 139,
    "total_completion_tokens_across_all_requested_chains": 44041,
    "total_reasoning_tokens_counted": 34051,
    "total_non_reasoning_tokens_counted": 9958,
    "total_tokens_usage": 44180
  },
  "chains_for_voting_details": [
    {
      "chain_index": 1,
      "finish_reason": "stop",
      "extracted_answer": "26",
      "prompt_tokens": 139,
      "completion_tokens": 2990,
      "reasoning_tokens_counted": 2375,
      "non_reasoning_tokens_counted": 613
    },
    {
      "chain_index": 2,
      "finish_reason": "stop",
      "extracted_answer": "26",
      "prompt_tokens": 139,
      "completion_tokens": 2864,
      "reasoning_tokens_counted": 2238,
      "non_reasoning_tokens_counted": 624
    },
    {
      "chain_index": 3,
      "finish_reason": "stop",
      "extracted_answer": "26",
      "prompt_tokens": 139,
      "completion_tokens": 2862,
      "reasoning_tokens_counted": 2278,
      "non_reasoning_tokens_counted": 582
    },
    {
      "chain_index": 4,
      "finish_reason": "stop",
      "extracted_answer": "26",
      "prompt_tokens": 139,
      "completion_tokens": 2668,
      "reasoning_tokens_counted": 1994,
      "non_reasoning_tokens_counted": 672
    },
    {
      "chain_index": 5,
      "finish_reason": "stop",
      "extracted_answer": "26",
      "prompt_tokens": 139,
      "completion_tokens": 2165,
      "reasoning_tokens_counted": 1616,
      "non_reasoning_tokens_counted": 547
    },
    {
      "chain_index": 6,
      "finish_reason": "stop",
      "extracted_answer": "26",
      "prompt_tokens": 139,
      "completion_tokens": 3517,
      "reasoning_tokens_counted": 2873,
      "non_reasoning_tokens_counted": 642
    },
    {
      "chain_index": 7,
      "finish_reason": "stop",
      "extracted_answer": "26",
      "prompt_tokens": 139,
      "completion_tokens": 2924,
      "reasoning_tokens_counted": 2327,
      "non_reasoning_tokens_counted": 595
    },
    {
      "chain_index": 8,
      "finish_reason": "stop",
      "extracted_answer": "26",
      "prompt_tokens": 139,
      "completion_tokens": 2786,
      "reasoning_tokens_counted": 2193,
      "non_reasoning_tokens_counted": 591
    },
    {
      "chain_index": 9,
      "finish_reason": "stop",
      "extracted_answer": "26",
      "prompt_tokens": 139,
      "completion_tokens": 2591,
      "reasoning_tokens_counted": 1976,
      "non_reasoning_tokens_counted": 613
    },
    {
      "chain_index": 10,
      "finish_reason": "stop",
      "extracted_answer": "26",
      "prompt_tokens": 139,
      "completion_tokens": 3057,
      "reasoning_tokens_counted": 2292,
      "non_reasoning_tokens_counted": 763
    },
    {
      "chain_index": 11,
      "finish_reason": "stop",
      "extracted_answer": "26",
      "prompt_tokens": 139,
      "completion_tokens": 2454,
      "reasoning_tokens_counted": 1802,
      "non_reasoning_tokens_counted": 650
    },
    {
      "chain_index": 12,
      "finish_reason": "stop",
      "extracted_answer": "26",
      "prompt_tokens": 139,
      "completion_tokens": 3003,
      "reasoning_tokens_counted": 2331,
      "non_reasoning_tokens_counted": 670
    },
    {
      "chain_index": 13,
      "finish_reason": "stop",
      "extracted_answer": "26",
      "prompt_tokens": 139,
      "completion_tokens": 2445,
      "reasoning_tokens_counted": 1826,
      "non_reasoning_tokens_counted": 617
    },
    {
      "chain_index": 14,
      "finish_reason": "stop",
      "extracted_answer": "26",
      "prompt_tokens": 139,
      "completion_tokens": 2742,
      "reasoning_tokens_counted": 2122,
      "non_reasoning_tokens_counted": 618
    },
    {
      "chain_index": 15,
      "finish_reason": "stop",
      "extracted_answer": "26",
      "prompt_tokens": 139,
      "completion_tokens": 2227,
      "reasoning_tokens_counted": 1649,
      "non_reasoning_tokens_counted": 576
    },
    {
      "chain_index": 16,
      "finish_reason": "stop",
      "extracted_answer": "26",
      "prompt_tokens": 139,
      "completion_tokens": 2746,
      "reasoning_tokens_counted": 2159,
      "non_reasoning_tokens_counted": 585
    }
  ],
  "error_chain_details": []
}