{
  "iteration": 18,
  "question_id": "index_17",
  "status": "SUCCESS",
  "n_chains_requested": 16,
  "n_chains_completed_stream_with_content": 16,
  "n_chains_completed_stream_for_voting": 16,
  "error_chains_count": 0,
  "prompt_len": 716,
  "correct_answer_reference": "\\frac{2025}{101}",
  "individual_answers": [
    "2025 \\left(1 - \\frac{1}{e}\\right)",
    "\\dfrac{675}{67}",
    "\\dfrac{675}{67}",
    "2025 \\left(1 - \\frac{1}{e}\\right)",
    "1825",
    "\\dfrac{2025}{101}",
    "2025\\left(1 - \\frac{1}{e}\\right)",
    "\\dfrac{675}{67}",
    "\\dfrac{2025}{101}",
    "1825",
    "\\dfrac{675}{67}",
    "\\dfrac{675}{67}",
    "\\dfrac{675}{67}",
    "\\dfrac{2025}{101}",
    "\\dfrac{675}{67}",
    "2025 \\left(1 - \\frac{1}{e}\\right)"
  ],
  "voted_answer": "\\dfrac{675}{67}",
  "final_score": 0,
  "avg_kv_cache_usage": 0.33338048169470175,
  "max_kv_cache_usage": 0.5892680658101273,
  "processing_duration_sec": 835.9387648105621,
  "usage_aggregated": {
    "prompt_tokens": 222,
    "total_completion_tokens_across_all_requested_chains": 273160,
    "total_reasoning_tokens_counted": 266705,
    "total_non_reasoning_tokens_counted": 6423,
    "total_tokens_usage": 273382
  },
  "chains_for_voting_details": [
    {
      "chain_index": 1,
      "finish_reason": "stop",
      "extracted_answer": "2025 \\left(1 - \\frac{1}{e}\\right)",
      "prompt_tokens": 222,
      "completion_tokens": 21182,
      "reasoning_tokens_counted": 20750,
      "non_reasoning_tokens_counted": 430
    },
    {
      "chain_index": 2,
      "finish_reason": "stop",
      "extracted_answer": "\\dfrac{675}{67}",
      "prompt_tokens": 222,
      "completion_tokens": 10344,
      "reasoning_tokens_counted": 9988,
      "non_reasoning_tokens_counted": 354
    },
    {
      "chain_index": 3,
      "finish_reason": "stop",
      "extracted_answer": "\\dfrac{675}{67}",
      "prompt_tokens": 222,
      "completion_tokens": 11362,
      "reasoning_tokens_counted": 10876,
      "non_reasoning_tokens_counted": 484
    },
    {
      "chain_index": 4,
      "finish_reason": "stop",
      "extracted_answer": "2025 \\left(1 - \\frac{1}{e}\\right)",
      "prompt_tokens": 222,
      "completion_tokens": 20845,
      "reasoning_tokens_counted": 20450,
      "non_reasoning_tokens_counted": 393
    },
    {
      "chain_index": 5,
      "finish_reason": "stop",
      "extracted_answer": "1825",
      "prompt_tokens": 222,
      "completion_tokens": 9854,
      "reasoning_tokens_counted": 9468,
      "non_reasoning_tokens_counted": 384
    },
    {
      "chain_index": 6,
      "finish_reason": "stop",
      "extracted_answer": "\\dfrac{2025}{101}",
      "prompt_tokens": 222,
      "completion_tokens": 18666,
      "reasoning_tokens_counted": 18203,
      "non_reasoning_tokens_counted": 461
    },
    {
      "chain_index": 7,
      "finish_reason": "stop",
      "extracted_answer": "2025\\left(1 - \\frac{1}{e}\\right)",
      "prompt_tokens": 222,
      "completion_tokens": 12182,
      "reasoning_tokens_counted": 11789,
      "non_reasoning_tokens_counted": 391
    },
    {
      "chain_index": 8,
      "finish_reason": "stop",
      "extracted_answer": "\\dfrac{675}{67}",
      "prompt_tokens": 222,
      "completion_tokens": 23030,
      "reasoning_tokens_counted": 22665,
      "non_reasoning_tokens_counted": 363
    },
    {
      "chain_index": 9,
      "finish_reason": "stop",
      "extracted_answer": "\\dfrac{2025}{101}",
      "prompt_tokens": 222,
      "completion_tokens": 14169,
      "reasoning_tokens_counted": 13746,
      "non_reasoning_tokens_counted": 421
    },
    {
      "chain_index": 10,
      "finish_reason": "stop",
      "extracted_answer": "1825",
      "prompt_tokens": 222,
      "completion_tokens": 13788,
      "reasoning_tokens_counted": 13388,
      "non_reasoning_tokens_counted": 398
    },
    {
      "chain_index": 11,
      "finish_reason": "stop",
      "extracted_answer": "\\dfrac{675}{67}",
      "prompt_tokens": 222,
      "completion_tokens": 23215,
      "reasoning_tokens_counted": 22883,
      "non_reasoning_tokens_counted": 330
    },
    {
      "chain_index": 12,
      "finish_reason": "stop",
      "extracted_answer": "\\dfrac{675}{67}",
      "prompt_tokens": 222,
      "completion_tokens": 12162,
      "reasoning_tokens_counted": 11712,
      "non_reasoning_tokens_counted": 448
    },
    {
      "chain_index": 13,
      "finish_reason": "stop",
      "extracted_answer": "\\dfrac{675}{67}",
      "prompt_tokens": 222,
      "completion_tokens": 28631,
      "reasoning_tokens_counted": 28235,
      "non_reasoning_tokens_counted": 394
    },
    {
      "chain_index": 14,
      "finish_reason": "stop",
      "extracted_answer": "\\dfrac{2025}{101}",
      "prompt_tokens": 222,
      "completion_tokens": 14365,
      "reasoning_tokens_counted": 13907,
      "non_reasoning_tokens_counted": 456
    },
    {
      "chain_index": 15,
      "finish_reason": "stop",
      "extracted_answer": "\\dfrac{675}{67}",
      "prompt_tokens": 222,
      "completion_tokens": 21546,
      "reasoning_tokens_counted": 21227,
      "non_reasoning_tokens_counted": 317
    },
    {
      "chain_index": 16,
      "finish_reason": "stop",
      "extracted_answer": "2025 \\left(1 - \\frac{1}{e}\\right)",
      "prompt_tokens": 222,
      "completion_tokens": 17819,
      "reasoning_tokens_counted": 17418,
      "non_reasoning_tokens_counted": 399
    }
  ],
  "error_chain_details": []
}