{
  "iteration": 23,
  "question_id": "index_22",
  "status": "SUCCESS",
  "n_chains_requested": 16,
  "n_chains_completed_stream_with_content": 16,
  "n_chains_completed_stream_for_voting": 16,
  "error_chains_count": 0,
  "prompt_len": 466,
  "correct_answer_reference": "8\\sqrt{10}",
  "individual_answers": [
    "8\\sqrt{10}",
    "8\\sqrt{10}",
    "8\\sqrt{10}",
    "8\\sqrt{10}",
    "8\\sqrt{10}",
    "8\\sqrt{10}",
    "8\\sqrt{10}",
    "8\\sqrt{10}",
    "8\\sqrt{10}",
    "8\\sqrt{10}",
    "8\\sqrt{10}",
    "8\\sqrt{10}",
    "8\\sqrt{10}",
    "8\\sqrt{10}",
    "8\\sqrt{10}",
    "8\\sqrt{10}"
  ],
  "voted_answer": "8\\sqrt{10}",
  "final_score": 1,
  "avg_kv_cache_usage": 0.18396439634036701,
  "max_kv_cache_usage": 0.4314284053252718,
  "processing_duration_sec": 353.9423735141754,
  "usage_aggregated": {
    "prompt_tokens": 135,
    "total_completion_tokens_across_all_requested_chains": 143134,
    "total_reasoning_tokens_counted": 131661,
    "total_non_reasoning_tokens_counted": 11441,
    "total_tokens_usage": 143269
  },
  "chains_for_voting_details": [
    {
      "chain_index": 1,
      "finish_reason": "stop",
      "extracted_answer": "8\\sqrt{10}",
      "prompt_tokens": 135,
      "completion_tokens": 7240,
      "reasoning_tokens_counted": 6629,
      "non_reasoning_tokens_counted": 609
    },
    {
      "chain_index": 2,
      "finish_reason": "stop",
      "extracted_answer": "8\\sqrt{10}",
      "prompt_tokens": 135,
      "completion_tokens": 9458,
      "reasoning_tokens_counted": 8798,
      "non_reasoning_tokens_counted": 658
    },
    {
      "chain_index": 3,
      "finish_reason": "stop",
      "extracted_answer": "8\\sqrt{10}",
      "prompt_tokens": 135,
      "completion_tokens": 13456,
      "reasoning_tokens_counted": 12869,
      "non_reasoning_tokens_counted": 585
    },
    {
      "chain_index": 4,
      "finish_reason": "stop",
      "extracted_answer": "8\\sqrt{10}",
      "prompt_tokens": 135,
      "completion_tokens": 8696,
      "reasoning_tokens_counted": 8056,
      "non_reasoning_tokens_counted": 638
    },
    {
      "chain_index": 5,
      "finish_reason": "stop",
      "extracted_answer": "8\\sqrt{10}",
      "prompt_tokens": 135,
      "completion_tokens": 8015,
      "reasoning_tokens_counted": 7196,
      "non_reasoning_tokens_counted": 817
    },
    {
      "chain_index": 6,
      "finish_reason": "stop",
      "extracted_answer": "8\\sqrt{10}",
      "prompt_tokens": 135,
      "completion_tokens": 8555,
      "reasoning_tokens_counted": 8051,
      "non_reasoning_tokens_counted": 502
    },
    {
      "chain_index": 7,
      "finish_reason": "stop",
      "extracted_answer": "8\\sqrt{10}",
      "prompt_tokens": 135,
      "completion_tokens": 8222,
      "reasoning_tokens_counted": 7531,
      "non_reasoning_tokens_counted": 689
    },
    {
      "chain_index": 8,
      "finish_reason": "stop",
      "extracted_answer": "8\\sqrt{10}",
      "prompt_tokens": 135,
      "completion_tokens": 8049,
      "reasoning_tokens_counted": 6894,
      "non_reasoning_tokens_counted": 1153
    },
    {
      "chain_index": 9,
      "finish_reason": "stop",
      "extracted_answer": "8\\sqrt{10}",
      "prompt_tokens": 135,
      "completion_tokens": 8766,
      "reasoning_tokens_counted": 7923,
      "non_reasoning_tokens_counted": 841
    },
    {
      "chain_index": 10,
      "finish_reason": "stop",
      "extracted_answer": "8\\sqrt{10}",
      "prompt_tokens": 135,
      "completion_tokens": 9367,
      "reasoning_tokens_counted": 8765,
      "non_reasoning_tokens_counted": 600
    },
    {
      "chain_index": 11,
      "finish_reason": "stop",
      "extracted_answer": "8\\sqrt{10}",
      "prompt_tokens": 135,
      "completion_tokens": 8465,
      "reasoning_tokens_counted": 7973,
      "non_reasoning_tokens_counted": 490
    },
    {
      "chain_index": 12,
      "finish_reason": "stop",
      "extracted_answer": "8\\sqrt{10}",
      "prompt_tokens": 135,
      "completion_tokens": 12256,
      "reasoning_tokens_counted": 11140,
      "non_reasoning_tokens_counted": 1114
    },
    {
      "chain_index": 13,
      "finish_reason": "stop",
      "extracted_answer": "8\\sqrt{10}",
      "prompt_tokens": 135,
      "completion_tokens": 9004,
      "reasoning_tokens_counted": 8111,
      "non_reasoning_tokens_counted": 891
    },
    {
      "chain_index": 14,
      "finish_reason": "stop",
      "extracted_answer": "8\\sqrt{10}",
      "prompt_tokens": 135,
      "completion_tokens": 7808,
      "reasoning_tokens_counted": 7122,
      "non_reasoning_tokens_counted": 684
    },
    {
      "chain_index": 15,
      "finish_reason": "stop",
      "extracted_answer": "8\\sqrt{10}",
      "prompt_tokens": 135,
      "completion_tokens": 7346,
      "reasoning_tokens_counted": 6714,
      "non_reasoning_tokens_counted": 630
    },
    {
      "chain_index": 16,
      "finish_reason": "stop",
      "extracted_answer": "8\\sqrt{10}",
      "prompt_tokens": 135,
      "completion_tokens": 8431,
      "reasoning_tokens_counted": 7889,
      "non_reasoning_tokens_counted": 540
    }
  ],
  "error_chain_details": []
}