{
  "iteration": 11,
  "question_id": "index_10",
  "status": "SUCCESS",
  "n_chains_requested": 16,
  "n_chains_completed_stream_with_content": 16,
  "n_chains_completed_stream_for_voting": 16,
  "error_chains_count": 0,
  "prompt_len": 481,
  "correct_answer_reference": "56",
  "individual_answers": [
    "56",
    "8",
    "56",
    "56",
    "56",
    "56",
    "56",
    "56",
    "56",
    "56",
    "56",
    "56",
    "56",
    "56",
    "56",
    "56"
  ],
  "voted_answer": "56",
  "final_score": 1,
  "avg_kv_cache_usage": 0.3502482937757683,
  "max_kv_cache_usage": 0.765536887390268,
  "processing_duration_sec": 587.0022437572479,
  "usage_aggregated": {
    "prompt_tokens": 116,
    "total_completion_tokens_across_all_requested_chains": 246758,
    "total_reasoning_tokens_counted": 238116,
    "total_non_reasoning_tokens_counted": 8610,
    "total_tokens_usage": 246874
  },
  "chains_for_voting_details": [
    {
      "chain_index": 1,
      "finish_reason": "stop",
      "extracted_answer": "56",
      "prompt_tokens": 116,
      "completion_tokens": 15139,
      "reasoning_tokens_counted": 14622,
      "non_reasoning_tokens_counted": 515
    },
    {
      "chain_index": 2,
      "finish_reason": "stop",
      "extracted_answer": "8",
      "prompt_tokens": 116,
      "completion_tokens": 17156,
      "reasoning_tokens_counted": 16562,
      "non_reasoning_tokens_counted": 592
    },
    {
      "chain_index": 3,
      "finish_reason": "stop",
      "extracted_answer": "56",
      "prompt_tokens": 116,
      "completion_tokens": 15419,
      "reasoning_tokens_counted": 14840,
      "non_reasoning_tokens_counted": 577
    },
    {
      "chain_index": 4,
      "finish_reason": "stop",
      "extracted_answer": "56",
      "prompt_tokens": 116,
      "completion_tokens": 20371,
      "reasoning_tokens_counted": 19934,
      "non_reasoning_tokens_counted": 435
    },
    {
      "chain_index": 5,
      "finish_reason": "stop",
      "extracted_answer": "56",
      "prompt_tokens": 116,
      "completion_tokens": 15635,
      "reasoning_tokens_counted": 15140,
      "non_reasoning_tokens_counted": 493
    },
    {
      "chain_index": 6,
      "finish_reason": "stop",
      "extracted_answer": "56",
      "prompt_tokens": 116,
      "completion_tokens": 13040,
      "reasoning_tokens_counted": 12397,
      "non_reasoning_tokens_counted": 641
    },
    {
      "chain_index": 7,
      "finish_reason": "stop",
      "extracted_answer": "56",
      "prompt_tokens": 116,
      "completion_tokens": 16449,
      "reasoning_tokens_counted": 15956,
      "non_reasoning_tokens_counted": 491
    },
    {
      "chain_index": 8,
      "finish_reason": "stop",
      "extracted_answer": "56",
      "prompt_tokens": 116,
      "completion_tokens": 13126,
      "reasoning_tokens_counted": 12492,
      "non_reasoning_tokens_counted": 632
    },
    {
      "chain_index": 9,
      "finish_reason": "stop",
      "extracted_answer": "56",
      "prompt_tokens": 116,
      "completion_tokens": 13882,
      "reasoning_tokens_counted": 13348,
      "non_reasoning_tokens_counted": 532
    },
    {
      "chain_index": 10,
      "finish_reason": "stop",
      "extracted_answer": "56",
      "prompt_tokens": 116,
      "completion_tokens": 14301,
      "reasoning_tokens_counted": 13769,
      "non_reasoning_tokens_counted": 530
    },
    {
      "chain_index": 11,
      "finish_reason": "stop",
      "extracted_answer": "56",
      "prompt_tokens": 116,
      "completion_tokens": 17385,
      "reasoning_tokens_counted": 16861,
      "non_reasoning_tokens_counted": 522
    },
    {
      "chain_index": 12,
      "finish_reason": "stop",
      "extracted_answer": "56",
      "prompt_tokens": 116,
      "completion_tokens": 13315,
      "reasoning_tokens_counted": 12769,
      "non_reasoning_tokens_counted": 544
    },
    {
      "chain_index": 13,
      "finish_reason": "stop",
      "extracted_answer": "56",
      "prompt_tokens": 116,
      "completion_tokens": 15632,
      "reasoning_tokens_counted": 14994,
      "non_reasoning_tokens_counted": 636
    },
    {
      "chain_index": 14,
      "finish_reason": "stop",
      "extracted_answer": "56",
      "prompt_tokens": 116,
      "completion_tokens": 14694,
      "reasoning_tokens_counted": 14185,
      "non_reasoning_tokens_counted": 507
    },
    {
      "chain_index": 15,
      "finish_reason": "stop",
      "extracted_answer": "56",
      "prompt_tokens": 116,
      "completion_tokens": 17727,
      "reasoning_tokens_counted": 17221,
      "non_reasoning_tokens_counted": 504
    },
    {
      "chain_index": 16,
      "finish_reason": "stop",
      "extracted_answer": "56",
      "prompt_tokens": 116,
      "completion_tokens": 13487,
      "reasoning_tokens_counted": 13026,
      "non_reasoning_tokens_counted": 459
    }
  ],
  "error_chain_details": []
}