{
  "iteration": 2,
  "question_id": "index_1",
  "status": "SUCCESS",
  "n_chains_requested": 16,
  "n_chains_completed_stream_with_content": 16,
  "n_chains_completed_stream_for_voting": 16,
  "error_chains_count": 0,
  "prompt_len": 600,
  "correct_answer_reference": "3375",
  "individual_answers": [
    "3375",
    "3375",
    "3375",
    "3375",
    "3375",
    "3375",
    "3375",
    "3375",
    "3375",
    "3375",
    "3375",
    "3375",
    "3375",
    "3375",
    "3375",
    "3375"
  ],
  "voted_answer": "3375",
  "final_score": 1,
  "avg_kv_cache_usage": 0.07179966564776688,
  "max_kv_cache_usage": 0.1376664147433288,
  "processing_duration_sec": 79.68011808395386,
  "usage_aggregated": {
    "prompt_tokens": 153,
    "total_completion_tokens_across_all_requested_chains": 45114,
    "total_reasoning_tokens_counted": 35889,
    "total_non_reasoning_tokens_counted": 9193,
    "total_tokens_usage": 45267
  },
  "chains_for_voting_details": [
    {
      "chain_index": 1,
      "finish_reason": "stop",
      "extracted_answer": "3375",
      "prompt_tokens": 153,
      "completion_tokens": 2206,
      "reasoning_tokens_counted": 1715,
      "non_reasoning_tokens_counted": 489
    },
    {
      "chain_index": 2,
      "finish_reason": "stop",
      "extracted_answer": "3375",
      "prompt_tokens": 153,
      "completion_tokens": 2932,
      "reasoning_tokens_counted": 2317,
      "non_reasoning_tokens_counted": 613
    },
    {
      "chain_index": 3,
      "finish_reason": "stop",
      "extracted_answer": "3375",
      "prompt_tokens": 153,
      "completion_tokens": 2939,
      "reasoning_tokens_counted": 2354,
      "non_reasoning_tokens_counted": 583
    },
    {
      "chain_index": 4,
      "finish_reason": "stop",
      "extracted_answer": "3375",
      "prompt_tokens": 153,
      "completion_tokens": 2608,
      "reasoning_tokens_counted": 2044,
      "non_reasoning_tokens_counted": 562
    },
    {
      "chain_index": 5,
      "finish_reason": "stop",
      "extracted_answer": "3375",
      "prompt_tokens": 153,
      "completion_tokens": 2550,
      "reasoning_tokens_counted": 2025,
      "non_reasoning_tokens_counted": 523
    },
    {
      "chain_index": 6,
      "finish_reason": "stop",
      "extracted_answer": "3375",
      "prompt_tokens": 153,
      "completion_tokens": 3646,
      "reasoning_tokens_counted": 3024,
      "non_reasoning_tokens_counted": 620
    },
    {
      "chain_index": 7,
      "finish_reason": "stop",
      "extracted_answer": "3375",
      "prompt_tokens": 153,
      "completion_tokens": 2344,
      "reasoning_tokens_counted": 1803,
      "non_reasoning_tokens_counted": 539
    },
    {
      "chain_index": 8,
      "finish_reason": "stop",
      "extracted_answer": "3375",
      "prompt_tokens": 153,
      "completion_tokens": 2270,
      "reasoning_tokens_counted": 1769,
      "non_reasoning_tokens_counted": 499
    },
    {
      "chain_index": 9,
      "finish_reason": "stop",
      "extracted_answer": "3375",
      "prompt_tokens": 153,
      "completion_tokens": 2679,
      "reasoning_tokens_counted": 2010,
      "non_reasoning_tokens_counted": 667
    },
    {
      "chain_index": 10,
      "finish_reason": "stop",
      "extracted_answer": "3375",
      "prompt_tokens": 153,
      "completion_tokens": 2629,
      "reasoning_tokens_counted": 2059,
      "non_reasoning_tokens_counted": 568
    },
    {
      "chain_index": 11,
      "finish_reason": "stop",
      "extracted_answer": "3375",
      "prompt_tokens": 153,
      "completion_tokens": 3019,
      "reasoning_tokens_counted": 2332,
      "non_reasoning_tokens_counted": 685
    },
    {
      "chain_index": 12,
      "finish_reason": "stop",
      "extracted_answer": "3375",
      "prompt_tokens": 153,
      "completion_tokens": 2707,
      "reasoning_tokens_counted": 2164,
      "non_reasoning_tokens_counted": 541
    },
    {
      "chain_index": 13,
      "finish_reason": "stop",
      "extracted_answer": "3375",
      "prompt_tokens": 153,
      "completion_tokens": 3514,
      "reasoning_tokens_counted": 2759,
      "non_reasoning_tokens_counted": 753
    },
    {
      "chain_index": 14,
      "finish_reason": "stop",
      "extracted_answer": "3375",
      "prompt_tokens": 153,
      "completion_tokens": 3054,
      "reasoning_tokens_counted": 2538,
      "non_reasoning_tokens_counted": 514
    },
    {
      "chain_index": 15,
      "finish_reason": "stop",
      "extracted_answer": "3375",
      "prompt_tokens": 153,
      "completion_tokens": 3154,
      "reasoning_tokens_counted": 2577,
      "non_reasoning_tokens_counted": 575
    },
    {
      "chain_index": 16,
      "finish_reason": "stop",
      "extracted_answer": "3375",
      "prompt_tokens": 153,
      "completion_tokens": 2863,
      "reasoning_tokens_counted": 2399,
      "non_reasoning_tokens_counted": 462
    }
  ],
  "error_chain_details": []
}