{
  "iteration": 6,
  "question_id": "index_5",
  "status": "SUCCESS",
  "n_chains_requested": 16,
  "n_chains_completed_stream_with_content": 16,
  "n_chains_completed_stream_for_voting": 16,
  "error_chains_count": 0,
  "prompt_len": 370,
  "correct_answer_reference": "\\frac{1311}{2017}",
  "individual_answers": [
    "\\dfrac{1311}{2017}",
    "\\dfrac{1311}{2017}",
    "\\dfrac{1311}{2017}",
    "\\dfrac{706}{2017}",
    "\\dfrac{1311}{2017}",
    "\\dfrac{1311}{2017}",
    "\\dfrac{1311}{2017}",
    "\\dfrac{1311}{2017}",
    "\\dfrac{1311}{2017}",
    "\\dfrac{1311}{2017}",
    "\\dfrac{1311}{2017}",
    "\\dfrac{1311}{2017}",
    "\\dfrac{1311}{2017}",
    "\\dfrac{1311}{2017}",
    "\\dfrac{1311}{2017}",
    "\\dfrac{1311}{2017}"
  ],
  "voted_answer": "\\dfrac{1311}{2017}",
  "final_score": 1,
  "avg_kv_cache_usage": 0.24935921868488828,
  "max_kv_cache_usage": 0.403697459450032,
  "processing_duration_sec": 418.4749917984009,
  "usage_aggregated": {
    "prompt_tokens": 113,
    "total_completion_tokens_across_all_requested_chains": 176323,
    "total_reasoning_tokens_counted": 164667,
    "total_non_reasoning_tokens_counted": 11623,
    "total_tokens_usage": 176436
  },
  "chains_for_voting_details": [
    {
      "chain_index": 1,
      "finish_reason": "stop",
      "extracted_answer": "\\dfrac{1311}{2017}",
      "prompt_tokens": 113,
      "completion_tokens": 7820,
      "reasoning_tokens_counted": 7094,
      "non_reasoning_tokens_counted": 724
    },
    {
      "chain_index": 2,
      "finish_reason": "stop",
      "extracted_answer": "\\dfrac{1311}{2017}",
      "prompt_tokens": 113,
      "completion_tokens": 15364,
      "reasoning_tokens_counted": 14493,
      "non_reasoning_tokens_counted": 869
    },
    {
      "chain_index": 3,
      "finish_reason": "stop",
      "extracted_answer": "\\dfrac{1311}{2017}",
      "prompt_tokens": 113,
      "completion_tokens": 8308,
      "reasoning_tokens_counted": 7661,
      "non_reasoning_tokens_counted": 645
    },
    {
      "chain_index": 4,
      "finish_reason": "stop",
      "extracted_answer": "\\dfrac{706}{2017}",
      "prompt_tokens": 113,
      "completion_tokens": 12407,
      "reasoning_tokens_counted": 11621,
      "non_reasoning_tokens_counted": 784
    },
    {
      "chain_index": 5,
      "finish_reason": "stop",
      "extracted_answer": "\\dfrac{1311}{2017}",
      "prompt_tokens": 113,
      "completion_tokens": 14474,
      "reasoning_tokens_counted": 13634,
      "non_reasoning_tokens_counted": 838
    },
    {
      "chain_index": 6,
      "finish_reason": "stop",
      "extracted_answer": "\\dfrac{1311}{2017}",
      "prompt_tokens": 113,
      "completion_tokens": 9121,
      "reasoning_tokens_counted": 8403,
      "non_reasoning_tokens_counted": 716
    },
    {
      "chain_index": 7,
      "finish_reason": "stop",
      "extracted_answer": "\\dfrac{1311}{2017}",
      "prompt_tokens": 113,
      "completion_tokens": 11483,
      "reasoning_tokens_counted": 10750,
      "non_reasoning_tokens_counted": 730
    },
    {
      "chain_index": 8,
      "finish_reason": "stop",
      "extracted_answer": "\\dfrac{1311}{2017}",
      "prompt_tokens": 113,
      "completion_tokens": 12850,
      "reasoning_tokens_counted": 12089,
      "non_reasoning_tokens_counted": 759
    },
    {
      "chain_index": 9,
      "finish_reason": "stop",
      "extracted_answer": "\\dfrac{1311}{2017}",
      "prompt_tokens": 113,
      "completion_tokens": 6791,
      "reasoning_tokens_counted": 6103,
      "non_reasoning_tokens_counted": 686
    },
    {
      "chain_index": 10,
      "finish_reason": "stop",
      "extracted_answer": "\\dfrac{1311}{2017}",
      "prompt_tokens": 113,
      "completion_tokens": 12090,
      "reasoning_tokens_counted": 11336,
      "non_reasoning_tokens_counted": 752
    },
    {
      "chain_index": 11,
      "finish_reason": "stop",
      "extracted_answer": "\\dfrac{1311}{2017}",
      "prompt_tokens": 113,
      "completion_tokens": 10223,
      "reasoning_tokens_counted": 9443,
      "non_reasoning_tokens_counted": 778
    },
    {
      "chain_index": 12,
      "finish_reason": "stop",
      "extracted_answer": "\\dfrac{1311}{2017}",
      "prompt_tokens": 113,
      "completion_tokens": 13557,
      "reasoning_tokens_counted": 12821,
      "non_reasoning_tokens_counted": 734
    },
    {
      "chain_index": 13,
      "finish_reason": "stop",
      "extracted_answer": "\\dfrac{1311}{2017}",
      "prompt_tokens": 113,
      "completion_tokens": 12782,
      "reasoning_tokens_counted": 12182,
      "non_reasoning_tokens_counted": 598
    },
    {
      "chain_index": 14,
      "finish_reason": "stop",
      "extracted_answer": "\\dfrac{1311}{2017}",
      "prompt_tokens": 113,
      "completion_tokens": 7947,
      "reasoning_tokens_counted": 7277,
      "non_reasoning_tokens_counted": 668
    },
    {
      "chain_index": 15,
      "finish_reason": "stop",
      "extracted_answer": "\\dfrac{1311}{2017}",
      "prompt_tokens": 113,
      "completion_tokens": 14222,
      "reasoning_tokens_counted": 13526,
      "non_reasoning_tokens_counted": 694
    },
    {
      "chain_index": 16,
      "finish_reason": "stop",
      "extracted_answer": "\\dfrac{1311}{2017}",
      "prompt_tokens": 113,
      "completion_tokens": 6884,
      "reasoning_tokens_counted": 6234,
      "non_reasoning_tokens_counted": 648
    }
  ],
  "error_chain_details": []
}