{
  "iteration": 16,
  "question_id": "index_15",
  "status": "SUCCESS",
  "n_chains_requested": 16,
  "n_chains_completed_stream_with_content": 16,
  "n_chains_completed_stream_for_voting": 16,
  "error_chains_count": 0,
  "prompt_len": 533,
  "correct_answer_reference": "6300",
  "individual_answers": [
    "450",
    "6525",
    "6300",
    "3150",
    "225",
    "3375",
    "6300",
    "6300",
    "6300",
    "6525",
    "450",
    "6525",
    "6525",
    "450",
    "450",
    "6525"
  ],
  "voted_answer": "6525",
  "final_score": 0,
  "avg_kv_cache_usage": 0.29718511388669844,
  "max_kv_cache_usage": 0.5803150979594209,
  "processing_duration_sec": 588.1419651508331,
  "usage_aggregated": {
    "prompt_tokens": 119,
    "total_completion_tokens_across_all_requested_chains": 224529,
    "total_reasoning_tokens_counted": 216939,
    "total_non_reasoning_tokens_counted": 7558,
    "total_tokens_usage": 224648
  },
  "chains_for_voting_details": [
    {
      "chain_index": 1,
      "finish_reason": "stop",
      "extracted_answer": "450",
      "prompt_tokens": 119,
      "completion_tokens": 10079,
      "reasoning_tokens_counted": 9605,
      "non_reasoning_tokens_counted": 472
    },
    {
      "chain_index": 2,
      "finish_reason": "stop",
      "extracted_answer": "6525",
      "prompt_tokens": 119,
      "completion_tokens": 13047,
      "reasoning_tokens_counted": 12612,
      "non_reasoning_tokens_counted": 433
    },
    {
      "chain_index": 3,
      "finish_reason": "stop",
      "extracted_answer": "6300",
      "prompt_tokens": 119,
      "completion_tokens": 13414,
      "reasoning_tokens_counted": 12789,
      "non_reasoning_tokens_counted": 623
    },
    {
      "chain_index": 4,
      "finish_reason": "stop",
      "extracted_answer": "3150",
      "prompt_tokens": 119,
      "completion_tokens": 20629,
      "reasoning_tokens_counted": 20169,
      "non_reasoning_tokens_counted": 458
    },
    {
      "chain_index": 5,
      "finish_reason": "stop",
      "extracted_answer": "225",
      "prompt_tokens": 119,
      "completion_tokens": 11289,
      "reasoning_tokens_counted": 10949,
      "non_reasoning_tokens_counted": 338
    },
    {
      "chain_index": 6,
      "finish_reason": "stop",
      "extracted_answer": "3375",
      "prompt_tokens": 119,
      "completion_tokens": 18101,
      "reasoning_tokens_counted": 17648,
      "non_reasoning_tokens_counted": 451
    },
    {
      "chain_index": 7,
      "finish_reason": "stop",
      "extracted_answer": "6300",
      "prompt_tokens": 119,
      "completion_tokens": 9611,
      "reasoning_tokens_counted": 9124,
      "non_reasoning_tokens_counted": 485
    },
    {
      "chain_index": 8,
      "finish_reason": "stop",
      "extracted_answer": "6300",
      "prompt_tokens": 119,
      "completion_tokens": 13985,
      "reasoning_tokens_counted": 13489,
      "non_reasoning_tokens_counted": 494
    },
    {
      "chain_index": 9,
      "finish_reason": "stop",
      "extracted_answer": "6300",
      "prompt_tokens": 119,
      "completion_tokens": 19764,
      "reasoning_tokens_counted": 19230,
      "non_reasoning_tokens_counted": 532
    },
    {
      "chain_index": 10,
      "finish_reason": "stop",
      "extracted_answer": "6525",
      "prompt_tokens": 119,
      "completion_tokens": 12421,
      "reasoning_tokens_counted": 11943,
      "non_reasoning_tokens_counted": 476
    },
    {
      "chain_index": 11,
      "finish_reason": "stop",
      "extracted_answer": "450",
      "prompt_tokens": 119,
      "completion_tokens": 14158,
      "reasoning_tokens_counted": 13712,
      "non_reasoning_tokens_counted": 444
    },
    {
      "chain_index": 12,
      "finish_reason": "stop",
      "extracted_answer": "6525",
      "prompt_tokens": 119,
      "completion_tokens": 12572,
      "reasoning_tokens_counted": 12039,
      "non_reasoning_tokens_counted": 531
    },
    {
      "chain_index": 13,
      "finish_reason": "stop",
      "extracted_answer": "6525",
      "prompt_tokens": 119,
      "completion_tokens": 17995,
      "reasoning_tokens_counted": 17509,
      "non_reasoning_tokens_counted": 484
    },
    {
      "chain_index": 14,
      "finish_reason": "stop",
      "extracted_answer": "450",
      "prompt_tokens": 119,
      "completion_tokens": 13808,
      "reasoning_tokens_counted": 13349,
      "non_reasoning_tokens_counted": 457
    },
    {
      "chain_index": 15,
      "finish_reason": "stop",
      "extracted_answer": "450",
      "prompt_tokens": 119,
      "completion_tokens": 11990,
      "reasoning_tokens_counted": 11587,
      "non_reasoning_tokens_counted": 401
    },
    {
      "chain_index": 16,
      "finish_reason": "stop",
      "extracted_answer": "6525",
      "prompt_tokens": 119,
      "completion_tokens": 11666,
      "reasoning_tokens_counted": 11185,
      "non_reasoning_tokens_counted": 479
    }
  ],
  "error_chain_details": []
}