{
  "iteration": 5,
  "question_id": "index_4",
  "status": "SUCCESS",
  "n_chains_requested": 16,
  "n_chains_completed_stream_with_content": 16,
  "n_chains_completed_stream_for_voting": 16,
  "error_chains_count": 0,
  "prompt_len": 509,
  "correct_answer_reference": "890",
  "individual_answers": [
    "890",
    "890",
    "890",
    "890",
    "890",
    "890",
    "890",
    "890",
    "890",
    "890",
    "890",
    "890",
    "890",
    "890",
    "890",
    "890"
  ],
  "voted_answer": "890",
  "final_score": 1,
  "avg_kv_cache_usage": 0.1870399195602294,
  "max_kv_cache_usage": 0.3488169292482995,
  "processing_duration_sec": 277.867981672287,
  "usage_aggregated": {
    "prompt_tokens": 143,
    "total_completion_tokens_across_all_requested_chains": 129789,
    "total_reasoning_tokens_counted": 120537,
    "total_non_reasoning_tokens_counted": 9220,
    "total_tokens_usage": 129932
  },
  "chains_for_voting_details": [
    {
      "chain_index": 1,
      "finish_reason": "stop",
      "extracted_answer": "890",
      "prompt_tokens": 143,
      "completion_tokens": 6251,
      "reasoning_tokens_counted": 5814,
      "non_reasoning_tokens_counted": 435
    },
    {
      "chain_index": 2,
      "finish_reason": "stop",
      "extracted_answer": "890",
      "prompt_tokens": 143,
      "completion_tokens": 7639,
      "reasoning_tokens_counted": 6937,
      "non_reasoning_tokens_counted": 700
    },
    {
      "chain_index": 3,
      "finish_reason": "stop",
      "extracted_answer": "890",
      "prompt_tokens": 143,
      "completion_tokens": 10239,
      "reasoning_tokens_counted": 9710,
      "non_reasoning_tokens_counted": 527
    },
    {
      "chain_index": 4,
      "finish_reason": "stop",
      "extracted_answer": "890",
      "prompt_tokens": 143,
      "completion_tokens": 7333,
      "reasoning_tokens_counted": 6825,
      "non_reasoning_tokens_counted": 506
    },
    {
      "chain_index": 5,
      "finish_reason": "stop",
      "extracted_answer": "890",
      "prompt_tokens": 143,
      "completion_tokens": 9497,
      "reasoning_tokens_counted": 8828,
      "non_reasoning_tokens_counted": 667
    },
    {
      "chain_index": 6,
      "finish_reason": "stop",
      "extracted_answer": "890",
      "prompt_tokens": 143,
      "completion_tokens": 10958,
      "reasoning_tokens_counted": 10329,
      "non_reasoning_tokens_counted": 627
    },
    {
      "chain_index": 7,
      "finish_reason": "stop",
      "extracted_answer": "890",
      "prompt_tokens": 143,
      "completion_tokens": 5799,
      "reasoning_tokens_counted": 5250,
      "non_reasoning_tokens_counted": 547
    },
    {
      "chain_index": 8,
      "finish_reason": "stop",
      "extracted_answer": "890",
      "prompt_tokens": 143,
      "completion_tokens": 8133,
      "reasoning_tokens_counted": 7426,
      "non_reasoning_tokens_counted": 705
    },
    {
      "chain_index": 9,
      "finish_reason": "stop",
      "extracted_answer": "890",
      "prompt_tokens": 143,
      "completion_tokens": 7190,
      "reasoning_tokens_counted": 6654,
      "non_reasoning_tokens_counted": 534
    },
    {
      "chain_index": 10,
      "finish_reason": "stop",
      "extracted_answer": "890",
      "prompt_tokens": 143,
      "completion_tokens": 8526,
      "reasoning_tokens_counted": 8045,
      "non_reasoning_tokens_counted": 479
    },
    {
      "chain_index": 11,
      "finish_reason": "stop",
      "extracted_answer": "890",
      "prompt_tokens": 143,
      "completion_tokens": 6602,
      "reasoning_tokens_counted": 6028,
      "non_reasoning_tokens_counted": 572
    },
    {
      "chain_index": 12,
      "finish_reason": "stop",
      "extracted_answer": "890",
      "prompt_tokens": 143,
      "completion_tokens": 8308,
      "reasoning_tokens_counted": 7753,
      "non_reasoning_tokens_counted": 553
    },
    {
      "chain_index": 13,
      "finish_reason": "stop",
      "extracted_answer": "890",
      "prompt_tokens": 143,
      "completion_tokens": 8777,
      "reasoning_tokens_counted": 7961,
      "non_reasoning_tokens_counted": 814
    },
    {
      "chain_index": 14,
      "finish_reason": "stop",
      "extracted_answer": "890",
      "prompt_tokens": 143,
      "completion_tokens": 7441,
      "reasoning_tokens_counted": 7004,
      "non_reasoning_tokens_counted": 435
    },
    {
      "chain_index": 15,
      "finish_reason": "stop",
      "extracted_answer": "890",
      "prompt_tokens": 143,
      "completion_tokens": 10510,
      "reasoning_tokens_counted": 9921,
      "non_reasoning_tokens_counted": 587
    },
    {
      "chain_index": 16,
      "finish_reason": "stop",
      "extracted_answer": "890",
      "prompt_tokens": 143,
      "completion_tokens": 6586,
      "reasoning_tokens_counted": 6052,
      "non_reasoning_tokens_counted": 532
    }
  ],
  "error_chain_details": []
}