{
  "iteration": 22,
  "question_id": "index_21",
  "status": "SUCCESS",
  "n_chains_requested": 16,
  "n_chains_completed_stream_with_content": 16,
  "n_chains_completed_stream_for_voting": 16,
  "error_chains_count": 0,
  "prompt_len": 586,
  "correct_answer_reference": "63",
  "individual_answers": [
    "63",
    "63",
    "63",
    "63",
    "63",
    "63",
    "61",
    "63",
    "63",
    "63",
    "63",
    "63",
    "63",
    "63",
    "63",
    "63"
  ],
  "voted_answer": "63",
  "final_score": 1,
  "avg_kv_cache_usage": 0.2581003652346141,
  "max_kv_cache_usage": 0.4567176326957735,
  "processing_duration_sec": 443.2149178981781,
  "usage_aggregated": {
    "prompt_tokens": 140,
    "total_completion_tokens_across_all_requested_chains": 183092,
    "total_reasoning_tokens_counted": 173968,
    "total_non_reasoning_tokens_counted": 9092,
    "total_tokens_usage": 183232
  },
  "chains_for_voting_details": [
    {
      "chain_index": 1,
      "finish_reason": "stop",
      "extracted_answer": "63",
      "prompt_tokens": 140,
      "completion_tokens": 7833,
      "reasoning_tokens_counted": 7143,
      "non_reasoning_tokens_counted": 688
    },
    {
      "chain_index": 2,
      "finish_reason": "stop",
      "extracted_answer": "63",
      "prompt_tokens": 140,
      "completion_tokens": 10631,
      "reasoning_tokens_counted": 10171,
      "non_reasoning_tokens_counted": 458
    },
    {
      "chain_index": 3,
      "finish_reason": "stop",
      "extracted_answer": "63",
      "prompt_tokens": 140,
      "completion_tokens": 8181,
      "reasoning_tokens_counted": 7681,
      "non_reasoning_tokens_counted": 498
    },
    {
      "chain_index": 4,
      "finish_reason": "stop",
      "extracted_answer": "63",
      "prompt_tokens": 140,
      "completion_tokens": 15621,
      "reasoning_tokens_counted": 15082,
      "non_reasoning_tokens_counted": 537
    },
    {
      "chain_index": 5,
      "finish_reason": "stop",
      "extracted_answer": "63",
      "prompt_tokens": 140,
      "completion_tokens": 7704,
      "reasoning_tokens_counted": 7298,
      "non_reasoning_tokens_counted": 404
    },
    {
      "chain_index": 6,
      "finish_reason": "stop",
      "extracted_answer": "63",
      "prompt_tokens": 140,
      "completion_tokens": 10922,
      "reasoning_tokens_counted": 10296,
      "non_reasoning_tokens_counted": 624
    },
    {
      "chain_index": 7,
      "finish_reason": "stop",
      "extracted_answer": "61",
      "prompt_tokens": 140,
      "completion_tokens": 16006,
      "reasoning_tokens_counted": 15260,
      "non_reasoning_tokens_counted": 744
    },
    {
      "chain_index": 8,
      "finish_reason": "stop",
      "extracted_answer": "63",
      "prompt_tokens": 140,
      "completion_tokens": 11176,
      "reasoning_tokens_counted": 10545,
      "non_reasoning_tokens_counted": 629
    },
    {
      "chain_index": 9,
      "finish_reason": "stop",
      "extracted_answer": "63",
      "prompt_tokens": 140,
      "completion_tokens": 12347,
      "reasoning_tokens_counted": 11836,
      "non_reasoning_tokens_counted": 509
    },
    {
      "chain_index": 10,
      "finish_reason": "stop",
      "extracted_answer": "63",
      "prompt_tokens": 140,
      "completion_tokens": 9132,
      "reasoning_tokens_counted": 8645,
      "non_reasoning_tokens_counted": 485
    },
    {
      "chain_index": 11,
      "finish_reason": "stop",
      "extracted_answer": "63",
      "prompt_tokens": 140,
      "completion_tokens": 10429,
      "reasoning_tokens_counted": 9713,
      "non_reasoning_tokens_counted": 714
    },
    {
      "chain_index": 12,
      "finish_reason": "stop",
      "extracted_answer": "63",
      "prompt_tokens": 140,
      "completion_tokens": 9338,
      "reasoning_tokens_counted": 8860,
      "non_reasoning_tokens_counted": 476
    },
    {
      "chain_index": 13,
      "finish_reason": "stop",
      "extracted_answer": "63",
      "prompt_tokens": 140,
      "completion_tokens": 10505,
      "reasoning_tokens_counted": 9841,
      "non_reasoning_tokens_counted": 662
    },
    {
      "chain_index": 14,
      "finish_reason": "stop",
      "extracted_answer": "63",
      "prompt_tokens": 140,
      "completion_tokens": 11309,
      "reasoning_tokens_counted": 10612,
      "non_reasoning_tokens_counted": 695
    },
    {
      "chain_index": 15,
      "finish_reason": "stop",
      "extracted_answer": "63",
      "prompt_tokens": 140,
      "completion_tokens": 15914,
      "reasoning_tokens_counted": 15380,
      "non_reasoning_tokens_counted": 532
    },
    {
      "chain_index": 16,
      "finish_reason": "stop",
      "extracted_answer": "63",
      "prompt_tokens": 140,
      "completion_tokens": 16044,
      "reasoning_tokens_counted": 15605,
      "non_reasoning_tokens_counted": 437
    }
  ],
  "error_chain_details": []
}