{
  "iteration": 16,
  "question_id": "index_15",
  "status": "SUCCESS",
  "n_chains_start": 8,
  "n_chains_completed_stream_for_voting": 1,
  "n_chains_pruned": 7,
  "n_chains_error": 0,
  "similarity_threshold": 0.92,
  "num_steps_to_delay_pruning": 20,
  "correct_answer_reference": "6300",
  "individual_answers_final": [
    "875"
  ],
  "voted_answer": "875",
  "final_score": 0,
  "processing_duration_sec": 495.7381329536438,
  "total_analysis_intervals": 32,
  "avg_kv_cache_usage": 0.07045308793860705,
  "max_kv_cache_usage": 0.1722334304714936,
  "usage_aggregated": {
    "prompt_tokens": 114,
    "total_completion_tokens_across_all_started_chains": 55645
  },
  "chains_for_voting_details": [
    {
      "chain_index": 7,
      "finish_reason": "stop",
      "extracted_answer": "875",
      "prompt_tokens": 114,
      "completion_tokens": 22750,
      "completed_thought_count": 44,
      "final_mean_pairwise_similarity": 0.49796876311302185,
      "final_internal_similarity": 0.011317471888932314,
      "pruned_count": 7
    }
  ],
  "pruned_chain_details": [
    {
      "chain_index": 1,
      "finish_reason": "worker_terminated_unexpectedly",
      "completion_tokens": 4648,
      "completed_thought_count": 53,
      "full_text_len": 19150,
      "pruned_at_step": 29,
      "pruned_by_chain_id": "q16_c3",
      "initial_pruned_count": 0
    },
    {
      "chain_index": 2,
      "finish_reason": "worker_terminated_unexpectedly",
      "completion_tokens": 4824,
      "completed_thought_count": 31,
      "full_text_len": 16779,
      "pruned_at_step": 31,
      "pruned_by_chain_id": "q16_c7",
      "initial_pruned_count": 0
    },
    {
      "chain_index": 3,
      "finish_reason": "worker_terminated_unexpectedly",
      "completion_tokens": 4824,
      "completed_thought_count": 60,
      "full_text_len": 20833,
      "pruned_at_step": 31,
      "pruned_by_chain_id": "q16_c7",
      "initial_pruned_count": 5
    },
    {
      "chain_index": 4,
      "finish_reason": "worker_terminated_unexpectedly",
      "completion_tokens": 4647,
      "completed_thought_count": 33,
      "full_text_len": 18161,
      "pruned_at_step": 29,
      "pruned_by_chain_id": "q16_c3",
      "initial_pruned_count": 1
    },
    {
      "chain_index": 5,
      "finish_reason": "worker_terminated_unexpectedly",
      "completion_tokens": 4647,
      "completed_thought_count": 38,
      "full_text_len": 18298,
      "pruned_at_step": 29,
      "pruned_by_chain_id": "q16_c3",
      "initial_pruned_count": 0
    },
    {
      "chain_index": 6,
      "finish_reason": "worker_terminated_unexpectedly",
      "completion_tokens": 4481,
      "completed_thought_count": 41,
      "full_text_len": 18808,
      "pruned_at_step": 27,
      "pruned_by_chain_id": "q16_c4",
      "initial_pruned_count": 0
    },
    {
      "chain_index": 8,
      "finish_reason": "worker_terminated_unexpectedly",
      "completion_tokens": 4824,
      "completed_thought_count": 35,
      "full_text_len": 18539,
      "pruned_at_step": 31,
      "pruned_by_chain_id": "q16_c3",
      "initial_pruned_count": 0
    }
  ],
  "error_chain_details": []
}