{
  "iteration": 6,
  "question_id": "index_5",
  "status": "SUCCESS",
  "n_chains_start": 8,
  "n_chains_completed_stream_for_voting": 3,
  "n_chains_pruned": 5,
  "n_chains_error": 0,
  "similarity_threshold": 0.92,
  "num_steps_to_delay_pruning": 20,
  "correct_answer_reference": "\\frac{1311}{2017}",
  "individual_answers_final": [
    "\\dfrac{1311}{2017}",
    "\\dfrac{706}{2017}",
    "0"
  ],
  "voted_answer": "\\dfrac{706}{2017}",
  "final_score": 0,
  "processing_duration_sec": 214.44903206825256,
  "total_analysis_intervals": 37,
  "avg_kv_cache_usage": 0.055638468451136236,
  "max_kv_cache_usage": 0.1339012179630875,
  "usage_aggregated": {
    "prompt_tokens": 21968,
    "total_completion_tokens_across_all_started_chains": 43873
  },
  "chains_for_voting_details": [
    {
      "chain_index": 1,
      "finish_reason": "stop",
      "extracted_answer": "\\dfrac{1311}{2017}",
      "prompt_tokens": 108,
      "completion_tokens": 11202,
      "completed_thought_count": 30,
      "final_mean_pairwise_similarity": 0.7424541115760803,
      "final_internal_similarity": 0.024748470385869345,
      "pruned_count": 3
    },
    {
      "chain_index": 2,
      "finish_reason": "stop",
      "extracted_answer": "\\dfrac{706}{2017}",
      "prompt_tokens": 108,
      "completion_tokens": 6104,
      "completed_thought_count": 24,
      "final_mean_pairwise_similarity": 0.6472072601318359,
      "final_internal_similarity": 0.026966969172159832,
      "pruned_count": 0
    },
    {
      "chain_index": 6,
      "finish_reason": "stop",
      "extracted_answer": "0",
      "prompt_tokens": 108,
      "completion_tokens": 4319,
      "completed_thought_count": 21,
      "final_mean_pairwise_similarity": 0.5361342430114746,
      "final_internal_similarity": 0.025530202048165456,
      "pruned_count": 2
    }
  ],
  "pruned_chain_details": [
    {
      "chain_index": 3,
      "finish_reason": "worker_terminated_unexpectedly",
      "completion_tokens": 4122,
      "completed_thought_count": 18,
      "full_text_len": 10375,
      "pruned_at_step": 27,
      "pruned_by_chain_id": "q6_c1",
      "initial_pruned_count": 0
    },
    {
      "chain_index": 4,
      "finish_reason": "worker_terminated_unexpectedly",
      "completion_tokens": 3460,
      "completed_thought_count": 21,
      "full_text_len": 8578,
      "pruned_at_step": 21,
      "pruned_by_chain_id": "q6_c1",
      "initial_pruned_count": 0
    },
    {
      "chain_index": 5,
      "finish_reason": "worker_terminated_unexpectedly",
      "completion_tokens": 3629,
      "completed_thought_count": 23,
      "full_text_len": 9200,
      "pruned_at_step": 23,
      "pruned_by_chain_id": "q6_c6",
      "initial_pruned_count": 1
    },
    {
      "chain_index": 7,
      "finish_reason": "worker_terminated_unexpectedly",
      "completion_tokens": 3460,
      "completed_thought_count": 27,
      "full_text_len": 9106,
      "pruned_at_step": 21,
      "pruned_by_chain_id": "q6_c5",
      "initial_pruned_count": 0
    },
    {
      "chain_index": 8,
      "finish_reason": "worker_terminated_unexpectedly",
      "completion_tokens": 4661,
      "completed_thought_count": 24,
      "full_text_len": 11557,
      "pruned_at_step": 32,
      "pruned_by_chain_id": "q6_c1",
      "initial_pruned_count": 0
    }
  ],
  "error_chain_details": [],
  "llm_tie_break_performed": true,
  "llm_tie_break_prompt_tokens": 21860,
  "llm_tie_break_completion_tokens": 2916,
  "llm_tie_break_response_text": "\n\nTo solve the problem, we need to find the remainder \\( r \\) when \\( 2017^{2025!} - 1 \\) is divided by \\( 2025! \\), and then compute \\( \\frac{r}{2025!} \\).\n\n1. **Understanding the Problem**: We are given \\( n = 2025! \\) and need to find \\( 2017^{n} - 1 \\mod n \\). Since 2017 is a prime number larger than 2025, it is coprime with \\( n \\).\n\n2. **Applying Fermat's Little Theorem**: For primes \\( p \\leq 2025 \\), excluding \\( p = 2017 \\), \\( 2017 \\) and \\( p \\) are coprime. By Fermat's Little Theorem, \\( 2017^{p-1} \\equiv 1 \\mod p \\). Since \\( p-1 \\) divides \\( 2025! \\), \\( 2017^{2025!} \\equiv 1 \\mod p \\). Thus, \\( 2017^{2025!} - 1 \\equiv 0 \\mod p \\).\n\n3. **Handling the Prime 2017**: For \\( p = 2017 \\), \\( 2017^{2025!} \\equiv 0 \\mod 2017 \\), so \\( 2017^{2025!} - 1 \\equiv -1 \\mod 2017 \\).\n\n4. **Constructing the Remainder \\( r \\)**: \\( r \\) must satisfy \\( r \\equiv 0 \\mod p \\) for all primes \\( p \\leq 2025 \\) except \\( p = 2017 \\), and \\( r \\equiv -1 \\mod 2017 \\). Let \\( M = \\frac{2025!}{2017} \\). Then \\( r = M \\cdot k \\) for some integer \\( k \\), and \\( r \\equiv -1 \\mod 2017 \\).\n\n5. **Finding \\( k \\)**: Compute \\( M \\mod 2017 \\):\n   \\[\n   M = \\frac{2025!}{2017} \\equiv (2017 + 1)(2017 + 2) \\cdots (2017 + 8) \\equiv 1 \\cdot 2 \\cdot 3 \\cdots 8 = 8! = 40320 \\mod 2017\n   \\]\n   \\[\n   40320 \\mod 2017 = -20\n   \\]\n   Thus, \\( M \\equiv -20 \\mod 2017 \\).\n\n6. **Solving for \\( k \\)**: Solve \\( -20k \\equiv -1 \\mod 2017 \\), which simplifies to \\( 20k \\equiv 1 \\mod 2017 \\). The modular inverse of 20 modulo 2017 is 706, so \\( k \\equiv 706 \\mod 2017 \\).\n\n7. **Calculating \\( r \\) and \\( \\frac{r}{2025!} \\)**: \\( r = M \\cdot 706 \\). Therefore, \\( \\frac{r}{2025!} = \\frac{M \\cdot 706}{2025!} = \\frac{706}{2017} \\).\n\nThus, the final answer is:\n\n\\[\n\\boxed{\\dfrac{706}{2017}}\n\\]"
}