{
  "iteration": 11,
  "question_id": "index_10",
  "status": "SUCCESS",
  "n_chains_start": 8,
  "n_chains_completed_stream_for_voting": 1,
  "n_chains_pruned": 7,
  "n_chains_error": 0,
  "similarity_threshold": 0.92,
  "num_steps_to_delay_pruning": 20,
  "correct_answer_reference": "56",
  "individual_answers_final": [
    "8"
  ],
  "voted_answer": "8",
  "final_score": 0,
  "processing_duration_sec": 203.06994462013245,
  "total_analysis_intervals": 26,
  "avg_kv_cache_usage": 0.047006015467000256,
  "max_kv_cache_usage": 0.1327056713741313,
  "usage_aggregated": {
    "prompt_tokens": 111,
    "total_completion_tokens_across_all_started_chains": 36071
  },
  "chains_for_voting_details": [
    {
      "chain_index": 6,
      "finish_reason": "stop",
      "extracted_answer": "8",
      "prompt_tokens": 111,
      "completion_tokens": 10710,
      "completed_thought_count": 23,
      "final_mean_pairwise_similarity": 0.5073004364967346,
      "final_internal_similarity": 0.022056540717249332,
      "pruned_count": 7
    }
  ],
  "pruned_chain_details": [
    {
      "chain_index": 1,
      "finish_reason": "worker_terminated_unexpectedly",
      "completion_tokens": 3429,
      "completed_thought_count": 21,
      "full_text_len": 11138,
      "pruned_at_step": 21,
      "pruned_by_chain_id": "q11_c2",
      "initial_pruned_count": 0
    },
    {
      "chain_index": 2,
      "finish_reason": "worker_terminated_unexpectedly",
      "completion_tokens": 3596,
      "completed_thought_count": 24,
      "full_text_len": 11948,
      "pruned_at_step": 23,
      "pruned_by_chain_id": "q11_c3",
      "initial_pruned_count": 1
    },
    {
      "chain_index": 3,
      "finish_reason": "worker_terminated_unexpectedly",
      "completion_tokens": 3596,
      "completed_thought_count": 24,
      "full_text_len": 12301,
      "pruned_at_step": 23,
      "pruned_by_chain_id": "q11_c7",
      "initial_pruned_count": 2
    },
    {
      "chain_index": 4,
      "finish_reason": "worker_terminated_unexpectedly",
      "completion_tokens": 3774,
      "completed_thought_count": 27,
      "full_text_len": 11335,
      "pruned_at_step": 25,
      "pruned_by_chain_id": "q11_c5",
      "initial_pruned_count": 5
    },
    {
      "chain_index": 5,
      "finish_reason": "worker_terminated_unexpectedly",
      "completion_tokens": 3774,
      "completed_thought_count": 23,
      "full_text_len": 11516,
      "pruned_at_step": 25,
      "pruned_by_chain_id": "q11_c6",
      "initial_pruned_count": 6
    },
    {
      "chain_index": 7,
      "finish_reason": "worker_terminated_unexpectedly",
      "completion_tokens": 3596,
      "completed_thought_count": 28,
      "full_text_len": 11983,
      "pruned_at_step": 23,
      "pruned_by_chain_id": "q11_c4",
      "initial_pruned_count": 3
    },
    {
      "chain_index": 8,
      "finish_reason": "worker_terminated_unexpectedly",
      "completion_tokens": 3596,
      "completed_thought_count": 27,
      "full_text_len": 11750,
      "pruned_at_step": 23,
      "pruned_by_chain_id": "q11_c4",
      "initial_pruned_count": 0
    }
  ],
  "error_chain_details": []
}