{
  "iteration": 15,
  "question_id": "index_14",
  "status": "SUCCESS",
  "n_chains_start": 8,
  "n_chains_completed_stream_for_voting": 4,
  "n_chains_pruned": 4,
  "n_chains_error": 0,
  "similarity_threshold": 0.92,
  "num_steps_to_delay_pruning": 20,
  "correct_answer_reference": "200",
  "individual_answers_final": [
    "120",
    "120",
    "120",
    "120"
  ],
  "voted_answer": "120",
  "final_score": 0,
  "processing_duration_sec": 75.97252678871155,
  "total_analysis_intervals": 24,
  "avg_kv_cache_usage": 0.05745038177966654,
  "max_kv_cache_usage": 0.104610326533662,
  "usage_aggregated": {
    "prompt_tokens": 144,
    "total_completion_tokens_across_all_started_chains": 27326
  },
  "chains_for_voting_details": [
    {
      "chain_index": 2,
      "finish_reason": "stop",
      "extracted_answer": "120",
      "prompt_tokens": 144,
      "completion_tokens": 3054,
      "completed_thought_count": 24,
      "final_mean_pairwise_similarity": 0.517338752746582,
      "final_internal_similarity": 0.021555781364440918,
      "pruned_count": 0
    },
    {
      "chain_index": 4,
      "finish_reason": "stop",
      "extracted_answer": "120",
      "prompt_tokens": 144,
      "completion_tokens": 2277,
      "completed_thought_count": 15,
      "final_mean_pairwise_similarity": 0.5872516632080078,
      "final_internal_similarity": 0.039150110880533856,
      "pruned_count": 0
    },
    {
      "chain_index": 5,
      "finish_reason": "stop",
      "extracted_answer": "120",
      "prompt_tokens": 144,
      "completion_tokens": 4231,
      "completed_thought_count": 40,
      "final_mean_pairwise_similarity": 0.4498394727706909,
      "final_internal_similarity": 0.011245986819267273,
      "pruned_count": 3
    },
    {
      "chain_index": 7,
      "finish_reason": "stop",
      "extracted_answer": "120",
      "prompt_tokens": 144,
      "completion_tokens": 3681,
      "completed_thought_count": 39,
      "final_mean_pairwise_similarity": 0.4773084223270416,
      "final_internal_similarity": 0.01223867749556517,
      "pruned_count": 1
    }
  ],
  "pruned_chain_details": [
    {
      "chain_index": 1,
      "finish_reason": "worker_terminated_unexpectedly",
      "completion_tokens": 3565,
      "completed_thought_count": 39,
      "full_text_len": 14101,
      "pruned_at_step": 23,
      "pruned_by_chain_id": "q15_c3",
      "initial_pruned_count": 1
    },
    {
      "chain_index": 3,
      "finish_reason": "worker_terminated_unexpectedly",
      "completion_tokens": 3564,
      "completed_thought_count": 42,
      "full_text_len": 13868,
      "pruned_at_step": 23,
      "pruned_by_chain_id": "q15_c5",
      "initial_pruned_count": 2
    },
    {
      "chain_index": 6,
      "finish_reason": "worker_terminated_unexpectedly",
      "completion_tokens": 3390,
      "completed_thought_count": 35,
      "full_text_len": 13449,
      "pruned_at_step": 21,
      "pruned_by_chain_id": "q15_c7",
      "initial_pruned_count": 0
    },
    {
      "chain_index": 8,
      "finish_reason": "worker_terminated_unexpectedly",
      "completion_tokens": 3564,
      "completed_thought_count": 43,
      "full_text_len": 14679,
      "pruned_at_step": 23,
      "pruned_by_chain_id": "q15_c1",
      "initial_pruned_count": 0
    }
  ],
  "error_chain_details": []
}