{
  "iteration": 8,
  "question_id": "index_7",
  "status": "SUCCESS",
  "n_chains_start": 8,
  "n_chains_completed_stream_for_voting": 1,
  "n_chains_pruned": 7,
  "n_chains_error": 0,
  "similarity_threshold": 0.92,
  "num_steps_to_delay_pruning": 20,
  "correct_answer_reference": "1-\\frac{2}{\\pi}",
  "individual_answers_final": [
    "\\dfrac{1}{2}"
  ],
  "voted_answer": "\\dfrac{1}{2}",
  "final_score": 0,
  "processing_duration_sec": 400.28778886795044,
  "total_analysis_intervals": 55,
  "avg_kv_cache_usage": 0.08954003434697018,
  "max_kv_cache_usage": 0.2528581035642232,
  "usage_aggregated": {
    "prompt_tokens": 151,
    "total_completion_tokens_across_all_started_chains": 67959
  },
  "chains_for_voting_details": [
    {
      "chain_index": 8,
      "finish_reason": "stop",
      "extracted_answer": "\\dfrac{1}{2}",
      "prompt_tokens": 151,
      "completion_tokens": 18893,
      "completed_thought_count": 31,
      "final_mean_pairwise_similarity": 0.5014947056770325,
      "final_internal_similarity": 0.016177248570226854,
      "pruned_count": 7
    }
  ],
  "pruned_chain_details": [
    {
      "chain_index": 1,
      "finish_reason": "worker_terminated_unexpectedly",
      "completion_tokens": 6907,
      "completed_thought_count": 28,
      "full_text_len": 15850,
      "pruned_at_step": 45,
      "pruned_by_chain_id": "q8_c4",
      "initial_pruned_count": 0
    },
    {
      "chain_index": 2,
      "finish_reason": "worker_terminated_unexpectedly",
      "completion_tokens": 8091,
      "completed_thought_count": 27,
      "full_text_len": 16566,
      "pruned_at_step": 54,
      "pruned_by_chain_id": "q8_c8",
      "initial_pruned_count": 0
    },
    {
      "chain_index": 3,
      "finish_reason": "worker_terminated_unexpectedly",
      "completion_tokens": 6749,
      "completed_thought_count": 48,
      "full_text_len": 18428,
      "pruned_at_step": 43,
      "pruned_by_chain_id": "q8_c8",
      "initial_pruned_count": 0
    },
    {
      "chain_index": 4,
      "finish_reason": "worker_terminated_unexpectedly",
      "completion_tokens": 6906,
      "completed_thought_count": 40,
      "full_text_len": 17446,
      "pruned_at_step": 45,
      "pruned_by_chain_id": "q8_c6",
      "initial_pruned_count": 1
    },
    {
      "chain_index": 5,
      "finish_reason": "worker_terminated_unexpectedly",
      "completion_tokens": 6749,
      "completed_thought_count": 39,
      "full_text_len": 17158,
      "pruned_at_step": 43,
      "pruned_by_chain_id": "q8_c8",
      "initial_pruned_count": 1
    },
    {
      "chain_index": 6,
      "finish_reason": "worker_terminated_unexpectedly",
      "completion_tokens": 7073,
      "completed_thought_count": 47,
      "full_text_len": 17280,
      "pruned_at_step": 47,
      "pruned_by_chain_id": "q8_c8",
      "initial_pruned_count": 2
    },
    {
      "chain_index": 7,
      "finish_reason": "worker_terminated_unexpectedly",
      "completion_tokens": 6591,
      "completed_thought_count": 30,
      "full_text_len": 14658,
      "pruned_at_step": 41,
      "pruned_by_chain_id": "q8_c5",
      "initial_pruned_count": 0
    }
  ],
  "error_chain_details": []
}