{
  "iteration": 19,
  "question_id": "index_18",
  "status": "SUCCESS",
  "n_chains_start": 8,
  "n_chains_completed_stream_for_voting": 1,
  "n_chains_pruned": 7,
  "n_chains_error": 0,
  "similarity_threshold": 0.92,
  "num_steps_to_delay_pruning": 20,
  "correct_answer_reference": "\\frac{4}{9}",
  "individual_answers_final": [
    "\\dfrac{1}{3}"
  ],
  "voted_answer": "\\dfrac{1}{3}",
  "final_score": 0,
  "processing_duration_sec": 281.9927337169647,
  "total_analysis_intervals": 29,
  "avg_kv_cache_usage": 0.05155949467573192,
  "max_kv_cache_usage": 0.1377120227153851,
  "usage_aggregated": {
    "prompt_tokens": 90,
    "total_completion_tokens_across_all_started_chains": 40984
  },
  "chains_for_voting_details": [
    {
      "chain_index": 5,
      "finish_reason": "stop",
      "extracted_answer": "\\dfrac{1}{3}",
      "prompt_tokens": 90,
      "completion_tokens": 13997,
      "completed_thought_count": 48,
      "final_mean_pairwise_similarity": 0.5670630931854248,
      "final_internal_similarity": 0.011813814441363016,
      "pruned_count": 7
    }
  ],
  "pruned_chain_details": [
    {
      "chain_index": 1,
      "finish_reason": "worker_terminated_unexpectedly",
      "completion_tokens": 3750,
      "completed_thought_count": 53,
      "full_text_len": 15892,
      "pruned_at_step": 23,
      "pruned_by_chain_id": "q19_c4",
      "initial_pruned_count": 4
    },
    {
      "chain_index": 2,
      "finish_reason": "worker_terminated_unexpectedly",
      "completion_tokens": 3750,
      "completed_thought_count": 45,
      "full_text_len": 17623,
      "pruned_at_step": 23,
      "pruned_by_chain_id": "q19_c1",
      "initial_pruned_count": 1
    },
    {
      "chain_index": 3,
      "finish_reason": "worker_terminated_unexpectedly",
      "completion_tokens": 3580,
      "completed_thought_count": 40,
      "full_text_len": 17207,
      "pruned_at_step": 21,
      "pruned_by_chain_id": "q19_c2",
      "initial_pruned_count": 0
    },
    {
      "chain_index": 4,
      "finish_reason": "worker_terminated_unexpectedly",
      "completion_tokens": 4295,
      "completed_thought_count": 49,
      "full_text_len": 19077,
      "pruned_at_step": 28,
      "pruned_by_chain_id": "q19_c5",
      "initial_pruned_count": 6
    },
    {
      "chain_index": 6,
      "finish_reason": "worker_terminated_unexpectedly",
      "completion_tokens": 4114,
      "completed_thought_count": 54,
      "full_text_len": 18193,
      "pruned_at_step": 26,
      "pruned_by_chain_id": "q19_c4",
      "initial_pruned_count": 0
    },
    {
      "chain_index": 7,
      "finish_reason": "worker_terminated_unexpectedly",
      "completion_tokens": 3749,
      "completed_thought_count": 44,
      "full_text_len": 15957,
      "pruned_at_step": 23,
      "pruned_by_chain_id": "q19_c1",
      "initial_pruned_count": 0
    },
    {
      "chain_index": 8,
      "finish_reason": "worker_terminated_unexpectedly",
      "completion_tokens": 3749,
      "completed_thought_count": 37,
      "full_text_len": 16528,
      "pruned_at_step": 23,
      "pruned_by_chain_id": "q19_c1",
      "initial_pruned_count": 0
    }
  ],
  "error_chain_details": []
}