{
  "iteration": 29,
  "question_id": "index_28",
  "status": "SUCCESS",
  "n_chains_start": 8,
  "n_chains_completed_stream_for_voting": 2,
  "n_chains_pruned": 6,
  "n_chains_error": 0,
  "similarity_threshold": 0.92,
  "num_steps_to_delay_pruning": 20,
  "correct_answer_reference": "14+4\\sqrt{37}",
  "individual_answers_final": [
    "14 + 4\\sqrt{37}",
    "25"
  ],
  "voted_answer": "25",
  "final_score": 0,
  "processing_duration_sec": 457.33001685142517,
  "total_analysis_intervals": 100,
  "avg_kv_cache_usage": 0.16408405638537726,
  "max_kv_cache_usage": 0.3210042591347232,
  "usage_aggregated": {
    "prompt_tokens": 39336,
    "total_completion_tokens_across_all_started_chains": 100602
  },
  "chains_for_voting_details": [
    {
      "chain_index": 3,
      "finish_reason": "stop",
      "extracted_answer": "14 + 4\\sqrt{37}",
      "prompt_tokens": 134,
      "completion_tokens": 18944,
      "completed_thought_count": 25,
      "final_mean_pairwise_similarity": 0.3944794833660126,
      "final_internal_similarity": 0.015779179334640504,
      "pruned_count": 2
    },
    {
      "chain_index": 7,
      "finish_reason": "stop",
      "extracted_answer": "25",
      "prompt_tokens": 134,
      "completion_tokens": 20055,
      "completed_thought_count": 37,
      "final_mean_pairwise_similarity": 0.5008780360221863,
      "final_internal_similarity": 0.013537244216815845,
      "pruned_count": 4
    }
  ],
  "pruned_chain_details": [
    {
      "chain_index": 1,
      "finish_reason": "worker_terminated_unexpectedly",
      "completion_tokens": 9518,
      "completed_thought_count": 21,
      "full_text_len": 21254,
      "pruned_at_step": 66,
      "pruned_by_chain_id": "q29_c2",
      "initial_pruned_count": 0
    },
    {
      "chain_index": 2,
      "finish_reason": "stop",
      "completion_tokens": 11865,
      "completed_thought_count": 41,
      "full_text_len": 26315,
      "pruned_at_step": 98,
      "pruned_by_chain_id": "q29_c7",
      "initial_pruned_count": 1
    },
    {
      "chain_index": 4,
      "finish_reason": "worker_terminated_unexpectedly",
      "completion_tokens": 8453,
      "completed_thought_count": 32,
      "full_text_len": 19180,
      "pruned_at_step": 55,
      "pruned_by_chain_id": "q29_c5",
      "initial_pruned_count": 0
    },
    {
      "chain_index": 5,
      "finish_reason": "worker_terminated_unexpectedly",
      "completion_tokens": 10269,
      "completed_thought_count": 45,
      "full_text_len": 25531,
      "pruned_at_step": 73,
      "pruned_by_chain_id": "q29_c3",
      "initial_pruned_count": 1
    },
    {
      "chain_index": 6,
      "finish_reason": "worker_terminated_unexpectedly",
      "completion_tokens": 11750,
      "completed_thought_count": 18,
      "full_text_len": 24831,
      "pruned_at_step": 86,
      "pruned_by_chain_id": "q29_c7",
      "initial_pruned_count": 0
    },
    {
      "chain_index": 8,
      "finish_reason": "worker_terminated_unexpectedly",
      "completion_tokens": 8570,
      "completed_thought_count": 31,
      "full_text_len": 20748,
      "pruned_at_step": 57,
      "pruned_by_chain_id": "q29_c7",
      "initial_pruned_count": 0
    }
  ],
  "error_chain_details": [],
  "llm_tie_break_performed": true,
  "llm_tie_break_prompt_tokens": 39202,
  "llm_tie_break_completion_tokens": 1178,
  "llm_tie_break_response_text": "\n\nGiven the problem, we can use coordinate geometry and properties of circumradii to find the length of AB.\n\n1. **Assign Coordinates:**\n   - Place rectangle ABCD with A at (0,0), B at (AB, 0), C at (AB, 24), and D at (0, 24).\n   - Point X has coordinates (x, y).\n\n2. **Use Right Angle at X:**\n   - Since angle AXB is 90\u00b0, vectors AX and BX are perpendicular.\n   - Dot product: \\( x(x - AB) + y^2 = 0 \\) \u21d2 \\( x^2 + y^2 = AB \\cdot x \\).\n\n3. **Circumradius of Triangle AXD (R1 = 13):**\n   - Sides: \\( AX = \\sqrt{x^2 + y^2} \\), \\( XD = \\sqrt{x^2 + (24 - y)^2} \\), \\( AD = 24 \\).\n   - Area: \\( \\Delta = 12x \\).\n   - Using circumradius formula: \\( 13 = \\frac{AX \\cdot XD \\cdot AD}{4 \\Delta} \\).\n   - After simplification: \\( \\sqrt{x^2 + y^2} \\cdot \\sqrt{x^2 + (24 - y)^2} = 26x \\).\n\n4. **Circumradius of Triangle BXC (R2 = 15):**\n   - Sides: \\( BX = \\sqrt{(AB - x)^2 + y^2} \\), \\( XC = \\sqrt{(AB - x)^2 + (24 - y)^2} \\), \\( BC = 24 \\).\n   - Area: \\( \\Delta = 12(AB - x) \\).\n   - Using circumradius formula: \\( 15 = \\frac{BX \\cdot XC \\cdot BC}{4 \\Delta} \\).\n   - After simplification: \\( \\sqrt{(AB - x)^2 + y^2} \\cdot \\sqrt{(AB - x)^2 + (24 - y)^2} = 30(AB - x) \\).\n\n5. **Solve the Equations:**\n   - After solving the equations and considering possible integer values for AB, we find that AB = 25 satisfies all conditions.\n\n**Final Answer:**\n\\boxed{25}"
}