{
  "iteration": 24,
  "question_id": "index_23",
  "status": "SUCCESS",
  "n_chains_start": 8,
  "n_chains_completed_stream_for_voting": 1,
  "n_chains_pruned": 7,
  "n_chains_error": 0,
  "similarity_threshold": 0.92,
  "num_steps_to_delay_pruning": 20,
  "correct_answer_reference": "20",
  "individual_answers_final": [
    "100"
  ],
  "voted_answer": "100",
  "final_score": 0,
  "processing_duration_sec": 386.3658232688904,
  "total_analysis_intervals": 34,
  "avg_kv_cache_usage": 0.06738068715864542,
  "max_kv_cache_usage": 0.1763431218710304,
  "usage_aggregated": {
    "prompt_tokens": 677,
    "total_completion_tokens_across_all_started_chains": 48008
  },
  "chains_for_voting_details": [
    {
      "chain_index": 8,
      "finish_reason": "stop",
      "extracted_answer": "100",
      "prompt_tokens": 677,
      "completion_tokens": 17953,
      "completed_thought_count": 29,
      "final_mean_pairwise_similarity": 0.581876277923584,
      "final_internal_similarity": 0.020064699238744276,
      "pruned_count": 7
    }
  ],
  "pruned_chain_details": [
    {
      "chain_index": 1,
      "finish_reason": "worker_terminated_unexpectedly",
      "completion_tokens": 4896,
      "completed_thought_count": 29,
      "full_text_len": 14670,
      "pruned_at_step": 33,
      "pruned_by_chain_id": "q24_c8",
      "initial_pruned_count": 2
    },
    {
      "chain_index": 2,
      "finish_reason": "worker_terminated_unexpectedly",
      "completion_tokens": 4364,
      "completed_thought_count": 29,
      "full_text_len": 12982,
      "pruned_at_step": 29,
      "pruned_by_chain_id": "q24_c1",
      "initial_pruned_count": 1
    },
    {
      "chain_index": 3,
      "finish_reason": "worker_terminated_unexpectedly",
      "completion_tokens": 4364,
      "completed_thought_count": 33,
      "full_text_len": 13701,
      "pruned_at_step": 29,
      "pruned_by_chain_id": "q24_c8",
      "initial_pruned_count": 2
    },
    {
      "chain_index": 4,
      "finish_reason": "worker_terminated_unexpectedly",
      "completion_tokens": 4025,
      "completed_thought_count": 28,
      "full_text_len": 13235,
      "pruned_at_step": 25,
      "pruned_by_chain_id": "q24_c2",
      "initial_pruned_count": 0
    },
    {
      "chain_index": 5,
      "finish_reason": "worker_terminated_unexpectedly",
      "completion_tokens": 4026,
      "completed_thought_count": 30,
      "full_text_len": 12345,
      "pruned_at_step": 25,
      "pruned_by_chain_id": "q24_c8",
      "initial_pruned_count": 0
    },
    {
      "chain_index": 6,
      "finish_reason": "worker_terminated_unexpectedly",
      "completion_tokens": 4190,
      "completed_thought_count": 28,
      "full_text_len": 13436,
      "pruned_at_step": 27,
      "pruned_by_chain_id": "q24_c3",
      "initial_pruned_count": 0
    },
    {
      "chain_index": 7,
      "finish_reason": "worker_terminated_unexpectedly",
      "completion_tokens": 4190,
      "completed_thought_count": 24,
      "full_text_len": 12149,
      "pruned_at_step": 27,
      "pruned_by_chain_id": "q24_c3",
      "initial_pruned_count": 0
    }
  ],
  "error_chain_details": []
}