{
  "iteration": 4,
  "question_id": "index_3",
  "status": "SUCCESS",
  "n_chains_start": 8,
  "n_chains_completed_stream_for_voting": 1,
  "n_chains_pruned": 7,
  "n_chains_error": 0,
  "similarity_threshold": 0.92,
  "num_steps_to_delay_pruning": 20,
  "correct_answer_reference": "-984",
  "individual_answers_final": [
    "-984"
  ],
  "voted_answer": "-984",
  "final_score": 1,
  "processing_duration_sec": 258.0085029602051,
  "total_analysis_intervals": 43,
  "avg_kv_cache_usage": 0.06414952180028494,
  "max_kv_cache_usage": 0.1470522304416049,
  "usage_aggregated": {
    "prompt_tokens": 118,
    "total_completion_tokens_across_all_started_chains": 47311
  },
  "chains_for_voting_details": [
    {
      "chain_index": 7,
      "finish_reason": "stop",
      "extracted_answer": "-984",
      "prompt_tokens": 118,
      "completion_tokens": 12834,
      "completed_thought_count": 31,
      "final_mean_pairwise_similarity": 0.5060123801231384,
      "final_internal_similarity": 0.01632298000397221,
      "pruned_count": 7
    }
  ],
  "pruned_chain_details": [
    {
      "chain_index": 1,
      "finish_reason": "worker_terminated_unexpectedly",
      "completion_tokens": 6164,
      "completed_thought_count": 38,
      "full_text_len": 16129,
      "pruned_at_step": 42,
      "pruned_by_chain_id": "q4_c7",
      "initial_pruned_count": 2
    },
    {
      "chain_index": 2,
      "finish_reason": "worker_terminated_unexpectedly",
      "completion_tokens": 4296,
      "completed_thought_count": 25,
      "full_text_len": 11005,
      "pruned_at_step": 28,
      "pruned_by_chain_id": "q4_c5",
      "initial_pruned_count": 0
    },
    {
      "chain_index": 3,
      "finish_reason": "worker_terminated_unexpectedly",
      "completion_tokens": 3970,
      "completed_thought_count": 18,
      "full_text_len": 10166,
      "pruned_at_step": 25,
      "pruned_by_chain_id": "q4_c1",
      "initial_pruned_count": 0
    },
    {
      "chain_index": 4,
      "finish_reason": "worker_terminated_unexpectedly",
      "completion_tokens": 5810,
      "completed_thought_count": 30,
      "full_text_len": 14066,
      "pruned_at_step": 39,
      "pruned_by_chain_id": "q4_c7",
      "initial_pruned_count": 2
    },
    {
      "chain_index": 5,
      "finish_reason": "worker_terminated_unexpectedly",
      "completion_tokens": 4624,
      "completed_thought_count": 34,
      "full_text_len": 11063,
      "pruned_at_step": 31,
      "pruned_by_chain_id": "q4_c4",
      "initial_pruned_count": 1
    },
    {
      "chain_index": 6,
      "finish_reason": "worker_terminated_unexpectedly",
      "completion_tokens": 3803,
      "completed_thought_count": 33,
      "full_text_len": 10335,
      "pruned_at_step": 23,
      "pruned_by_chain_id": "q4_c7",
      "initial_pruned_count": 0
    },
    {
      "chain_index": 8,
      "finish_reason": "worker_terminated_unexpectedly",
      "completion_tokens": 5810,
      "completed_thought_count": 29,
      "full_text_len": 14204,
      "pruned_at_step": 39,
      "pruned_by_chain_id": "q4_c1",
      "initial_pruned_count": 0
    }
  ],
  "error_chain_details": []
}