{
  "iteration": 20,
  "question_id": "index_19",
  "status": "SUCCESS",
  "n_chains_start": 8,
  "n_chains_completed_stream_for_voting": 1,
  "n_chains_pruned": 7,
  "n_chains_error": 0,
  "similarity_threshold": 0.92,
  "num_steps_to_delay_pruning": 20,
  "correct_answer_reference": "\\frac{448}{3}",
  "individual_answers_final": [
    "43"
  ],
  "voted_answer": "43",
  "final_score": 0,
  "processing_duration_sec": 331.30695605278015,
  "total_analysis_intervals": 33,
  "avg_kv_cache_usage": 0.05587131294199048,
  "max_kv_cache_usage": 0.1440633639692147,
  "usage_aggregated": {
    "prompt_tokens": 166,
    "total_completion_tokens_across_all_started_chains": 43754
  },
  "chains_for_voting_details": [
    {
      "chain_index": 8,
      "finish_reason": "stop",
      "extracted_answer": "43",
      "prompt_tokens": 166,
      "completion_tokens": 15906,
      "completed_thought_count": 38,
      "final_mean_pairwise_similarity": 0.46341225504875183,
      "final_internal_similarity": 0.012195059343388206,
      "pruned_count": 7
    }
  ],
  "pruned_chain_details": [
    {
      "chain_index": 1,
      "finish_reason": "worker_terminated_unexpectedly",
      "completion_tokens": 3680,
      "completed_thought_count": 22,
      "full_text_len": 14598,
      "pruned_at_step": 22,
      "pruned_by_chain_id": "q20_c3",
      "initial_pruned_count": 0
    },
    {
      "chain_index": 2,
      "finish_reason": "worker_terminated_unexpectedly",
      "completion_tokens": 3681,
      "completed_thought_count": 39,
      "full_text_len": 14231,
      "pruned_at_step": 22,
      "pruned_by_chain_id": "q20_c8",
      "initial_pruned_count": 0
    },
    {
      "chain_index": 3,
      "finish_reason": "worker_terminated_unexpectedly",
      "completion_tokens": 3846,
      "completed_thought_count": 42,
      "full_text_len": 16365,
      "pruned_at_step": 24,
      "pruned_by_chain_id": "q20_c7",
      "initial_pruned_count": 2
    },
    {
      "chain_index": 4,
      "finish_reason": "worker_terminated_unexpectedly",
      "completion_tokens": 3846,
      "completed_thought_count": 36,
      "full_text_len": 15923,
      "pruned_at_step": 24,
      "pruned_by_chain_id": "q20_c8",
      "initial_pruned_count": 0
    },
    {
      "chain_index": 5,
      "finish_reason": "worker_terminated_unexpectedly",
      "completion_tokens": 4028,
      "completed_thought_count": 38,
      "full_text_len": 17485,
      "pruned_at_step": 26,
      "pruned_by_chain_id": "q20_c8",
      "initial_pruned_count": 0
    },
    {
      "chain_index": 6,
      "finish_reason": "worker_terminated_unexpectedly",
      "completion_tokens": 3846,
      "completed_thought_count": 34,
      "full_text_len": 14986,
      "pruned_at_step": 24,
      "pruned_by_chain_id": "q20_c3",
      "initial_pruned_count": 0
    },
    {
      "chain_index": 7,
      "finish_reason": "worker_terminated_unexpectedly",
      "completion_tokens": 4921,
      "completed_thought_count": 53,
      "full_text_len": 20965,
      "pruned_at_step": 32,
      "pruned_by_chain_id": "q20_c8",
      "initial_pruned_count": 3
    }
  ],
  "error_chain_details": []
}