{
  "iteration": 7,
  "question_id": "index_6",
  "status": "SUCCESS",
  "n_chains_start": 8,
  "n_chains_completed_stream_for_voting": 1,
  "n_chains_pruned": 7,
  "n_chains_error": 0,
  "similarity_threshold": 0.92,
  "num_steps_to_delay_pruning": 20,
  "correct_answer_reference": "\\frac{9 \\sqrt{23}}{23}",
  "individual_answers_final": [
    "\\dfrac{15}{8}"
  ],
  "voted_answer": "\\dfrac{15}{8}",
  "final_score": 0,
  "processing_duration_sec": 295.40891432762146,
  "total_analysis_intervals": 61,
  "avg_kv_cache_usage": 0.08710906872946707,
  "max_kv_cache_usage": 0.2229694388403198,
  "usage_aggregated": {
    "prompt_tokens": 138,
    "total_completion_tokens_across_all_started_chains": 60494
  },
  "chains_for_voting_details": [
    {
      "chain_index": 1,
      "finish_reason": "stop",
      "extracted_answer": "\\dfrac{15}{8}",
      "prompt_tokens": 138,
      "completion_tokens": 14307,
      "completed_thought_count": 29,
      "final_mean_pairwise_similarity": 0.42770475149154663,
      "final_internal_similarity": 0.014748439706605056,
      "pruned_count": 7
    }
  ],
  "pruned_chain_details": [
    {
      "chain_index": 2,
      "finish_reason": "worker_terminated_unexpectedly",
      "completion_tokens": 6123,
      "completed_thought_count": 25,
      "full_text_len": 13546,
      "pruned_at_step": 40,
      "pruned_by_chain_id": "q7_c1",
      "initial_pruned_count": 2
    },
    {
      "chain_index": 3,
      "finish_reason": "worker_terminated_unexpectedly",
      "completion_tokens": 5967,
      "completed_thought_count": 20,
      "full_text_len": 13461,
      "pruned_at_step": 38,
      "pruned_by_chain_id": "q7_c2",
      "initial_pruned_count": 0
    },
    {
      "chain_index": 4,
      "finish_reason": "worker_terminated_unexpectedly",
      "completion_tokens": 6787,
      "completed_thought_count": 31,
      "full_text_len": 15489,
      "pruned_at_step": 46,
      "pruned_by_chain_id": "q7_c6",
      "initial_pruned_count": 2
    },
    {
      "chain_index": 5,
      "finish_reason": "worker_terminated_unexpectedly",
      "completion_tokens": 6122,
      "completed_thought_count": 9,
      "full_text_len": 11913,
      "pruned_at_step": 40,
      "pruned_by_chain_id": "q7_c4",
      "initial_pruned_count": 0
    },
    {
      "chain_index": 6,
      "finish_reason": "worker_terminated_unexpectedly",
      "completion_tokens": 8758,
      "completed_thought_count": 24,
      "full_text_len": 18396,
      "pruned_at_step": 60,
      "pruned_by_chain_id": "q7_c1",
      "initial_pruned_count": 3
    },
    {
      "chain_index": 7,
      "finish_reason": "worker_terminated_unexpectedly",
      "completion_tokens": 5811,
      "completed_thought_count": 12,
      "full_text_len": 11767,
      "pruned_at_step": 36,
      "pruned_by_chain_id": "q7_c2",
      "initial_pruned_count": 0
    },
    {
      "chain_index": 8,
      "finish_reason": "worker_terminated_unexpectedly",
      "completion_tokens": 6619,
      "completed_thought_count": 17,
      "full_text_len": 14003,
      "pruned_at_step": 44,
      "pruned_by_chain_id": "q7_c4",
      "initial_pruned_count": 0
    }
  ],
  "error_chain_details": []
}