{
  "iteration": 28,
  "question_id": "index_27",
  "status": "SUCCESS",
  "n_chains_start": 8,
  "n_chains_completed_stream_for_voting": 1,
  "n_chains_pruned": 7,
  "n_chains_error": 0,
  "similarity_threshold": 0.92,
  "num_steps_to_delay_pruning": 20,
  "correct_answer_reference": "\\sqrt{6}",
  "individual_answers_final": [
    "\\sqrt{6}"
  ],
  "voted_answer": "\\sqrt{6}",
  "final_score": 1,
  "processing_duration_sec": 200.21197605133057,
  "total_analysis_intervals": 38,
  "avg_kv_cache_usage": 0.060863159969038516,
  "max_kv_cache_usage": 0.1596054696256444,
  "usage_aggregated": {
    "prompt_tokens": 160,
    "total_completion_tokens_across_all_started_chains": 42569
  },
  "chains_for_voting_details": [
    {
      "chain_index": 5,
      "finish_reason": "stop",
      "extracted_answer": "\\sqrt{6}",
      "prompt_tokens": 160,
      "completion_tokens": 10419,
      "completed_thought_count": 28,
      "final_mean_pairwise_similarity": 0.3913715183734894,
      "final_internal_similarity": 0.01397755422762462,
      "pruned_count": 7
    }
  ],
  "pruned_chain_details": [
    {
      "chain_index": 1,
      "finish_reason": "worker_terminated_unexpectedly",
      "completion_tokens": 4260,
      "completed_thought_count": 24,
      "full_text_len": 12524,
      "pruned_at_step": 27,
      "pruned_by_chain_id": "q28_c2",
      "initial_pruned_count": 0
    },
    {
      "chain_index": 2,
      "finish_reason": "worker_terminated_unexpectedly",
      "completion_tokens": 4583,
      "completed_thought_count": 27,
      "full_text_len": 13094,
      "pruned_at_step": 31,
      "pruned_by_chain_id": "q28_c6",
      "initial_pruned_count": 1
    },
    {
      "chain_index": 3,
      "finish_reason": "worker_terminated_unexpectedly",
      "completion_tokens": 4422,
      "completed_thought_count": 20,
      "full_text_len": 13129,
      "pruned_at_step": 29,
      "pruned_by_chain_id": "q28_c5",
      "initial_pruned_count": 0
    },
    {
      "chain_index": 4,
      "finish_reason": "worker_terminated_unexpectedly",
      "completion_tokens": 5105,
      "completed_thought_count": 18,
      "full_text_len": 13056,
      "pruned_at_step": 37,
      "pruned_by_chain_id": "q28_c5",
      "initial_pruned_count": 0
    },
    {
      "chain_index": 6,
      "finish_reason": "worker_terminated_unexpectedly",
      "completion_tokens": 4928,
      "completed_thought_count": 23,
      "full_text_len": 12387,
      "pruned_at_step": 35,
      "pruned_by_chain_id": "q28_c5",
      "initial_pruned_count": 2
    },
    {
      "chain_index": 7,
      "finish_reason": "worker_terminated_unexpectedly",
      "completion_tokens": 4097,
      "completed_thought_count": 27,
      "full_text_len": 12678,
      "pruned_at_step": 25,
      "pruned_by_chain_id": "q28_c8",
      "initial_pruned_count": 0
    },
    {
      "chain_index": 8,
      "finish_reason": "worker_terminated_unexpectedly",
      "completion_tokens": 4755,
      "completed_thought_count": 37,
      "full_text_len": 15087,
      "pruned_at_step": 33,
      "pruned_by_chain_id": "q28_c5",
      "initial_pruned_count": 1
    }
  ],
  "error_chain_details": []
}