{
  "iteration": 5,
  "question_id": "index_4",
  "status": "SUCCESS",
  "n_chains_start": 8,
  "n_chains_completed_stream_for_voting": 8,
  "n_chains_pruned": 0,
  "n_chains_error": 0,
  "similarity_threshold": 0.92,
  "num_steps_to_delay_pruning": 20,
  "correct_answer_reference": "890",
  "individual_answers_final": [
    "890",
    "890",
    "890",
    "890",
    "890",
    "890",
    "890",
    "890"
  ],
  "voted_answer": "890",
  "final_score": 1,
  "processing_duration_sec": 157.76076865196228,
  "total_analysis_intervals": 48,
  "avg_kv_cache_usage": 0.09925940659941146,
  "max_kv_cache_usage": 0.1741761936785474,
  "usage_aggregated": {
    "prompt_tokens": 138,
    "total_completion_tokens_across_all_started_chains": 51381
  },
  "chains_for_voting_details": [
    {
      "chain_index": 1,
      "finish_reason": "stop",
      "extracted_answer": "890",
      "prompt_tokens": 138,
      "completion_tokens": 6761,
      "completed_thought_count": 43,
      "final_mean_pairwise_similarity": 0.47342389822006226,
      "final_internal_similarity": 0.011009858098140982,
      "pruned_count": 0
    },
    {
      "chain_index": 2,
      "finish_reason": "stop",
      "extracted_answer": "890",
      "prompt_tokens": 138,
      "completion_tokens": 5176,
      "completed_thought_count": 27,
      "final_mean_pairwise_similarity": 0.44492673873901367,
      "final_internal_similarity": 0.01647876810144495,
      "pruned_count": 0
    },
    {
      "chain_index": 3,
      "finish_reason": "stop",
      "extracted_answer": "890",
      "prompt_tokens": 138,
      "completion_tokens": 5848,
      "completed_thought_count": 28,
      "final_mean_pairwise_similarity": 0.43119344115257263,
      "final_internal_similarity": 0.015399765755449022,
      "pruned_count": 0
    },
    {
      "chain_index": 4,
      "finish_reason": "stop",
      "extracted_answer": "890",
      "prompt_tokens": 138,
      "completion_tokens": 6991,
      "completed_thought_count": 26,
      "final_mean_pairwise_similarity": 0.5772631168365479,
      "final_internal_similarity": 0.022202427570636455,
      "pruned_count": 0
    },
    {
      "chain_index": 5,
      "finish_reason": "stop",
      "extracted_answer": "890",
      "prompt_tokens": 138,
      "completion_tokens": 8038,
      "completed_thought_count": 49,
      "final_mean_pairwise_similarity": 0.49979135394096375,
      "final_internal_similarity": 0.010199823549815587,
      "pruned_count": 0
    },
    {
      "chain_index": 6,
      "finish_reason": "stop",
      "extracted_answer": "890",
      "prompt_tokens": 138,
      "completion_tokens": 8431,
      "completed_thought_count": 72,
      "final_mean_pairwise_similarity": 0.4315376579761505,
      "final_internal_similarity": 0.0059935785830020905,
      "pruned_count": 0
    },
    {
      "chain_index": 7,
      "finish_reason": "stop",
      "extracted_answer": "890",
      "prompt_tokens": 138,
      "completion_tokens": 5737,
      "completed_thought_count": 28,
      "final_mean_pairwise_similarity": 0.5227745771408081,
      "final_internal_similarity": 0.01867052061217172,
      "pruned_count": 0
    },
    {
      "chain_index": 8,
      "finish_reason": "stop",
      "extracted_answer": "890",
      "prompt_tokens": 138,
      "completion_tokens": 4399,
      "completed_thought_count": 17,
      "final_mean_pairwise_similarity": 0.5671073794364929,
      "final_internal_similarity": 0.03335925761391135,
      "pruned_count": 0
    }
  ],
  "pruned_chain_details": [],
  "error_chain_details": []
}