{
  "iteration": 27,
  "question_id": "index_26",
  "status": "SUCCESS",
  "n_chains_start": 8,
  "n_chains_completed_stream_for_voting": 1,
  "n_chains_pruned": 7,
  "n_chains_error": 0,
  "similarity_threshold": 0.92,
  "num_steps_to_delay_pruning": 20,
  "correct_answer_reference": "\\frac{7}{18}",
  "individual_answers_final": [
    "\\dfrac{23}{70}"
  ],
  "voted_answer": "\\dfrac{23}{70}",
  "final_score": 0,
  "processing_duration_sec": 277.6076295375824,
  "total_analysis_intervals": 87,
  "avg_kv_cache_usage": 0.10426849476268375,
  "max_kv_cache_usage": 0.2140028394231488,
  "usage_aggregated": {
    "prompt_tokens": 151,
    "total_completion_tokens_across_all_started_chains": 63363
  },
  "chains_for_voting_details": [
    {
      "chain_index": 5,
      "finish_reason": "stop",
      "extracted_answer": "\\dfrac{23}{70}",
      "prompt_tokens": 151,
      "completion_tokens": 13092,
      "completed_thought_count": 28,
      "final_mean_pairwise_similarity": 0.440168559551239,
      "final_internal_similarity": 0.015720305698258535,
      "pruned_count": 7
    }
  ],
  "pruned_chain_details": [
    {
      "chain_index": 1,
      "finish_reason": "worker_terminated_unexpectedly",
      "completion_tokens": 5885,
      "completed_thought_count": 41,
      "full_text_len": 16256,
      "pruned_at_step": 38,
      "pruned_by_chain_id": "q27_c4",
      "initial_pruned_count": 2
    },
    {
      "chain_index": 2,
      "finish_reason": "worker_terminated_unexpectedly",
      "completion_tokens": 11892,
      "completed_thought_count": 56,
      "full_text_len": 29230,
      "pruned_at_step": 86,
      "pruned_by_chain_id": "q27_c5",
      "initial_pruned_count": 0
    },
    {
      "chain_index": 3,
      "finish_reason": "worker_terminated_unexpectedly",
      "completion_tokens": 5884,
      "completed_thought_count": 28,
      "full_text_len": 14093,
      "pruned_at_step": 38,
      "pruned_by_chain_id": "q27_c1",
      "initial_pruned_count": 1
    },
    {
      "chain_index": 4,
      "finish_reason": "worker_terminated_unexpectedly",
      "completion_tokens": 7047,
      "completed_thought_count": 33,
      "full_text_len": 18860,
      "pruned_at_step": 46,
      "pruned_by_chain_id": "q27_c8",
      "initial_pruned_count": 3
    },
    {
      "chain_index": 6,
      "finish_reason": "worker_terminated_unexpectedly",
      "completion_tokens": 5558,
      "completed_thought_count": 25,
      "full_text_len": 15390,
      "pruned_at_step": 34,
      "pruned_by_chain_id": "q27_c8",
      "initial_pruned_count": 0
    },
    {
      "chain_index": 7,
      "finish_reason": "worker_terminated_unexpectedly",
      "completion_tokens": 5723,
      "completed_thought_count": 24,
      "full_text_len": 14553,
      "pruned_at_step": 36,
      "pruned_by_chain_id": "q27_c3",
      "initial_pruned_count": 0
    },
    {
      "chain_index": 8,
      "finish_reason": "worker_terminated_unexpectedly",
      "completion_tokens": 8282,
      "completed_thought_count": 49,
      "full_text_len": 24419,
      "pruned_at_step": 55,
      "pruned_by_chain_id": "q27_c5",
      "initial_pruned_count": 5
    }
  ],
  "error_chain_details": []
}