{
  "iteration": 14,
  "question_id": "index_13",
  "status": "SUCCESS",
  "n_chains_start": 8,
  "n_chains_completed_stream_for_voting": 1,
  "n_chains_pruned": 7,
  "n_chains_error": 0,
  "similarity_threshold": 0.92,
  "num_steps_to_delay_pruning": 20,
  "correct_answer_reference": "2304",
  "individual_answers_final": [
    "64"
  ],
  "voted_answer": "64",
  "final_score": 0,
  "processing_duration_sec": 186.82014107704163,
  "total_analysis_intervals": 32,
  "avg_kv_cache_usage": 0.050482792858494906,
  "max_kv_cache_usage": 0.1368900844354779,
  "usage_aggregated": {
    "prompt_tokens": 183,
    "total_completion_tokens_across_all_started_chains": 36486
  },
  "chains_for_voting_details": [
    {
      "chain_index": 8,
      "finish_reason": "stop",
      "extracted_answer": "64",
      "prompt_tokens": 183,
      "completion_tokens": 9984,
      "completed_thought_count": 39,
      "final_mean_pairwise_similarity": 0.5063113570213318,
      "final_internal_similarity": 0.012982342487726456,
      "pruned_count": 7
    }
  ],
  "pruned_chain_details": [
    {
      "chain_index": 1,
      "finish_reason": "worker_terminated_unexpectedly",
      "completion_tokens": 3632,
      "completed_thought_count": 22,
      "full_text_len": 12654,
      "pruned_at_step": 23,
      "pruned_by_chain_id": "q14_c2",
      "initial_pruned_count": 0
    },
    {
      "chain_index": 2,
      "finish_reason": "worker_terminated_unexpectedly",
      "completion_tokens": 3631,
      "completed_thought_count": 31,
      "full_text_len": 14001,
      "pruned_at_step": 23,
      "pruned_by_chain_id": "q14_c6",
      "initial_pruned_count": 3
    },
    {
      "chain_index": 3,
      "finish_reason": "worker_terminated_unexpectedly",
      "completion_tokens": 3632,
      "completed_thought_count": 26,
      "full_text_len": 12342,
      "pruned_at_step": 23,
      "pruned_by_chain_id": "q14_c2",
      "initial_pruned_count": 1
    },
    {
      "chain_index": 4,
      "finish_reason": "worker_terminated_unexpectedly",
      "completion_tokens": 3467,
      "completed_thought_count": 25,
      "full_text_len": 13038,
      "pruned_at_step": 21,
      "pruned_by_chain_id": "q14_c3",
      "initial_pruned_count": 0
    },
    {
      "chain_index": 5,
      "finish_reason": "worker_terminated_unexpectedly",
      "completion_tokens": 3632,
      "completed_thought_count": 15,
      "full_text_len": 9323,
      "pruned_at_step": 23,
      "pruned_by_chain_id": "q14_c7",
      "initial_pruned_count": 0
    },
    {
      "chain_index": 6,
      "finish_reason": "worker_terminated_unexpectedly",
      "completion_tokens": 4877,
      "completed_thought_count": 34,
      "full_text_len": 15102,
      "pruned_at_step": 31,
      "pruned_by_chain_id": "q14_c8",
      "initial_pruned_count": 6
    },
    {
      "chain_index": 7,
      "finish_reason": "worker_terminated_unexpectedly",
      "completion_tokens": 3631,
      "completed_thought_count": 29,
      "full_text_len": 13870,
      "pruned_at_step": 23,
      "pruned_by_chain_id": "q14_c6",
      "initial_pruned_count": 1
    }
  ],
  "error_chain_details": []
}