{
  "iteration": 13,
  "question_id": "index_12",
  "status": "SUCCESS",
  "n_chains_start": 8,
  "n_chains_completed_stream_for_voting": 1,
  "n_chains_pruned": 7,
  "n_chains_error": 0,
  "similarity_threshold": 0.92,
  "num_steps_to_delay_pruning": 20,
  "correct_answer_reference": "105",
  "individual_answers_final": [
    "64"
  ],
  "voted_answer": "64",
  "final_score": 0,
  "processing_duration_sec": 315.23495864868164,
  "total_analysis_intervals": 28,
  "avg_kv_cache_usage": 0.05527360088683791,
  "max_kv_cache_usage": 0.1482477770305611,
  "usage_aggregated": {
    "prompt_tokens": 149,
    "total_completion_tokens_across_all_started_chains": 43561
  },
  "chains_for_voting_details": [
    {
      "chain_index": 5,
      "finish_reason": "stop",
      "extracted_answer": "64",
      "prompt_tokens": 149,
      "completion_tokens": 15555,
      "completed_thought_count": 36,
      "final_mean_pairwise_similarity": 0.49418920278549194,
      "final_internal_similarity": 0.013727477855152555,
      "pruned_count": 7
    }
  ],
  "pruned_chain_details": [
    {
      "chain_index": 1,
      "finish_reason": "worker_terminated_unexpectedly",
      "completion_tokens": 3974,
      "completed_thought_count": 49,
      "full_text_len": 16862,
      "pruned_at_step": 25,
      "pruned_by_chain_id": "q13_c7",
      "initial_pruned_count": 1
    },
    {
      "chain_index": 2,
      "finish_reason": "worker_terminated_unexpectedly",
      "completion_tokens": 4152,
      "completed_thought_count": 37,
      "full_text_len": 16772,
      "pruned_at_step": 27,
      "pruned_by_chain_id": "q13_c8",
      "initial_pruned_count": 4
    },
    {
      "chain_index": 3,
      "finish_reason": "worker_terminated_unexpectedly",
      "completion_tokens": 3973,
      "completed_thought_count": 31,
      "full_text_len": 15799,
      "pruned_at_step": 25,
      "pruned_by_chain_id": "q13_c8",
      "initial_pruned_count": 0
    },
    {
      "chain_index": 4,
      "finish_reason": "worker_terminated_unexpectedly",
      "completion_tokens": 3809,
      "completed_thought_count": 36,
      "full_text_len": 15387,
      "pruned_at_step": 23,
      "pruned_by_chain_id": "q13_c2",
      "initial_pruned_count": 0
    },
    {
      "chain_index": 6,
      "finish_reason": "worker_terminated_unexpectedly",
      "completion_tokens": 3973,
      "completed_thought_count": 45,
      "full_text_len": 15414,
      "pruned_at_step": 25,
      "pruned_by_chain_id": "q13_c1",
      "initial_pruned_count": 0
    },
    {
      "chain_index": 7,
      "finish_reason": "worker_terminated_unexpectedly",
      "completion_tokens": 3973,
      "completed_thought_count": 36,
      "full_text_len": 16390,
      "pruned_at_step": 25,
      "pruned_by_chain_id": "q13_c2",
      "initial_pruned_count": 2
    },
    {
      "chain_index": 8,
      "finish_reason": "worker_terminated_unexpectedly",
      "completion_tokens": 4152,
      "completed_thought_count": 34,
      "full_text_len": 16440,
      "pruned_at_step": 27,
      "pruned_by_chain_id": "q13_c5",
      "initial_pruned_count": 6
    }
  ],
  "error_chain_details": []
}