{
  "iteration": 17,
  "question_id": "index_16",
  "status": "SUCCESS",
  "n_chains_start": 8,
  "n_chains_completed_stream_for_voting": 1,
  "n_chains_pruned": 7,
  "n_chains_error": 0,
  "similarity_threshold": 0.92,
  "num_steps_to_delay_pruning": 20,
  "correct_answer_reference": "2^{25} \\cdot 26!",
  "individual_answers_final": [
    "26!"
  ],
  "voted_answer": "26!",
  "final_score": 0,
  "processing_duration_sec": 157.50024151802063,
  "total_analysis_intervals": 27,
  "avg_kv_cache_usage": 0.05187578779363236,
  "max_kv_cache_usage": 0.1434655906747366,
  "usage_aggregated": {
    "prompt_tokens": 142,
    "total_completion_tokens_across_all_started_chains": 35997
  },
  "chains_for_voting_details": [
    {
      "chain_index": 6,
      "finish_reason": "stop",
      "extracted_answer": "26!",
      "prompt_tokens": 142,
      "completion_tokens": 8723,
      "completed_thought_count": 38,
      "final_mean_pairwise_similarity": 0.5714900493621826,
      "final_internal_similarity": 0.015039211825320595,
      "pruned_count": 7
    }
  ],
  "pruned_chain_details": [
    {
      "chain_index": 1,
      "finish_reason": "worker_terminated_unexpectedly",
      "completion_tokens": 4023,
      "completed_thought_count": 34,
      "full_text_len": 16271,
      "pruned_at_step": 26,
      "pruned_by_chain_id": "q17_c4",
      "initial_pruned_count": 2
    },
    {
      "chain_index": 2,
      "finish_reason": "worker_terminated_unexpectedly",
      "completion_tokens": 3678,
      "completed_thought_count": 35,
      "full_text_len": 15088,
      "pruned_at_step": 22,
      "pruned_by_chain_id": "q17_c5",
      "initial_pruned_count": 0
    },
    {
      "chain_index": 3,
      "finish_reason": "worker_terminated_unexpectedly",
      "completion_tokens": 3843,
      "completed_thought_count": 31,
      "full_text_len": 16097,
      "pruned_at_step": 24,
      "pruned_by_chain_id": "q17_c4",
      "initial_pruned_count": 0
    },
    {
      "chain_index": 4,
      "finish_reason": "worker_terminated_unexpectedly",
      "completion_tokens": 4022,
      "completed_thought_count": 41,
      "full_text_len": 16067,
      "pruned_at_step": 26,
      "pruned_by_chain_id": "q17_c6",
      "initial_pruned_count": 4
    },
    {
      "chain_index": 5,
      "finish_reason": "worker_terminated_unexpectedly",
      "completion_tokens": 3843,
      "completed_thought_count": 41,
      "full_text_len": 16400,
      "pruned_at_step": 24,
      "pruned_by_chain_id": "q17_c6",
      "initial_pruned_count": 1
    },
    {
      "chain_index": 7,
      "finish_reason": "worker_terminated_unexpectedly",
      "completion_tokens": 3843,
      "completed_thought_count": 32,
      "full_text_len": 16103,
      "pruned_at_step": 24,
      "pruned_by_chain_id": "q17_c8",
      "initial_pruned_count": 0
    },
    {
      "chain_index": 8,
      "finish_reason": "worker_terminated_unexpectedly",
      "completion_tokens": 4022,
      "completed_thought_count": 31,
      "full_text_len": 17101,
      "pruned_at_step": 26,
      "pruned_by_chain_id": "q17_c1",
      "initial_pruned_count": 1
    }
  ],
  "error_chain_details": []
}