{
  "iteration": 18,
  "question_id": "index_17",
  "status": "SUCCESS",
  "n_chains_start": 8,
  "n_chains_completed_stream_for_voting": 1,
  "n_chains_pruned": 7,
  "n_chains_error": 0,
  "similarity_threshold": 0.92,
  "num_steps_to_delay_pruning": 20,
  "correct_answer_reference": "\\frac{2025}{101}",
  "individual_answers_final": [
    "\\dfrac{675}{67}"
  ],
  "voted_answer": "\\dfrac{675}{67}",
  "final_score": 0,
  "processing_duration_sec": 261.4234552383423,
  "total_analysis_intervals": 40,
  "avg_kv_cache_usage": 0.07616535488055935,
  "max_kv_cache_usage": 0.2140028394231488,
  "usage_aggregated": {
    "prompt_tokens": 217,
    "total_completion_tokens_across_all_started_chains": 52890
  },
  "chains_for_voting_details": [
    {
      "chain_index": 5,
      "finish_reason": "stop",
      "extracted_answer": "\\dfrac{675}{67}",
      "prompt_tokens": 217,
      "completion_tokens": 12834,
      "completed_thought_count": 73,
      "final_mean_pairwise_similarity": 0.48102253675460815,
      "final_internal_similarity": 0.006589349818556276,
      "pruned_count": 7
    }
  ],
  "pruned_chain_details": [
    {
      "chain_index": 1,
      "finish_reason": "worker_terminated_unexpectedly",
      "completion_tokens": 5821,
      "completed_thought_count": 53,
      "full_text_len": 24227,
      "pruned_at_step": 37,
      "pruned_by_chain_id": "q18_c2",
      "initial_pruned_count": 1
    },
    {
      "chain_index": 2,
      "finish_reason": "worker_terminated_unexpectedly",
      "completion_tokens": 5989,
      "completed_thought_count": 69,
      "full_text_len": 21803,
      "pruned_at_step": 39,
      "pruned_by_chain_id": "q18_c5",
      "initial_pruned_count": 5
    },
    {
      "chain_index": 3,
      "finish_reason": "worker_terminated_unexpectedly",
      "completion_tokens": 5821,
      "completed_thought_count": 76,
      "full_text_len": 24519,
      "pruned_at_step": 37,
      "pruned_by_chain_id": "q18_c2",
      "initial_pruned_count": 1
    },
    {
      "chain_index": 4,
      "finish_reason": "worker_terminated_unexpectedly",
      "completion_tokens": 5647,
      "completed_thought_count": 70,
      "full_text_len": 24513,
      "pruned_at_step": 35,
      "pruned_by_chain_id": "q18_c3",
      "initial_pruned_count": 0
    },
    {
      "chain_index": 6,
      "finish_reason": "worker_terminated_unexpectedly",
      "completion_tokens": 5486,
      "completed_thought_count": 60,
      "full_text_len": 21521,
      "pruned_at_step": 33,
      "pruned_by_chain_id": "q18_c1",
      "initial_pruned_count": 0
    },
    {
      "chain_index": 7,
      "finish_reason": "worker_terminated_unexpectedly",
      "completion_tokens": 5646,
      "completed_thought_count": 58,
      "full_text_len": 21985,
      "pruned_at_step": 35,
      "pruned_by_chain_id": "q18_c5",
      "initial_pruned_count": 0
    },
    {
      "chain_index": 8,
      "finish_reason": "worker_terminated_unexpectedly",
      "completion_tokens": 5646,
      "completed_thought_count": 67,
      "full_text_len": 23120,
      "pruned_at_step": 35,
      "pruned_by_chain_id": "q18_c2",
      "initial_pruned_count": 0
    }
  ],
  "error_chain_details": []
}