{
  "iteration": 21,
  "question_id": "index_20",
  "status": "SUCCESS",
  "n_chains_start": 8,
  "n_chains_completed_stream_for_voting": 8,
  "n_chains_pruned": 0,
  "n_chains_error": 0,
  "similarity_threshold": 0.92,
  "num_steps_to_delay_pruning": 20,
  "correct_answer_reference": "26",
  "individual_answers_final": [
    "26",
    "26",
    "26",
    "26",
    "26",
    "26",
    "26",
    "26"
  ],
  "voted_answer": "26",
  "final_score": 1,
  "processing_duration_sec": 49.01002597808838,
  "total_analysis_intervals": 15,
  "avg_kv_cache_usage": 0.04533700413612717,
  "max_kv_cache_usage": 0.0753194351042366,
  "usage_aggregated": {
    "prompt_tokens": 134,
    "total_completion_tokens_across_all_started_chains": 19483
  },
  "chains_for_voting_details": [
    {
      "chain_index": 1,
      "finish_reason": "stop",
      "extracted_answer": "26",
      "prompt_tokens": 134,
      "completion_tokens": 2215,
      "completed_thought_count": 8,
      "final_mean_pairwise_similarity": 0.6428952217102051,
      "final_internal_similarity": 0.08036190271377563,
      "pruned_count": 0
    },
    {
      "chain_index": 2,
      "finish_reason": "stop",
      "extracted_answer": "26",
      "prompt_tokens": 134,
      "completion_tokens": 2769,
      "completed_thought_count": 8,
      "final_mean_pairwise_similarity": 0.7085792422294617,
      "final_internal_similarity": 0.08857240527868271,
      "pruned_count": 0
    },
    {
      "chain_index": 3,
      "finish_reason": "stop",
      "extracted_answer": "26",
      "prompt_tokens": 134,
      "completion_tokens": 2734,
      "completed_thought_count": 5,
      "final_mean_pairwise_similarity": 0.6965209245681763,
      "final_internal_similarity": 0.13930418491363525,
      "pruned_count": 0
    },
    {
      "chain_index": 4,
      "finish_reason": "stop",
      "extracted_answer": "26",
      "prompt_tokens": 134,
      "completion_tokens": 2166,
      "completed_thought_count": 5,
      "final_mean_pairwise_similarity": 0.7563648223876953,
      "final_internal_similarity": 0.15127296447753907,
      "pruned_count": 0
    },
    {
      "chain_index": 5,
      "finish_reason": "stop",
      "extracted_answer": "26",
      "prompt_tokens": 134,
      "completion_tokens": 1807,
      "completed_thought_count": 2,
      "final_mean_pairwise_similarity": 0.7948137521743774,
      "final_internal_similarity": 0.3974068760871887,
      "pruned_count": 0
    },
    {
      "chain_index": 6,
      "finish_reason": "stop",
      "extracted_answer": "26",
      "prompt_tokens": 134,
      "completion_tokens": 2527,
      "completed_thought_count": 7,
      "final_mean_pairwise_similarity": 0.6434386372566223,
      "final_internal_similarity": 0.09191980532237462,
      "pruned_count": 0
    },
    {
      "chain_index": 7,
      "finish_reason": "stop",
      "extracted_answer": "26",
      "prompt_tokens": 134,
      "completion_tokens": 2497,
      "completed_thought_count": 9,
      "final_mean_pairwise_similarity": 0.5991930961608887,
      "final_internal_similarity": 0.06657701068454319,
      "pruned_count": 0
    },
    {
      "chain_index": 8,
      "finish_reason": "stop",
      "extracted_answer": "26",
      "prompt_tokens": 134,
      "completion_tokens": 2768,
      "completed_thought_count": 7,
      "final_mean_pairwise_similarity": 0.7449513077735901,
      "final_internal_similarity": 0.10642161539622716,
      "pruned_count": 0
    }
  ],
  "pruned_chain_details": [],
  "error_chain_details": []
}