{
  "iteration": 26,
  "question_id": "index_25",
  "status": "SUCCESS",
  "n_chains_start": 8,
  "n_chains_completed_stream_for_voting": 1,
  "n_chains_pruned": 7,
  "n_chains_error": 0,
  "similarity_threshold": 0.92,
  "num_steps_to_delay_pruning": 20,
  "correct_answer_reference": "9\\sqrt{15}",
  "individual_answers_final": [
    "\\dfrac{299\\sqrt{15}}{10}"
  ],
  "voted_answer": "\\dfrac{299\\sqrt{15}}{10}",
  "final_score": 0,
  "processing_duration_sec": 303.3448221683502,
  "total_analysis_intervals": 52,
  "avg_kv_cache_usage": 0.07732766867134903,
  "max_kv_cache_usage": 0.1972651871777628,
  "usage_aggregated": {
    "prompt_tokens": 139,
    "total_completion_tokens_across_all_started_chains": 56622
  },
  "chains_for_voting_details": [
    {
      "chain_index": 3,
      "finish_reason": "stop",
      "extracted_answer": "\\dfrac{299\\sqrt{15}}{10}",
      "prompt_tokens": 139,
      "completion_tokens": 14707,
      "completed_thought_count": 20,
      "final_mean_pairwise_similarity": 0.5353408455848694,
      "final_internal_similarity": 0.02676704227924347,
      "pruned_count": 7
    }
  ],
  "pruned_chain_details": [
    {
      "chain_index": 1,
      "finish_reason": "worker_terminated_unexpectedly",
      "completion_tokens": 5768,
      "completed_thought_count": 22,
      "full_text_len": 14724,
      "pruned_at_step": 38,
      "pruned_by_chain_id": "q26_c6",
      "initial_pruned_count": 0
    },
    {
      "chain_index": 2,
      "finish_reason": "worker_terminated_unexpectedly",
      "completion_tokens": 6089,
      "completed_thought_count": 23,
      "full_text_len": 15737,
      "pruned_at_step": 42,
      "pruned_by_chain_id": "q26_c6",
      "initial_pruned_count": 3
    },
    {
      "chain_index": 4,
      "finish_reason": "worker_terminated_unexpectedly",
      "completion_tokens": 5924,
      "completed_thought_count": 20,
      "full_text_len": 15218,
      "pruned_at_step": 40,
      "pruned_by_chain_id": "q26_c2",
      "initial_pruned_count": 2
    },
    {
      "chain_index": 5,
      "finish_reason": "worker_terminated_unexpectedly",
      "completion_tokens": 5451,
      "completed_thought_count": 22,
      "full_text_len": 14067,
      "pruned_at_step": 35,
      "pruned_by_chain_id": "q26_c4",
      "initial_pruned_count": 1
    },
    {
      "chain_index": 6,
      "finish_reason": "worker_terminated_unexpectedly",
      "completion_tokens": 7293,
      "completed_thought_count": 29,
      "full_text_len": 18352,
      "pruned_at_step": 51,
      "pruned_by_chain_id": "q26_c3",
      "initial_pruned_count": 6
    },
    {
      "chain_index": 7,
      "finish_reason": "worker_terminated_unexpectedly",
      "completion_tokens": 5133,
      "completed_thought_count": 23,
      "full_text_len": 12805,
      "pruned_at_step": 32,
      "pruned_by_chain_id": "q26_c5",
      "initial_pruned_count": 0
    },
    {
      "chain_index": 8,
      "finish_reason": "worker_terminated_unexpectedly",
      "completion_tokens": 6257,
      "completed_thought_count": 23,
      "full_text_len": 14405,
      "pruned_at_step": 44,
      "pruned_by_chain_id": "q26_c6",
      "initial_pruned_count": 0
    }
  ],
  "error_chain_details": []
}