{
  "iteration": 10,
  "question_id": "index_9",
  "status": "SUCCESS",
  "n_chains_start": 8,
  "n_chains_completed_stream_for_voting": 1,
  "n_chains_pruned": 7,
  "n_chains_error": 0,
  "similarity_threshold": 0.92,
  "num_steps_to_delay_pruning": 20,
  "correct_answer_reference": "\\frac{-1+\\sqrt{17}}{2}, \\frac{-1-\\sqrt{17}}{2}",
  "individual_answers_final": [
    "\\dfrac{1 - \\sqrt{73}}{2}"
  ],
  "voted_answer": "\\dfrac{1 - \\sqrt{73}}{2}",
  "final_score": 0,
  "processing_duration_sec": 412.8256986141205,
  "total_analysis_intervals": 57,
  "avg_kv_cache_usage": 0.08228170565865942,
  "max_kv_cache_usage": 0.1871030411716356,
  "usage_aggregated": {
    "prompt_tokens": 141,
    "total_completion_tokens_across_all_started_chains": 62856
  },
  "chains_for_voting_details": [
    {
      "chain_index": 7,
      "finish_reason": "stop",
      "extracted_answer": "\\dfrac{1 - \\sqrt{73}}{2}",
      "prompt_tokens": 141,
      "completion_tokens": 18793,
      "completed_thought_count": 34,
      "final_mean_pairwise_similarity": 0.5008641481399536,
      "final_internal_similarity": 0.014731298474704517,
      "pruned_count": 7
    }
  ],
  "pruned_chain_details": [
    {
      "chain_index": 1,
      "finish_reason": "worker_terminated_unexpectedly",
      "completion_tokens": 8221,
      "completed_thought_count": 23,
      "full_text_len": 17868,
      "pruned_at_step": 56,
      "pruned_by_chain_id": "q10_c7",
      "initial_pruned_count": 2
    },
    {
      "chain_index": 2,
      "finish_reason": "worker_terminated_unexpectedly",
      "completion_tokens": 5174,
      "completed_thought_count": 24,
      "full_text_len": 12449,
      "pruned_at_step": 34,
      "pruned_by_chain_id": "q10_c7",
      "initial_pruned_count": 1
    },
    {
      "chain_index": 3,
      "finish_reason": "worker_terminated_unexpectedly",
      "completion_tokens": 6624,
      "completed_thought_count": 26,
      "full_text_len": 16659,
      "pruned_at_step": 45,
      "pruned_by_chain_id": "q10_c7",
      "initial_pruned_count": 1
    },
    {
      "chain_index": 4,
      "finish_reason": "worker_terminated_unexpectedly",
      "completion_tokens": 4850,
      "completed_thought_count": 16,
      "full_text_len": 11637,
      "pruned_at_step": 30,
      "pruned_by_chain_id": "q10_c2",
      "initial_pruned_count": 0
    },
    {
      "chain_index": 5,
      "finish_reason": "worker_terminated_unexpectedly",
      "completion_tokens": 5012,
      "completed_thought_count": 24,
      "full_text_len": 12759,
      "pruned_at_step": 32,
      "pruned_by_chain_id": "q10_c6",
      "initial_pruned_count": 0
    },
    {
      "chain_index": 6,
      "finish_reason": "worker_terminated_unexpectedly",
      "completion_tokens": 8220,
      "completed_thought_count": 13,
      "full_text_len": 16604,
      "pruned_at_step": 56,
      "pruned_by_chain_id": "q10_c1",
      "initial_pruned_count": 1
    },
    {
      "chain_index": 8,
      "finish_reason": "worker_terminated_unexpectedly",
      "completion_tokens": 5962,
      "completed_thought_count": 14,
      "full_text_len": 13785,
      "pruned_at_step": 40,
      "pruned_by_chain_id": "q10_c3",
      "initial_pruned_count": 0
    }
  ],
  "error_chain_details": []
}