{
  "iteration": 9,
  "question_id": "index_8",
  "status": "SUCCESS",
  "n_chains_start": 8,
  "n_chains_completed_stream_for_voting": 2,
  "n_chains_pruned": 6,
  "n_chains_error": 0,
  "similarity_threshold": 0.92,
  "num_steps_to_delay_pruning": 20,
  "correct_answer_reference": "1037",
  "individual_answers_final": [
    "1037",
    "1037"
  ],
  "voted_answer": "1037",
  "final_score": 1,
  "processing_duration_sec": 254.99193167686462,
  "total_analysis_intervals": 59,
  "avg_kv_cache_usage": 0.06838830954757616,
  "max_kv_cache_usage": 0.1389075693043413,
  "usage_aggregated": {
    "prompt_tokens": 238,
    "total_completion_tokens_across_all_started_chains": 46108
  },
  "chains_for_voting_details": [
    {
      "chain_index": 1,
      "finish_reason": "stop",
      "extracted_answer": "1037",
      "prompt_tokens": 238,
      "completion_tokens": 9095,
      "completed_thought_count": 40,
      "final_mean_pairwise_similarity": 0.4250265657901764,
      "final_internal_similarity": 0.01062566414475441,
      "pruned_count": 2
    },
    {
      "chain_index": 3,
      "finish_reason": "stop",
      "extracted_answer": "1037",
      "prompt_tokens": 238,
      "completion_tokens": 12482,
      "completed_thought_count": 47,
      "final_mean_pairwise_similarity": 0.4770468771457672,
      "final_internal_similarity": 0.01014993355629292,
      "pruned_count": 4
    }
  ],
  "pruned_chain_details": [
    {
      "chain_index": 2,
      "finish_reason": "worker_terminated_unexpectedly",
      "completion_tokens": 3632,
      "completed_thought_count": 40,
      "full_text_len": 12867,
      "pruned_at_step": 23,
      "pruned_by_chain_id": "q9_c5",
      "initial_pruned_count": 0
    },
    {
      "chain_index": 4,
      "finish_reason": "worker_terminated_unexpectedly",
      "completion_tokens": 4495,
      "completed_thought_count": 21,
      "full_text_len": 12245,
      "pruned_at_step": 29,
      "pruned_by_chain_id": "q9_c3",
      "initial_pruned_count": 1
    },
    {
      "chain_index": 5,
      "finish_reason": "worker_terminated_unexpectedly",
      "completion_tokens": 5677,
      "completed_thought_count": 39,
      "full_text_len": 16104,
      "pruned_at_step": 37,
      "pruned_by_chain_id": "q9_c1",
      "initial_pruned_count": 1
    },
    {
      "chain_index": 6,
      "finish_reason": "worker_terminated_unexpectedly",
      "completion_tokens": 3465,
      "completed_thought_count": 23,
      "full_text_len": 10934,
      "pruned_at_step": 21,
      "pruned_by_chain_id": "q9_c4",
      "initial_pruned_count": 0
    },
    {
      "chain_index": 7,
      "finish_reason": "worker_terminated_unexpectedly",
      "completion_tokens": 3631,
      "completed_thought_count": 27,
      "full_text_len": 10306,
      "pruned_at_step": 23,
      "pruned_by_chain_id": "q9_c3",
      "initial_pruned_count": 0
    },
    {
      "chain_index": 8,
      "finish_reason": "worker_terminated_unexpectedly",
      "completion_tokens": 3631,
      "completed_thought_count": 22,
      "full_text_len": 10311,
      "pruned_at_step": 23,
      "pruned_by_chain_id": "q9_c3",
      "initial_pruned_count": 0
    }
  ],
  "error_chain_details": []
}