{
  "iteration": 23,
  "question_id": "index_22",
  "status": "SUCCESS",
  "n_chains_start": 8,
  "n_chains_completed_stream_for_voting": 8,
  "n_chains_pruned": 0,
  "n_chains_error": 0,
  "similarity_threshold": 0.92,
  "num_steps_to_delay_pruning": 20,
  "correct_answer_reference": "8\\sqrt{10}",
  "individual_answers_final": [
    "8\\sqrt{10}",
    "8\\sqrt{10}",
    "8\\sqrt{10}",
    "8\\sqrt{10}",
    "8\\sqrt{10}",
    "8\\sqrt{10}",
    "8\\sqrt{10}",
    "8\\sqrt{10}"
  ],
  "voted_answer": "8\\sqrt{10}",
  "final_score": 1,
  "processing_duration_sec": 244.60220432281494,
  "total_analysis_intervals": 41,
  "avg_kv_cache_usage": 0.09002590829687573,
  "max_kv_cache_usage": 0.2075020548456997,
  "usage_aggregated": {
    "prompt_tokens": 130,
    "total_completion_tokens_across_all_started_chains": 57808
  },
  "chains_for_voting_details": [
    {
      "chain_index": 1,
      "finish_reason": "stop",
      "extracted_answer": "8\\sqrt{10}",
      "prompt_tokens": 130,
      "completion_tokens": 11966,
      "completed_thought_count": 13,
      "final_mean_pairwise_similarity": 0.5238871574401855,
      "final_internal_similarity": 0.0402990121107835,
      "pruned_count": 0
    },
    {
      "chain_index": 2,
      "finish_reason": "stop",
      "extracted_answer": "8\\sqrt{10}",
      "prompt_tokens": 130,
      "completion_tokens": 6720,
      "completed_thought_count": 24,
      "final_mean_pairwise_similarity": 0.4957942068576813,
      "final_internal_similarity": 0.020658091952403385,
      "pruned_count": 0
    },
    {
      "chain_index": 3,
      "finish_reason": "stop",
      "extracted_answer": "8\\sqrt{10}",
      "prompt_tokens": 130,
      "completion_tokens": 6787,
      "completed_thought_count": 9,
      "final_mean_pairwise_similarity": 0.5143663883209229,
      "final_internal_similarity": 0.05715182092454699,
      "pruned_count": 0
    },
    {
      "chain_index": 4,
      "finish_reason": "stop",
      "extracted_answer": "8\\sqrt{10}",
      "prompt_tokens": 130,
      "completion_tokens": 6866,
      "completed_thought_count": 39,
      "final_mean_pairwise_similarity": 0.49259644746780396,
      "final_internal_similarity": 0.012630678140200101,
      "pruned_count": 0
    },
    {
      "chain_index": 5,
      "finish_reason": "stop",
      "extracted_answer": "8\\sqrt{10}",
      "prompt_tokens": 130,
      "completion_tokens": 6138,
      "completed_thought_count": 16,
      "final_mean_pairwise_similarity": 0.5716809630393982,
      "final_internal_similarity": 0.03573006018996239,
      "pruned_count": 0
    },
    {
      "chain_index": 6,
      "finish_reason": "stop",
      "extracted_answer": "8\\sqrt{10}",
      "prompt_tokens": 130,
      "completion_tokens": 6680,
      "completed_thought_count": 18,
      "final_mean_pairwise_similarity": 0.5568859577178955,
      "final_internal_similarity": 0.030938108762105305,
      "pruned_count": 0
    },
    {
      "chain_index": 7,
      "finish_reason": "stop",
      "extracted_answer": "8\\sqrt{10}",
      "prompt_tokens": 130,
      "completion_tokens": 5423,
      "completed_thought_count": 18,
      "final_mean_pairwise_similarity": 0.5535383820533752,
      "final_internal_similarity": 0.030752132336298626,
      "pruned_count": 0
    },
    {
      "chain_index": 8,
      "finish_reason": "stop",
      "extracted_answer": "8\\sqrt{10}",
      "prompt_tokens": 130,
      "completion_tokens": 7228,
      "completed_thought_count": 35,
      "final_mean_pairwise_similarity": 0.47282326221466064,
      "final_internal_similarity": 0.013509236063276019,
      "pruned_count": 0
    }
  ],
  "pruned_chain_details": [],
  "error_chain_details": []
}