{
  "iteration": 25,
  "question_id": "index_24",
  "status": "SUCCESS",
  "n_chains_start": 8,
  "n_chains_completed_stream_for_voting": 1,
  "n_chains_pruned": 7,
  "n_chains_error": 0,
  "similarity_threshold": 0.92,
  "num_steps_to_delay_pruning": 20,
  "correct_answer_reference": "\\sqrt{23}-2 \\sqrt{3}",
  "individual_answers_final": [
    "2"
  ],
  "voted_answer": "2",
  "final_score": 0,
  "processing_duration_sec": 631.8823776245117,
  "total_analysis_intervals": 69,
  "avg_kv_cache_usage": 0.08466828479802907,
  "max_kv_cache_usage": 0.1548232832698198,
  "usage_aggregated": {
    "prompt_tokens": 146,
    "total_completion_tokens_across_all_started_chains": 63313
  },
  "chains_for_voting_details": [
    {
      "chain_index": 3,
      "finish_reason": "stop",
      "extracted_answer": "2",
      "prompt_tokens": 146,
      "completion_tokens": 28117,
      "completed_thought_count": 44,
      "final_mean_pairwise_similarity": 0.4309364855289459,
      "final_internal_similarity": 0.009794011034748772,
      "pruned_count": 7
    }
  ],
  "pruned_chain_details": [
    {
      "chain_index": 1,
      "finish_reason": "worker_terminated_unexpectedly",
      "completion_tokens": 3985,
      "completed_thought_count": 26,
      "full_text_len": 12532,
      "pruned_at_step": 24,
      "pruned_by_chain_id": "q25_c2",
      "initial_pruned_count": 0
    },
    {
      "chain_index": 2,
      "finish_reason": "worker_terminated_unexpectedly",
      "completion_tokens": 4154,
      "completed_thought_count": 31,
      "full_text_len": 14415,
      "pruned_at_step": 26,
      "pruned_by_chain_id": "q25_c8",
      "initial_pruned_count": 1
    },
    {
      "chain_index": 4,
      "finish_reason": "worker_terminated_unexpectedly",
      "completion_tokens": 10268,
      "completed_thought_count": 58,
      "full_text_len": 27460,
      "pruned_at_step": 68,
      "pruned_by_chain_id": "q25_c3",
      "initial_pruned_count": 3
    },
    {
      "chain_index": 5,
      "finish_reason": "worker_terminated_unexpectedly",
      "completion_tokens": 4153,
      "completed_thought_count": 32,
      "full_text_len": 13416,
      "pruned_at_step": 26,
      "pruned_by_chain_id": "q25_c7",
      "initial_pruned_count": 0
    },
    {
      "chain_index": 6,
      "finish_reason": "worker_terminated_unexpectedly",
      "completion_tokens": 4153,
      "completed_thought_count": 29,
      "full_text_len": 12992,
      "pruned_at_step": 26,
      "pruned_by_chain_id": "q25_c7",
      "initial_pruned_count": 0
    },
    {
      "chain_index": 7,
      "finish_reason": "worker_terminated_unexpectedly",
      "completion_tokens": 4330,
      "completed_thought_count": 37,
      "full_text_len": 13974,
      "pruned_at_step": 28,
      "pruned_by_chain_id": "q25_c4",
      "initial_pruned_count": 2
    },
    {
      "chain_index": 8,
      "finish_reason": "worker_terminated_unexpectedly",
      "completion_tokens": 4153,
      "completed_thought_count": 26,
      "full_text_len": 13249,
      "pruned_at_step": 26,
      "pruned_by_chain_id": "q25_c3",
      "initial_pruned_count": 2
    }
  ],
  "error_chain_details": []
}