{
  "iteration": 3,
  "question_id": "index_2",
  "status": "SUCCESS",
  "n_chains_start": 8,
  "n_chains_completed_stream_for_voting": 2,
  "n_chains_pruned": 6,
  "n_chains_error": 0,
  "similarity_threshold": 0.92,
  "num_steps_to_delay_pruning": 20,
  "correct_answer_reference": "\\frac{1}{576}",
  "individual_answers_final": [
    "\\dfrac{1}{576}",
    "1600"
  ],
  "voted_answer": "1600",
  "final_score": 0,
  "processing_duration_sec": 577.6653738021851,
  "total_analysis_intervals": 51,
  "avg_kv_cache_usage": 0.08365611443246883,
  "max_kv_cache_usage": 0.1661809758649032,
  "usage_aggregated": {
    "prompt_tokens": 35468,
    "total_completion_tokens_across_all_started_chains": 66106
  },
  "chains_for_voting_details": [
    {
      "chain_index": 1,
      "finish_reason": "stop",
      "extracted_answer": "\\dfrac{1}{576}",
      "prompt_tokens": 167,
      "completion_tokens": 7985,
      "completed_thought_count": 18,
      "final_mean_pairwise_similarity": 0.5154268145561218,
      "final_internal_similarity": 0.028634823030895658,
      "pruned_count": 0
    },
    {
      "chain_index": 6,
      "finish_reason": "stop",
      "extracted_answer": "1600",
      "prompt_tokens": 167,
      "completion_tokens": 27113,
      "completed_thought_count": 32,
      "final_mean_pairwise_similarity": 0.4843141436576843,
      "final_internal_similarity": 0.015134816989302635,
      "pruned_count": 6
    }
  ],
  "pruned_chain_details": [
    {
      "chain_index": 2,
      "finish_reason": "worker_terminated_unexpectedly",
      "completion_tokens": 5943,
      "completed_thought_count": 34,
      "full_text_len": 15853,
      "pruned_at_step": 41,
      "pruned_by_chain_id": "q3_c6",
      "initial_pruned_count": 5
    },
    {
      "chain_index": 3,
      "finish_reason": "worker_terminated_unexpectedly",
      "completion_tokens": 4260,
      "completed_thought_count": 13,
      "full_text_len": 10680,
      "pruned_at_step": 26,
      "pruned_by_chain_id": "q3_c5",
      "initial_pruned_count": 0
    },
    {
      "chain_index": 4,
      "finish_reason": "worker_terminated_unexpectedly",
      "completion_tokens": 5430,
      "completed_thought_count": 21,
      "full_text_len": 13267,
      "pruned_at_step": 37,
      "pruned_by_chain_id": "q3_c2",
      "initial_pruned_count": 1
    },
    {
      "chain_index": 5,
      "finish_reason": "worker_terminated_unexpectedly",
      "completion_tokens": 4591,
      "completed_thought_count": 23,
      "full_text_len": 11721,
      "pruned_at_step": 30,
      "pruned_by_chain_id": "q3_c2",
      "initial_pruned_count": 1
    },
    {
      "chain_index": 7,
      "finish_reason": "worker_terminated_unexpectedly",
      "completion_tokens": 4427,
      "completed_thought_count": 10,
      "full_text_len": 10973,
      "pruned_at_step": 28,
      "pruned_by_chain_id": "q3_c2",
      "initial_pruned_count": 0
    },
    {
      "chain_index": 8,
      "finish_reason": "worker_terminated_unexpectedly",
      "completion_tokens": 5087,
      "completed_thought_count": 22,
      "full_text_len": 12823,
      "pruned_at_step": 34,
      "pruned_by_chain_id": "q3_c4",
      "initial_pruned_count": 0
    }
  ],
  "error_chain_details": [],
  "llm_tie_break_performed": true,
  "llm_tie_break_prompt_tokens": 35301,
  "llm_tie_break_completion_tokens": 1270,
  "llm_tie_break_response_text": "\n\nGiven the equations:\n\n1. \\( x^{\\log_{2}(y z)} = 2^{8} \\cdot 3^{4} \\)\n2. \\( y^{\\log_{2}(z x)} = 2^{9} \\cdot 3^{6} \\)\n3. \\( z^{\\log_{2}(x y)} = 2^{5} \\cdot 3^{10} \\)\n\nWe start by taking the logarithm base 2 of each equation:\n\n1. \\( \\log_2(y z) \\cdot \\log_2 x = 8 + 4 \\log_2 3 \\)\n2. \\( \\log_2(z x) \\cdot \\log_2 y = 9 + 6 \\log_2 3 \\)\n3. \\( \\log_2(x y) \\cdot \\log_2 z = 5 + 10 \\log_2 3 \\)\n\nLet \\( a = \\log_2 x \\), \\( b = \\log_2 y \\), and \\( c = \\log_2 z \\). Substituting these into the equations, we get:\n\n1. \\( a(b + c) = 8 + 4k \\) where \\( k = \\log_2 3 \\)\n2. \\( b(a + c) = 9 + 6k \\)\n3. \\( c(a + b) = 5 + 10k \\)\n\nWe solve for \\( a, b, c \\) by expressing them in terms of \\( S = a + b + c \\):\n\n1. \\( a(S - a) = 8 + 4k \\)\n2. \\( b(S - b) = 9 + 6k \\)\n3. \\( c(S - c) = 5 + 10k \\)\n\nBy solving these quadratic equations, we find:\n\n- \\( a = 2 \\)\n- \\( b = 3 \\)\n- \\( c = 1 + 2k \\)\n\nThus, the logarithms are:\n\n- \\( \\log_2 x = 2 \\) \u27f9 \\( x = 4 \\)\n- \\( \\log_2 y = 3 \\) \u27f9 \\( y = 8 \\)\n- \\( \\log_2 z = 1 + 2k \\) \u27f9 \\( z \\approx 50 \\)\n\nFinally, the product \\( xyz \\) is:\n\n\\[ xyz = 4 \\times 8 \\times 50 = 1600 \\]\n\nThus, the smallest possible value of \\( xyz \\) is \\(\\boxed{1600}\\)."
}