{
  "iteration": 30,
  "question_id": "index_29",
  "status": "SUCCESS",
  "n_chains_start": 8,
  "n_chains_completed_stream_for_voting": 1,
  "n_chains_pruned": 7,
  "n_chains_error": 0,
  "similarity_threshold": 0.92,
  "num_steps_to_delay_pruning": 20,
  "correct_answer_reference": "\\sqrt{\\frac{95}{24}}",
  "individual_answers_final": [
    "42"
  ],
  "voted_answer": "42",
  "final_score": 0,
  "processing_duration_sec": 508.52681040763855,
  "total_analysis_intervals": 27,
  "avg_kv_cache_usage": 0.06651725505852327,
  "max_kv_cache_usage": 0.1428678173802585,
  "usage_aggregated": {
    "prompt_tokens": 115,
    "total_completion_tokens_across_all_started_chains": 50421
  },
  "chains_for_voting_details": [
    {
      "chain_index": 4,
      "finish_reason": "stop",
      "extracted_answer": "42",
      "prompt_tokens": 115,
      "completion_tokens": 23559,
      "completed_thought_count": 35,
      "final_mean_pairwise_similarity": 0.4844273030757904,
      "final_internal_similarity": 0.013840780087879727,
      "pruned_count": 7
    }
  ],
  "pruned_chain_details": [
    {
      "chain_index": 1,
      "finish_reason": "worker_terminated_unexpectedly",
      "completion_tokens": 3860,
      "completed_thought_count": 39,
      "full_text_len": 15399,
      "pruned_at_step": 24,
      "pruned_by_chain_id": "q30_c8",
      "initial_pruned_count": 0
    },
    {
      "chain_index": 2,
      "finish_reason": "worker_terminated_unexpectedly",
      "completion_tokens": 3859,
      "completed_thought_count": 41,
      "full_text_len": 14408,
      "pruned_at_step": 24,
      "pruned_by_chain_id": "q30_c4",
      "initial_pruned_count": 1
    },
    {
      "chain_index": 3,
      "finish_reason": "worker_terminated_unexpectedly",
      "completion_tokens": 3689,
      "completed_thought_count": 35,
      "full_text_len": 13920,
      "pruned_at_step": 22,
      "pruned_by_chain_id": "q30_c2",
      "initial_pruned_count": 0
    },
    {
      "chain_index": 5,
      "finish_reason": "worker_terminated_unexpectedly",
      "completion_tokens": 3689,
      "completed_thought_count": 30,
      "full_text_len": 13632,
      "pruned_at_step": 22,
      "pruned_by_chain_id": "q30_c7",
      "initial_pruned_count": 0
    },
    {
      "chain_index": 6,
      "finish_reason": "worker_terminated_unexpectedly",
      "completion_tokens": 3859,
      "completed_thought_count": 40,
      "full_text_len": 14329,
      "pruned_at_step": 24,
      "pruned_by_chain_id": "q30_c7",
      "initial_pruned_count": 0
    },
    {
      "chain_index": 7,
      "finish_reason": "worker_terminated_unexpectedly",
      "completion_tokens": 3859,
      "completed_thought_count": 42,
      "full_text_len": 15378,
      "pruned_at_step": 24,
      "pruned_by_chain_id": "q30_c8",
      "initial_pruned_count": 2
    },
    {
      "chain_index": 8,
      "finish_reason": "worker_terminated_unexpectedly",
      "completion_tokens": 4047,
      "completed_thought_count": 44,
      "full_text_len": 15803,
      "pruned_at_step": 26,
      "pruned_by_chain_id": "q30_c4",
      "initial_pruned_count": 4
    }
  ],
  "error_chain_details": []
}