{
  "iteration": 12,
  "question_id": "index_11",
  "status": "SUCCESS",
  "n_chains_start": 8,
  "n_chains_completed_stream_for_voting": 1,
  "n_chains_pruned": 7,
  "n_chains_error": 0,
  "similarity_threshold": 0.92,
  "num_steps_to_delay_pruning": 20,
  "correct_answer_reference": "29",
  "individual_answers_final": [
    "13"
  ],
  "voted_answer": "13",
  "final_score": 0,
  "processing_duration_sec": 215.06613612174988,
  "total_analysis_intervals": 27,
  "avg_kv_cache_usage": 0.05116705637662462,
  "max_kv_cache_usage": 0.1452589105581708,
  "usage_aggregated": {
    "prompt_tokens": 142,
    "total_completion_tokens_across_all_started_chains": 38526
  },
  "chains_for_voting_details": [
    {
      "chain_index": 1,
      "finish_reason": "stop",
      "extracted_answer": "13",
      "prompt_tokens": 142,
      "completion_tokens": 11047,
      "completed_thought_count": 40,
      "final_mean_pairwise_similarity": 0.4620080888271332,
      "final_internal_similarity": 0.011550202220678329,
      "pruned_count": 7
    }
  ],
  "pruned_chain_details": [
    {
      "chain_index": 2,
      "finish_reason": "worker_terminated_unexpectedly",
      "completion_tokens": 4077,
      "completed_thought_count": 36,
      "full_text_len": 13840,
      "pruned_at_step": 26,
      "pruned_by_chain_id": "q12_c1",
      "initial_pruned_count": 0
    },
    {
      "chain_index": 3,
      "finish_reason": "worker_terminated_unexpectedly",
      "completion_tokens": 3901,
      "completed_thought_count": 35,
      "full_text_len": 14119,
      "pruned_at_step": 24,
      "pruned_by_chain_id": "q12_c6",
      "initial_pruned_count": 0
    },
    {
      "chain_index": 4,
      "finish_reason": "worker_terminated_unexpectedly",
      "completion_tokens": 3724,
      "completed_thought_count": 36,
      "full_text_len": 13268,
      "pruned_at_step": 22,
      "pruned_by_chain_id": "q12_c8",
      "initial_pruned_count": 0
    },
    {
      "chain_index": 5,
      "finish_reason": "worker_terminated_unexpectedly",
      "completion_tokens": 3900,
      "completed_thought_count": 43,
      "full_text_len": 12975,
      "pruned_at_step": 24,
      "pruned_by_chain_id": "q12_c1",
      "initial_pruned_count": 0
    },
    {
      "chain_index": 6,
      "finish_reason": "worker_terminated_unexpectedly",
      "completion_tokens": 3900,
      "completed_thought_count": 46,
      "full_text_len": 14610,
      "pruned_at_step": 24,
      "pruned_by_chain_id": "q12_c7",
      "initial_pruned_count": 1
    },
    {
      "chain_index": 7,
      "finish_reason": "worker_terminated_unexpectedly",
      "completion_tokens": 4077,
      "completed_thought_count": 45,
      "full_text_len": 14396,
      "pruned_at_step": 26,
      "pruned_by_chain_id": "q12_c1",
      "initial_pruned_count": 4
    },
    {
      "chain_index": 8,
      "finish_reason": "worker_terminated_unexpectedly",
      "completion_tokens": 3900,
      "completed_thought_count": 35,
      "full_text_len": 14707,
      "pruned_at_step": 24,
      "pruned_by_chain_id": "q12_c7",
      "initial_pruned_count": 1
    }
  ],
  "error_chain_details": []
}