{
  "iteration": 22,
  "question_id": "index_21",
  "status": "SUCCESS",
  "n_chains_start": 8,
  "n_chains_completed_stream_for_voting": 1,
  "n_chains_pruned": 7,
  "n_chains_error": 0,
  "similarity_threshold": 0.92,
  "num_steps_to_delay_pruning": 20,
  "correct_answer_reference": "63",
  "individual_answers_final": [
    "63"
  ],
  "voted_answer": "63",
  "final_score": 1,
  "processing_duration_sec": 103.48725914955139,
  "total_analysis_intervals": 30,
  "avg_kv_cache_usage": 0.06121715244255516,
  "max_kv_cache_usage": 0.1422700440857804,
  "usage_aggregated": {
    "prompt_tokens": 135,
    "total_completion_tokens_across_all_started_chains": 33299
  },
  "chains_for_voting_details": [
    {
      "chain_index": 8,
      "finish_reason": "stop",
      "extracted_answer": "63",
      "prompt_tokens": 135,
      "completion_tokens": 5795,
      "completed_thought_count": 46,
      "final_mean_pairwise_similarity": 0.45160648226737976,
      "final_internal_similarity": 0.009817532223203907,
      "pruned_count": 7
    }
  ],
  "pruned_chain_details": [
    {
      "chain_index": 1,
      "finish_reason": "worker_terminated_unexpectedly",
      "completion_tokens": 4003,
      "completed_thought_count": 40,
      "full_text_len": 15325,
      "pruned_at_step": 26,
      "pruned_by_chain_id": "q22_c3",
      "initial_pruned_count": 3
    },
    {
      "chain_index": 2,
      "finish_reason": "worker_terminated_unexpectedly",
      "completion_tokens": 3654,
      "completed_thought_count": 35,
      "full_text_len": 14354,
      "pruned_at_step": 22,
      "pruned_by_chain_id": "q22_c7",
      "initial_pruned_count": 0
    },
    {
      "chain_index": 3,
      "finish_reason": "worker_terminated_unexpectedly",
      "completion_tokens": 4364,
      "completed_thought_count": 26,
      "full_text_len": 13691,
      "pruned_at_step": 29,
      "pruned_by_chain_id": "q22_c8",
      "initial_pruned_count": 5
    },
    {
      "chain_index": 4,
      "finish_reason": "worker_terminated_unexpectedly",
      "completion_tokens": 3827,
      "completed_thought_count": 38,
      "full_text_len": 13044,
      "pruned_at_step": 24,
      "pruned_by_chain_id": "q22_c8",
      "initial_pruned_count": 0
    },
    {
      "chain_index": 5,
      "finish_reason": "worker_terminated_unexpectedly",
      "completion_tokens": 4002,
      "completed_thought_count": 31,
      "full_text_len": 13454,
      "pruned_at_step": 26,
      "pruned_by_chain_id": "q22_c3",
      "initial_pruned_count": 0
    },
    {
      "chain_index": 6,
      "finish_reason": "worker_terminated_unexpectedly",
      "completion_tokens": 3827,
      "completed_thought_count": 35,
      "full_text_len": 14207,
      "pruned_at_step": 24,
      "pruned_by_chain_id": "q22_c1",
      "initial_pruned_count": 0
    },
    {
      "chain_index": 7,
      "finish_reason": "worker_terminated_unexpectedly",
      "completion_tokens": 3827,
      "completed_thought_count": 47,
      "full_text_len": 15631,
      "pruned_at_step": 24,
      "pruned_by_chain_id": "q22_c1",
      "initial_pruned_count": 1
    }
  ],
  "error_chain_details": []
}