{
  "dataset": "aime",
  "model_name": "QwQ-32B",
  "run_type": "Similarity Pruning (Prune Farthest)",
  "config": {
    "n_chains_start": 8,
    "similarity_threshold": 0.95,
    "threshold_schedule": "fixed",
    "pruning_strategy": "prune_farthest",
    "iterations_selected_by": "range",
    "random_seed": null,
    "num_steps_to_delay_pruning": 20
  },
  "metrics": {
    "num_qns_processed": 30,
    "num_qns_with_score": 30,
    "overall_accuracy": 0.6666666666666666,
    "mean_total_completion_tokens_per_question": 21487.133333333335,
    "max_total_completion_tokens_per_question": 47622.0,
    "mean_max_kv_cache_usage_per_question_perc": 0.058370637366044566,
    "max_max_kv_cache_usage_across_all_questions_perc": 0.1488285564792745,
    "mean_processing_duration_sec_per_question": 392.44422532717385,
    "max_processing_duration_sec_per_question": 1122.633173942566,
    "mean_chains_started_per_question": 8.0,
    "mean_chains_completed_stream_for_voting_per_question": 0.9333333333333333,
    "mean_chains_error_per_question": 0.0,
    "max_chains_error_per_question": 0.0
  }
}