iteration,question_id,num_detected_t0.70,num_same_answer_t0.70,same_answer_perc_t0.70,num_detected_t0.80,num_same_answer_t0.80,same_answer_perc_t0.80,num_detected_t0.90,num_same_answer_t0.90,same_answer_perc_t0.90,num_detected_t0.92,num_same_answer_t0.92,same_answer_perc_t0.92,num_detected_t0.95,num_same_answer_t0.95,same_answer_perc_t0.95,num_detected_t0.98,num_same_answer_t0.98,same_answer_perc_t0.98
1,index_0,1,1,100.00,1,1,100.00,1,1,100.00,1,1,100.00,0,0,,0,0,
2,index_1,1,1,100.00,1,1,100.00,1,1,100.00,1,1,100.00,0,0,,0,0,
3,index_2,1,1,100.00,1,1,100.00,1,1,100.00,1,1,100.00,0,0,,0,0,
4,index_3,1,1,100.00,1,1,100.00,1,1,100.00,0,0,,0,0,,0,0,
5,index_4,1,1,100.00,1,1,100.00,1,1,100.00,1,1,100.00,0,0,,0,0,
6,index_5,1,1,100.00,1,1,100.00,1,1,100.00,0,0,,0,0,,0,0,
7,index_6,1,1,100.00,1,1,100.00,0,0,,0,0,,0,0,,0,0,
8,index_7,1,1,100.00,1,1,100.00,1,1,100.00,0,0,,0,0,,0,0,
9,index_8,1,1,100.00,1,1,100.00,1,1,100.00,1,1,100.00,0,0,,0,0,
10,index_9,1,1,100.00,1,1,100.00,1,1,100.00,1,1,100.00,0,0,,0,0,
11,index_10,1,1,100.00,1,1,100.00,1,1,100.00,0,0,,0,0,,0,0,
12,index_11,1,1,100.00,1,1,100.00,1,1,100.00,1,1,100.00,0,0,,0,0,
13,index_12,1,1,100.00,1,1,100.00,1,1,100.00,0,0,,0,0,,0,0,
14,index_13,1,0,0.00,1,0,0.00,1,0,0.00,1,0,0.00,0,0,,0,0,
15,index_14,1,1,100.00,1,1,100.00,1,1,100.00,1,1,100.00,1,1,100.00,0,0,
16,index_15,1,1,100.00,1,1,100.00,1,1,100.00,1,1,100.00,0,0,,0,0,
17,index_16,1,1,100.00,1,1,100.00,1,1,100.00,0,0,,0,0,,0,0,
18,index_17,1,1,100.00,1,1,100.00,1,1,100.00,1,1,100.00,0,0,,0,0,
19,index_18,1,1,100.00,1,1,100.00,1,1,100.00,0,0,,0,0,,0,0,
20,index_19,1,1,100.00,1,1,100.00,1,1,100.00,0,0,,0,0,,0,0,
21,index_20,1,1,100.00,1,1,100.00,1,1,100.00,1,1,100.00,0,0,,0,0,
22,index_21,1,0,0.00,1,0,0.00,1,0,0.00,0,0,,0,0,,0,0,
23,index_22,1,0,0.00,1,0,0.00,1,0,0.00,1,0,0.00,0,0,,0,0,
24,index_23,1,0,0.00,1,0,0.00,1,0,0.00,0,0,,0,0,,0,0,
25,index_24,1,0,0.00,1,0,0.00,0,0,,0,0,,0,0,,0,0,
26,index_25,1,1,100.00,1,1,100.00,1,1,100.00,0,0,,0,0,,0,0,
27,index_26,1,1,100.00,1,1,100.00,1,1,100.00,1,1,100.00,0,0,,0,0,
28,index_27,1,0,0.00,1,0,0.00,1,0,0.00,1,0,0.00,0,0,,0,0,
29,index_28,1,0,0.00,1,0,0.00,1,0,0.00,1,0,0.00,0,0,,0,0,
30,index_29,1,1,100.00,1,1,100.00,1,1,100.00,0,0,,0,0,,0,0,
31,index_30,1,1,100.00,1,1,100.00,1,1,100.00,1,1,100.00,1,1,100.00,0,0,
32,index_31,1,1,100.00,1,1,100.00,1,1,100.00,1,1,100.00,1,1,100.00,0,0,
33,index_32,1,1,100.00,1,1,100.00,0,0,,0,0,,0,0,,0,0,
34,index_33,1,1,100.00,1,1,100.00,1,1,100.00,1,1,100.00,1,1,100.00,0,0,
35,index_34,1,1,100.00,1,1,100.00,1,1,100.00,1,1,100.00,0,0,,0,0,
36,index_35,1,1,100.00,1,1,100.00,1,1,100.00,0,0,,0,0,,0,0,
37,index_36,1,1,100.00,1,1,100.00,0,0,,0,0,,0,0,,0,0,
38,index_37,1,1,100.00,1,1,100.00,1,1,100.00,1,1,100.00,0,0,,0,0,
39,index_38,0,0,,0,0,,0,0,,0,0,,0,0,,0,0,
40,index_39,1,1,100.00,1,1,100.00,0,0,,0,0,,0,0,,0,0,
41,index_40,1,1,100.00,1,1,100.00,1,1,100.00,1,1,100.00,0,0,,0,0,
42,index_41,1,1,100.00,1,1,100.00,1,1,100.00,1,1,100.00,0,0,,0,0,
43,index_42,1,0,0.00,1,0,0.00,1,0,0.00,0,0,,0,0,,0,0,
44,index_43,1,1,100.00,1,1,100.00,1,1,100.00,0,0,,0,0,,0,0,
45,index_44,1,1,100.00,1,1,100.00,1,1,100.00,1,1,100.00,0,0,,0,0,
46,index_45,1,1,100.00,1,1,100.00,1,1,100.00,1,1,100.00,0,0,,0,0,
47,index_46,1,1,100.00,1,1,100.00,1,1,100.00,1,1,100.00,0,0,,0,0,
48,index_47,1,0,0.00,1,0,0.00,1,0,0.00,0,0,,0,0,,0,0,
49,index_48,1,1,100.00,1,1,100.00,1,1,100.00,1,1,100.00,1,1,100.00,0,0,
50,index_49,1,1,100.00,1,1,100.00,0,0,,0,0,,0,0,,0,0,
51,index_50,1,1,100.00,1,1,100.00,1,1,100.00,1,1,100.00,1,1,100.00,0,0,
52,index_51,1,1,100.00,1,1,100.00,0,0,,0,0,,0,0,,0,0,
53,index_52,1,1,100.00,1,1,100.00,1,1,100.00,1,1,100.00,0,0,,0,0,
54,index_53,1,0,0.00,1,0,0.00,1,0,0.00,1,0,0.00,0,0,,0,0,
55,index_54,1,1,100.00,1,1,100.00,1,1,100.00,0,0,,0,0,,0,0,
56,index_55,1,1,100.00,1,1,100.00,1,1,100.00,0,0,,0,0,,0,0,
57,index_56,1,1,100.00,1,1,100.00,1,1,100.00,1,1,100.00,0,0,,0,0,
58,index_57,1,1,100.00,1,1,100.00,1,1,100.00,1,1,100.00,0,0,,0,0,
59,index_58,1,1,100.00,1,1,100.00,1,1,100.00,1,1,100.00,1,1,100.00,0,0,
60,index_59,1,1,100.00,1,1,100.00,1,1,100.00,1,1,100.00,1,1,100.00,0,0,
61,index_60,1,1,100.00,1,1,100.00,1,1,100.00,1,1,100.00,0,0,,0,0,
62,index_61,1,1,100.00,1,1,100.00,1,1,100.00,1,1,100.00,1,1,100.00,0,0,
63,index_62,1,1,100.00,1,1,100.00,0,0,,0,0,,0,0,,0,0,
64,index_63,1,1,100.00,1,1,100.00,1,1,100.00,1,1,100.00,1,1,100.00,0,0,
65,index_64,1,1,100.00,1,1,100.00,1,1,100.00,1,1,100.00,1,1,100.00,0,0,
66,index_65,0,0,,0,0,,0,0,,0,0,,0,0,,0,0,
67,index_66,1,1,100.00,1,1,100.00,0,0,,0,0,,0,0,,0,0,
68,index_67,1,1,100.00,1,1,100.00,1,1,100.00,0,0,,0,0,,0,0,
69,index_68,1,1,100.00,1,1,100.00,1,1,100.00,0,0,,0,0,,0,0,
70,index_69,1,0,0.00,1,0,0.00,1,0,0.00,1,0,0.00,1,0,0.00,0,0,
71,index_70,1,1,100.00,1,1,100.00,1,1,100.00,1,1,100.00,0,0,,0,0,
72,index_71,1,1,100.00,1,1,100.00,0,0,,0,0,,0,0,,0,0,
73,index_72,1,1,100.00,0,0,,0,0,,0,0,,0,0,,0,0,
74,index_73,1,1,100.00,1,1,100.00,1,1,100.00,1,1,100.00,1,1,100.00,0,0,
75,index_74,1,1,100.00,1,1,100.00,1,1,100.00,0,0,,0,0,,0,0,
76,index_75,1,0,0.00,1,0,0.00,0,0,,0,0,,0,0,,0,0,
77,index_76,1,1,100.00,1,1,100.00,1,1,100.00,1,1,100.00,0,0,,0,0,
78,index_77,1,1,100.00,1,1,100.00,1,1,100.00,0,0,,0,0,,0,0,
79,index_78,1,1,100.00,1,1,100.00,1,1,100.00,0,0,,0,0,,0,0,
80,index_79,1,1,100.00,1,1,100.00,0,0,,0,0,,0,0,,0,0,
81,index_80,1,1,100.00,1,1,100.00,1,1,100.00,1,1,100.00,0,0,,0,0,
82,index_81,1,0,0.00,1,0,0.00,1,0,0.00,0,0,,0,0,,0,0,
83,index_82,1,1,100.00,1,1,100.00,1,1,100.00,1,1,100.00,1,1,100.00,0,0,
84,index_83,0,0,,0,0,,0,0,,0,0,,0,0,,0,0,
85,index_84,1,1,100.00,1,1,100.00,1,1,100.00,1,1,100.00,1,1,100.00,0,0,
86,index_85,1,0,0.00,1,0,0.00,1,0,0.00,1,0,0.00,0,0,,0,0,
87,index_86,1,1,100.00,1,1,100.00,0,0,,0,0,,0,0,,0,0,
88,index_87,1,1,100.00,1,1,100.00,1,1,100.00,0,0,,0,0,,0,0,
89,index_88,1,0,0.00,1,0,0.00,1,0,0.00,1,0,0.00,0,0,,0,0,
90,index_89,1,1,100.00,1,1,100.00,1,1,100.00,0,0,,0,0,,0,0,
91,index_90,1,1,100.00,1,1,100.00,1,1,100.00,1,1,100.00,1,1,100.00,0,0,
92,index_91,1,1,100.00,1,1,100.00,1,1,100.00,1,1,100.00,0,0,,0,0,
93,index_92,1,0,0.00,1,0,0.00,0,0,,0,0,,0,0,,0,0,
94,index_93,1,1,100.00,1,1,100.00,1,1,100.00,1,1,100.00,0,0,,0,0,
95,index_94,1,1,100.00,1,1,100.00,1,1,100.00,0,0,,0,0,,0,0,
96,index_95,1,1,100.00,1,1,100.00,1,1,100.00,1,1,100.00,1,1,100.00,0,0,
97,index_96,0,0,,0,0,,0,0,,0,0,,0,0,,0,0,
98,index_97,1,1,100.00,1,1,100.00,0,0,,0,0,,0,0,,0,0,
99,index_98,1,0,0.00,1,0,0.00,1,0,0.00,1,0,0.00,0,0,,0,0,
100,index_99,1,1,100.00,1,1,100.00,1,1,100.00,0,0,,0,0,,0,0,
101,index_100,1,1,100.00,1,1,100.00,0,0,,0,0,,0,0,,0,0,
102,index_101,1,1,100.00,1,1,100.00,0,0,,0,0,,0,0,,0,0,
103,index_102,1,0,0.00,1,0,0.00,1,0,0.00,1,0,0.00,0,0,,0,0,
104,index_103,1,1,100.00,1,1,100.00,1,1,100.00,1,1,100.00,1,1,100.00,0,0,
105,index_104,1,1,100.00,1,1,100.00,0,0,,0,0,,0,0,,0,0,
106,index_105,1,1,100.00,1,1,100.00,1,1,100.00,1,1,100.00,1,1,100.00,0,0,
107,index_106,0,0,,0,0,,0,0,,0,0,,0,0,,0,0,
108,index_107,1,1,100.00,0,0,,0,0,,0,0,,0,0,,0,0,
109,index_108,1,1,100.00,1,1,100.00,1,1,100.00,1,1,100.00,0,0,,0,0,
110,index_109,1,1,100.00,1,1,100.00,1,1,100.00,1,1,100.00,1,1,100.00,0,0,
111,index_110,1,1,100.00,1,1,100.00,1,1,100.00,0,0,,0,0,,0,0,
112,index_111,1,1,100.00,1,1,100.00,1,1,100.00,1,1,100.00,0,0,,0,0,
113,index_112,1,1,100.00,1,1,100.00,0,0,,0,0,,0,0,,0,0,
114,index_113,1,1,100.00,1,1,100.00,1,1,100.00,0,0,,0,0,,0,0,
115,index_114,1,1,100.00,1,1,100.00,1,1,100.00,1,1,100.00,0,0,,0,0,
116,index_115,1,1,100.00,1,1,100.00,1,1,100.00,1,1,100.00,1,1,100.00,0,0,
117,index_116,1,1,100.00,1,1,100.00,1,1,100.00,1,1,100.00,0,0,,0,0,
118,index_117,1,1,100.00,1,1,100.00,1,1,100.00,0,0,,0,0,,0,0,
119,index_118,1,1,100.00,1,1,100.00,0,0,,0,0,,0,0,,0,0,
120,index_119,0,0,,0,0,,0,0,,0,0,,0,0,,0,0,
121,index_120,1,1,100.00,1,1,100.00,1,1,100.00,1,1,100.00,0,0,,0,0,
122,index_121,1,1,100.00,1,1,100.00,0,0,,0,0,,0,0,,0,0,
123,index_122,1,1,100.00,1,1,100.00,1,1,100.00,1,1,100.00,1,1,100.00,0,0,
124,index_123,1,1,100.00,1,1,100.00,0,0,,0,0,,0,0,,0,0,
125,index_124,1,1,100.00,1,1,100.00,1,1,100.00,0,0,,0,0,,0,0,
126,index_125,1,0,0.00,1,0,0.00,1,0,0.00,1,0,0.00,0,0,,0,0,
127,index_126,1,0,0.00,1,0,0.00,0,0,,0,0,,0,0,,0,0,
128,index_127,1,0,0.00,1,0,0.00,1,0,0.00,0,0,,0,0,,0,0,
129,index_128,1,0,0.00,1,0,0.00,1,0,0.00,1,0,0.00,0,0,,0,0,
130,index_129,1,1,100.00,1,1,100.00,1,1,100.00,1,1,100.00,0,0,,0,0,
131,index_130,1,0,0.00,1,0,0.00,1,0,0.00,1,0,0.00,0,0,,0,0,
132,index_131,1,1,100.00,1,1,100.00,1,1,100.00,0,0,,0,0,,0,0,
133,index_132,1,1,100.00,1,1,100.00,1,1,100.00,1,1,100.00,0,0,,0,0,
134,index_133,1,1,100.00,1,1,100.00,1,1,100.00,1,1,100.00,1,1,100.00,0,0,
135,index_134,1,1,100.00,1,1,100.00,0,0,,0,0,,0,0,,0,0,
136,index_135,1,1,100.00,1,1,100.00,1,1,100.00,0,0,,0,0,,0,0,
137,index_136,1,1,100.00,1,1,100.00,1,1,100.00,1,1,100.00,0,0,,0,0,
138,index_137,1,1,100.00,1,1,100.00,0,0,,0,0,,0,0,,0,0,
139,index_138,1,1,100.00,1,1,100.00,1,1,100.00,0,0,,0,0,,0,0,
140,index_139,1,0,0.00,1,0,0.00,1,0,0.00,0,0,,0,0,,0,0,
141,index_140,1,0,0.00,1,0,0.00,1,0,0.00,1,0,0.00,0,0,,0,0,
142,index_141,0,0,,0,0,,0,0,,0,0,,0,0,,0,0,
143,index_142,1,1,100.00,1,1,100.00,1,1,100.00,1,1,100.00,0,0,,0,0,
144,index_143,1,1,100.00,1,1,100.00,1,1,100.00,1,1,100.00,0,0,,0,0,
145,index_144,1,1,100.00,1,1,100.00,1,1,100.00,0,0,,0,0,,0,0,
146,index_145,1,1,100.00,1,1,100.00,1,1,100.00,1,1,100.00,0,0,,0,0,
147,index_146,1,1,100.00,1,1,100.00,1,1,100.00,1,1,100.00,1,1,100.00,0,0,
148,index_147,1,0,0.00,1,0,0.00,1,0,0.00,0,0,,0,0,,0,0,
149,index_148,0,0,,0,0,,0,0,,0,0,,0,0,,0,0,
150,index_149,1,1,100.00,1,1,100.00,0,0,,0,0,,0,0,,0,0,
151,index_150,1,1,100.00,1,1,100.00,1,1,100.00,1,1,100.00,0,0,,0,0,
152,index_151,0,0,,0,0,,0,0,,0,0,,0,0,,0,0,
153,index_152,1,1,100.00,1,1,100.00,1,1,100.00,0,0,,0,0,,0,0,
154,index_153,1,1,100.00,1,1,100.00,0,0,,0,0,,0,0,,0,0,
155,index_154,1,1,100.00,1,1,100.00,0,0,,0,0,,0,0,,0,0,
156,index_155,1,1,100.00,1,1,100.00,1,1,100.00,1,1,100.00,0,0,,0,0,
157,index_156,0,0,,0,0,,0,0,,0,0,,0,0,,0,0,
158,index_157,1,1,100.00,1,1,100.00,1,1,100.00,1,1,100.00,0,0,,0,0,
159,index_158,1,0,0.00,1,0,0.00,1,0,0.00,0,0,,0,0,,0,0,
160,index_159,1,0,0.00,1,0,0.00,1,0,0.00,0,0,,0,0,,0,0,
161,index_160,1,0,0.00,1,0,0.00,1,0,0.00,1,0,0.00,0,0,,0,0,
162,index_161,1,1,100.00,1,1,100.00,0,0,,0,0,,0,0,,0,0,
163,index_162,1,1,100.00,1,1,100.00,1,1,100.00,1,1,100.00,1,1,100.00,0,0,
164,index_163,1,1,100.00,1,1,100.00,1,1,100.00,1,1,100.00,0,0,,0,0,
165,index_164,1,0,0.00,1,0,0.00,1,0,0.00,1,0,0.00,0,0,,0,0,
166,index_165,1,0,0.00,1,0,0.00,0,0,,0,0,,0,0,,0,0,
167,index_166,1,1,100.00,1,1,100.00,1,1,100.00,1,1,100.00,1,1,100.00,0,0,
168,index_167,1,1,100.00,1,1,100.00,0,0,,0,0,,0,0,,0,0,
169,index_168,1,1,100.00,1,1,100.00,1,1,100.00,1,1,100.00,0,0,,0,0,
170,index_169,1,1,100.00,1,1,100.00,1,1,100.00,0,0,,0,0,,0,0,
171,index_170,1,1,100.00,1,1,100.00,0,0,,0,0,,0,0,,0,0,
172,index_171,1,1,100.00,1,1,100.00,1,1,100.00,1,1,100.00,1,1,100.00,0,0,
173,index_172,1,1,100.00,1,1,100.00,1,1,100.00,1,1,100.00,0,0,,0,0,
174,index_173,1,1,100.00,1,1,100.00,1,1,100.00,1,1,100.00,0,0,,0,0,
175,index_174,1,1,100.00,1,1,100.00,1,1,100.00,0,0,,0,0,,0,0,
176,index_175,1,1,100.00,1,1,100.00,0,0,,0,0,,0,0,,0,0,
177,index_176,1,1,100.00,1,1,100.00,0,0,,0,0,,0,0,,0,0,
178,index_177,1,0,0.00,1,0,0.00,0,0,,0,0,,0,0,,0,0,
179,index_178,1,0,0.00,1,0,0.00,1,0,0.00,1,0,0.00,0,0,,0,0,
180,index_179,1,0,0.00,1,0,0.00,1,0,0.00,1,0,0.00,0,0,,0,0,
181,index_180,1,0,0.00,1,0,0.00,1,0,0.00,1,0,0.00,0,0,,0,0,
182,index_181,0,0,,0,0,,0,0,,0,0,,0,0,,0,0,
183,index_182,1,1,100.00,1,1,100.00,1,1,100.00,0,0,,0,0,,0,0,
184,index_183,1,0,0.00,1,0,0.00,1,0,0.00,1,0,0.00,0,0,,0,0,
185,index_184,1,1,100.00,1,1,100.00,1,1,100.00,0,0,,0,0,,0,0,
186,index_185,1,1,100.00,1,1,100.00,1,1,100.00,0,0,,0,0,,0,0,
187,index_186,1,0,0.00,1,0,0.00,1,0,0.00,0,0,,0,0,,0,0,
188,index_187,1,0,0.00,1,0,0.00,1,0,0.00,1,0,0.00,0,0,,0,0,
189,index_188,0,0,,0,0,,0,0,,0,0,,0,0,,0,0,
190,index_189,1,1,100.00,1,1,100.00,0,0,,0,0,,0,0,,0,0,
191,index_190,1,1,100.00,1,1,100.00,1,1,100.00,1,1,100.00,0,0,,0,0,
192,index_191,1,1,100.00,1,1,100.00,1,1,100.00,0,0,,0,0,,0,0,
193,index_192,1,1,100.00,1,1,100.00,1,1,100.00,0,0,,0,0,,0,0,
194,index_193,1,1,100.00,1,1,100.00,0,0,,0,0,,0,0,,0,0,
195,index_194,1,1,100.00,1,1,100.00,1,1,100.00,1,1,100.00,0,0,,0,0,
196,index_195,1,1,100.00,1,1,100.00,1,1,100.00,1,1,100.00,0,0,,0,0,
197,index_196,1,0,0.00,1,0,0.00,1,0,0.00,1,0,0.00,1,0,0.00,0,0,
198,index_197,1,1,100.00,1,1,100.00,0,0,,0,0,,0,0,,0,0,
