{
  "iteration": 5,
  "question_id": "index_4",
  "status": "SUCCESS",
  "n_chains_requested": 1,
  "n_chains_completed_stream_with_content": 1,
  "n_chains_completed_stream_for_voting": 1,
  "error_chains_count": 0,
  "prompt_len": 509,
  "correct_answer_reference": "890",
  "individual_answers": [
    "890"
  ],
  "voted_answer": "890",
  "final_score": 1,
  "avg_kv_cache_usage": 0.015378634219046079,
  "max_kv_cache_usage": 0.0301128297093327,
  "processing_duration_sec": 106.82769799232483,
  "usage_aggregated": {
    "prompt_tokens": 138,
    "total_completion_tokens_across_all_requested_chains": 6296,
    "total_reasoning_tokens_counted": 5566,
    "total_non_reasoning_tokens_counted": 728,
    "total_tokens_usage": 6434
  },
  "chains_for_voting_details": [
    {
      "chain_index": 1,
      "finish_reason": "stop",
      "extracted_answer": "890",
      "prompt_tokens": 138,
      "completion_tokens": 6296,
      "reasoning_tokens_counted": 5566,
      "non_reasoning_tokens_counted": 728
    }
  ],
  "error_chain_details": []
}