{
  "iteration": 21,
  "question_id": "index_20",
  "status": "SUCCESS",
  "n_chains_requested": 1,
  "n_chains_completed_stream_with_content": 1,
  "n_chains_completed_stream_for_voting": 1,
  "error_chains_count": 0,
  "prompt_len": 487,
  "correct_answer_reference": "26",
  "individual_answers": [
    "26"
  ],
  "voted_answer": "26",
  "final_score": 1,
  "avg_kv_cache_usage": 0.005769884521409414,
  "max_kv_cache_usage": 0.0109093626242248,
  "processing_duration_sec": 36.30320501327515,
  "usage_aggregated": {
    "prompt_tokens": 134,
    "total_completion_tokens_across_all_requested_chains": 2189,
    "total_reasoning_tokens_counted": 1806,
    "total_non_reasoning_tokens_counted": 381,
    "total_tokens_usage": 2323
  },
  "chains_for_voting_details": [
    {
      "chain_index": 1,
      "finish_reason": "stop",
      "extracted_answer": "26",
      "prompt_tokens": 134,
      "completion_tokens": 2189,
      "reasoning_tokens_counted": 1806,
      "non_reasoning_tokens_counted": 381
    }
  ],
  "error_chain_details": []
}