{
  "iteration": 7,
  "question_id": "index_6",
  "status": "SUCCESS",
  "n_chains_requested": 1,
  "n_chains_completed_stream_with_content": 1,
  "n_chains_completed_stream_for_voting": 1,
  "error_chains_count": 0,
  "prompt_len": 471,
  "correct_answer_reference": "\\frac{9 \\sqrt{23}}{23}",
  "individual_answers": [
    "2"
  ],
  "voted_answer": "2",
  "final_score": 0,
  "avg_kv_cache_usage": 0.04135143264512658,
  "max_kv_cache_usage": 0.0820443846671149,
  "processing_duration_sec": 384.556672334671,
  "usage_aggregated": {
    "prompt_tokens": 138,
    "total_completion_tokens_across_all_requested_chains": 17419,
    "total_reasoning_tokens_counted": 17059,
    "total_non_reasoning_tokens_counted": 358,
    "total_tokens_usage": 17557
  },
  "chains_for_voting_details": [
    {
      "chain_index": 1,
      "finish_reason": "stop",
      "extracted_answer": "2",
      "prompt_tokens": 138,
      "completion_tokens": 17419,
      "reasoning_tokens_counted": 17059,
      "non_reasoning_tokens_counted": 358
    }
  ],
  "error_chain_details": []
}