{
  "iteration": 8,
  "question_id": "index_7",
  "status": "SUCCESS",
  "n_chains_requested": 1,
  "n_chains_completed_stream_with_content": 1,
  "n_chains_completed_stream_for_voting": 1,
  "error_chains_count": 0,
  "prompt_len": 504,
  "correct_answer_reference": "1-\\frac{2}{\\pi}",
  "individual_answers": [
    "\\dfrac{1}{3}"
  ],
  "voted_answer": "\\dfrac{1}{3}",
  "final_score": 0,
  "avg_kv_cache_usage": 0.03444902033752625,
  "max_kv_cache_usage": 0.0681461555704998,
  "processing_duration_sec": 304.2493705749512,
  "usage_aggregated": {
    "prompt_tokens": 151,
    "total_completion_tokens_across_all_requested_chains": 14437,
    "total_reasoning_tokens_counted": 14201,
    "total_non_reasoning_tokens_counted": 234,
    "total_tokens_usage": 14588
  },
  "chains_for_voting_details": [
    {
      "chain_index": 1,
      "finish_reason": "stop",
      "extracted_answer": "\\dfrac{1}{3}",
      "prompt_tokens": 151,
      "completion_tokens": 14437,
      "reasoning_tokens_counted": 14201,
      "non_reasoning_tokens_counted": 234
    }
  ],
  "error_chain_details": []
}