{
  "iteration": 25,
  "question_id": "index_24",
  "status": "SUCCESS",
  "n_chains_requested": 1,
  "n_chains_completed_stream_with_content": 1,
  "n_chains_completed_stream_for_voting": 1,
  "error_chains_count": 0,
  "prompt_len": 550,
  "correct_answer_reference": "\\sqrt{23}-2 \\sqrt{3}",
  "individual_answers": [
    "\\sqrt{11}"
  ],
  "voted_answer": "\\sqrt{11}",
  "final_score": 0,
  "avg_kv_cache_usage": 0.04321247720373473,
  "max_kv_cache_usage": 0.0857057460957931,
  "processing_duration_sec": 402.178724527359,
  "usage_aggregated": {
    "prompt_tokens": 146,
    "total_completion_tokens_across_all_requested_chains": 18200,
    "total_reasoning_tokens_counted": 17748,
    "total_non_reasoning_tokens_counted": 450,
    "total_tokens_usage": 18346
  },
  "chains_for_voting_details": [
    {
      "chain_index": 1,
      "finish_reason": "stop",
      "extracted_answer": "\\sqrt{11}",
      "prompt_tokens": 146,
      "completion_tokens": 18200,
      "reasoning_tokens_counted": 17748,
      "non_reasoning_tokens_counted": 450
    }
  ],
  "error_chain_details": []
}