{
  "iteration": 3,
  "question_id": "index_2",
  "status": "SUCCESS",
  "n_chains_requested": 1,
  "n_chains_completed_stream_with_content": 1,
  "n_chains_completed_stream_for_voting": 1,
  "error_chains_count": 0,
  "prompt_len": 510,
  "correct_answer_reference": "\\frac{1}{576}",
  "individual_answers": [
    "2^{\\sqrt{22 + 20 \\log_2 3}}"
  ],
  "voted_answer": "2^{\\sqrt{22 + 20 \\log_2 3}}",
  "final_score": 0,
  "avg_kv_cache_usage": 0.04861577756502977,
  "max_kv_cache_usage": 0.0963909437345886,
  "processing_duration_sec": 442.1073741912842,
  "usage_aggregated": {
    "prompt_tokens": 167,
    "total_completion_tokens_across_all_requested_chains": 20472,
    "total_reasoning_tokens_counted": 20227,
    "total_non_reasoning_tokens_counted": 243,
    "total_tokens_usage": 20639
  },
  "chains_for_voting_details": [
    {
      "chain_index": 1,
      "finish_reason": "stop",
      "extracted_answer": "2^{\\sqrt{22 + 20 \\log_2 3}}",
      "prompt_tokens": 167,
      "completion_tokens": 20472,
      "reasoning_tokens_counted": 20227,
      "non_reasoning_tokens_counted": 243
    }
  ],
  "error_chain_details": []
}