{
  "iteration": 15,
  "question_id": "index_14",
  "status": "SUCCESS",
  "n_chains_requested": 1,
  "n_chains_completed_stream_with_content": 1,
  "n_chains_completed_stream_for_voting": 1,
  "error_chains_count": 0,
  "prompt_len": 610,
  "correct_answer_reference": "200",
  "individual_answers": [
    "120"
  ],
  "voted_answer": "120",
  "final_score": 0,
  "avg_kv_cache_usage": 0.01031393175851298,
  "max_kv_cache_usage": 0.0199506837032055,
  "processing_duration_sec": 68.61791515350342,
  "usage_aggregated": {
    "prompt_tokens": 144,
    "total_completion_tokens_across_all_requested_chains": 4115,
    "total_reasoning_tokens_counted": 3880,
    "total_non_reasoning_tokens_counted": 233,
    "total_tokens_usage": 4259
  },
  "chains_for_voting_details": [
    {
      "chain_index": 1,
      "finish_reason": "stop",
      "extracted_answer": "120",
      "prompt_tokens": 144,
      "completion_tokens": 4115,
      "reasoning_tokens_counted": 3880,
      "non_reasoning_tokens_counted": 233
    }
  ],
  "error_chain_details": []
}