{
  "iteration": 16,
  "question_id": "index_15",
  "status": "SUCCESS",
  "n_chains_requested": 1,
  "n_chains_completed_stream_with_content": 1,
  "n_chains_completed_stream_for_voting": 1,
  "error_chains_count": 0,
  "prompt_len": 533,
  "correct_answer_reference": "6300",
  "individual_answers": [
    "1225"
  ],
  "voted_answer": "1225",
  "final_score": 0,
  "avg_kv_cache_usage": 0.03926156655884776,
  "max_kv_cache_usage": 0.0779346932675782,
  "processing_duration_sec": 360.10219073295593,
  "usage_aggregated": {
    "prompt_tokens": 114,
    "total_completion_tokens_across_all_requested_chains": 16572,
    "total_reasoning_tokens_counted": 16124,
    "total_non_reasoning_tokens_counted": 446,
    "total_tokens_usage": 16686
  },
  "chains_for_voting_details": [
    {
      "chain_index": 1,
      "finish_reason": "stop",
      "extracted_answer": "1225",
      "prompt_tokens": 114,
      "completion_tokens": 16572,
      "reasoning_tokens_counted": 16124,
      "non_reasoning_tokens_counted": 446
    }
  ],
  "error_chain_details": []
}