{
  "iteration": 27,
  "question_id": "index_26",
  "status": "SUCCESS",
  "n_chains_requested": 1,
  "n_chains_completed_stream_with_content": 1,
  "n_chains_completed_stream_for_voting": 1,
  "error_chains_count": 0,
  "prompt_len": 494,
  "correct_answer_reference": "\\frac{7}{18}",
  "individual_answers": [
    "\\dfrac{3}{8}"
  ],
  "voted_answer": "\\dfrac{3}{8}",
  "final_score": 0,
  "avg_kv_cache_usage": 0.06154729343203474,
  "max_kv_cache_usage": 0.1223193603825749,
  "processing_duration_sec": 609.5159537792206,
  "usage_aggregated": {
    "prompt_tokens": 151,
    "total_completion_tokens_across_all_requested_chains": 26042,
    "total_reasoning_tokens_counted": 25317,
    "total_non_reasoning_tokens_counted": 723,
    "total_tokens_usage": 26193
  },
  "chains_for_voting_details": [
    {
      "chain_index": 1,
      "finish_reason": "stop",
      "extracted_answer": "\\dfrac{3}{8}",
      "prompt_tokens": 151,
      "completion_tokens": 26042,
      "reasoning_tokens_counted": 25317,
      "non_reasoning_tokens_counted": 723
    }
  ],
  "error_chain_details": []
}