{
  "iteration": 29,
  "question_id": "index_28",
  "status": "SUCCESS",
  "n_chains_requested": 1,
  "n_chains_completed_stream_with_content": 1,
  "n_chains_completed_stream_for_voting": 1,
  "error_chains_count": 0,
  "prompt_len": 504,
  "correct_answer_reference": "14+4\\sqrt{37}",
  "individual_answers": [
    "14 + 4\\sqrt{37}"
  ],
  "voted_answer": "14 + 4\\sqrt{37}",
  "final_score": 1,
  "avg_kv_cache_usage": 0.02945901213940448,
  "max_kv_cache_usage": 0.0582828962116117,
  "processing_duration_sec": 247.2769374847412,
  "usage_aggregated": {
    "prompt_tokens": 134,
    "total_completion_tokens_across_all_requested_chains": 12334,
    "total_reasoning_tokens_counted": 11685,
    "total_non_reasoning_tokens_counted": 647,
    "total_tokens_usage": 12468
  },
  "chains_for_voting_details": [
    {
      "chain_index": 1,
      "finish_reason": "stop",
      "extracted_answer": "14 + 4\\sqrt{37}",
      "prompt_tokens": 134,
      "completion_tokens": 12334,
      "reasoning_tokens_counted": 11685,
      "non_reasoning_tokens_counted": 647
    }
  ],
  "error_chain_details": []
}