{
  "iteration": 18,
  "question_id": "index_17",
  "status": "SUCCESS",
  "n_chains_requested": 1,
  "n_chains_completed_stream_with_content": 1,
  "n_chains_completed_stream_for_voting": 1,
  "error_chains_count": 0,
  "prompt_len": 716,
  "correct_answer_reference": "\\frac{2025}{101}",
  "individual_answers": [
    "\\dfrac{675}{67}"
  ],
  "voted_answer": "\\dfrac{675}{67}",
  "final_score": 0,
  "avg_kv_cache_usage": 0.035312988928846475,
  "max_kv_cache_usage": 0.0695658671448853,
  "processing_duration_sec": 311.9407410621643,
  "usage_aggregated": {
    "prompt_tokens": 217,
    "total_completion_tokens_across_all_requested_chains": 14675,
    "total_reasoning_tokens_counted": 14351,
    "total_non_reasoning_tokens_counted": 322,
    "total_tokens_usage": 14892
  },
  "chains_for_voting_details": [
    {
      "chain_index": 1,
      "finish_reason": "stop",
      "extracted_answer": "\\dfrac{675}{67}",
      "prompt_tokens": 217,
      "completion_tokens": 14675,
      "reasoning_tokens_counted": 14351,
      "non_reasoning_tokens_counted": 322
    }
  ],
  "error_chain_details": []
}