{
  "iteration": 9,
  "question_id": "index_8",
  "status": "SUCCESS",
  "n_chains_requested": 1,
  "n_chains_completed_stream_with_content": 1,
  "n_chains_completed_stream_for_voting": 1,
  "error_chains_count": 0,
  "prompt_len": 743,
  "correct_answer_reference": "1037",
  "individual_answers": [
    "1013"
  ],
  "voted_answer": "1013",
  "final_score": 0,
  "avg_kv_cache_usage": 0.04639280888413022,
  "max_kv_cache_usage": 0.091608757378764,
  "processing_duration_sec": 439.21296739578247,
  "usage_aggregated": {
    "prompt_tokens": 238,
    "total_completion_tokens_across_all_requested_chains": 19378,
    "total_reasoning_tokens_counted": 18936,
    "total_non_reasoning_tokens_counted": 440,
    "total_tokens_usage": 19616
  },
  "chains_for_voting_details": [
    {
      "chain_index": 1,
      "finish_reason": "stop",
      "extracted_answer": "1013",
      "prompt_tokens": 238,
      "completion_tokens": 19378,
      "reasoning_tokens_counted": 18936,
      "non_reasoning_tokens_counted": 440
    }
  ],
  "error_chain_details": []
}