{
  "iteration": 28,
  "question_id": "index_27",
  "status": "SUCCESS",
  "n_chains_requested": 1,
  "n_chains_completed_stream_with_content": 1,
  "n_chains_completed_stream_for_voting": 1,
  "error_chains_count": 0,
  "prompt_len": 527,
  "correct_answer_reference": "\\sqrt{6}",
  "individual_answers": [
    "6"
  ],
  "voted_answer": "6",
  "final_score": 0,
  "avg_kv_cache_usage": 0.018899910334005784,
  "max_kv_cache_usage": 0.0369872225958305,
  "processing_duration_sec": 131.44187951087952,
  "usage_aggregated": {
    "prompt_tokens": 160,
    "total_completion_tokens_across_all_requested_chains": 7760,
    "total_reasoning_tokens_counted": 7221,
    "total_non_reasoning_tokens_counted": 537,
    "total_tokens_usage": 7920
  },
  "chains_for_voting_details": [
    {
      "chain_index": 1,
      "finish_reason": "stop",
      "extracted_answer": "6",
      "prompt_tokens": 160,
      "completion_tokens": 7760,
      "reasoning_tokens_counted": 7221,
      "non_reasoning_tokens_counted": 537
    }
  ],
  "error_chain_details": []
}