{
  "iteration": 14,
  "question_id": "index_13",
  "status": "SUCCESS",
  "n_chains_requested": 1,
  "n_chains_completed_stream_with_content": 1,
  "n_chains_completed_stream_for_voting": 1,
  "error_chains_count": 0,
  "prompt_len": 638,
  "correct_answer_reference": "2304",
  "individual_answers": [
    "20"
  ],
  "voted_answer": "20",
  "final_score": 0,
  "avg_kv_cache_usage": 0.021419419418041343,
  "max_kv_cache_usage": 0.0419188522752745,
  "processing_duration_sec": 155.7396261692047,
  "usage_aggregated": {
    "prompt_tokens": 183,
    "total_completion_tokens_across_all_requested_chains": 8793,
    "total_reasoning_tokens_counted": 8604,
    "total_non_reasoning_tokens_counted": 187,
    "total_tokens_usage": 8976
  },
  "chains_for_voting_details": [
    {
      "chain_index": 1,
      "finish_reason": "stop",
      "extracted_answer": "20",
      "prompt_tokens": 183,
      "completion_tokens": 8793,
      "reasoning_tokens_counted": 8604,
      "non_reasoning_tokens_counted": 187
    }
  ],
  "error_chain_details": []
}