{
  "iteration": 20,
  "question_id": "index_19",
  "status": "SUCCESS",
  "n_chains_requested": 1,
  "n_chains_completed_stream_with_content": 1,
  "n_chains_completed_stream_for_voting": 1,
  "error_chains_count": 0,
  "prompt_len": 751,
  "correct_answer_reference": "\\frac{448}{3}",
  "individual_answers": [
    "42"
  ],
  "voted_answer": "42",
  "final_score": 0,
  "avg_kv_cache_usage": 0.03485298641162488,
  "max_kv_cache_usage": 0.0688933721885974,
  "processing_duration_sec": 308.79841232299805,
  "usage_aggregated": {
    "prompt_tokens": 166,
    "total_completion_tokens_across_all_requested_chains": 14580,
    "total_reasoning_tokens_counted": 14168,
    "total_non_reasoning_tokens_counted": 410,
    "total_tokens_usage": 14746
  },
  "chains_for_voting_details": [
    {
      "chain_index": 1,
      "finish_reason": "stop",
      "extracted_answer": "42",
      "prompt_tokens": 166,
      "completion_tokens": 14580,
      "reasoning_tokens_counted": 14168,
      "non_reasoning_tokens_counted": 410
    }
  ],
  "error_chain_details": []
}