{
  "iteration": 11,
  "question_id": "index_10",
  "status": "SUCCESS",
  "n_chains_requested": 1,
  "n_chains_completed_stream_with_content": 1,
  "n_chains_completed_stream_for_voting": 1,
  "error_chains_count": 0,
  "prompt_len": 481,
  "correct_answer_reference": "56",
  "individual_answers": [
    "72"
  ],
  "voted_answer": "72",
  "final_score": 0,
  "avg_kv_cache_usage": 0.028658094489858742,
  "max_kv_cache_usage": 0.0567884629754166,
  "processing_duration_sec": 240.49157905578613,
  "usage_aggregated": {
    "prompt_tokens": 111,
    "total_completion_tokens_across_all_requested_chains": 12037,
    "total_reasoning_tokens_counted": 11407,
    "total_non_reasoning_tokens_counted": 628,
    "total_tokens_usage": 12148
  },
  "chains_for_voting_details": [
    {
      "chain_index": 1,
      "finish_reason": "stop",
      "extracted_answer": "72",
      "prompt_tokens": 111,
      "completion_tokens": 12037,
      "reasoning_tokens_counted": 11407,
      "non_reasoning_tokens_counted": 628
    }
  ],
  "error_chain_details": []
}