{
  "iteration": 30,
  "question_id": "index_29",
  "status": "SUCCESS",
  "n_chains_requested": 1,
  "n_chains_completed_stream_with_content": 1,
  "n_chains_completed_stream_for_voting": 1,
  "error_chains_count": 0,
  "prompt_len": 456,
  "correct_answer_reference": "\\sqrt{\\frac{95}{24}}",
  "individual_answers": [
    "\\sqrt{55}"
  ],
  "voted_answer": "\\sqrt{55}",
  "final_score": 0,
  "avg_kv_cache_usage": 0.05240790891766005,
  "max_kv_cache_usage": 0.1042367182246133,
  "processing_duration_sec": 509.1112332344055,
  "usage_aggregated": {
    "prompt_tokens": 115,
    "total_completion_tokens_across_all_requested_chains": 22200,
    "total_reasoning_tokens_counted": 21950,
    "total_non_reasoning_tokens_counted": 248,
    "total_tokens_usage": 22315
  },
  "chains_for_voting_details": [
    {
      "chain_index": 1,
      "finish_reason": "stop",
      "extracted_answer": "\\sqrt{55}",
      "prompt_tokens": 115,
      "completion_tokens": 22200,
      "reasoning_tokens_counted": 21950,
      "non_reasoning_tokens_counted": 248
    }
  ],
  "error_chain_details": []
}