{
  "iteration": 12,
  "question_id": "index_11",
  "status": "SUCCESS",
  "n_chains_requested": 1,
  "n_chains_completed_stream_with_content": 1,
  "n_chains_completed_stream_for_voting": 1,
  "error_chains_count": 0,
  "prompt_len": 604,
  "correct_answer_reference": "29",
  "individual_answers": [
    "18"
  ],
  "voted_answer": "18",
  "final_score": 0,
  "avg_kv_cache_usage": 0.018953623994386052,
  "max_kv_cache_usage": 0.0372113875812598,
  "processing_duration_sec": 132.1175835132599,
  "usage_aggregated": {
    "prompt_tokens": 142,
    "total_completion_tokens_across_all_requested_chains": 7819,
    "total_reasoning_tokens_counted": 7322,
    "total_non_reasoning_tokens_counted": 495,
    "total_tokens_usage": 7961
  },
  "chains_for_voting_details": [
    {
      "chain_index": 1,
      "finish_reason": "stop",
      "extracted_answer": "18",
      "prompt_tokens": 142,
      "completion_tokens": 7819,
      "reasoning_tokens_counted": 7322,
      "non_reasoning_tokens_counted": 495
    }
  ],
  "error_chain_details": []
}