{
  "iteration": 22,
  "question_id": "index_21",
  "status": "SUCCESS",
  "n_chains_requested": 1,
  "n_chains_completed_stream_with_content": 1,
  "n_chains_completed_stream_for_voting": 1,
  "error_chains_count": 0,
  "prompt_len": 586,
  "correct_answer_reference": "63",
  "individual_answers": [
    "63"
  ],
  "voted_answer": "63",
  "final_score": 1,
  "avg_kv_cache_usage": 0.012686327620717848,
  "max_kv_cache_usage": 0.0247328700590301,
  "processing_duration_sec": 86.10504198074341,
  "usage_aggregated": {
    "prompt_tokens": 135,
    "total_completion_tokens_across_all_requested_chains": 5149,
    "total_reasoning_tokens_counted": 4785,
    "total_non_reasoning_tokens_counted": 362,
    "total_tokens_usage": 5284
  },
  "chains_for_voting_details": [
    {
      "chain_index": 1,
      "finish_reason": "stop",
      "extracted_answer": "63",
      "prompt_tokens": 135,
      "completion_tokens": 5149,
      "reasoning_tokens_counted": 4785,
      "non_reasoning_tokens_counted": 362
    }
  ],
  "error_chain_details": []
}