{
  "iteration": 2,
  "question_id": "index_1",
  "status": "SUCCESS",
  "n_chains_requested": 1,
  "n_chains_completed_stream_with_content": 1,
  "n_chains_completed_stream_for_voting": 1,
  "error_chains_count": 0,
  "prompt_len": 600,
  "correct_answer_reference": "3375",
  "individual_answers": [
    "3375"
  ],
  "voted_answer": "3375",
  "final_score": 1,
  "avg_kv_cache_usage": 0.0052515570834381535,
  "max_kv_cache_usage": 0.0097885376970784,
  "processing_duration_sec": 32.585323095321655,
  "usage_aggregated": {
    "prompt_tokens": 148,
    "total_completion_tokens_across_all_requested_chains": 1939,
    "total_reasoning_tokens_counted": 1658,
    "total_non_reasoning_tokens_counted": 279,
    "total_tokens_usage": 2087
  },
  "chains_for_voting_details": [
    {
      "chain_index": 1,
      "finish_reason": "stop",
      "extracted_answer": "3375",
      "prompt_tokens": 148,
      "completion_tokens": 1939,
      "reasoning_tokens_counted": 1658,
      "non_reasoning_tokens_counted": 279
    }
  ],
  "error_chain_details": []
}