{
  "iteration": 26,
  "question_id": "index_25",
  "status": "SUCCESS",
  "n_chains_requested": 1,
  "n_chains_completed_stream_with_content": 1,
  "n_chains_completed_stream_for_voting": 1,
  "error_chains_count": 0,
  "prompt_len": 504,
  "correct_answer_reference": "9\\sqrt{15}",
  "individual_answers": [
    "9\\sqrt{15}"
  ],
  "voted_answer": "9\\sqrt{15}",
  "final_score": 1,
  "avg_kv_cache_usage": 0.017659983306784022,
  "max_kv_cache_usage": 0.034670851079728,
  "processing_duration_sec": 123.32079076766968,
  "usage_aggregated": {
    "prompt_tokens": 139,
    "total_completion_tokens_across_all_requested_chains": 7271,
    "total_reasoning_tokens_counted": 6525,
    "total_non_reasoning_tokens_counted": 744,
    "total_tokens_usage": 7410
  },
  "chains_for_voting_details": [
    {
      "chain_index": 1,
      "finish_reason": "stop",
      "extracted_answer": "9\\sqrt{15}",
      "prompt_tokens": 139,
      "completion_tokens": 7271,
      "reasoning_tokens_counted": 6525,
      "non_reasoning_tokens_counted": 744
    }
  ],
  "error_chain_details": []
}