{
  "iteration": 13,
  "question_id": "index_12",
  "status": "SUCCESS",
  "n_chains_requested": 1,
  "n_chains_completed_stream_with_content": 1,
  "n_chains_completed_stream_for_voting": 1,
  "error_chains_count": 0,
  "prompt_len": 592,
  "correct_answer_reference": "105",
  "individual_answers": [
    "1"
  ],
  "voted_answer": "1",
  "final_score": 0,
  "avg_kv_cache_usage": 0.037085296576610464,
  "max_kv_cache_usage": 0.0734513935589927,
  "processing_duration_sec": 334.6920301914215,
  "usage_aggregated": {
    "prompt_tokens": 149,
    "total_completion_tokens_across_all_requested_chains": 15570,
    "total_reasoning_tokens_counted": 15358,
    "total_non_reasoning_tokens_counted": 210,
    "total_tokens_usage": 15719
  },
  "chains_for_voting_details": [
    {
      "chain_index": 1,
      "finish_reason": "stop",
      "extracted_answer": "1",
      "prompt_tokens": 149,
      "completion_tokens": 15570,
      "reasoning_tokens_counted": 15358,
      "non_reasoning_tokens_counted": 210
    }
  ],
  "error_chain_details": []
}