{
  "iteration": 6,
  "question_id": "index_5",
  "status": "SUCCESS",
  "n_chains_requested": 1,
  "n_chains_completed_stream_with_content": 1,
  "n_chains_completed_stream_for_voting": 1,
  "error_chains_count": 0,
  "prompt_len": 370,
  "correct_answer_reference": "\\frac{1311}{2017}",
  "individual_answers": [
    "\\dfrac{1311}{2017}"
  ],
  "voted_answer": "\\dfrac{1311}{2017}",
  "final_score": 1,
  "avg_kv_cache_usage": 0.017160298285011335,
  "max_kv_cache_usage": 0.0337741911380109,
  "processing_duration_sec": 121.35943412780762,
  "usage_aggregated": {
    "prompt_tokens": 108,
    "total_completion_tokens_across_all_requested_chains": 7119,
    "total_reasoning_tokens_counted": 6338,
    "total_non_reasoning_tokens_counted": 779,
    "total_tokens_usage": 7227
  },
  "chains_for_voting_details": [
    {
      "chain_index": 1,
      "finish_reason": "stop",
      "extracted_answer": "\\dfrac{1311}{2017}",
      "prompt_tokens": 108,
      "completion_tokens": 7119,
      "reasoning_tokens_counted": 6338,
      "non_reasoning_tokens_counted": 779
    }
  ],
  "error_chain_details": []
}