{
  "iteration": 17,
  "question_id": "index_16",
  "status": "SUCCESS",
  "n_chains_requested": 1,
  "n_chains_completed_stream_with_content": 1,
  "n_chains_completed_stream_for_voting": 1,
  "error_chains_count": 0,
  "prompt_len": 579,
  "correct_answer_reference": "2^{25} \\cdot 26!",
  "individual_answers": [
    "(26!)^3"
  ],
  "voted_answer": "(26!)^3",
  "final_score": 0,
  "avg_kv_cache_usage": 0.02499673294665461,
  "max_kv_cache_usage": 0.0493162967944407,
  "processing_duration_sec": 204.8406274318695,
  "usage_aggregated": {
    "prompt_tokens": 142,
    "total_completion_tokens_across_all_requested_chains": 10407,
    "total_reasoning_tokens_counted": 10043,
    "total_non_reasoning_tokens_counted": 362,
    "total_tokens_usage": 10549
  },
  "chains_for_voting_details": [
    {
      "chain_index": 1,
      "finish_reason": "stop",
      "extracted_answer": "(26!)^3",
      "prompt_tokens": 142,
      "completion_tokens": 10407,
      "reasoning_tokens_counted": 10043,
      "non_reasoning_tokens_counted": 362
    }
  ],
  "error_chain_details": []
}