{
  "iteration": 24,
  "question_id": "index_23",
  "status": "SUCCESS",
  "n_chains_requested": 1,
  "n_chains_completed_stream_with_content": 1,
  "n_chains_completed_stream_for_voting": 1,
  "error_chains_count": 0,
  "prompt_len": 1759,
  "correct_answer_reference": "20",
  "individual_answers": [
    "25"
  ],
  "voted_answer": "25",
  "final_score": 0,
  "avg_kv_cache_usage": 0.03774844636961535,
  "max_kv_cache_usage": 0.0723305686318463,
  "processing_duration_sec": 318.81832456588745,
  "usage_aggregated": {
    "prompt_tokens": 677,
    "total_completion_tokens_across_all_requested_chains": 14798,
    "total_reasoning_tokens_counted": 14501,
    "total_non_reasoning_tokens_counted": 295,
    "total_tokens_usage": 15475
  },
  "chains_for_voting_details": [
    {
      "chain_index": 1,
      "finish_reason": "stop",
      "extracted_answer": "25",
      "prompt_tokens": 677,
      "completion_tokens": 14798,
      "reasoning_tokens_counted": 14501,
      "non_reasoning_tokens_counted": 295
    }
  ],
  "error_chain_details": []
}