{
  "iteration": 23,
  "question_id": "index_22",
  "status": "SUCCESS",
  "n_chains_requested": 1,
  "n_chains_completed_stream_with_content": 1,
  "n_chains_completed_stream_for_voting": 1,
  "error_chains_count": 0,
  "prompt_len": 466,
  "correct_answer_reference": "8\\sqrt{10}",
  "individual_answers": [
    "8\\sqrt{10}"
  ],
  "voted_answer": "8\\sqrt{10}",
  "final_score": 1,
  "avg_kv_cache_usage": 0.013302784395322655,
  "max_kv_cache_usage": 0.0259284166479862,
  "processing_duration_sec": 90.35250949859619,
  "usage_aggregated": {
    "prompt_tokens": 130,
    "total_completion_tokens_across_all_requested_chains": 5423,
    "total_reasoning_tokens_counted": 4651,
    "total_non_reasoning_tokens_counted": 770,
    "total_tokens_usage": 5553
  },
  "chains_for_voting_details": [
    {
      "chain_index": 1,
      "finish_reason": "stop",
      "extracted_answer": "8\\sqrt{10}",
      "prompt_tokens": 130,
      "completion_tokens": 5423,
      "reasoning_tokens_counted": 4651,
      "non_reasoning_tokens_counted": 770
    }
  ],
  "error_chain_details": []
}