{
  "iteration": 4,
  "question_id": "index_3",
  "status": "SUCCESS",
  "n_chains_requested": 1,
  "n_chains_completed_stream_with_content": 1,
  "n_chains_completed_stream_for_voting": 1,
  "error_chains_count": 0,
  "prompt_len": 404,
  "correct_answer_reference": "-984",
  "individual_answers": [
    "-982"
  ],
  "voted_answer": "-982",
  "final_score": 0,
  "avg_kv_cache_usage": 0.032412854662782674,
  "max_kv_cache_usage": 0.0642606291563924,
  "processing_duration_sec": 274.87797927856445,
  "usage_aggregated": {
    "prompt_tokens": 118,
    "total_completion_tokens_across_all_requested_chains": 13631,
    "total_reasoning_tokens_counted": 13587,
    "total_non_reasoning_tokens_counted": 42,
    "total_tokens_usage": 13749
  },
  "chains_for_voting_details": [
    {
      "chain_index": 1,
      "finish_reason": "stop",
      "extracted_answer": "-982",
      "prompt_tokens": 118,
      "completion_tokens": 13631,
      "reasoning_tokens_counted": 13587,
      "non_reasoning_tokens_counted": 42
    }
  ],
  "error_chain_details": []
}