{
  "iteration": 5,
  "question_id": "index_4",
  "status": "SUCCESS",
  "n_chains_start": 8,
  "n_chains_completed_stream_for_voting": 8,
  "n_chains_pruned": 0,
  "n_chains_error": 0,
  "similarity_threshold": 0.92,
  "num_steps_to_delay_pruning": 20,
  "correct_answer_reference": "890",
  "individual_answers_final": [
    "890",
    "890",
    "890",
    "890",
    "890",
    "890",
    "890",
    "890"
  ],
  "voted_answer": "890",
  "final_score": 1,
  "processing_duration_sec": 171.33426904678345,
  "total_analysis_intervals": 51,
  "avg_kv_cache_usage": 0.09891052234876986,
  "max_kv_cache_usage": 0.1916167664670658,
  "usage_aggregated": {
    "prompt_tokens": 143,
    "total_completion_tokens_across_all_started_chains": 57654
  },
  "chains_for_voting_details": [
    {
      "chain_index": 1,
      "finish_reason": "stop",
      "extracted_answer": "890",
      "prompt_tokens": 143,
      "completion_tokens": 7994,
      "completed_thought_count": 45,
      "final_mean_pairwise_similarity": 0.48192405700683594,
      "final_internal_similarity": 0.010709423489040798,
      "pruned_count": 0
    },
    {
      "chain_index": 2,
      "finish_reason": "stop",
      "extracted_answer": "890",
      "prompt_tokens": 143,
      "completion_tokens": 6480,
      "completed_thought_count": 38,
      "final_mean_pairwise_similarity": 0.4248843491077423,
      "final_internal_similarity": 0.011181167081782692,
      "pruned_count": 0
    },
    {
      "chain_index": 3,
      "finish_reason": "stop",
      "extracted_answer": "890",
      "prompt_tokens": 143,
      "completion_tokens": 6441,
      "completed_thought_count": 39,
      "final_mean_pairwise_similarity": 0.452308714389801,
      "final_internal_similarity": 0.011597659343328232,
      "pruned_count": 0
    },
    {
      "chain_index": 4,
      "finish_reason": "stop",
      "extracted_answer": "890",
      "prompt_tokens": 143,
      "completion_tokens": 7713,
      "completed_thought_count": 55,
      "final_mean_pairwise_similarity": 0.45523086190223694,
      "final_internal_similarity": 0.008276924761858854,
      "pruned_count": 0
    },
    {
      "chain_index": 5,
      "finish_reason": "stop",
      "extracted_answer": "890",
      "prompt_tokens": 143,
      "completion_tokens": 7557,
      "completed_thought_count": 43,
      "final_mean_pairwise_similarity": 0.4714486002922058,
      "final_internal_similarity": 0.010963920937028042,
      "pruned_count": 0
    },
    {
      "chain_index": 6,
      "finish_reason": "stop",
      "extracted_answer": "890",
      "prompt_tokens": 143,
      "completion_tokens": 6705,
      "completed_thought_count": 37,
      "final_mean_pairwise_similarity": 0.4878743588924408,
      "final_internal_similarity": 0.013185793483579481,
      "pruned_count": 0
    },
    {
      "chain_index": 7,
      "finish_reason": "stop",
      "extracted_answer": "890",
      "prompt_tokens": 143,
      "completion_tokens": 7362,
      "completed_thought_count": 36,
      "final_mean_pairwise_similarity": 0.47042983770370483,
      "final_internal_similarity": 0.013067495491769578,
      "pruned_count": 0
    },
    {
      "chain_index": 8,
      "finish_reason": "stop",
      "extracted_answer": "890",
      "prompt_tokens": 143,
      "completion_tokens": 7402,
      "completed_thought_count": 40,
      "final_mean_pairwise_similarity": 0.4688870906829834,
      "final_internal_similarity": 0.011722177267074585,
      "pruned_count": 0
    }
  ],
  "pruned_chain_details": [],
  "error_chain_details": []
}