{
  "iteration": 13,
  "question_id": "index_12",
  "status": "SUCCESS",
  "n_chains_start": 8,
  "n_chains_completed_stream_for_voting": 1,
  "n_chains_pruned": 7,
  "n_chains_error": 0,
  "similarity_threshold": 0.92,
  "num_steps_to_delay_pruning": 20,
  "correct_answer_reference": "105",
  "individual_answers_final": [
    "266"
  ],
  "voted_answer": "266",
  "final_score": 0,
  "processing_duration_sec": 405.9804136753082,
  "total_analysis_intervals": 36,
  "avg_kv_cache_usage": 0.04426311832287926,
  "max_kv_cache_usage": 0.1153421312714376,
  "usage_aggregated": {
    "prompt_tokens": 154,
    "total_completion_tokens_across_all_started_chains": 44816
  },
  "chains_for_voting_details": [
    {
      "chain_index": 8,
      "finish_reason": "stop",
      "extracted_answer": "266",
      "prompt_tokens": 154,
      "completion_tokens": 16317,
      "completed_thought_count": 41,
      "final_mean_pairwise_similarity": 0.44731542468070984,
      "final_internal_similarity": 0.010910132309285605,
      "pruned_count": 7
    }
  ],
  "pruned_chain_details": [
    {
      "chain_index": 1,
      "finish_reason": "worker_terminated_unexpectedly",
      "completion_tokens": 3939,
      "completed_thought_count": 34,
      "full_text_len": 15258,
      "pruned_at_step": 28,
      "pruned_by_chain_id": "q13_c8",
      "initial_pruned_count": 0
    },
    {
      "chain_index": 2,
      "finish_reason": "worker_terminated_unexpectedly",
      "completion_tokens": 4554,
      "completed_thought_count": 41,
      "full_text_len": 17986,
      "pruned_at_step": 35,
      "pruned_by_chain_id": "q13_c8",
      "initial_pruned_count": 5
    },
    {
      "chain_index": 3,
      "finish_reason": "worker_terminated_unexpectedly",
      "completion_tokens": 4094,
      "completed_thought_count": 53,
      "full_text_len": 15871,
      "pruned_at_step": 30,
      "pruned_by_chain_id": "q13_c7",
      "initial_pruned_count": 1
    },
    {
      "chain_index": 4,
      "finish_reason": "worker_terminated_unexpectedly",
      "completion_tokens": 3939,
      "completed_thought_count": 33,
      "full_text_len": 15929,
      "pruned_at_step": 28,
      "pruned_by_chain_id": "q13_c2",
      "initial_pruned_count": 0
    },
    {
      "chain_index": 5,
      "finish_reason": "worker_terminated_unexpectedly",
      "completion_tokens": 3789,
      "completed_thought_count": 31,
      "full_text_len": 14609,
      "pruned_at_step": 26,
      "pruned_by_chain_id": "q13_c2",
      "initial_pruned_count": 0
    },
    {
      "chain_index": 6,
      "finish_reason": "worker_terminated_unexpectedly",
      "completion_tokens": 3938,
      "completed_thought_count": 34,
      "full_text_len": 16017,
      "pruned_at_step": 28,
      "pruned_by_chain_id": "q13_c3",
      "initial_pruned_count": 0
    },
    {
      "chain_index": 7,
      "finish_reason": "worker_terminated_unexpectedly",
      "completion_tokens": 4246,
      "completed_thought_count": 46,
      "full_text_len": 16029,
      "pruned_at_step": 32,
      "pruned_by_chain_id": "q13_c2",
      "initial_pruned_count": 2
    }
  ],
  "error_chain_details": []
}