{
  "iteration": 29,
  "question_id": "index_28",
  "status": "SUCCESS",
  "n_chains_start": 8,
  "n_chains_completed_stream_for_voting": 2,
  "n_chains_pruned": 6,
  "n_chains_error": 0,
  "similarity_threshold": 0.92,
  "num_steps_to_delay_pruning": 20,
  "correct_answer_reference": "14+4\\sqrt{37}",
  "individual_answers_final": [
    "14 + 4\\sqrt{37}",
    "24\\sqrt{2}"
  ],
  "voted_answer": "24\\sqrt{2}",
  "final_score": 0,
  "processing_duration_sec": 781.198296546936,
  "total_analysis_intervals": 100,
  "avg_kv_cache_usage": 0.1266904081086548,
  "max_kv_cache_usage": 0.2288239055868844,
  "usage_aggregated": {
    "prompt_tokens": 55587,
    "total_completion_tokens_across_all_started_chains": 106535
  },
  "chains_for_voting_details": [
    {
      "chain_index": 1,
      "finish_reason": "stop",
      "extracted_answer": "14 + 4\\sqrt{37}",
      "prompt_tokens": 139,
      "completion_tokens": 26466,
      "completed_thought_count": 29,
      "final_mean_pairwise_similarity": 0.4496443569660187,
      "final_internal_similarity": 0.015504977826414437,
      "pruned_count": 0
    },
    {
      "chain_index": 8,
      "finish_reason": "stop",
      "extracted_answer": "24\\sqrt{2}",
      "prompt_tokens": 139,
      "completion_tokens": 28773,
      "completed_thought_count": 58,
      "final_mean_pairwise_similarity": 0.4507153630256653,
      "final_internal_similarity": 0.007770954534925264,
      "pruned_count": 6
    }
  ],
  "pruned_chain_details": [
    {
      "chain_index": 2,
      "finish_reason": "worker_terminated_unexpectedly",
      "completion_tokens": 11111,
      "completed_thought_count": 36,
      "full_text_len": 26999,
      "pruned_at_step": 91,
      "pruned_by_chain_id": "q29_c8",
      "initial_pruned_count": 0
    },
    {
      "chain_index": 3,
      "finish_reason": "worker_terminated_unexpectedly",
      "completion_tokens": 7854,
      "completed_thought_count": 46,
      "full_text_len": 22079,
      "pruned_at_step": 57,
      "pruned_by_chain_id": "q29_c8",
      "initial_pruned_count": 1
    },
    {
      "chain_index": 4,
      "finish_reason": "worker_terminated_unexpectedly",
      "completion_tokens": 8101,
      "completed_thought_count": 32,
      "full_text_len": 21526,
      "pruned_at_step": 60,
      "pruned_by_chain_id": "q29_c7",
      "initial_pruned_count": 0
    },
    {
      "chain_index": 5,
      "finish_reason": "worker_terminated_unexpectedly",
      "completion_tokens": 8410,
      "completed_thought_count": 38,
      "full_text_len": 21130,
      "pruned_at_step": 64,
      "pruned_by_chain_id": "q29_c8",
      "initial_pruned_count": 2
    },
    {
      "chain_index": 6,
      "finish_reason": "worker_terminated_unexpectedly",
      "completion_tokens": 7719,
      "completed_thought_count": 27,
      "full_text_len": 19853,
      "pruned_at_step": 55,
      "pruned_by_chain_id": "q29_c3",
      "initial_pruned_count": 0
    },
    {
      "chain_index": 7,
      "finish_reason": "worker_terminated_unexpectedly",
      "completion_tokens": 8101,
      "completed_thought_count": 36,
      "full_text_len": 21447,
      "pruned_at_step": 60,
      "pruned_by_chain_id": "q29_c5",
      "initial_pruned_count": 1
    }
  ],
  "error_chain_details": [],
  "llm_tie_break_performed": true,
  "llm_tie_break_prompt_tokens": 55448,
  "llm_tie_break_completion_tokens": 0,
  "llm_tie_break_response_text": ""
}