{
  "iteration": 21,
  "question_id": "index_20",
  "status": "SUCCESS",
  "n_chains_start": 8,
  "n_chains_completed_stream_for_voting": 8,
  "n_chains_pruned": 0,
  "n_chains_error": 0,
  "similarity_threshold": 0.92,
  "num_steps_to_delay_pruning": 20,
  "correct_answer_reference": "26",
  "individual_answers_final": [
    "26",
    "26",
    "26",
    "26",
    "26",
    "26",
    "26",
    "26"
  ],
  "voted_answer": "26",
  "final_score": 1,
  "processing_duration_sec": 74.19072651863098,
  "total_analysis_intervals": 24,
  "avg_kv_cache_usage": 0.04121742954401438,
  "max_kv_cache_usage": 0.0799953491076099,
  "usage_aggregated": {
    "prompt_tokens": 139,
    "total_completion_tokens_across_all_started_chains": 24211
  },
  "chains_for_voting_details": [
    {
      "chain_index": 1,
      "finish_reason": "stop",
      "extracted_answer": "26",
      "prompt_tokens": 139,
      "completion_tokens": 2748,
      "completed_thought_count": 5,
      "final_mean_pairwise_similarity": 0.7055262327194214,
      "final_internal_similarity": 0.1411052465438843,
      "pruned_count": 0
    },
    {
      "chain_index": 2,
      "finish_reason": "stop",
      "extracted_answer": "26",
      "prompt_tokens": 139,
      "completion_tokens": 2611,
      "completed_thought_count": 7,
      "final_mean_pairwise_similarity": 0.6976568698883057,
      "final_internal_similarity": 0.09966526712690081,
      "pruned_count": 0
    },
    {
      "chain_index": 3,
      "finish_reason": "stop",
      "extracted_answer": "26",
      "prompt_tokens": 139,
      "completion_tokens": 2967,
      "completed_thought_count": 11,
      "final_mean_pairwise_similarity": 0.7141067385673523,
      "final_internal_similarity": 0.06491879441521385,
      "pruned_count": 0
    },
    {
      "chain_index": 4,
      "finish_reason": "stop",
      "extracted_answer": "26",
      "prompt_tokens": 139,
      "completion_tokens": 2779,
      "completed_thought_count": 7,
      "final_mean_pairwise_similarity": 0.7169520854949951,
      "final_internal_similarity": 0.10242172649928502,
      "pruned_count": 0
    },
    {
      "chain_index": 5,
      "finish_reason": "stop",
      "extracted_answer": "26",
      "prompt_tokens": 139,
      "completion_tokens": 3579,
      "completed_thought_count": 5,
      "final_mean_pairwise_similarity": 0.7177296876907349,
      "final_internal_similarity": 0.14354593753814698,
      "pruned_count": 0
    },
    {
      "chain_index": 6,
      "finish_reason": "stop",
      "extracted_answer": "26",
      "prompt_tokens": 139,
      "completion_tokens": 3240,
      "completed_thought_count": 14,
      "final_mean_pairwise_similarity": 0.606878399848938,
      "final_internal_similarity": 0.043348457132066996,
      "pruned_count": 0
    },
    {
      "chain_index": 7,
      "finish_reason": "stop",
      "extracted_answer": "26",
      "prompt_tokens": 139,
      "completion_tokens": 3449,
      "completed_thought_count": 16,
      "final_mean_pairwise_similarity": 0.5209071636199951,
      "final_internal_similarity": 0.032556697726249695,
      "pruned_count": 0
    },
    {
      "chain_index": 8,
      "finish_reason": "stop",
      "extracted_answer": "26",
      "prompt_tokens": 139,
      "completion_tokens": 2838,
      "completed_thought_count": 8,
      "final_mean_pairwise_similarity": 0.6180862784385681,
      "final_internal_similarity": 0.07726078480482101,
      "pruned_count": 0
    }
  ],
  "pruned_chain_details": [],
  "error_chain_details": []
}