{
  "iteration": 20,
  "question_id": "index_19",
  "status": "SUCCESS",
  "n_chains_start": 8,
  "n_chains_completed_stream_for_voting": 1,
  "n_chains_pruned": 7,
  "n_chains_error": 0,
  "similarity_threshold": 0.92,
  "num_steps_to_delay_pruning": 20,
  "correct_answer_reference": "\\frac{448}{3}",
  "individual_answers_final": [
    "4(H_{15} - 1)"
  ],
  "voted_answer": "4(H_{15} - 1)",
  "final_score": 0,
  "processing_duration_sec": 754.6502804756165,
  "total_analysis_intervals": 29,
  "avg_kv_cache_usage": 0.05777598563725077,
  "max_kv_cache_usage": 0.1040637172257427,
  "usage_aggregated": {
    "prompt_tokens": 171,
    "total_completion_tokens_across_all_started_chains": 51527
  },
  "chains_for_voting_details": [
    {
      "chain_index": 8,
      "finish_reason": "stop",
      "extracted_answer": "4(H_{15} - 1)",
      "prompt_tokens": 171,
      "completion_tokens": 28462,
      "completed_thought_count": 41,
      "final_mean_pairwise_similarity": 0.5813798308372498,
      "final_internal_similarity": 0.014179995874079263,
      "pruned_count": 7
    }
  ],
  "pruned_chain_details": [
    {
      "chain_index": 1,
      "finish_reason": "worker_terminated_unexpectedly",
      "completion_tokens": 3678,
      "completed_thought_count": 48,
      "full_text_len": 15417,
      "pruned_at_step": 28,
      "pruned_by_chain_id": "q20_c8",
      "initial_pruned_count": 3
    },
    {
      "chain_index": 2,
      "finish_reason": "worker_terminated_unexpectedly",
      "completion_tokens": 3362,
      "completed_thought_count": 34,
      "full_text_len": 13858,
      "pruned_at_step": 25,
      "pruned_by_chain_id": "q20_c8",
      "initial_pruned_count": 1
    },
    {
      "chain_index": 3,
      "finish_reason": "worker_terminated_unexpectedly",
      "completion_tokens": 3204,
      "completed_thought_count": 27,
      "full_text_len": 13687,
      "pruned_at_step": 23,
      "pruned_by_chain_id": "q20_c8",
      "initial_pruned_count": 0
    },
    {
      "chain_index": 4,
      "finish_reason": "worker_terminated_unexpectedly",
      "completion_tokens": 3362,
      "completed_thought_count": 25,
      "full_text_len": 14007,
      "pruned_at_step": 25,
      "pruned_by_chain_id": "q20_c1",
      "initial_pruned_count": 0
    },
    {
      "chain_index": 5,
      "finish_reason": "worker_terminated_unexpectedly",
      "completion_tokens": 3051,
      "completed_thought_count": 21,
      "full_text_len": 12657,
      "pruned_at_step": 21,
      "pruned_by_chain_id": "q20_c2",
      "initial_pruned_count": 0
    },
    {
      "chain_index": 6,
      "finish_reason": "worker_terminated_unexpectedly",
      "completion_tokens": 3204,
      "completed_thought_count": 32,
      "full_text_len": 14395,
      "pruned_at_step": 23,
      "pruned_by_chain_id": "q20_c1",
      "initial_pruned_count": 0
    },
    {
      "chain_index": 7,
      "finish_reason": "worker_terminated_unexpectedly",
      "completion_tokens": 3204,
      "completed_thought_count": 26,
      "full_text_len": 13266,
      "pruned_at_step": 23,
      "pruned_by_chain_id": "q20_c1",
      "initial_pruned_count": 0
    }
  ],
  "error_chain_details": []
}