{
  "iteration": 26,
  "question_id": "index_25",
  "status": "SUCCESS",
  "n_chains_start": 8,
  "n_chains_completed_stream_for_voting": 2,
  "n_chains_pruned": 6,
  "n_chains_error": 0,
  "similarity_threshold": 0.92,
  "num_steps_to_delay_pruning": 20,
  "correct_answer_reference": "9\\sqrt{15}",
  "individual_answers_final": [
    "9\\sqrt{15}",
    "9\\sqrt{15}"
  ],
  "voted_answer": "9\\sqrt{15}",
  "final_score": 1,
  "processing_duration_sec": 353.7835440635681,
  "total_analysis_intervals": 61,
  "avg_kv_cache_usage": 0.05951259705358505,
  "max_kv_cache_usage": 0.1337131562118481,
  "usage_aggregated": {
    "prompt_tokens": 144,
    "total_completion_tokens_across_all_started_chains": 54827
  },
  "chains_for_voting_details": [
    {
      "chain_index": 7,
      "finish_reason": "stop",
      "extracted_answer": "9\\sqrt{15}",
      "prompt_tokens": 144,
      "completion_tokens": 8885,
      "completed_thought_count": 25,
      "final_mean_pairwise_similarity": 0.4905402660369873,
      "final_internal_similarity": 0.019621610641479492,
      "pruned_count": 0
    },
    {
      "chain_index": 8,
      "finish_reason": "stop",
      "extracted_answer": "9\\sqrt{15}",
      "prompt_tokens": 144,
      "completion_tokens": 14467,
      "completed_thought_count": 44,
      "final_mean_pairwise_similarity": 0.44440051913261414,
      "final_internal_similarity": 0.010100011798468504,
      "pruned_count": 6
    }
  ],
  "pruned_chain_details": [
    {
      "chain_index": 1,
      "finish_reason": "worker_terminated_unexpectedly",
      "completion_tokens": 6635,
      "completed_thought_count": 25,
      "full_text_len": 17083,
      "pruned_at_step": 51,
      "pruned_by_chain_id": "q26_c8",
      "initial_pruned_count": 0
    },
    {
      "chain_index": 2,
      "finish_reason": "worker_terminated_unexpectedly",
      "completion_tokens": 4441,
      "completed_thought_count": 15,
      "full_text_len": 12074,
      "pruned_at_step": 31,
      "pruned_by_chain_id": "q26_c8",
      "initial_pruned_count": 0
    },
    {
      "chain_index": 3,
      "finish_reason": "worker_terminated_unexpectedly",
      "completion_tokens": 4877,
      "completed_thought_count": 22,
      "full_text_len": 14359,
      "pruned_at_step": 36,
      "pruned_by_chain_id": "q26_c6",
      "initial_pruned_count": 0
    },
    {
      "chain_index": 4,
      "finish_reason": "worker_terminated_unexpectedly",
      "completion_tokens": 5914,
      "completed_thought_count": 21,
      "full_text_len": 14802,
      "pruned_at_step": 45,
      "pruned_by_chain_id": "q26_c8",
      "initial_pruned_count": 0
    },
    {
      "chain_index": 5,
      "finish_reason": "worker_terminated_unexpectedly",
      "completion_tokens": 4587,
      "completed_thought_count": 23,
      "full_text_len": 12580,
      "pruned_at_step": 33,
      "pruned_by_chain_id": "q26_c8",
      "initial_pruned_count": 0
    },
    {
      "chain_index": 6,
      "finish_reason": "worker_terminated_unexpectedly",
      "completion_tokens": 5021,
      "completed_thought_count": 25,
      "full_text_len": 12470,
      "pruned_at_step": 38,
      "pruned_by_chain_id": "q26_c8",
      "initial_pruned_count": 1
    }
  ],
  "error_chain_details": []
}