{
  "iteration": 14,
  "question_id": "index_13",
  "status": "SUCCESS",
  "n_chains_start": 8,
  "n_chains_completed_stream_for_voting": 1,
  "n_chains_pruned": 7,
  "n_chains_error": 0,
  "similarity_threshold": 0.92,
  "num_steps_to_delay_pruning": 20,
  "correct_answer_reference": "2304",
  "individual_answers_final": [
    "70"
  ],
  "voted_answer": "70",
  "final_score": 0,
  "processing_duration_sec": 432.5969660282135,
  "total_analysis_intervals": 30,
  "avg_kv_cache_usage": 0.042595662285636236,
  "max_kv_cache_usage": 0.1027847218184989,
  "usage_aggregated": {
    "prompt_tokens": 188,
    "total_completion_tokens_across_all_started_chains": 42344
  },
  "chains_for_voting_details": [
    {
      "chain_index": 7,
      "finish_reason": "stop",
      "extracted_answer": "70",
      "prompt_tokens": 188,
      "completion_tokens": 17197,
      "completed_thought_count": 34,
      "final_mean_pairwise_similarity": 0.5355316996574402,
      "final_internal_similarity": 0.015750932342865887,
      "pruned_count": 7
    }
  ],
  "pruned_chain_details": [
    {
      "chain_index": 1,
      "finish_reason": "worker_terminated_unexpectedly",
      "completion_tokens": 3791,
      "completed_thought_count": 43,
      "full_text_len": 14859,
      "pruned_at_step": 29,
      "pruned_by_chain_id": "q14_c7",
      "initial_pruned_count": 1
    },
    {
      "chain_index": 2,
      "finish_reason": "worker_terminated_unexpectedly",
      "completion_tokens": 3483,
      "completed_thought_count": 22,
      "full_text_len": 12165,
      "pruned_at_step": 25,
      "pruned_by_chain_id": "q14_c4",
      "initial_pruned_count": 0
    },
    {
      "chain_index": 3,
      "finish_reason": "worker_terminated_unexpectedly",
      "completion_tokens": 3634,
      "completed_thought_count": 30,
      "full_text_len": 13935,
      "pruned_at_step": 27,
      "pruned_by_chain_id": "q14_c1",
      "initial_pruned_count": 0
    },
    {
      "chain_index": 4,
      "finish_reason": "worker_terminated_unexpectedly",
      "completion_tokens": 3790,
      "completed_thought_count": 28,
      "full_text_len": 13658,
      "pruned_at_step": 29,
      "pruned_by_chain_id": "q14_c7",
      "initial_pruned_count": 1
    },
    {
      "chain_index": 5,
      "finish_reason": "worker_terminated_unexpectedly",
      "completion_tokens": 3482,
      "completed_thought_count": 29,
      "full_text_len": 13176,
      "pruned_at_step": 25,
      "pruned_by_chain_id": "q14_c6",
      "initial_pruned_count": 1
    },
    {
      "chain_index": 6,
      "finish_reason": "worker_terminated_unexpectedly",
      "completion_tokens": 3633,
      "completed_thought_count": 42,
      "full_text_len": 13241,
      "pruned_at_step": 27,
      "pruned_by_chain_id": "q14_c7",
      "initial_pruned_count": 2
    },
    {
      "chain_index": 8,
      "finish_reason": "worker_terminated_unexpectedly",
      "completion_tokens": 3334,
      "completed_thought_count": 23,
      "full_text_len": 12759,
      "pruned_at_step": 23,
      "pruned_by_chain_id": "q14_c5",
      "initial_pruned_count": 0
    }
  ],
  "error_chain_details": []
}