{
  "iteration": 16,
  "question_id": "index_15",
  "status": "SUCCESS",
  "n_chains_start": 8,
  "n_chains_completed_stream_for_voting": 1,
  "n_chains_pruned": 7,
  "n_chains_error": 0,
  "similarity_threshold": 0.92,
  "num_steps_to_delay_pruning": 20,
  "correct_answer_reference": "6300",
  "individual_answers_final": [
    "5400"
  ],
  "voted_answer": "5400",
  "final_score": 0,
  "processing_duration_sec": 401.9930408000946,
  "total_analysis_intervals": 28,
  "avg_kv_cache_usage": 0.03900032933850416,
  "max_kv_cache_usage": 0.0930178477995465,
  "usage_aggregated": {
    "prompt_tokens": 119,
    "total_completion_tokens_across_all_started_chains": 38992
  },
  "chains_for_voting_details": [
    {
      "chain_index": 8,
      "finish_reason": "stop",
      "extracted_answer": "5400",
      "prompt_tokens": 119,
      "completion_tokens": 16325,
      "completed_thought_count": 41,
      "final_mean_pairwise_similarity": 0.565636932849884,
      "final_internal_similarity": 0.013796022752436196,
      "pruned_count": 7
    }
  ],
  "pruned_chain_details": [
    {
      "chain_index": 1,
      "finish_reason": "worker_terminated_unexpectedly",
      "completion_tokens": 3215,
      "completed_thought_count": 32,
      "full_text_len": 13351,
      "pruned_at_step": 23,
      "pruned_by_chain_id": "q16_c5",
      "initial_pruned_count": 0
    },
    {
      "chain_index": 2,
      "finish_reason": "worker_terminated_unexpectedly",
      "completion_tokens": 3064,
      "completed_thought_count": 32,
      "full_text_len": 13233,
      "pruned_at_step": 21,
      "pruned_by_chain_id": "q16_c7",
      "initial_pruned_count": 0
    },
    {
      "chain_index": 3,
      "finish_reason": "worker_terminated_unexpectedly",
      "completion_tokens": 3214,
      "completed_thought_count": 30,
      "full_text_len": 13807,
      "pruned_at_step": 23,
      "pruned_by_chain_id": "q16_c5",
      "initial_pruned_count": 0
    },
    {
      "chain_index": 4,
      "finish_reason": "worker_terminated_unexpectedly",
      "completion_tokens": 3682,
      "completed_thought_count": 39,
      "full_text_len": 15981,
      "pruned_at_step": 27,
      "pruned_by_chain_id": "q16_c8",
      "initial_pruned_count": 0
    },
    {
      "chain_index": 5,
      "finish_reason": "worker_terminated_unexpectedly",
      "completion_tokens": 3214,
      "completed_thought_count": 37,
      "full_text_len": 13719,
      "pruned_at_step": 23,
      "pruned_by_chain_id": "q16_c7",
      "initial_pruned_count": 2
    },
    {
      "chain_index": 6,
      "finish_reason": "worker_terminated_unexpectedly",
      "completion_tokens": 3064,
      "completed_thought_count": 34,
      "full_text_len": 13265,
      "pruned_at_step": 21,
      "pruned_by_chain_id": "q16_c7",
      "initial_pruned_count": 0
    },
    {
      "chain_index": 7,
      "finish_reason": "worker_terminated_unexpectedly",
      "completion_tokens": 3214,
      "completed_thought_count": 35,
      "full_text_len": 14021,
      "pruned_at_step": 23,
      "pruned_by_chain_id": "q16_c8",
      "initial_pruned_count": 5
    }
  ],
  "error_chain_details": []
}