{
  "iteration": 8,
  "question_id": "index_7",
  "status": "SUCCESS",
  "n_chains_start": 8,
  "n_chains_completed_stream_for_voting": 1,
  "n_chains_pruned": 7,
  "n_chains_error": 0,
  "similarity_threshold": 0.92,
  "num_steps_to_delay_pruning": 20,
  "correct_answer_reference": "1-\\frac{2}{\\pi}",
  "individual_answers_final": [
    "\\dfrac{4}{11}"
  ],
  "voted_answer": "\\dfrac{4}{11}",
  "final_score": 0,
  "processing_duration_sec": 688.1289486885071,
  "total_analysis_intervals": 51,
  "avg_kv_cache_usage": 0.0680358003410126,
  "max_kv_cache_usage": 0.1804546247311202,
  "usage_aggregated": {
    "prompt_tokens": 156,
    "total_completion_tokens_across_all_started_chains": 69828
  },
  "chains_for_voting_details": [
    {
      "chain_index": 4,
      "finish_reason": "stop",
      "extracted_answer": "\\dfrac{4}{11}",
      "prompt_tokens": 156,
      "completion_tokens": 25693,
      "completed_thought_count": 47,
      "final_mean_pairwise_similarity": 0.3932759463787079,
      "final_internal_similarity": 0.008367573327206551,
      "pruned_count": 7
    }
  ],
  "pruned_chain_details": [
    {
      "chain_index": 1,
      "finish_reason": "worker_terminated_unexpectedly",
      "completion_tokens": 6178,
      "completed_thought_count": 53,
      "full_text_len": 17910,
      "pruned_at_step": 44,
      "pruned_by_chain_id": "q8_c5",
      "initial_pruned_count": 0
    },
    {
      "chain_index": 2,
      "finish_reason": "worker_terminated_unexpectedly",
      "completion_tokens": 6178,
      "completed_thought_count": 44,
      "full_text_len": 15911,
      "pruned_at_step": 44,
      "pruned_by_chain_id": "q8_c5",
      "initial_pruned_count": 0
    },
    {
      "chain_index": 3,
      "finish_reason": "worker_terminated_unexpectedly",
      "completion_tokens": 6780,
      "completed_thought_count": 37,
      "full_text_len": 17093,
      "pruned_at_step": 50,
      "pruned_by_chain_id": "q8_c4",
      "initial_pruned_count": 5
    },
    {
      "chain_index": 5,
      "finish_reason": "worker_terminated_unexpectedly",
      "completion_tokens": 6323,
      "completed_thought_count": 39,
      "full_text_len": 16880,
      "pruned_at_step": 46,
      "pruned_by_chain_id": "q8_c7",
      "initial_pruned_count": 2
    },
    {
      "chain_index": 6,
      "finish_reason": "worker_terminated_unexpectedly",
      "completion_tokens": 6030,
      "completed_thought_count": 22,
      "full_text_len": 13302,
      "pruned_at_step": 42,
      "pruned_by_chain_id": "q8_c7",
      "initial_pruned_count": 0
    },
    {
      "chain_index": 7,
      "finish_reason": "worker_terminated_unexpectedly",
      "completion_tokens": 6323,
      "completed_thought_count": 45,
      "full_text_len": 16182,
      "pruned_at_step": 46,
      "pruned_by_chain_id": "q8_c3",
      "initial_pruned_count": 4
    },
    {
      "chain_index": 8,
      "finish_reason": "worker_terminated_unexpectedly",
      "completion_tokens": 6323,
      "completed_thought_count": 39,
      "full_text_len": 15715,
      "pruned_at_step": 46,
      "pruned_by_chain_id": "q8_c4",
      "initial_pruned_count": 0
    }
  ],
  "error_chain_details": []
}