{
  "iteration": 17,
  "question_id": "index_16",
  "status": "SUCCESS",
  "n_chains_start": 8,
  "n_chains_completed_stream_for_voting": 1,
  "n_chains_pruned": 7,
  "n_chains_error": 0,
  "similarity_threshold": 0.92,
  "num_steps_to_delay_pruning": 20,
  "correct_answer_reference": "2^{25} \\cdot 26!",
  "individual_answers_final": [
    "26!"
  ],
  "voted_answer": "26!",
  "final_score": 0,
  "processing_duration_sec": 345.8594937324524,
  "total_analysis_intervals": 39,
  "avg_kv_cache_usage": 0.04407711022337349,
  "max_kv_cache_usage": 0.1190628451834195,
  "usage_aggregated": {
    "prompt_tokens": 147,
    "total_completion_tokens_across_all_started_chains": 44178
  },
  "chains_for_voting_details": [
    {
      "chain_index": 2,
      "finish_reason": "stop",
      "extracted_answer": "26!",
      "prompt_tokens": 147,
      "completion_tokens": 14345,
      "completed_thought_count": 44,
      "final_mean_pairwise_similarity": 0.5453659892082214,
      "final_internal_similarity": 0.012394681572914124,
      "pruned_count": 7
    }
  ],
  "pruned_chain_details": [
    {
      "chain_index": 1,
      "finish_reason": "worker_terminated_unexpectedly",
      "completion_tokens": 4086,
      "completed_thought_count": 32,
      "full_text_len": 17063,
      "pruned_at_step": 29,
      "pruned_by_chain_id": "q17_c5",
      "initial_pruned_count": 0
    },
    {
      "chain_index": 3,
      "finish_reason": "worker_terminated_unexpectedly",
      "completion_tokens": 4086,
      "completed_thought_count": 37,
      "full_text_len": 17392,
      "pruned_at_step": 29,
      "pruned_by_chain_id": "q17_c5",
      "initial_pruned_count": 0
    },
    {
      "chain_index": 4,
      "finish_reason": "worker_terminated_unexpectedly",
      "completion_tokens": 4085,
      "completed_thought_count": 33,
      "full_text_len": 17212,
      "pruned_at_step": 29,
      "pruned_by_chain_id": "q17_c6",
      "initial_pruned_count": 0
    },
    {
      "chain_index": 5,
      "finish_reason": "worker_terminated_unexpectedly",
      "completion_tokens": 4085,
      "completed_thought_count": 34,
      "full_text_len": 17595,
      "pruned_at_step": 29,
      "pruned_by_chain_id": "q17_c6",
      "initial_pruned_count": 2
    },
    {
      "chain_index": 6,
      "finish_reason": "worker_terminated_unexpectedly",
      "completion_tokens": 5159,
      "completed_thought_count": 39,
      "full_text_len": 21633,
      "pruned_at_step": 38,
      "pruned_by_chain_id": "q17_c2",
      "initial_pruned_count": 6
    },
    {
      "chain_index": 7,
      "finish_reason": "worker_terminated_unexpectedly",
      "completion_tokens": 3939,
      "completed_thought_count": 41,
      "full_text_len": 15700,
      "pruned_at_step": 27,
      "pruned_by_chain_id": "q17_c6",
      "initial_pruned_count": 0
    },
    {
      "chain_index": 8,
      "finish_reason": "worker_terminated_unexpectedly",
      "completion_tokens": 4393,
      "completed_thought_count": 31,
      "full_text_len": 17951,
      "pruned_at_step": 32,
      "pruned_by_chain_id": "q17_c6",
      "initial_pruned_count": 0
    }
  ],
  "error_chain_details": []
}