{
  "iteration": 4,
  "question_id": "index_3",
  "status": "SUCCESS",
  "n_chains_start": 8,
  "n_chains_completed_stream_for_voting": 1,
  "n_chains_pruned": 7,
  "n_chains_error": 0,
  "similarity_threshold": 0.92,
  "num_steps_to_delay_pruning": 20,
  "correct_answer_reference": "-984",
  "individual_answers_final": [
    "-984"
  ],
  "voted_answer": "-984",
  "final_score": 1,
  "processing_duration_sec": 532.5525908470154,
  "total_analysis_intervals": 40,
  "avg_kv_cache_usage": 0.05136622719832646,
  "max_kv_cache_usage": 0.1297598976803674,
  "usage_aggregated": {
    "prompt_tokens": 123,
    "total_completion_tokens_across_all_started_chains": 52392
  },
  "chains_for_voting_details": [
    {
      "chain_index": 6,
      "finish_reason": "stop",
      "extracted_answer": "-984",
      "prompt_tokens": 123,
      "completion_tokens": 20356,
      "completed_thought_count": 39,
      "final_mean_pairwise_similarity": 0.5137916803359985,
      "final_internal_similarity": 0.013174145649640989,
      "pruned_count": 7
    }
  ],
  "pruned_chain_details": [
    {
      "chain_index": 1,
      "finish_reason": "worker_terminated_unexpectedly",
      "completion_tokens": 4322,
      "completed_thought_count": 20,
      "full_text_len": 11448,
      "pruned_at_step": 30,
      "pruned_by_chain_id": "q4_c2",
      "initial_pruned_count": 0
    },
    {
      "chain_index": 2,
      "finish_reason": "worker_terminated_unexpectedly",
      "completion_tokens": 4620,
      "completed_thought_count": 29,
      "full_text_len": 12479,
      "pruned_at_step": 34,
      "pruned_by_chain_id": "q4_c6",
      "initial_pruned_count": 1
    },
    {
      "chain_index": 3,
      "finish_reason": "worker_terminated_unexpectedly",
      "completion_tokens": 5230,
      "completed_thought_count": 34,
      "full_text_len": 14716,
      "pruned_at_step": 39,
      "pruned_by_chain_id": "q4_c6",
      "initial_pruned_count": 1
    },
    {
      "chain_index": 4,
      "finish_reason": "worker_terminated_unexpectedly",
      "completion_tokens": 4466,
      "completed_thought_count": 27,
      "full_text_len": 11186,
      "pruned_at_step": 32,
      "pruned_by_chain_id": "q4_c3",
      "initial_pruned_count": 0
    },
    {
      "chain_index": 5,
      "finish_reason": "worker_terminated_unexpectedly",
      "completion_tokens": 4466,
      "completed_thought_count": 24,
      "full_text_len": 11643,
      "pruned_at_step": 32,
      "pruned_by_chain_id": "q4_c7",
      "initial_pruned_count": 0
    },
    {
      "chain_index": 7,
      "finish_reason": "worker_terminated_unexpectedly",
      "completion_tokens": 4466,
      "completed_thought_count": 24,
      "full_text_len": 11016,
      "pruned_at_step": 32,
      "pruned_by_chain_id": "q4_c6",
      "initial_pruned_count": 1
    },
    {
      "chain_index": 8,
      "finish_reason": "worker_terminated_unexpectedly",
      "completion_tokens": 4466,
      "completed_thought_count": 30,
      "full_text_len": 10666,
      "pruned_at_step": 32,
      "pruned_by_chain_id": "q4_c6",
      "initial_pruned_count": 0
    }
  ],
  "error_chain_details": []
}