{
  "iteration": 24,
  "question_id": "index_23",
  "status": "SUCCESS",
  "n_chains_start": 8,
  "n_chains_completed_stream_for_voting": 1,
  "n_chains_pruned": 7,
  "n_chains_error": 0,
  "similarity_threshold": 0.92,
  "num_steps_to_delay_pruning": 20,
  "correct_answer_reference": "20",
  "individual_answers_final": [
    "20"
  ],
  "voted_answer": "20",
  "final_score": 1,
  "processing_duration_sec": 644.8096535205841,
  "total_analysis_intervals": 32,
  "avg_kv_cache_usage": 0.057289740092454335,
  "max_kv_cache_usage": 0.1232486483343991,
  "usage_aggregated": {
    "prompt_tokens": 682,
    "total_completion_tokens_across_all_started_chains": 51160
  },
  "chains_for_voting_details": [
    {
      "chain_index": 7,
      "finish_reason": "stop",
      "extracted_answer": "20",
      "prompt_tokens": 682,
      "completion_tokens": 24457,
      "completed_thought_count": 21,
      "final_mean_pairwise_similarity": 0.5956957340240479,
      "final_internal_similarity": 0.02836646352495466,
      "pruned_count": 7
    }
  ],
  "pruned_chain_details": [
    {
      "chain_index": 1,
      "finish_reason": "worker_terminated_unexpectedly",
      "completion_tokens": 3986,
      "completed_thought_count": 28,
      "full_text_len": 13943,
      "pruned_at_step": 31,
      "pruned_by_chain_id": "q24_c4",
      "initial_pruned_count": 1
    },
    {
      "chain_index": 2,
      "finish_reason": "worker_terminated_unexpectedly",
      "completion_tokens": 3541,
      "completed_thought_count": 22,
      "full_text_len": 12283,
      "pruned_at_step": 25,
      "pruned_by_chain_id": "q24_c4",
      "initial_pruned_count": 0
    },
    {
      "chain_index": 3,
      "finish_reason": "worker_terminated_unexpectedly",
      "completion_tokens": 3687,
      "completed_thought_count": 23,
      "full_text_len": 11772,
      "pruned_at_step": 27,
      "pruned_by_chain_id": "q24_c8",
      "initial_pruned_count": 0
    },
    {
      "chain_index": 4,
      "finish_reason": "worker_terminated_unexpectedly",
      "completion_tokens": 3985,
      "completed_thought_count": 30,
      "full_text_len": 13509,
      "pruned_at_step": 31,
      "pruned_by_chain_id": "q24_c6",
      "initial_pruned_count": 5
    },
    {
      "chain_index": 5,
      "finish_reason": "worker_terminated_unexpectedly",
      "completion_tokens": 3835,
      "completed_thought_count": 26,
      "full_text_len": 12515,
      "pruned_at_step": 29,
      "pruned_by_chain_id": "q24_c1",
      "initial_pruned_count": 0
    },
    {
      "chain_index": 6,
      "finish_reason": "worker_terminated_unexpectedly",
      "completion_tokens": 3984,
      "completed_thought_count": 25,
      "full_text_len": 13672,
      "pruned_at_step": 31,
      "pruned_by_chain_id": "q24_c7",
      "initial_pruned_count": 6
    },
    {
      "chain_index": 8,
      "finish_reason": "worker_terminated_unexpectedly",
      "completion_tokens": 3685,
      "completed_thought_count": 25,
      "full_text_len": 12899,
      "pruned_at_step": 27,
      "pruned_by_chain_id": "q24_c4",
      "initial_pruned_count": 1
    }
  ],
  "error_chain_details": []
}