{
  "iteration": 19,
  "question_id": "index_18",
  "status": "SUCCESS",
  "n_chains_start": 8,
  "n_chains_completed_stream_for_voting": 1,
  "n_chains_pruned": 7,
  "n_chains_error": 0,
  "similarity_threshold": 0.92,
  "num_steps_to_delay_pruning": 20,
  "correct_answer_reference": "\\frac{4}{9}",
  "individual_answers_final": [
    "\\dfrac{1}{2}"
  ],
  "voted_answer": "\\dfrac{1}{2}",
  "final_score": 0,
  "processing_duration_sec": 391.10823130607605,
  "total_analysis_intervals": 27,
  "avg_kv_cache_usage": 0.03834091948812522,
  "max_kv_cache_usage": 0.0920876693215511,
  "usage_aggregated": {
    "prompt_tokens": 95,
    "total_completion_tokens_across_all_started_chains": 38615
  },
  "chains_for_voting_details": [
    {
      "chain_index": 8,
      "finish_reason": "stop",
      "extracted_answer": "\\dfrac{1}{2}",
      "prompt_tokens": 95,
      "completion_tokens": 16000,
      "completed_thought_count": 51,
      "final_mean_pairwise_similarity": 0.5039139986038208,
      "final_internal_similarity": 0.009880666639290605,
      "pruned_count": 7
    }
  ],
  "pruned_chain_details": [
    {
      "chain_index": 1,
      "finish_reason": "worker_terminated_unexpectedly",
      "completion_tokens": 3053,
      "completed_thought_count": 26,
      "full_text_len": 12073,
      "pruned_at_step": 21,
      "pruned_by_chain_id": "q19_c7",
      "initial_pruned_count": 0
    },
    {
      "chain_index": 2,
      "finish_reason": "worker_terminated_unexpectedly",
      "completion_tokens": 3521,
      "completed_thought_count": 38,
      "full_text_len": 14954,
      "pruned_at_step": 26,
      "pruned_by_chain_id": "q19_c8",
      "initial_pruned_count": 2
    },
    {
      "chain_index": 3,
      "finish_reason": "worker_terminated_unexpectedly",
      "completion_tokens": 3052,
      "completed_thought_count": 29,
      "full_text_len": 13028,
      "pruned_at_step": 21,
      "pruned_by_chain_id": "q19_c2",
      "initial_pruned_count": 0
    },
    {
      "chain_index": 4,
      "finish_reason": "worker_terminated_unexpectedly",
      "completion_tokens": 3208,
      "completed_thought_count": 33,
      "full_text_len": 14596,
      "pruned_at_step": 23,
      "pruned_by_chain_id": "q19_c2",
      "initial_pruned_count": 0
    },
    {
      "chain_index": 5,
      "finish_reason": "worker_terminated_unexpectedly",
      "completion_tokens": 3521,
      "completed_thought_count": 36,
      "full_text_len": 15440,
      "pruned_at_step": 26,
      "pruned_by_chain_id": "q19_c8",
      "initial_pruned_count": 1
    },
    {
      "chain_index": 6,
      "finish_reason": "worker_terminated_unexpectedly",
      "completion_tokens": 3208,
      "completed_thought_count": 36,
      "full_text_len": 14717,
      "pruned_at_step": 23,
      "pruned_by_chain_id": "q19_c5",
      "initial_pruned_count": 0
    },
    {
      "chain_index": 7,
      "finish_reason": "worker_terminated_unexpectedly",
      "completion_tokens": 3052,
      "completed_thought_count": 29,
      "full_text_len": 13168,
      "pruned_at_step": 21,
      "pruned_by_chain_id": "q19_c8",
      "initial_pruned_count": 1
    }
  ],
  "error_chain_details": []
}