{
  "iteration": 9,
  "question_id": "index_8",
  "status": "SUCCESS",
  "n_chains_start": 8,
  "n_chains_completed_stream_for_voting": 1,
  "n_chains_pruned": 7,
  "n_chains_error": 0,
  "similarity_threshold": 0.92,
  "num_steps_to_delay_pruning": 20,
  "correct_answer_reference": "1037",
  "individual_answers_final": [
    "1037"
  ],
  "voted_answer": "1037",
  "final_score": 1,
  "processing_duration_sec": 357.5920400619507,
  "total_analysis_intervals": 39,
  "avg_kv_cache_usage": 0.04122860548282,
  "max_kv_cache_usage": 0.0995290971455148,
  "usage_aggregated": {
    "prompt_tokens": 243,
    "total_completion_tokens_across_all_started_chains": 40405
  },
  "chains_for_voting_details": [
    {
      "chain_index": 2,
      "finish_reason": "stop",
      "extracted_answer": "1037",
      "prompt_tokens": 243,
      "completion_tokens": 14598,
      "completed_thought_count": 41,
      "final_mean_pairwise_similarity": 0.37522733211517334,
      "final_internal_similarity": 0.00915188614915057,
      "pruned_count": 7
    }
  ],
  "pruned_chain_details": [
    {
      "chain_index": 1,
      "finish_reason": "worker_terminated_unexpectedly",
      "completion_tokens": 4990,
      "completed_thought_count": 22,
      "full_text_len": 13416,
      "pruned_at_step": 38,
      "pruned_by_chain_id": "q9_c2",
      "initial_pruned_count": 0
    },
    {
      "chain_index": 3,
      "finish_reason": "worker_terminated_unexpectedly",
      "completion_tokens": 3467,
      "completed_thought_count": 28,
      "full_text_len": 11952,
      "pruned_at_step": 26,
      "pruned_by_chain_id": "q9_c2",
      "initial_pruned_count": 1
    },
    {
      "chain_index": 4,
      "finish_reason": "worker_terminated_unexpectedly",
      "completion_tokens": 3467,
      "completed_thought_count": 27,
      "full_text_len": 11158,
      "pruned_at_step": 26,
      "pruned_by_chain_id": "q9_c2",
      "initial_pruned_count": 0
    },
    {
      "chain_index": 5,
      "finish_reason": "worker_terminated_unexpectedly",
      "completion_tokens": 3319,
      "completed_thought_count": 24,
      "full_text_len": 10364,
      "pruned_at_step": 24,
      "pruned_by_chain_id": "q9_c2",
      "initial_pruned_count": 0
    },
    {
      "chain_index": 6,
      "finish_reason": "worker_terminated_unexpectedly",
      "completion_tokens": 3319,
      "completed_thought_count": 22,
      "full_text_len": 11393,
      "pruned_at_step": 24,
      "pruned_by_chain_id": "q9_c3",
      "initial_pruned_count": 0
    },
    {
      "chain_index": 7,
      "finish_reason": "worker_terminated_unexpectedly",
      "completion_tokens": 4077,
      "completed_thought_count": 34,
      "full_text_len": 13230,
      "pruned_at_step": 31,
      "pruned_by_chain_id": "q9_c2",
      "initial_pruned_count": 1
    },
    {
      "chain_index": 8,
      "finish_reason": "worker_terminated_unexpectedly",
      "completion_tokens": 3168,
      "completed_thought_count": 25,
      "full_text_len": 10560,
      "pruned_at_step": 22,
      "pruned_by_chain_id": "q9_c7",
      "initial_pruned_count": 0
    }
  ],
  "error_chain_details": []
}