{
  "iteration": 15,
  "question_id": "index_14",
  "status": "SUCCESS",
  "n_chains_start": 8,
  "n_chains_completed_stream_for_voting": 1,
  "n_chains_pruned": 7,
  "n_chains_error": 0,
  "similarity_threshold": 0.92,
  "num_steps_to_delay_pruning": 20,
  "correct_answer_reference": "200",
  "individual_answers_final": [
    "202"
  ],
  "voted_answer": "202",
  "final_score": 0,
  "processing_duration_sec": 161.32435631752014,
  "total_analysis_intervals": 37,
  "avg_kv_cache_usage": 0.036558128625742134,
  "max_kv_cache_usage": 0.0939480262775419,
  "usage_aggregated": {
    "prompt_tokens": 149,
    "total_completion_tokens_across_all_started_chains": 32177
  },
  "chains_for_voting_details": [
    {
      "chain_index": 8,
      "finish_reason": "stop",
      "extracted_answer": "202",
      "prompt_tokens": 149,
      "completion_tokens": 7956,
      "completed_thought_count": 48,
      "final_mean_pairwise_similarity": 0.47244030237197876,
      "final_internal_similarity": 0.009842506299416224,
      "pruned_count": 7
    }
  ],
  "pruned_chain_details": [
    {
      "chain_index": 1,
      "finish_reason": "worker_terminated_unexpectedly",
      "completion_tokens": 4905,
      "completed_thought_count": 45,
      "full_text_len": 20772,
      "pruned_at_step": 36,
      "pruned_by_chain_id": "q15_c8",
      "initial_pruned_count": 1
    },
    {
      "chain_index": 2,
      "finish_reason": "worker_terminated_unexpectedly",
      "completion_tokens": 3218,
      "completed_thought_count": 36,
      "full_text_len": 12860,
      "pruned_at_step": 23,
      "pruned_by_chain_id": "q15_c3",
      "initial_pruned_count": 1
    },
    {
      "chain_index": 3,
      "finish_reason": "worker_terminated_unexpectedly",
      "completion_tokens": 3374,
      "completed_thought_count": 32,
      "full_text_len": 13336,
      "pruned_at_step": 25,
      "pruned_by_chain_id": "q15_c8",
      "initial_pruned_count": 3
    },
    {
      "chain_index": 4,
      "finish_reason": "worker_terminated_unexpectedly",
      "completion_tokens": 3218,
      "completed_thought_count": 22,
      "full_text_len": 13456,
      "pruned_at_step": 23,
      "pruned_by_chain_id": "q15_c3",
      "initial_pruned_count": 0
    },
    {
      "chain_index": 5,
      "finish_reason": "worker_terminated_unexpectedly",
      "completion_tokens": 3066,
      "completed_thought_count": 29,
      "full_text_len": 13204,
      "pruned_at_step": 21,
      "pruned_by_chain_id": "q15_c2",
      "initial_pruned_count": 0
    },
    {
      "chain_index": 6,
      "finish_reason": "worker_terminated_unexpectedly",
      "completion_tokens": 3374,
      "completed_thought_count": 35,
      "full_text_len": 13319,
      "pruned_at_step": 25,
      "pruned_by_chain_id": "q15_c1",
      "initial_pruned_count": 0
    },
    {
      "chain_index": 7,
      "finish_reason": "worker_terminated_unexpectedly",
      "completion_tokens": 3066,
      "completed_thought_count": 27,
      "full_text_len": 12008,
      "pruned_at_step": 21,
      "pruned_by_chain_id": "q15_c8",
      "initial_pruned_count": 0
    }
  ],
  "error_chain_details": []
}