{
  "iteration": 10,
  "question_id": "index_9",
  "status": "SUCCESS",
  "n_chains_start": 8,
  "n_chains_completed_stream_for_voting": 1,
  "n_chains_pruned": 7,
  "n_chains_error": 0,
  "similarity_threshold": 0.92,
  "num_steps_to_delay_pruning": 20,
  "correct_answer_reference": "\\frac{-1+\\sqrt{17}}{2}, \\frac{-1-\\sqrt{17}}{2}",
  "individual_answers_final": [
    "-3"
  ],
  "voted_answer": "-3",
  "final_score": 0,
  "processing_duration_sec": 738.2241287231445,
  "total_analysis_intervals": 38,
  "avg_kv_cache_usage": 0.058659132339661704,
  "max_kv_cache_usage": 0.100924364862508,
  "usage_aggregated": {
    "prompt_tokens": 146,
    "total_completion_tokens_across_all_started_chains": 55604
  },
  "chains_for_voting_details": [
    {
      "chain_index": 1,
      "finish_reason": "stop",
      "extracted_answer": "-3",
      "prompt_tokens": 146,
      "completion_tokens": 27435,
      "completed_thought_count": 24,
      "final_mean_pairwise_similarity": 0.5172922015190125,
      "final_internal_similarity": 0.02155384172995885,
      "pruned_count": 7
    }
  ],
  "pruned_chain_details": [
    {
      "chain_index": 2,
      "finish_reason": "worker_terminated_unexpectedly",
      "completion_tokens": 3459,
      "completed_thought_count": 23,
      "full_text_len": 10884,
      "pruned_at_step": 25,
      "pruned_by_chain_id": "q10_c7",
      "initial_pruned_count": 0
    },
    {
      "chain_index": 3,
      "finish_reason": "worker_terminated_unexpectedly",
      "completion_tokens": 4036,
      "completed_thought_count": 24,
      "full_text_len": 11316,
      "pruned_at_step": 30,
      "pruned_by_chain_id": "q10_c8",
      "initial_pruned_count": 3
    },
    {
      "chain_index": 4,
      "finish_reason": "worker_terminated_unexpectedly",
      "completion_tokens": 4337,
      "completed_thought_count": 24,
      "full_text_len": 11643,
      "pruned_at_step": 33,
      "pruned_by_chain_id": "q10_c1",
      "initial_pruned_count": 0
    },
    {
      "chain_index": 5,
      "finish_reason": "worker_terminated_unexpectedly",
      "completion_tokens": 4785,
      "completed_thought_count": 24,
      "full_text_len": 14606,
      "pruned_at_step": 37,
      "pruned_by_chain_id": "q10_c1",
      "initial_pruned_count": 0
    },
    {
      "chain_index": 6,
      "finish_reason": "worker_terminated_unexpectedly",
      "completion_tokens": 3309,
      "completed_thought_count": 28,
      "full_text_len": 9547,
      "pruned_at_step": 23,
      "pruned_by_chain_id": "q10_c7",
      "initial_pruned_count": 0
    },
    {
      "chain_index": 7,
      "finish_reason": "worker_terminated_unexpectedly",
      "completion_tokens": 3458,
      "completed_thought_count": 24,
      "full_text_len": 9914,
      "pruned_at_step": 25,
      "pruned_by_chain_id": "q10_c3",
      "initial_pruned_count": 2
    },
    {
      "chain_index": 8,
      "finish_reason": "worker_terminated_unexpectedly",
      "completion_tokens": 4785,
      "completed_thought_count": 22,
      "full_text_len": 13737,
      "pruned_at_step": 37,
      "pruned_by_chain_id": "q10_c1",
      "initial_pruned_count": 4
    }
  ],
  "error_chain_details": []
}