{
  "iteration": 3,
  "question_id": "index_2",
  "status": "SUCCESS",
  "n_chains_start": 8,
  "n_chains_completed_stream_for_voting": 1,
  "n_chains_pruned": 7,
  "n_chains_error": 0,
  "similarity_threshold": 0.92,
  "num_steps_to_delay_pruning": 20,
  "correct_answer_reference": "\\frac{1}{576}",
  "individual_answers_final": [
    "576"
  ],
  "voted_answer": "576",
  "final_score": 0,
  "processing_duration_sec": 328.31567335128784,
  "total_analysis_intervals": 54,
  "avg_kv_cache_usage": 0.059197415064850344,
  "max_kv_cache_usage": 0.1609208766932155,
  "usage_aggregated": {
    "prompt_tokens": 172,
    "total_completion_tokens_across_all_started_chains": 54114
  },
  "chains_for_voting_details": [
    {
      "chain_index": 8,
      "finish_reason": "stop",
      "extracted_answer": "576",
      "prompt_tokens": 172,
      "completion_tokens": 13511,
      "completed_thought_count": 45,
      "final_mean_pairwise_similarity": 0.42161229252815247,
      "final_internal_similarity": 0.009369162056181166,
      "pruned_count": 7
    }
  ],
  "pruned_chain_details": [
    {
      "chain_index": 1,
      "finish_reason": "worker_terminated_unexpectedly",
      "completion_tokens": 5799,
      "completed_thought_count": 33,
      "full_text_len": 16752,
      "pruned_at_step": 43,
      "pruned_by_chain_id": "q3_c6",
      "initial_pruned_count": 1
    },
    {
      "chain_index": 2,
      "finish_reason": "worker_terminated_unexpectedly",
      "completion_tokens": 5354,
      "completed_thought_count": 21,
      "full_text_len": 15282,
      "pruned_at_step": 37,
      "pruned_by_chain_id": "q3_c1",
      "initial_pruned_count": 0
    },
    {
      "chain_index": 3,
      "finish_reason": "worker_terminated_unexpectedly",
      "completion_tokens": 5645,
      "completed_thought_count": 25,
      "full_text_len": 15914,
      "pruned_at_step": 41,
      "pruned_by_chain_id": "q3_c4",
      "initial_pruned_count": 0
    },
    {
      "chain_index": 4,
      "finish_reason": "worker_terminated_unexpectedly",
      "completion_tokens": 5645,
      "completed_thought_count": 30,
      "full_text_len": 16658,
      "pruned_at_step": 41,
      "pruned_by_chain_id": "q3_c8",
      "initial_pruned_count": 1
    },
    {
      "chain_index": 5,
      "finish_reason": "worker_terminated_unexpectedly",
      "completion_tokens": 5499,
      "completed_thought_count": 28,
      "full_text_len": 16219,
      "pruned_at_step": 39,
      "pruned_by_chain_id": "q3_c8",
      "initial_pruned_count": 1
    },
    {
      "chain_index": 6,
      "finish_reason": "worker_terminated_unexpectedly",
      "completion_tokens": 7162,
      "completed_thought_count": 34,
      "full_text_len": 19448,
      "pruned_at_step": 53,
      "pruned_by_chain_id": "q3_c8",
      "initial_pruned_count": 2
    },
    {
      "chain_index": 7,
      "finish_reason": "worker_terminated_unexpectedly",
      "completion_tokens": 5499,
      "completed_thought_count": 25,
      "full_text_len": 14813,
      "pruned_at_step": 39,
      "pruned_by_chain_id": "q3_c5",
      "initial_pruned_count": 0
    }
  ],
  "error_chain_details": []
}