{
  "iteration": 6,
  "question_id": "index_5",
  "status": "SUCCESS",
  "n_chains_start": 8,
  "n_chains_completed_stream_for_voting": 1,
  "n_chains_pruned": 7,
  "n_chains_error": 0,
  "similarity_threshold": 0.92,
  "num_steps_to_delay_pruning": 20,
  "correct_answer_reference": "\\frac{1311}{2017}",
  "individual_answers_final": [
    "\\dfrac{1311}{2017}"
  ],
  "voted_answer": "\\dfrac{1311}{2017}",
  "final_score": 1,
  "processing_duration_sec": 334.6647243499756,
  "total_analysis_intervals": 29,
  "avg_kv_cache_usage": 0.03657910886844652,
  "max_kv_cache_usage": 0.0911574908435556,
  "usage_aggregated": {
    "prompt_tokens": 113,
    "total_completion_tokens_across_all_started_chains": 37121
  },
  "chains_for_voting_details": [
    {
      "chain_index": 8,
      "finish_reason": "stop",
      "extracted_answer": "\\dfrac{1311}{2017}",
      "prompt_tokens": 113,
      "completion_tokens": 13971,
      "completed_thought_count": 27,
      "final_mean_pairwise_similarity": 0.6810293197631836,
      "final_internal_similarity": 0.02522330813937717,
      "pruned_count": 7
    }
  ],
  "pruned_chain_details": [
    {
      "chain_index": 1,
      "finish_reason": "worker_terminated_unexpectedly",
      "completion_tokens": 3156,
      "completed_thought_count": 29,
      "full_text_len": 8847,
      "pruned_at_step": 23,
      "pruned_by_chain_id": "q6_c8",
      "initial_pruned_count": 1
    },
    {
      "chain_index": 2,
      "finish_reason": "worker_terminated_unexpectedly",
      "completion_tokens": 3610,
      "completed_thought_count": 15,
      "full_text_len": 9289,
      "pruned_at_step": 28,
      "pruned_by_chain_id": "q6_c8",
      "initial_pruned_count": 0
    },
    {
      "chain_index": 3,
      "finish_reason": "worker_terminated_unexpectedly",
      "completion_tokens": 3005,
      "completed_thought_count": 18,
      "full_text_len": 8035,
      "pruned_at_step": 21,
      "pruned_by_chain_id": "q6_c8",
      "initial_pruned_count": 0
    },
    {
      "chain_index": 4,
      "finish_reason": "worker_terminated_unexpectedly",
      "completion_tokens": 3155,
      "completed_thought_count": 25,
      "full_text_len": 8244,
      "pruned_at_step": 23,
      "pruned_by_chain_id": "q6_c8",
      "initial_pruned_count": 0
    },
    {
      "chain_index": 5,
      "finish_reason": "worker_terminated_unexpectedly",
      "completion_tokens": 3610,
      "completed_thought_count": 32,
      "full_text_len": 9747,
      "pruned_at_step": 28,
      "pruned_by_chain_id": "q6_c8",
      "initial_pruned_count": 1
    },
    {
      "chain_index": 6,
      "finish_reason": "worker_terminated_unexpectedly",
      "completion_tokens": 3459,
      "completed_thought_count": 21,
      "full_text_len": 9016,
      "pruned_at_step": 26,
      "pruned_by_chain_id": "q6_c5",
      "initial_pruned_count": 0
    },
    {
      "chain_index": 7,
      "finish_reason": "worker_terminated_unexpectedly",
      "completion_tokens": 3155,
      "completed_thought_count": 25,
      "full_text_len": 8256,
      "pruned_at_step": 23,
      "pruned_by_chain_id": "q6_c1",
      "initial_pruned_count": 0
    }
  ],
  "error_chain_details": []
}