{
  "iteration": 12,
  "question_id": "index_11",
  "status": "SUCCESS",
  "n_chains_start": 8,
  "n_chains_completed_stream_for_voting": 1,
  "n_chains_pruned": 7,
  "n_chains_error": 0,
  "similarity_threshold": 0.92,
  "num_steps_to_delay_pruning": 20,
  "correct_answer_reference": "29",
  "individual_answers_final": [
    "20"
  ],
  "voted_answer": "20",
  "final_score": 0,
  "processing_duration_sec": 768.6279673576355,
  "total_analysis_intervals": 36,
  "avg_kv_cache_usage": 0.061429315141051204,
  "max_kv_cache_usage": 0.1237137375733968,
  "usage_aggregated": {
    "prompt_tokens": 147,
    "total_completion_tokens_across_all_started_chains": 58783
  },
  "chains_for_voting_details": [
    {
      "chain_index": 8,
      "finish_reason": "stop",
      "extracted_answer": "20",
      "prompt_tokens": 147,
      "completion_tokens": 28595,
      "completed_thought_count": 62,
      "final_mean_pairwise_similarity": 0.4647977948188782,
      "final_internal_similarity": 0.0074967386261109385,
      "pruned_count": 7
    }
  ],
  "pruned_chain_details": [
    {
      "chain_index": 1,
      "finish_reason": "worker_terminated_unexpectedly",
      "completion_tokens": 4711,
      "completed_thought_count": 44,
      "full_text_len": 17346,
      "pruned_at_step": 35,
      "pruned_by_chain_id": "q12_c8",
      "initial_pruned_count": 2
    },
    {
      "chain_index": 2,
      "finish_reason": "worker_terminated_unexpectedly",
      "completion_tokens": 4245,
      "completed_thought_count": 50,
      "full_text_len": 16065,
      "pruned_at_step": 30,
      "pruned_by_chain_id": "q12_c8",
      "initial_pruned_count": 0
    },
    {
      "chain_index": 3,
      "finish_reason": "worker_terminated_unexpectedly",
      "completion_tokens": 4244,
      "completed_thought_count": 39,
      "full_text_len": 15298,
      "pruned_at_step": 30,
      "pruned_by_chain_id": "q12_c8",
      "initial_pruned_count": 0
    },
    {
      "chain_index": 4,
      "finish_reason": "worker_terminated_unexpectedly",
      "completion_tokens": 4244,
      "completed_thought_count": 41,
      "full_text_len": 15288,
      "pruned_at_step": 30,
      "pruned_by_chain_id": "q12_c8",
      "initial_pruned_count": 0
    },
    {
      "chain_index": 5,
      "finish_reason": "worker_terminated_unexpectedly",
      "completion_tokens": 4406,
      "completed_thought_count": 46,
      "full_text_len": 14912,
      "pruned_at_step": 32,
      "pruned_by_chain_id": "q12_c8",
      "initial_pruned_count": 0
    },
    {
      "chain_index": 6,
      "finish_reason": "worker_terminated_unexpectedly",
      "completion_tokens": 4094,
      "completed_thought_count": 36,
      "full_text_len": 14159,
      "pruned_at_step": 28,
      "pruned_by_chain_id": "q12_c7",
      "initial_pruned_count": 0
    },
    {
      "chain_index": 7,
      "finish_reason": "worker_terminated_unexpectedly",
      "completion_tokens": 4244,
      "completed_thought_count": 46,
      "full_text_len": 16011,
      "pruned_at_step": 30,
      "pruned_by_chain_id": "q12_c1",
      "initial_pruned_count": 1
    }
  ],
  "error_chain_details": []
}