{
  "iteration": 30,
  "question_id": "index_29",
  "status": "SUCCESS",
  "n_chains_start": 8,
  "n_chains_completed_stream_for_voting": 1,
  "n_chains_pruned": 7,
  "n_chains_error": 0,
  "similarity_threshold": 0.92,
  "num_steps_to_delay_pruning": 20,
  "correct_answer_reference": "\\sqrt{\\frac{95}{24}}",
  "individual_answers_final": [
    "\\sqrt{\\dfrac{5555}{3}}"
  ],
  "voted_answer": "\\sqrt{\\dfrac{5555}{3}}",
  "final_score": 0,
  "processing_duration_sec": 461.926376581192,
  "total_analysis_intervals": 26,
  "avg_kv_cache_usage": 0.041558298381992646,
  "max_kv_cache_usage": 0.0925527585605487,
  "usage_aggregated": {
    "prompt_tokens": 120,
    "total_completion_tokens_across_all_started_chains": 40843
  },
  "chains_for_voting_details": [
    {
      "chain_index": 6,
      "finish_reason": "stop",
      "extracted_answer": "\\sqrt{\\dfrac{5555}{3}}",
      "prompt_tokens": 120,
      "completion_tokens": 18328,
      "completed_thought_count": 33,
      "final_mean_pairwise_similarity": 0.5630740523338318,
      "final_internal_similarity": 0.017062850070722176,
      "pruned_count": 7
    }
  ],
  "pruned_chain_details": [
    {
      "chain_index": 1,
      "finish_reason": "worker_terminated_unexpectedly",
      "completion_tokens": 3194,
      "completed_thought_count": 28,
      "full_text_len": 12925,
      "pruned_at_step": 23,
      "pruned_by_chain_id": "q30_c8",
      "initial_pruned_count": 0
    },
    {
      "chain_index": 2,
      "finish_reason": "worker_terminated_unexpectedly",
      "completion_tokens": 3193,
      "completed_thought_count": 32,
      "full_text_len": 13583,
      "pruned_at_step": 23,
      "pruned_by_chain_id": "q30_c6",
      "initial_pruned_count": 1
    },
    {
      "chain_index": 3,
      "finish_reason": "worker_terminated_unexpectedly",
      "completion_tokens": 3193,
      "completed_thought_count": 33,
      "full_text_len": 12866,
      "pruned_at_step": 23,
      "pruned_by_chain_id": "q30_c6",
      "initial_pruned_count": 0
    },
    {
      "chain_index": 4,
      "finish_reason": "worker_terminated_unexpectedly",
      "completion_tokens": 3193,
      "completed_thought_count": 28,
      "full_text_len": 13178,
      "pruned_at_step": 23,
      "pruned_by_chain_id": "q30_c7",
      "initial_pruned_count": 0
    },
    {
      "chain_index": 5,
      "finish_reason": "worker_terminated_unexpectedly",
      "completion_tokens": 3040,
      "completed_thought_count": 28,
      "full_text_len": 12421,
      "pruned_at_step": 21,
      "pruned_by_chain_id": "q30_c2",
      "initial_pruned_count": 0
    },
    {
      "chain_index": 7,
      "finish_reason": "worker_terminated_unexpectedly",
      "completion_tokens": 3351,
      "completed_thought_count": 33,
      "full_text_len": 14175,
      "pruned_at_step": 25,
      "pruned_by_chain_id": "q30_c6",
      "initial_pruned_count": 1
    },
    {
      "chain_index": 8,
      "finish_reason": "worker_terminated_unexpectedly",
      "completion_tokens": 3351,
      "completed_thought_count": 34,
      "full_text_len": 14660,
      "pruned_at_step": 25,
      "pruned_by_chain_id": "q30_c6",
      "initial_pruned_count": 1
    }
  ],
  "error_chain_details": []
}