{
  "iteration": 25,
  "question_id": "index_24",
  "status": "SUCCESS",
  "n_chains_start": 8,
  "n_chains_completed_stream_for_voting": 1,
  "n_chains_pruned": 7,
  "n_chains_error": 0,
  "similarity_threshold": 0.92,
  "num_steps_to_delay_pruning": 20,
  "correct_answer_reference": "\\sqrt{23}-2 \\sqrt{3}",
  "individual_answers_final": [
    "2"
  ],
  "voted_answer": "2",
  "final_score": 0,
  "processing_duration_sec": 854.0164332389832,
  "total_analysis_intervals": 31,
  "avg_kv_cache_usage": 0.0643281084771299,
  "max_kv_cache_usage": 0.1166792628335562,
  "usage_aggregated": {
    "prompt_tokens": 151,
    "total_completion_tokens_across_all_started_chains": 57289
  },
  "chains_for_voting_details": [
    {
      "chain_index": 5,
      "finish_reason": "stop",
      "extracted_answer": "2",
      "prompt_tokens": 151,
      "completion_tokens": 31947,
      "completed_thought_count": 33,
      "final_mean_pairwise_similarity": 0.46429452300071716,
      "final_internal_similarity": 0.014069531000021732,
      "pruned_count": 7
    }
  ],
  "pruned_chain_details": [
    {
      "chain_index": 1,
      "finish_reason": "worker_terminated_unexpectedly",
      "completion_tokens": 3341,
      "completed_thought_count": 21,
      "full_text_len": 10196,
      "pruned_at_step": 23,
      "pruned_by_chain_id": "q25_c6",
      "initial_pruned_count": 0
    },
    {
      "chain_index": 2,
      "finish_reason": "worker_terminated_unexpectedly",
      "completion_tokens": 3947,
      "completed_thought_count": 27,
      "full_text_len": 11910,
      "pruned_at_step": 30,
      "pruned_by_chain_id": "q25_c5",
      "initial_pruned_count": 0
    },
    {
      "chain_index": 3,
      "finish_reason": "worker_terminated_unexpectedly",
      "completion_tokens": 3947,
      "completed_thought_count": 25,
      "full_text_len": 12245,
      "pruned_at_step": 30,
      "pruned_by_chain_id": "q25_c5",
      "initial_pruned_count": 0
    },
    {
      "chain_index": 4,
      "finish_reason": "worker_terminated_unexpectedly",
      "completion_tokens": 3488,
      "completed_thought_count": 32,
      "full_text_len": 11965,
      "pruned_at_step": 25,
      "pruned_by_chain_id": "q25_c5",
      "initial_pruned_count": 0
    },
    {
      "chain_index": 6,
      "finish_reason": "worker_terminated_unexpectedly",
      "completion_tokens": 3488,
      "completed_thought_count": 28,
      "full_text_len": 10885,
      "pruned_at_step": 25,
      "pruned_by_chain_id": "q25_c8",
      "initial_pruned_count": 1
    },
    {
      "chain_index": 7,
      "finish_reason": "worker_terminated_unexpectedly",
      "completion_tokens": 3643,
      "completed_thought_count": 23,
      "full_text_len": 11516,
      "pruned_at_step": 27,
      "pruned_by_chain_id": "q25_c5",
      "initial_pruned_count": 0
    },
    {
      "chain_index": 8,
      "finish_reason": "worker_terminated_unexpectedly",
      "completion_tokens": 3488,
      "completed_thought_count": 27,
      "full_text_len": 11420,
      "pruned_at_step": 25,
      "pruned_by_chain_id": "q25_c5",
      "initial_pruned_count": 2
    }
  ],
  "error_chain_details": []
}