{
  "iteration": 2,
  "question_id": "index_1",
  "status": "SUCCESS",
  "n_chains_start": 8,
  "n_chains_completed_stream_for_voting": 8,
  "n_chains_pruned": 0,
  "n_chains_error": 0,
  "similarity_threshold": 0.92,
  "num_steps_to_delay_pruning": 20,
  "correct_answer_reference": "3375",
  "individual_answers_final": [
    "3375",
    "3375",
    "3375",
    "3375",
    "3375",
    "3375",
    "3375",
    "3375"
  ],
  "voted_answer": "3375",
  "final_score": 1,
  "processing_duration_sec": 66.58931803703308,
  "total_analysis_intervals": 18,
  "avg_kv_cache_usage": 0.03474192443753709,
  "max_kv_cache_usage": 0.0667403057961746,
  "usage_aggregated": {
    "prompt_tokens": 153,
    "total_completion_tokens_across_all_started_chains": 20957
  },
  "chains_for_voting_details": [
    {
      "chain_index": 1,
      "finish_reason": "stop",
      "extracted_answer": "3375",
      "prompt_tokens": 153,
      "completion_tokens": 2470,
      "completed_thought_count": 4,
      "final_mean_pairwise_similarity": 0.591917097568512,
      "final_internal_similarity": 0.147979274392128,
      "pruned_count": 0
    },
    {
      "chain_index": 2,
      "finish_reason": "stop",
      "extracted_answer": "3375",
      "prompt_tokens": 153,
      "completion_tokens": 2655,
      "completed_thought_count": 11,
      "final_mean_pairwise_similarity": 0.4492822587490082,
      "final_internal_similarity": 0.04084384170445529,
      "pruned_count": 0
    },
    {
      "chain_index": 3,
      "finish_reason": "stop",
      "extracted_answer": "3375",
      "prompt_tokens": 153,
      "completion_tokens": 2561,
      "completed_thought_count": 8,
      "final_mean_pairwise_similarity": 0.5321333408355713,
      "final_internal_similarity": 0.06651666760444641,
      "pruned_count": 0
    },
    {
      "chain_index": 4,
      "finish_reason": "stop",
      "extracted_answer": "3375",
      "prompt_tokens": 153,
      "completion_tokens": 2533,
      "completed_thought_count": 6,
      "final_mean_pairwise_similarity": 0.600149929523468,
      "final_internal_similarity": 0.10002498825391133,
      "pruned_count": 0
    },
    {
      "chain_index": 5,
      "finish_reason": "stop",
      "extracted_answer": "3375",
      "prompt_tokens": 153,
      "completion_tokens": 2965,
      "completed_thought_count": 10,
      "final_mean_pairwise_similarity": 0.5575332045555115,
      "final_internal_similarity": 0.05575332045555115,
      "pruned_count": 0
    },
    {
      "chain_index": 6,
      "finish_reason": "stop",
      "extracted_answer": "3375",
      "prompt_tokens": 153,
      "completion_tokens": 3270,
      "completed_thought_count": 8,
      "final_mean_pairwise_similarity": 0.4760388731956482,
      "final_internal_similarity": 0.059504859149456024,
      "pruned_count": 0
    },
    {
      "chain_index": 7,
      "finish_reason": "stop",
      "extracted_answer": "3375",
      "prompt_tokens": 153,
      "completion_tokens": 2030,
      "completed_thought_count": 2,
      "final_mean_pairwise_similarity": 0.4944661855697632,
      "final_internal_similarity": 0.2472330927848816,
      "pruned_count": 0
    },
    {
      "chain_index": 8,
      "finish_reason": "stop",
      "extracted_answer": "3375",
      "prompt_tokens": 153,
      "completion_tokens": 2473,
      "completed_thought_count": 5,
      "final_mean_pairwise_similarity": 0.4766773283481598,
      "final_internal_similarity": 0.09533546566963196,
      "pruned_count": 0
    }
  ],
  "pruned_chain_details": [],
  "error_chain_details": []
}