{
  "iteration": 18,
  "question_id": "index_17",
  "status": "SUCCESS",
  "n_chains_start": 8,
  "n_chains_completed_stream_for_voting": 1,
  "n_chains_pruned": 7,
  "n_chains_error": 0,
  "similarity_threshold": 0.92,
  "num_steps_to_delay_pruning": 20,
  "correct_answer_reference": "\\frac{2025}{101}",
  "individual_answers_final": [
    "1825"
  ],
  "voted_answer": "1825",
  "final_score": 0,
  "processing_duration_sec": 336.79836797714233,
  "total_analysis_intervals": 33,
  "avg_kv_cache_usage": 0.03824324041248957,
  "max_kv_cache_usage": 0.0958083832335329,
  "usage_aggregated": {
    "prompt_tokens": 222,
    "total_completion_tokens_across_all_started_chains": 37697
  },
  "chains_for_voting_details": [
    {
      "chain_index": 6,
      "finish_reason": "stop",
      "extracted_answer": "1825",
      "prompt_tokens": 222,
      "completion_tokens": 14031,
      "completed_thought_count": 43,
      "final_mean_pairwise_similarity": 0.4948612153530121,
      "final_internal_similarity": 0.011508400357046793,
      "pruned_count": 7
    }
  ],
  "pruned_chain_details": [
    {
      "chain_index": 1,
      "finish_reason": "worker_terminated_unexpectedly",
      "completion_tokens": 4134,
      "completed_thought_count": 27,
      "full_text_len": 12821,
      "pruned_at_step": 32,
      "pruned_by_chain_id": "q18_c6",
      "initial_pruned_count": 0
    },
    {
      "chain_index": 2,
      "finish_reason": "worker_terminated_unexpectedly",
      "completion_tokens": 3360,
      "completed_thought_count": 32,
      "full_text_len": 13831,
      "pruned_at_step": 25,
      "pruned_by_chain_id": "q18_c6",
      "initial_pruned_count": 1
    },
    {
      "chain_index": 3,
      "finish_reason": "worker_terminated_unexpectedly",
      "completion_tokens": 3201,
      "completed_thought_count": 36,
      "full_text_len": 14032,
      "pruned_at_step": 23,
      "pruned_by_chain_id": "q18_c8",
      "initial_pruned_count": 1
    },
    {
      "chain_index": 4,
      "finish_reason": "worker_terminated_unexpectedly",
      "completion_tokens": 3201,
      "completed_thought_count": 24,
      "full_text_len": 12742,
      "pruned_at_step": 23,
      "pruned_by_chain_id": "q18_c2",
      "initial_pruned_count": 0
    },
    {
      "chain_index": 5,
      "finish_reason": "worker_terminated_unexpectedly",
      "completion_tokens": 3515,
      "completed_thought_count": 24,
      "full_text_len": 10486,
      "pruned_at_step": 27,
      "pruned_by_chain_id": "q18_c6",
      "initial_pruned_count": 0
    },
    {
      "chain_index": 7,
      "finish_reason": "worker_terminated_unexpectedly",
      "completion_tokens": 3054,
      "completed_thought_count": 27,
      "full_text_len": 12892,
      "pruned_at_step": 21,
      "pruned_by_chain_id": "q18_c3",
      "initial_pruned_count": 0
    },
    {
      "chain_index": 8,
      "finish_reason": "worker_terminated_unexpectedly",
      "completion_tokens": 3201,
      "completed_thought_count": 26,
      "full_text_len": 12789,
      "pruned_at_step": 23,
      "pruned_by_chain_id": "q18_c6",
      "initial_pruned_count": 2
    }
  ],
  "error_chain_details": []
}