{
  "iteration": 22,
  "question_id": "index_21",
  "status": "SUCCESS",
  "n_chains_start": 8,
  "n_chains_completed_stream_for_voting": 1,
  "n_chains_pruned": 7,
  "n_chains_error": 0,
  "similarity_threshold": 0.92,
  "num_steps_to_delay_pruning": 20,
  "correct_answer_reference": "63",
  "individual_answers_final": [
    "63"
  ],
  "voted_answer": "63",
  "final_score": 1,
  "processing_duration_sec": 224.7675564289093,
  "total_analysis_intervals": 31,
  "avg_kv_cache_usage": 0.03430972659906819,
  "max_kv_cache_usage": 0.0922039416313005,
  "usage_aggregated": {
    "prompt_tokens": 140,
    "total_completion_tokens_across_all_started_chains": 33560
  },
  "chains_for_voting_details": [
    {
      "chain_index": 8,
      "finish_reason": "stop",
      "extracted_answer": "63",
      "prompt_tokens": 140,
      "completion_tokens": 10178,
      "completed_thought_count": 35,
      "final_mean_pairwise_similarity": 0.5462148189544678,
      "final_internal_similarity": 0.015606137684413365,
      "pruned_count": 7
    }
  ],
  "pruned_chain_details": [
    {
      "chain_index": 1,
      "finish_reason": "worker_terminated_unexpectedly",
      "completion_tokens": 3171,
      "completed_thought_count": 27,
      "full_text_len": 13091,
      "pruned_at_step": 23,
      "pruned_by_chain_id": "q22_c8",
      "initial_pruned_count": 1
    },
    {
      "chain_index": 2,
      "finish_reason": "worker_terminated_unexpectedly",
      "completion_tokens": 3021,
      "completed_thought_count": 29,
      "full_text_len": 12600,
      "pruned_at_step": 21,
      "pruned_by_chain_id": "q22_c8",
      "initial_pruned_count": 0
    },
    {
      "chain_index": 3,
      "finish_reason": "worker_terminated_unexpectedly",
      "completion_tokens": 3316,
      "completed_thought_count": 27,
      "full_text_len": 12616,
      "pruned_at_step": 25,
      "pruned_by_chain_id": "q22_c8",
      "initial_pruned_count": 0
    },
    {
      "chain_index": 4,
      "finish_reason": "worker_terminated_unexpectedly",
      "completion_tokens": 3465,
      "completed_thought_count": 24,
      "full_text_len": 13668,
      "pruned_at_step": 27,
      "pruned_by_chain_id": "q22_c7",
      "initial_pruned_count": 0
    },
    {
      "chain_index": 5,
      "finish_reason": "worker_terminated_unexpectedly",
      "completion_tokens": 3465,
      "completed_thought_count": 24,
      "full_text_len": 13621,
      "pruned_at_step": 27,
      "pruned_by_chain_id": "q22_c7",
      "initial_pruned_count": 0
    },
    {
      "chain_index": 6,
      "finish_reason": "worker_terminated_unexpectedly",
      "completion_tokens": 3170,
      "completed_thought_count": 29,
      "full_text_len": 12951,
      "pruned_at_step": 23,
      "pruned_by_chain_id": "q22_c1",
      "initial_pruned_count": 0
    },
    {
      "chain_index": 7,
      "finish_reason": "worker_terminated_unexpectedly",
      "completion_tokens": 3774,
      "completed_thought_count": 27,
      "full_text_len": 13663,
      "pruned_at_step": 30,
      "pruned_by_chain_id": "q22_c8",
      "initial_pruned_count": 2
    }
  ],
  "error_chain_details": []
}