{
  "iteration": 28,
  "question_id": "index_27",
  "status": "SUCCESS",
  "n_chains_start": 8,
  "n_chains_completed_stream_for_voting": 1,
  "n_chains_pruned": 7,
  "n_chains_error": 0,
  "similarity_threshold": 0.92,
  "num_steps_to_delay_pruning": 20,
  "correct_answer_reference": "\\sqrt{6}",
  "individual_answers_final": [
    "\\sqrt{6}"
  ],
  "voted_answer": "\\sqrt{6}",
  "final_score": 1,
  "processing_duration_sec": 355.6313078403473,
  "total_analysis_intervals": 48,
  "avg_kv_cache_usage": 0.05817908525806296,
  "max_kv_cache_usage": 0.1646415906051973,
  "usage_aggregated": {
    "prompt_tokens": 165,
    "total_completion_tokens_across_all_started_chains": 54881
  },
  "chains_for_voting_details": [
    {
      "chain_index": 8,
      "finish_reason": "stop",
      "extracted_answer": "\\sqrt{6}",
      "prompt_tokens": 165,
      "completion_tokens": 14409,
      "completed_thought_count": 33,
      "final_mean_pairwise_similarity": 0.36298662424087524,
      "final_internal_similarity": 0.010999594673965916,
      "pruned_count": 7
    }
  ],
  "pruned_chain_details": [
    {
      "chain_index": 1,
      "finish_reason": "worker_terminated_unexpectedly",
      "completion_tokens": 5633,
      "completed_thought_count": 23,
      "full_text_len": 14561,
      "pruned_at_step": 41,
      "pruned_by_chain_id": "q28_c8",
      "initial_pruned_count": 0
    },
    {
      "chain_index": 2,
      "finish_reason": "worker_terminated_unexpectedly",
      "completion_tokens": 5490,
      "completed_thought_count": 33,
      "full_text_len": 15374,
      "pruned_at_step": 39,
      "pruned_by_chain_id": "q28_c3",
      "initial_pruned_count": 0
    },
    {
      "chain_index": 3,
      "finish_reason": "worker_terminated_unexpectedly",
      "completion_tokens": 5927,
      "completed_thought_count": 27,
      "full_text_len": 17331,
      "pruned_at_step": 44,
      "pruned_by_chain_id": "q28_c7",
      "initial_pruned_count": 2
    },
    {
      "chain_index": 4,
      "finish_reason": "worker_terminated_unexpectedly",
      "completion_tokens": 5632,
      "completed_thought_count": 24,
      "full_text_len": 15122,
      "pruned_at_step": 41,
      "pruned_by_chain_id": "q28_c3",
      "initial_pruned_count": 0
    },
    {
      "chain_index": 5,
      "finish_reason": "worker_terminated_unexpectedly",
      "completion_tokens": 5927,
      "completed_thought_count": 29,
      "full_text_len": 15777,
      "pruned_at_step": 44,
      "pruned_by_chain_id": "q28_c7",
      "initial_pruned_count": 0
    },
    {
      "chain_index": 6,
      "finish_reason": "worker_terminated_unexpectedly",
      "completion_tokens": 5632,
      "completed_thought_count": 30,
      "full_text_len": 15230,
      "pruned_at_step": 41,
      "pruned_by_chain_id": "q28_c7",
      "initial_pruned_count": 0
    },
    {
      "chain_index": 7,
      "finish_reason": "worker_terminated_unexpectedly",
      "completion_tokens": 6231,
      "completed_thought_count": 42,
      "full_text_len": 20608,
      "pruned_at_step": 47,
      "pruned_by_chain_id": "q28_c8",
      "initial_pruned_count": 5
    }
  ],
  "error_chain_details": []
}