{
  "iteration": 11,
  "question_id": "index_10",
  "status": "SUCCESS",
  "n_chains_start": 8,
  "n_chains_completed_stream_for_voting": 1,
  "n_chains_pruned": 7,
  "n_chains_error": 0,
  "similarity_threshold": 0.92,
  "num_steps_to_delay_pruning": 20,
  "correct_answer_reference": "56",
  "individual_answers_final": [
    "56"
  ],
  "voted_answer": "56",
  "final_score": 1,
  "processing_duration_sec": 443.5841827392578,
  "total_analysis_intervals": 28,
  "avg_kv_cache_usage": 0.04069079928294522,
  "max_kv_cache_usage": 0.0925527585605487,
  "usage_aggregated": {
    "prompt_tokens": 116,
    "total_completion_tokens_across_all_started_chains": 40476
  },
  "chains_for_voting_details": [
    {
      "chain_index": 3,
      "finish_reason": "stop",
      "extracted_answer": "56",
      "prompt_tokens": 116,
      "completion_tokens": 17469,
      "completed_thought_count": 30,
      "final_mean_pairwise_similarity": 0.4660298228263855,
      "final_internal_similarity": 0.015534327427546183,
      "pruned_count": 7
    }
  ],
  "pruned_chain_details": [
    {
      "chain_index": 1,
      "finish_reason": "worker_terminated_unexpectedly",
      "completion_tokens": 3048,
      "completed_thought_count": 21,
      "full_text_len": 11034,
      "pruned_at_step": 21,
      "pruned_by_chain_id": "q11_c3",
      "initial_pruned_count": 0
    },
    {
      "chain_index": 2,
      "finish_reason": "worker_terminated_unexpectedly",
      "completion_tokens": 3198,
      "completed_thought_count": 28,
      "full_text_len": 11165,
      "pruned_at_step": 23,
      "pruned_by_chain_id": "q11_c8",
      "initial_pruned_count": 0
    },
    {
      "chain_index": 4,
      "finish_reason": "worker_terminated_unexpectedly",
      "completion_tokens": 3353,
      "completed_thought_count": 22,
      "full_text_len": 11771,
      "pruned_at_step": 25,
      "pruned_by_chain_id": "q11_c3",
      "initial_pruned_count": 0
    },
    {
      "chain_index": 5,
      "finish_reason": "worker_terminated_unexpectedly",
      "completion_tokens": 3198,
      "completed_thought_count": 23,
      "full_text_len": 10561,
      "pruned_at_step": 23,
      "pruned_by_chain_id": "q11_c7",
      "initial_pruned_count": 0
    },
    {
      "chain_index": 6,
      "finish_reason": "worker_terminated_unexpectedly",
      "completion_tokens": 3198,
      "completed_thought_count": 26,
      "full_text_len": 11089,
      "pruned_at_step": 23,
      "pruned_by_chain_id": "q11_c7",
      "initial_pruned_count": 0
    },
    {
      "chain_index": 7,
      "finish_reason": "worker_terminated_unexpectedly",
      "completion_tokens": 3506,
      "completed_thought_count": 38,
      "full_text_len": 12753,
      "pruned_at_step": 27,
      "pruned_by_chain_id": "q11_c3",
      "initial_pruned_count": 2
    },
    {
      "chain_index": 8,
      "finish_reason": "worker_terminated_unexpectedly",
      "completion_tokens": 3506,
      "completed_thought_count": 31,
      "full_text_len": 11348,
      "pruned_at_step": 27,
      "pruned_by_chain_id": "q11_c3",
      "initial_pruned_count": 1
    }
  ],
  "error_chain_details": []
}