{
  "iteration": 23,
  "question_id": "index_22",
  "status": "SUCCESS",
  "n_chains_start": 8,
  "n_chains_completed_stream_for_voting": 2,
  "n_chains_pruned": 6,
  "n_chains_error": 0,
  "similarity_threshold": 0.92,
  "num_steps_to_delay_pruning": 20,
  "correct_answer_reference": "8\\sqrt{10}",
  "individual_answers_final": [
    "8\\sqrt{10}",
    "8\\sqrt{10}"
  ],
  "voted_answer": "8\\sqrt{10}",
  "final_score": 1,
  "processing_duration_sec": 216.40676879882812,
  "total_analysis_intervals": 55,
  "avg_kv_cache_usage": 0.06117349879530622,
  "max_kv_cache_usage": 0.1372013255043311,
  "usage_aggregated": {
    "prompt_tokens": 135,
    "total_completion_tokens_across_all_started_chains": 48175
  },
  "chains_for_voting_details": [
    {
      "chain_index": 3,
      "finish_reason": "stop",
      "extracted_answer": "8\\sqrt{10}",
      "prompt_tokens": 135,
      "completion_tokens": 9737,
      "completed_thought_count": 25,
      "final_mean_pairwise_similarity": 0.4342830777168274,
      "final_internal_similarity": 0.017371323108673096,
      "pruned_count": 3
    },
    {
      "chain_index": 8,
      "finish_reason": "stop",
      "extracted_answer": "8\\sqrt{10}",
      "prompt_tokens": 135,
      "completion_tokens": 7796,
      "completed_thought_count": 31,
      "final_mean_pairwise_similarity": 0.4257374405860901,
      "final_internal_similarity": 0.013733465825357744,
      "pruned_count": 3
    }
  ],
  "pruned_chain_details": [
    {
      "chain_index": 1,
      "finish_reason": "worker_terminated_unexpectedly",
      "completion_tokens": 5302,
      "completed_thought_count": 22,
      "full_text_len": 14710,
      "pruned_at_step": 40,
      "pruned_by_chain_id": "q23_c8",
      "initial_pruned_count": 0
    },
    {
      "chain_index": 2,
      "finish_reason": "worker_terminated_unexpectedly",
      "completion_tokens": 4577,
      "completed_thought_count": 24,
      "full_text_len": 13271,
      "pruned_at_step": 32,
      "pruned_by_chain_id": "q23_c3",
      "initial_pruned_count": 0
    },
    {
      "chain_index": 4,
      "finish_reason": "worker_terminated_unexpectedly",
      "completion_tokens": 6178,
      "completed_thought_count": 20,
      "full_text_len": 16255,
      "pruned_at_step": 47,
      "pruned_by_chain_id": "q23_c8",
      "initial_pruned_count": 0
    },
    {
      "chain_index": 5,
      "finish_reason": "worker_terminated_unexpectedly",
      "completion_tokens": 4717,
      "completed_thought_count": 26,
      "full_text_len": 15039,
      "pruned_at_step": 34,
      "pruned_by_chain_id": "q23_c3",
      "initial_pruned_count": 0
    },
    {
      "chain_index": 6,
      "finish_reason": "worker_terminated_unexpectedly",
      "completion_tokens": 4717,
      "completed_thought_count": 24,
      "full_text_len": 14583,
      "pruned_at_step": 34,
      "pruned_by_chain_id": "q23_c3",
      "initial_pruned_count": 0
    },
    {
      "chain_index": 7,
      "finish_reason": "worker_terminated_unexpectedly",
      "completion_tokens": 5151,
      "completed_thought_count": 23,
      "full_text_len": 15436,
      "pruned_at_step": 38,
      "pruned_by_chain_id": "q23_c8",
      "initial_pruned_count": 0
    }
  ],
  "error_chain_details": []
}