{
  "iteration": 1,
  "question_id": "index_0",
  "status": "SUCCESS",
  "n_chains_start": 8,
  "n_chains_completed_stream_for_voting": 4,
  "n_chains_pruned": 4,
  "n_chains_error": 0,
  "similarity_threshold": 0.92,
  "num_steps_to_delay_pruning": 20,
  "correct_answer_reference": "103",
  "individual_answers_final": [
    "103",
    "103",
    "103",
    "103"
  ],
  "voted_answer": "103",
  "final_score": 1,
  "processing_duration_sec": 108.1284077167511,
  "total_analysis_intervals": 34,
  "avg_kv_cache_usage": 0.06613723355787024,
  "max_kv_cache_usage": 0.1255740945293878,
  "usage_aggregated": {
    "prompt_tokens": 84,
    "total_completion_tokens_across_all_started_chains": 38193
  },
  "chains_for_voting_details": [
    {
      "chain_index": 2,
      "finish_reason": "stop",
      "extracted_answer": "103",
      "prompt_tokens": 84,
      "completion_tokens": 4231,
      "completed_thought_count": 23,
      "final_mean_pairwise_similarity": 0.4835857152938843,
      "final_internal_similarity": 0.021025465882342796,
      "pruned_count": 0
    },
    {
      "chain_index": 4,
      "finish_reason": "stop",
      "extracted_answer": "103",
      "prompt_tokens": 84,
      "completion_tokens": 5226,
      "completed_thought_count": 25,
      "final_mean_pairwise_similarity": 0.4215734004974365,
      "final_internal_similarity": 0.01686293601989746,
      "pruned_count": 0
    },
    {
      "chain_index": 6,
      "finish_reason": "stop",
      "extracted_answer": "103",
      "prompt_tokens": 84,
      "completion_tokens": 4995,
      "completed_thought_count": 28,
      "final_mean_pairwise_similarity": 0.4306355118751526,
      "final_internal_similarity": 0.015379839709826879,
      "pruned_count": 3
    },
    {
      "chain_index": 8,
      "finish_reason": "stop",
      "extracted_answer": "103",
      "prompt_tokens": 84,
      "completion_tokens": 5176,
      "completed_thought_count": 31,
      "final_mean_pairwise_similarity": 0.5562024712562561,
      "final_internal_similarity": 0.017942015201814713,
      "pruned_count": 1
    }
  ],
  "pruned_chain_details": [
    {
      "chain_index": 1,
      "finish_reason": "worker_terminated_unexpectedly",
      "completion_tokens": 4531,
      "completed_thought_count": 24,
      "full_text_len": 10353,
      "pruned_at_step": 31,
      "pruned_by_chain_id": "q1_c5",
      "initial_pruned_count": 0
    },
    {
      "chain_index": 3,
      "finish_reason": "worker_terminated_unexpectedly",
      "completion_tokens": 4678,
      "completed_thought_count": 27,
      "full_text_len": 11531,
      "pruned_at_step": 33,
      "pruned_by_chain_id": "q1_c5",
      "initial_pruned_count": 0
    },
    {
      "chain_index": 5,
      "finish_reason": "worker_terminated_unexpectedly",
      "completion_tokens": 4678,
      "completed_thought_count": 33,
      "full_text_len": 11536,
      "pruned_at_step": 33,
      "pruned_by_chain_id": "q1_c6",
      "initial_pruned_count": 2
    },
    {
      "chain_index": 7,
      "finish_reason": "worker_terminated_unexpectedly",
      "completion_tokens": 4678,
      "completed_thought_count": 34,
      "full_text_len": 11072,
      "pruned_at_step": 33,
      "pruned_by_chain_id": "q1_c8",
      "initial_pruned_count": 0
    }
  ],
  "error_chain_details": []
}