{
  "iteration": 27,
  "question_id": "index_26",
  "status": "SUCCESS",
  "n_chains_start": 8,
  "n_chains_completed_stream_for_voting": 1,
  "n_chains_pruned": 7,
  "n_chains_error": 0,
  "similarity_threshold": 0.92,
  "num_steps_to_delay_pruning": 20,
  "correct_answer_reference": "\\frac{7}{18}",
  "individual_answers_final": [
    "\\dfrac{3}{8}"
  ],
  "voted_answer": "\\dfrac{3}{8}",
  "final_score": 0,
  "processing_duration_sec": 881.010929107666,
  "total_analysis_intervals": 55,
  "avg_kv_cache_usage": 0.06893329672858065,
  "max_kv_cache_usage": 0.1181326667054241,
  "usage_aggregated": {
    "prompt_tokens": 156,
    "total_completion_tokens_across_all_started_chains": 65150
  },
  "chains_for_voting_details": [
    {
      "chain_index": 3,
      "finish_reason": "stop",
      "extracted_answer": "\\dfrac{3}{8}",
      "prompt_tokens": 156,
      "completion_tokens": 32277,
      "completed_thought_count": 32,
      "final_mean_pairwise_similarity": 0.3783652186393738,
      "final_internal_similarity": 0.01182391308248043,
      "pruned_count": 7
    }
  ],
  "pruned_chain_details": [
    {
      "chain_index": 1,
      "finish_reason": "worker_terminated_unexpectedly",
      "completion_tokens": 4927,
      "completed_thought_count": 29,
      "full_text_len": 13563,
      "pruned_at_step": 39,
      "pruned_by_chain_id": "q27_c6",
      "initial_pruned_count": 4
    },
    {
      "chain_index": 2,
      "finish_reason": "worker_terminated_unexpectedly",
      "completion_tokens": 3894,
      "completed_thought_count": 18,
      "full_text_len": 10192,
      "pruned_at_step": 27,
      "pruned_by_chain_id": "q27_c1",
      "initial_pruned_count": 0
    },
    {
      "chain_index": 4,
      "finish_reason": "worker_terminated_unexpectedly",
      "completion_tokens": 4038,
      "completed_thought_count": 20,
      "full_text_len": 11101,
      "pruned_at_step": 29,
      "pruned_by_chain_id": "q27_c3",
      "initial_pruned_count": 0
    },
    {
      "chain_index": 5,
      "finish_reason": "worker_terminated_unexpectedly",
      "completion_tokens": 4478,
      "completed_thought_count": 24,
      "full_text_len": 13251,
      "pruned_at_step": 35,
      "pruned_by_chain_id": "q27_c1",
      "initial_pruned_count": 1
    },
    {
      "chain_index": 6,
      "finish_reason": "worker_terminated_unexpectedly",
      "completion_tokens": 7024,
      "completed_thought_count": 29,
      "full_text_len": 17396,
      "pruned_at_step": 54,
      "pruned_by_chain_id": "q27_c3",
      "initial_pruned_count": 5
    },
    {
      "chain_index": 7,
      "finish_reason": "worker_terminated_unexpectedly",
      "completion_tokens": 4184,
      "completed_thought_count": 23,
      "full_text_len": 11030,
      "pruned_at_step": 31,
      "pruned_by_chain_id": "q27_c1",
      "initial_pruned_count": 0
    },
    {
      "chain_index": 8,
      "finish_reason": "worker_terminated_unexpectedly",
      "completion_tokens": 4328,
      "completed_thought_count": 25,
      "full_text_len": 12297,
      "pruned_at_step": 33,
      "pruned_by_chain_id": "q27_c5",
      "initial_pruned_count": 0
    }
  ],
  "error_chain_details": []
}