{
  "iteration": 7,
  "question_id": "index_6",
  "status": "SUCCESS",
  "n_chains_start": 8,
  "n_chains_completed_stream_for_voting": 1,
  "n_chains_pruned": 7,
  "n_chains_error": 0,
  "similarity_threshold": 0.92,
  "num_steps_to_delay_pruning": 20,
  "correct_answer_reference": "\\frac{9 \\sqrt{23}}{23}",
  "individual_answers_final": [
    "\\dfrac{2\\sqrt{22}}{5}"
  ],
  "voted_answer": "\\dfrac{2\\sqrt{22}}{5}",
  "final_score": 0,
  "processing_duration_sec": 728.7563860416412,
  "total_analysis_intervals": 55,
  "avg_kv_cache_usage": 0.0657046335176219,
  "max_kv_cache_usage": 0.133945700831347,
  "usage_aggregated": {
    "prompt_tokens": 143,
    "total_completion_tokens_across_all_started_chains": 66358
  },
  "chains_for_voting_details": [
    {
      "chain_index": 3,
      "finish_reason": "stop",
      "extracted_answer": "\\dfrac{2\\sqrt{22}}{5}",
      "prompt_tokens": 143,
      "completion_tokens": 27098,
      "completed_thought_count": 28,
      "final_mean_pairwise_similarity": 0.42804181575775146,
      "final_internal_similarity": 0.01528720770563398,
      "pruned_count": 7
    }
  ],
  "pruned_chain_details": [
    {
      "chain_index": 1,
      "finish_reason": "worker_terminated_unexpectedly",
      "completion_tokens": 4452,
      "completed_thought_count": 26,
      "full_text_len": 11726,
      "pruned_at_step": 31,
      "pruned_by_chain_id": "q7_c6",
      "initial_pruned_count": 0
    },
    {
      "chain_index": 2,
      "finish_reason": "worker_terminated_unexpectedly",
      "completion_tokens": 4738,
      "completed_thought_count": 30,
      "full_text_len": 12222,
      "pruned_at_step": 34,
      "pruned_by_chain_id": "q7_c5",
      "initial_pruned_count": 0
    },
    {
      "chain_index": 4,
      "finish_reason": "worker_terminated_unexpectedly",
      "completion_tokens": 4884,
      "completed_thought_count": 27,
      "full_text_len": 13858,
      "pruned_at_step": 36,
      "pruned_by_chain_id": "q7_c5",
      "initial_pruned_count": 0
    },
    {
      "chain_index": 5,
      "finish_reason": "worker_terminated_unexpectedly",
      "completion_tokens": 5889,
      "completed_thought_count": 25,
      "full_text_len": 14132,
      "pruned_at_step": 44,
      "pruned_by_chain_id": "q7_c7",
      "initial_pruned_count": 2
    },
    {
      "chain_index": 6,
      "finish_reason": "worker_terminated_unexpectedly",
      "completion_tokens": 6037,
      "completed_thought_count": 18,
      "full_text_len": 14746,
      "pruned_at_step": 46,
      "pruned_by_chain_id": "q7_c7",
      "initial_pruned_count": 1
    },
    {
      "chain_index": 7,
      "finish_reason": "worker_terminated_unexpectedly",
      "completion_tokens": 6329,
      "completed_thought_count": 26,
      "full_text_len": 16568,
      "pruned_at_step": 49,
      "pruned_by_chain_id": "q7_c8",
      "initial_pruned_count": 5
    },
    {
      "chain_index": 8,
      "finish_reason": "worker_terminated_unexpectedly",
      "completion_tokens": 6931,
      "completed_thought_count": 24,
      "full_text_len": 17041,
      "pruned_at_step": 54,
      "pruned_by_chain_id": "q7_c3",
      "initial_pruned_count": 6
    }
  ],
  "error_chain_details": []
}