{
  "iteration": 11,
  "question_id": "index_10",
  "status": "SUCCESS",
  "n_chains_start": 8,
  "n_chains_completed_stream_for_voting": 8,
  "n_chains_pruned": 0,
  "n_chains_error": 0,
  "similarity_threshold": 0.98,
  "num_steps_to_delay_pruning": 20,
  "correct_answer_reference": "56",
  "individual_answers_final": [
    "56",
    "8",
    "49",
    "28",
    "12",
    "42",
    "12",
    "72"
  ],
  "voted_answer": "12",
  "final_score": 0,
  "processing_duration_sec": 287.1536133289337,
  "total_analysis_intervals": 91,
  "avg_kv_cache_usage": 0.19702226803093487,
  "max_kv_cache_usage": 0.3765971755211835,
  "usage_aggregated": {
    "prompt_tokens": 111,
    "total_completion_tokens_across_all_started_chains": 92780
  },
  "chains_for_voting_details": [
    {
      "chain_index": 1,
      "finish_reason": "stop",
      "extracted_answer": "56",
      "prompt_tokens": 111,
      "completion_tokens": 10065,
      "completed_thought_count": 71,
      "final_mean_pairwise_similarity": 0.5613145232200623,
      "final_internal_similarity": 0.007905838355212145,
      "pruned_count": 0
    },
    {
      "chain_index": 2,
      "finish_reason": "stop",
      "extracted_answer": "8",
      "prompt_tokens": 111,
      "completion_tokens": 11661,
      "completed_thought_count": 83,
      "final_mean_pairwise_similarity": 0.524929404258728,
      "final_internal_similarity": 0.006324450653719615,
      "pruned_count": 0
    },
    {
      "chain_index": 3,
      "finish_reason": "stop",
      "extracted_answer": "49",
      "prompt_tokens": 111,
      "completion_tokens": 10234,
      "completed_thought_count": 73,
      "final_mean_pairwise_similarity": 0.5724034905433655,
      "final_internal_similarity": 0.0078411437060735,
      "pruned_count": 0
    },
    {
      "chain_index": 4,
      "finish_reason": "stop",
      "extracted_answer": "28",
      "prompt_tokens": 111,
      "completion_tokens": 11617,
      "completed_thought_count": 109,
      "final_mean_pairwise_similarity": 0.5045363306999207,
      "final_internal_similarity": 0.004628773676146061,
      "pruned_count": 0
    },
    {
      "chain_index": 5,
      "finish_reason": "stop",
      "extracted_answer": "12",
      "prompt_tokens": 111,
      "completion_tokens": 9966,
      "completed_thought_count": 73,
      "final_mean_pairwise_similarity": 0.5497683882713318,
      "final_internal_similarity": 0.0075310738119360515,
      "pruned_count": 0
    },
    {
      "chain_index": 6,
      "finish_reason": "stop",
      "extracted_answer": "42",
      "prompt_tokens": 111,
      "completion_tokens": 13171,
      "completed_thought_count": 85,
      "final_mean_pairwise_similarity": 0.5884072184562683,
      "final_internal_similarity": 0.006922437864191392,
      "pruned_count": 0
    },
    {
      "chain_index": 7,
      "finish_reason": "stop",
      "extracted_answer": "12",
      "prompt_tokens": 111,
      "completion_tokens": 12941,
      "completed_thought_count": 138,
      "final_mean_pairwise_similarity": 0.48814478516578674,
      "final_internal_similarity": 0.003537281051925991,
      "pruned_count": 0
    },
    {
      "chain_index": 8,
      "finish_reason": "stop",
      "extracted_answer": "72",
      "prompt_tokens": 111,
      "completion_tokens": 13125,
      "completed_thought_count": 106,
      "final_mean_pairwise_similarity": 0.5207739472389221,
      "final_internal_similarity": 0.004912961766404926,
      "pruned_count": 0
    }
  ],
  "pruned_chain_details": [],
  "error_chain_details": []
}