{
  "iteration": 28,
  "question_id": "index_27",
  "status": "SUCCESS",
  "n_chains_start": 8,
  "n_chains_completed_stream_for_voting": 8,
  "n_chains_pruned": 0,
  "n_chains_error": 0,
  "similarity_threshold": 0.98,
  "num_steps_to_delay_pruning": 20,
  "correct_answer_reference": "\\sqrt{6}",
  "individual_answers_final": [
    "\\sqrt{6}",
    "\\sqrt{6}",
    "\\sqrt{6}",
    "\\sqrt{6}",
    "\\sqrt{6}",
    "\\sqrt{46}",
    "\\sqrt{6}",
    "\\sqrt{6}"
  ],
  "voted_answer": "\\sqrt{6}",
  "final_score": 1,
  "processing_duration_sec": 373.98888754844666,
  "total_analysis_intervals": 74,
  "avg_kv_cache_usage": 0.12385836332062788,
  "max_kv_cache_usage": 0.2672793842935067,
  "usage_aggregated": {
    "prompt_tokens": 160,
    "total_completion_tokens_across_all_started_chains": 79435
  },
  "chains_for_voting_details": [
    {
      "chain_index": 1,
      "finish_reason": "stop",
      "extracted_answer": "\\sqrt{6}",
      "prompt_tokens": 160,
      "completion_tokens": 11268,
      "completed_thought_count": 51,
      "final_mean_pairwise_similarity": 0.366707980632782,
      "final_internal_similarity": 0.007190352561427098,
      "pruned_count": 0
    },
    {
      "chain_index": 2,
      "finish_reason": "stop",
      "extracted_answer": "\\sqrt{6}",
      "prompt_tokens": 160,
      "completion_tokens": 11087,
      "completed_thought_count": 54,
      "final_mean_pairwise_similarity": 0.4306585192680359,
      "final_internal_similarity": 0.007975157764222886,
      "pruned_count": 0
    },
    {
      "chain_index": 3,
      "finish_reason": "stop",
      "extracted_answer": "\\sqrt{6}",
      "prompt_tokens": 160,
      "completion_tokens": 8441,
      "completed_thought_count": 22,
      "final_mean_pairwise_similarity": 0.4507247805595398,
      "final_internal_similarity": 0.020487490025433628,
      "pruned_count": 0
    },
    {
      "chain_index": 4,
      "finish_reason": "stop",
      "extracted_answer": "\\sqrt{6}",
      "prompt_tokens": 160,
      "completion_tokens": 9791,
      "completed_thought_count": 47,
      "final_mean_pairwise_similarity": 0.38923096656799316,
      "final_internal_similarity": 0.008281509926978578,
      "pruned_count": 0
    },
    {
      "chain_index": 5,
      "finish_reason": "stop",
      "extracted_answer": "\\sqrt{6}",
      "prompt_tokens": 160,
      "completion_tokens": 10478,
      "completed_thought_count": 40,
      "final_mean_pairwise_similarity": 0.39155349135398865,
      "final_internal_similarity": 0.009788837283849716,
      "pruned_count": 0
    },
    {
      "chain_index": 6,
      "finish_reason": "stop",
      "extracted_answer": "\\sqrt{46}",
      "prompt_tokens": 160,
      "completion_tokens": 2715,
      "completed_thought_count": 14,
      "final_mean_pairwise_similarity": 0.5368142127990723,
      "final_internal_similarity": 0.03834387234279087,
      "pruned_count": 0
    },
    {
      "chain_index": 7,
      "finish_reason": "stop",
      "extracted_answer": "\\sqrt{6}",
      "prompt_tokens": 160,
      "completion_tokens": 17651,
      "completed_thought_count": 78,
      "final_mean_pairwise_similarity": 0.42512938380241394,
      "final_internal_similarity": 0.005450376715415563,
      "pruned_count": 0
    },
    {
      "chain_index": 8,
      "finish_reason": "stop",
      "extracted_answer": "\\sqrt{6}",
      "prompt_tokens": 160,
      "completion_tokens": 8004,
      "completed_thought_count": 16,
      "final_mean_pairwise_similarity": 0.4050999879837036,
      "final_internal_similarity": 0.025318749248981476,
      "pruned_count": 0
    }
  ],
  "pruned_chain_details": [],
  "error_chain_details": []
}