{
  "iteration": 26,
  "question_id": "index_25",
  "status": "SUCCESS",
  "n_chains_start": 8,
  "n_chains_completed_stream_for_voting": 8,
  "n_chains_pruned": 0,
  "n_chains_error": 0,
  "similarity_threshold": 0.98,
  "num_steps_to_delay_pruning": 20,
  "correct_answer_reference": "9\\sqrt{15}",
  "individual_answers_final": [
    "9\\sqrt{15}",
    "9\\sqrt{15}",
    "9\\sqrt{15}",
    "9\\sqrt{15}",
    "\\dfrac{35\\sqrt{15}}{4}",
    "9\\sqrt{15}",
    "9\\sqrt{15}",
    "9\\sqrt{15}"
  ],
  "voted_answer": "9\\sqrt{15}",
  "final_score": 1,
  "processing_duration_sec": 389.27885150909424,
  "total_analysis_intervals": 61,
  "avg_kv_cache_usage": 0.11126832389548946,
  "max_kv_cache_usage": 0.2689979825151312,
  "usage_aggregated": {
    "prompt_tokens": 139,
    "total_completion_tokens_across_all_started_chains": 78104
  },
  "chains_for_voting_details": [
    {
      "chain_index": 1,
      "finish_reason": "stop",
      "extracted_answer": "9\\sqrt{15}",
      "prompt_tokens": 139,
      "completion_tokens": 9585,
      "completed_thought_count": 37,
      "final_mean_pairwise_similarity": 0.462348997592926,
      "final_internal_similarity": 0.012495918853862866,
      "pruned_count": 0
    },
    {
      "chain_index": 2,
      "finish_reason": "stop",
      "extracted_answer": "9\\sqrt{15}",
      "prompt_tokens": 139,
      "completion_tokens": 8471,
      "completed_thought_count": 19,
      "final_mean_pairwise_similarity": 0.4194370210170746,
      "final_internal_similarity": 0.02207563268510919,
      "pruned_count": 0
    },
    {
      "chain_index": 3,
      "finish_reason": "stop",
      "extracted_answer": "9\\sqrt{15}",
      "prompt_tokens": 139,
      "completion_tokens": 9712,
      "completed_thought_count": 20,
      "final_mean_pairwise_similarity": 0.5100148320198059,
      "final_internal_similarity": 0.025500741600990296,
      "pruned_count": 0
    },
    {
      "chain_index": 4,
      "finish_reason": "stop",
      "extracted_answer": "9\\sqrt{15}",
      "prompt_tokens": 139,
      "completion_tokens": 7671,
      "completed_thought_count": 37,
      "final_mean_pairwise_similarity": 0.4399331510066986,
      "final_internal_similarity": 0.011890085162343206,
      "pruned_count": 0
    },
    {
      "chain_index": 5,
      "finish_reason": "stop",
      "extracted_answer": "\\dfrac{35\\sqrt{15}}{4}",
      "prompt_tokens": 139,
      "completion_tokens": 18397,
      "completed_thought_count": 43,
      "final_mean_pairwise_similarity": 0.401263028383255,
      "final_internal_similarity": 0.009331698334494303,
      "pruned_count": 0
    },
    {
      "chain_index": 6,
      "finish_reason": "stop",
      "extracted_answer": "9\\sqrt{15}",
      "prompt_tokens": 139,
      "completion_tokens": 7051,
      "completed_thought_count": 19,
      "final_mean_pairwise_similarity": 0.4493074119091034,
      "final_internal_similarity": 0.023647758521531757,
      "pruned_count": 0
    },
    {
      "chain_index": 7,
      "finish_reason": "stop",
      "extracted_answer": "9\\sqrt{15}",
      "prompt_tokens": 139,
      "completion_tokens": 8014,
      "completed_thought_count": 26,
      "final_mean_pairwise_similarity": 0.4634994864463806,
      "final_internal_similarity": 0.017826903324860793,
      "pruned_count": 0
    },
    {
      "chain_index": 8,
      "finish_reason": "stop",
      "extracted_answer": "9\\sqrt{15}",
      "prompt_tokens": 139,
      "completion_tokens": 9203,
      "completed_thought_count": 34,
      "final_mean_pairwise_similarity": 0.43935173749923706,
      "final_internal_similarity": 0.012922109926448148,
      "pruned_count": 0
    }
  ],
  "pruned_chain_details": [],
  "error_chain_details": []
}