{
  "iteration": 5,
  "question_id": "index_4",
  "status": "SUCCESS",
  "n_chains_start": 8,
  "n_chains_completed_stream_for_voting": 8,
  "n_chains_pruned": 0,
  "n_chains_error": 0,
  "similarity_threshold": 0.98,
  "num_steps_to_delay_pruning": 20,
  "correct_answer_reference": "890",
  "individual_answers_final": [
    "890",
    "890",
    "9000",
    "890",
    "890",
    "890",
    "890",
    "890"
  ],
  "voted_answer": "890",
  "final_score": 1,
  "processing_duration_sec": 169.0810420513153,
  "total_analysis_intervals": 43,
  "avg_kv_cache_usage": 0.09453756930812147,
  "max_kv_cache_usage": 0.2134050661286707,
  "usage_aggregated": {
    "prompt_tokens": 138,
    "total_completion_tokens_across_all_started_chains": 51976
  },
  "chains_for_voting_details": [
    {
      "chain_index": 1,
      "finish_reason": "stop",
      "extracted_answer": "890",
      "prompt_tokens": 138,
      "completion_tokens": 6566,
      "completed_thought_count": 34,
      "final_mean_pairwise_similarity": 0.4481925368309021,
      "final_internal_similarity": 0.013182133436203003,
      "pruned_count": 0
    },
    {
      "chain_index": 2,
      "finish_reason": "stop",
      "extracted_answer": "890",
      "prompt_tokens": 138,
      "completion_tokens": 5564,
      "completed_thought_count": 24,
      "final_mean_pairwise_similarity": 0.5613395571708679,
      "final_internal_similarity": 0.02338914821545283,
      "pruned_count": 0
    },
    {
      "chain_index": 3,
      "finish_reason": "stop",
      "extracted_answer": "9000",
      "prompt_tokens": 138,
      "completion_tokens": 6582,
      "completed_thought_count": 31,
      "final_mean_pairwise_similarity": 0.4524793028831482,
      "final_internal_similarity": 0.014596106544617684,
      "pruned_count": 0
    },
    {
      "chain_index": 4,
      "finish_reason": "stop",
      "extracted_answer": "890",
      "prompt_tokens": 138,
      "completion_tokens": 6248,
      "completed_thought_count": 38,
      "final_mean_pairwise_similarity": 0.4451797604560852,
      "final_internal_similarity": 0.011715256854107505,
      "pruned_count": 0
    },
    {
      "chain_index": 5,
      "finish_reason": "stop",
      "extracted_answer": "890",
      "prompt_tokens": 138,
      "completion_tokens": 6014,
      "completed_thought_count": 35,
      "final_mean_pairwise_similarity": 0.49509283900260925,
      "final_internal_similarity": 0.014145509685788836,
      "pruned_count": 0
    },
    {
      "chain_index": 6,
      "finish_reason": "stop",
      "extracted_answer": "890",
      "prompt_tokens": 138,
      "completion_tokens": 5898,
      "completed_thought_count": 35,
      "final_mean_pairwise_similarity": 0.5236524939537048,
      "final_internal_similarity": 0.01496149982724871,
      "pruned_count": 0
    },
    {
      "chain_index": 7,
      "finish_reason": "stop",
      "extracted_answer": "890",
      "prompt_tokens": 138,
      "completion_tokens": 6210,
      "completed_thought_count": 29,
      "final_mean_pairwise_similarity": 0.4071309268474579,
      "final_internal_similarity": 0.014038997477498549,
      "pruned_count": 0
    },
    {
      "chain_index": 8,
      "finish_reason": "stop",
      "extracted_answer": "890",
      "prompt_tokens": 138,
      "completion_tokens": 8894,
      "completed_thought_count": 31,
      "final_mean_pairwise_similarity": 0.5222846865653992,
      "final_internal_similarity": 0.016847893115012877,
      "pruned_count": 0
    }
  ],
  "pruned_chain_details": [],
  "error_chain_details": []
}