{
  "iteration": 18,
  "question_id": "index_17",
  "status": "SUCCESS",
  "n_chains_start": 8,
  "n_chains_completed_stream_for_voting": 8,
  "n_chains_pruned": 0,
  "n_chains_error": 0,
  "similarity_threshold": 0.98,
  "num_steps_to_delay_pruning": 20,
  "correct_answer_reference": "\\frac{2025}{101}",
  "individual_answers_final": [
    "\\dfrac{675}{67}",
    "\\dfrac{2126}{101}",
    "2025 \\left(1 - \\left(\\frac{200}{201}\\right)^{201}\\right)",
    "1825",
    "1825",
    "10",
    "2",
    "\\dfrac{2025}{101}"
  ],
  "voted_answer": "1825",
  "final_score": 0,
  "processing_duration_sec": 328.4336473941803,
  "total_analysis_intervals": 87,
  "avg_kv_cache_usage": 0.17081547539118486,
  "max_kv_cache_usage": 0.3499215422550997,
  "usage_aggregated": {
    "prompt_tokens": 217,
    "total_completion_tokens_across_all_started_chains": 89740
  },
  "chains_for_voting_details": [
    {
      "chain_index": 1,
      "finish_reason": "stop",
      "extracted_answer": "\\dfrac{675}{67}",
      "prompt_tokens": 217,
      "completion_tokens": 6737,
      "completed_thought_count": 64,
      "final_mean_pairwise_similarity": 0.4788297116756439,
      "final_internal_similarity": 0.007481714244931936,
      "pruned_count": 0
    },
    {
      "chain_index": 2,
      "finish_reason": "stop",
      "extracted_answer": "\\dfrac{2126}{101}",
      "prompt_tokens": 217,
      "completion_tokens": 10926,
      "completed_thought_count": 86,
      "final_mean_pairwise_similarity": 0.4110148549079895,
      "final_internal_similarity": 0.00477924249893011,
      "pruned_count": 0
    },
    {
      "chain_index": 3,
      "finish_reason": "stop",
      "extracted_answer": "2025 \\left(1 - \\left(\\frac{200}{201}\\right)^{201}\\right)",
      "prompt_tokens": 217,
      "completion_tokens": 12181,
      "completed_thought_count": 78,
      "final_mean_pairwise_similarity": 0.4542098939418793,
      "final_internal_similarity": 0.005823203768485632,
      "pruned_count": 0
    },
    {
      "chain_index": 4,
      "finish_reason": "stop",
      "extracted_answer": "1825",
      "prompt_tokens": 217,
      "completion_tokens": 11511,
      "completed_thought_count": 132,
      "final_mean_pairwise_similarity": 0.4505666494369507,
      "final_internal_similarity": 0.003413383707855687,
      "pruned_count": 0
    },
    {
      "chain_index": 5,
      "finish_reason": "stop",
      "extracted_answer": "1825",
      "prompt_tokens": 217,
      "completion_tokens": 10751,
      "completed_thought_count": 109,
      "final_mean_pairwise_similarity": 0.5294725894927979,
      "final_internal_similarity": 0.004857546692594476,
      "pruned_count": 0
    },
    {
      "chain_index": 6,
      "finish_reason": "stop",
      "extracted_answer": "10",
      "prompt_tokens": 217,
      "completion_tokens": 12355,
      "completed_thought_count": 142,
      "final_mean_pairwise_similarity": 0.4258266091346741,
      "final_internal_similarity": 0.0029987789375681274,
      "pruned_count": 0
    },
    {
      "chain_index": 7,
      "finish_reason": "stop",
      "extracted_answer": "2",
      "prompt_tokens": 217,
      "completion_tokens": 14803,
      "completed_thought_count": 139,
      "final_mean_pairwise_similarity": 0.4789413511753082,
      "final_internal_similarity": 0.0034456212314770375,
      "pruned_count": 0
    },
    {
      "chain_index": 8,
      "finish_reason": "stop",
      "extracted_answer": "\\dfrac{2025}{101}",
      "prompt_tokens": 217,
      "completion_tokens": 10476,
      "completed_thought_count": 114,
      "final_mean_pairwise_similarity": 0.44747278094291687,
      "final_internal_similarity": 0.003925199832832604,
      "pruned_count": 0
    }
  ],
  "pruned_chain_details": [],
  "error_chain_details": []
}