{
  "iteration": 3,
  "question_id": "index_2",
  "status": "SUCCESS",
  "n_chains_start": 8,
  "n_chains_completed_stream_for_voting": 8,
  "n_chains_pruned": 0,
  "n_chains_error": 0,
  "similarity_threshold": 0.98,
  "num_steps_to_delay_pruning": 20,
  "correct_answer_reference": "\\frac{1}{576}",
  "individual_answers_final": [
    "1024",
    "\\dfrac{1}{576}",
    "2^{\\sqrt{11 + 10 \\log_2 3}}",
    "\\dfrac{1}{576}",
    "6718464",
    "\\dfrac{1}{576}",
    "2^{\\sqrt{20 + 40 \\log_2 3}}",
    "18^{10}"
  ],
  "voted_answer": "\\dfrac{1}{576}",
  "final_score": 1,
  "processing_duration_sec": 543.30792927742,
  "total_analysis_intervals": 100,
  "avg_kv_cache_usage": 0.23028981453866576,
  "max_kv_cache_usage": 0.3819771351714862,
  "usage_aggregated": {
    "prompt_tokens": 167,
    "total_completion_tokens_across_all_started_chains": 123094
  },
  "chains_for_voting_details": [
    {
      "chain_index": 1,
      "finish_reason": "stop",
      "extracted_answer": "1024",
      "prompt_tokens": 167,
      "completion_tokens": 18866,
      "completed_thought_count": 51,
      "final_mean_pairwise_similarity": 0.4510737359523773,
      "final_internal_similarity": 0.008844583057889752,
      "pruned_count": 0
    },
    {
      "chain_index": 2,
      "finish_reason": "stop",
      "extracted_answer": "\\dfrac{1}{576}",
      "prompt_tokens": 167,
      "completion_tokens": 5254,
      "completed_thought_count": 18,
      "final_mean_pairwise_similarity": 0.555045485496521,
      "final_internal_similarity": 0.030835860305362277,
      "pruned_count": 0
    },
    {
      "chain_index": 3,
      "finish_reason": "stop",
      "extracted_answer": "2^{\\sqrt{11 + 10 \\log_2 3}}",
      "prompt_tokens": 167,
      "completion_tokens": 21670,
      "completed_thought_count": 64,
      "final_mean_pairwise_similarity": 0.4202674925327301,
      "final_internal_similarity": 0.006566679570823908,
      "pruned_count": 0
    },
    {
      "chain_index": 4,
      "finish_reason": "stop",
      "extracted_answer": "\\dfrac{1}{576}",
      "prompt_tokens": 167,
      "completion_tokens": 5177,
      "completed_thought_count": 21,
      "final_mean_pairwise_similarity": 0.456352174282074,
      "final_internal_similarity": 0.021731055918194,
      "pruned_count": 0
    },
    {
      "chain_index": 5,
      "finish_reason": "stop",
      "extracted_answer": "6718464",
      "prompt_tokens": 167,
      "completion_tokens": 23143,
      "completed_thought_count": 54,
      "final_mean_pairwise_similarity": 0.4025472402572632,
      "final_internal_similarity": 0.0074545785232826515,
      "pruned_count": 0
    },
    {
      "chain_index": 6,
      "finish_reason": "stop",
      "extracted_answer": "\\dfrac{1}{576}",
      "prompt_tokens": 167,
      "completion_tokens": 13457,
      "completed_thought_count": 44,
      "final_mean_pairwise_similarity": 0.3783828616142273,
      "final_internal_similarity": 0.008599610491232439,
      "pruned_count": 0
    },
    {
      "chain_index": 7,
      "finish_reason": "stop",
      "extracted_answer": "2^{\\sqrt{20 + 40 \\log_2 3}}",
      "prompt_tokens": 167,
      "completion_tokens": 15314,
      "completed_thought_count": 66,
      "final_mean_pairwise_similarity": 0.3667258620262146,
      "final_internal_similarity": 0.005556452454942645,
      "pruned_count": 0
    },
    {
      "chain_index": 8,
      "finish_reason": "stop",
      "extracted_answer": "18^{10}",
      "prompt_tokens": 167,
      "completion_tokens": 20213,
      "completed_thought_count": 67,
      "final_mean_pairwise_similarity": 0.41200199723243713,
      "final_internal_similarity": 0.006149283540782644,
      "pruned_count": 0
    }
  ],
  "pruned_chain_details": [],
  "error_chain_details": []
}