{
  "iteration": 15,
  "question_id": "index_14",
  "status": "SUCCESS",
  "n_chains_start": 8,
  "n_chains_completed_stream_for_voting": 3,
  "n_chains_pruned": 5,
  "n_chains_error": 0,
  "similarity_threshold": 0.98,
  "num_steps_to_delay_pruning": 20,
  "correct_answer_reference": "200",
  "individual_answers_final": [
    "202",
    "202",
    "202"
  ],
  "voted_answer": "202",
  "final_score": 0,
  "processing_duration_sec": 79.59187150001526,
  "total_analysis_intervals": 24,
  "avg_kv_cache_usage": 0.06404990802790599,
  "max_kv_cache_usage": 0.130314578196219,
  "usage_aggregated": {
    "prompt_tokens": 144,
    "total_completion_tokens_across_all_started_chains": 29919
  },
  "chains_for_voting_details": [
    {
      "chain_index": 6,
      "finish_reason": "stop",
      "extracted_answer": "202",
      "prompt_tokens": 144,
      "completion_tokens": 3920,
      "completed_thought_count": 38,
      "final_mean_pairwise_similarity": 0.5177810192108154,
      "final_internal_similarity": 0.01362581629502146,
      "pruned_count": 5
    },
    {
      "chain_index": 7,
      "finish_reason": "stop",
      "extracted_answer": "202",
      "prompt_tokens": 144,
      "completion_tokens": 3339,
      "completed_thought_count": 30,
      "final_mean_pairwise_similarity": 0.5509660243988037,
      "final_internal_similarity": 0.01836553414662679,
      "pruned_count": 0
    },
    {
      "chain_index": 8,
      "finish_reason": "stop",
      "extracted_answer": "202",
      "prompt_tokens": 144,
      "completion_tokens": 4451,
      "completed_thought_count": 42,
      "final_mean_pairwise_similarity": 0.4631398916244507,
      "final_internal_similarity": 0.011027140276772636,
      "pruned_count": 0
    }
  ],
  "pruned_chain_details": [
    {
      "chain_index": 1,
      "finish_reason": "worker_terminated_unexpectedly",
      "completion_tokens": 3676,
      "completed_thought_count": 47,
      "full_text_len": 14390,
      "pruned_at_step": 23,
      "pruned_by_chain_id": "q15_c5",
      "initial_pruned_count": 0
    },
    {
      "chain_index": 2,
      "finish_reason": "worker_terminated_unexpectedly",
      "completion_tokens": 3505,
      "completed_thought_count": 48,
      "full_text_len": 14837,
      "pruned_at_step": 21,
      "pruned_by_chain_id": "q15_c3",
      "initial_pruned_count": 0
    },
    {
      "chain_index": 3,
      "finish_reason": "worker_terminated_unexpectedly",
      "completion_tokens": 3676,
      "completed_thought_count": 44,
      "full_text_len": 14305,
      "pruned_at_step": 23,
      "pruned_by_chain_id": "q15_c5",
      "initial_pruned_count": 1
    },
    {
      "chain_index": 4,
      "finish_reason": "worker_terminated_unexpectedly",
      "completion_tokens": 3676,
      "completed_thought_count": 40,
      "full_text_len": 15378,
      "pruned_at_step": 23,
      "pruned_by_chain_id": "q15_c5",
      "initial_pruned_count": 0
    },
    {
      "chain_index": 5,
      "finish_reason": "worker_terminated_unexpectedly",
      "completion_tokens": 3676,
      "completed_thought_count": 43,
      "full_text_len": 15529,
      "pruned_at_step": 23,
      "pruned_by_chain_id": "q15_c6",
      "initial_pruned_count": 4
    }
  ],
  "error_chain_details": []
}