{
  "iteration": 24,
  "question_id": "index_23",
  "status": "SUCCESS",
  "n_chains_start": 8,
  "n_chains_completed_stream_for_voting": 8,
  "n_chains_pruned": 0,
  "n_chains_error": 0,
  "similarity_threshold": 0.98,
  "num_steps_to_delay_pruning": 20,
  "correct_answer_reference": "20",
  "individual_answers_final": [
    "25",
    "100",
    "25",
    "25",
    "100",
    "100",
    "100",
    "100"
  ],
  "voted_answer": "100",
  "final_score": 0,
  "processing_duration_sec": 410.2747333049774,
  "total_analysis_intervals": 100,
  "avg_kv_cache_usage": 0.21742026995287822,
  "max_kv_cache_usage": 0.4052902936561309,
  "usage_aggregated": {
    "prompt_tokens": 677,
    "total_completion_tokens_across_all_started_chains": 106125
  },
  "chains_for_voting_details": [
    {
      "chain_index": 1,
      "finish_reason": "stop",
      "extracted_answer": "25",
      "prompt_tokens": 677,
      "completion_tokens": 13778,
      "completed_thought_count": 80,
      "final_mean_pairwise_similarity": 0.6036826372146606,
      "final_internal_similarity": 0.007546032965183258,
      "pruned_count": 0
    },
    {
      "chain_index": 2,
      "finish_reason": "stop",
      "extracted_answer": "100",
      "prompt_tokens": 677,
      "completion_tokens": 10200,
      "completed_thought_count": 52,
      "final_mean_pairwise_similarity": 0.6378983855247498,
      "final_internal_similarity": 0.012267276644706726,
      "pruned_count": 0
    },
    {
      "chain_index": 3,
      "finish_reason": "stop",
      "extracted_answer": "25",
      "prompt_tokens": 677,
      "completion_tokens": 15743,
      "completed_thought_count": 89,
      "final_mean_pairwise_similarity": 0.5815980434417725,
      "final_internal_similarity": 0.006534809476873848,
      "pruned_count": 0
    },
    {
      "chain_index": 4,
      "finish_reason": "stop",
      "extracted_answer": "25",
      "prompt_tokens": 677,
      "completion_tokens": 14103,
      "completed_thought_count": 76,
      "final_mean_pairwise_similarity": 0.5941886901855469,
      "final_internal_similarity": 0.00781827223928351,
      "pruned_count": 0
    },
    {
      "chain_index": 5,
      "finish_reason": "stop",
      "extracted_answer": "100",
      "prompt_tokens": 677,
      "completion_tokens": 13809,
      "completed_thought_count": 76,
      "final_mean_pairwise_similarity": 0.5699535012245178,
      "final_internal_similarity": 0.007499388174006813,
      "pruned_count": 0
    },
    {
      "chain_index": 6,
      "finish_reason": "stop",
      "extracted_answer": "100",
      "prompt_tokens": 677,
      "completion_tokens": 13873,
      "completed_thought_count": 89,
      "final_mean_pairwise_similarity": 0.5528106689453125,
      "final_internal_similarity": 0.006211355830846208,
      "pruned_count": 0
    },
    {
      "chain_index": 7,
      "finish_reason": "stop",
      "extracted_answer": "100",
      "prompt_tokens": 677,
      "completion_tokens": 17448,
      "completed_thought_count": 81,
      "final_mean_pairwise_similarity": 0.6429009437561035,
      "final_internal_similarity": 0.007937048688346956,
      "pruned_count": 0
    },
    {
      "chain_index": 8,
      "finish_reason": "stop",
      "extracted_answer": "100",
      "prompt_tokens": 677,
      "completion_tokens": 7171,
      "completed_thought_count": 44,
      "final_mean_pairwise_similarity": 0.6458763480186462,
      "final_internal_similarity": 0.014679007909514687,
      "pruned_count": 0
    }
  ],
  "pruned_chain_details": [],
  "error_chain_details": []
}