{
  "iteration": 20,
  "question_id": "index_19",
  "status": "SUCCESS",
  "n_chains_start": 8,
  "n_chains_completed_stream_for_voting": 8,
  "n_chains_pruned": 0,
  "n_chains_error": 0,
  "similarity_threshold": 0.98,
  "num_steps_to_delay_pruning": 20,
  "correct_answer_reference": "\\frac{448}{3}",
  "individual_answers_final": [
    "315",
    "225",
    "43",
    "\\dfrac{2025}{2}",
    "9800",
    "630",
    "\\dfrac{135}{2}",
    "602"
  ],
  "voted_answer": "602",
  "final_score": 0,
  "processing_duration_sec": 502.15852308273315,
  "total_analysis_intervals": 100,
  "avg_kv_cache_usage": 0.25854803709580054,
  "max_kv_cache_usage": 0.4487783008294104,
  "usage_aggregated": {
    "prompt_tokens": 133937,
    "total_completion_tokens_across_all_started_chains": 133423
  },
  "chains_for_voting_details": [
    {
      "chain_index": 1,
      "finish_reason": "stop",
      "extracted_answer": "315",
      "prompt_tokens": 166,
      "completion_tokens": 18527,
      "completed_thought_count": 129,
      "final_mean_pairwise_similarity": 0.4888013005256653,
      "final_internal_similarity": 0.00378915736841601,
      "pruned_count": 0
    },
    {
      "chain_index": 2,
      "finish_reason": "stop",
      "extracted_answer": "225",
      "prompt_tokens": 166,
      "completion_tokens": 14777,
      "completed_thought_count": 125,
      "final_mean_pairwise_similarity": 0.43064823746681213,
      "final_internal_similarity": 0.003445185899734497,
      "pruned_count": 0
    },
    {
      "chain_index": 3,
      "finish_reason": "stop",
      "extracted_answer": "43",
      "prompt_tokens": 166,
      "completion_tokens": 10899,
      "completed_thought_count": 118,
      "final_mean_pairwise_similarity": 0.4477525055408478,
      "final_internal_similarity": 0.003794512758820744,
      "pruned_count": 0
    },
    {
      "chain_index": 4,
      "finish_reason": "stop",
      "extracted_answer": "\\dfrac{2025}{2}",
      "prompt_tokens": 166,
      "completion_tokens": 13558,
      "completed_thought_count": 172,
      "final_mean_pairwise_similarity": 0.4939657151699066,
      "final_internal_similarity": 0.0028718936928482943,
      "pruned_count": 0
    },
    {
      "chain_index": 5,
      "finish_reason": "stop",
      "extracted_answer": "9800",
      "prompt_tokens": 166,
      "completion_tokens": 20464,
      "completed_thought_count": 125,
      "final_mean_pairwise_similarity": 0.42863646149635315,
      "final_internal_similarity": 0.0034290916919708253,
      "pruned_count": 0
    },
    {
      "chain_index": 6,
      "finish_reason": "stop",
      "extracted_answer": "630",
      "prompt_tokens": 166,
      "completion_tokens": 14970,
      "completed_thought_count": 110,
      "final_mean_pairwise_similarity": 0.42034226655960083,
      "final_internal_similarity": 0.0038212933323600075,
      "pruned_count": 0
    },
    {
      "chain_index": 7,
      "finish_reason": "stop",
      "extracted_answer": "\\dfrac{135}{2}",
      "prompt_tokens": 166,
      "completion_tokens": 21363,
      "completed_thought_count": 159,
      "final_mean_pairwise_similarity": 0.4583750069141388,
      "final_internal_similarity": 0.0028828616787052756,
      "pruned_count": 0
    },
    {
      "chain_index": 8,
      "finish_reason": "stop",
      "extracted_answer": "602",
      "prompt_tokens": 166,
      "completion_tokens": 18865,
      "completed_thought_count": 110,
      "final_mean_pairwise_similarity": 0.41403764486312866,
      "final_internal_similarity": 0.003763978589664806,
      "pruned_count": 0
    }
  ],
  "pruned_chain_details": [],
  "error_chain_details": [],
  "llm_tie_break_performed": true,
  "llm_tie_break_prompt_tokens": 133771,
  "llm_tie_break_completion_tokens": 0,
  "llm_tie_break_response_text": ""
}