{
  "iteration": 29,
  "question_id": "index_28",
  "status": "SUCCESS",
  "n_chains_start": 8,
  "n_chains_completed_stream_for_voting": 8,
  "n_chains_pruned": 0,
  "n_chains_error": 0,
  "similarity_threshold": 0.98,
  "num_steps_to_delay_pruning": 20,
  "correct_answer_reference": "14+4\\sqrt{37}",
  "individual_answers_final": [
    "26",
    "\\sqrt{738 + 6\\sqrt{4313}}",
    "25",
    "26",
    "25",
    "25",
    "10",
    "25"
  ],
  "voted_answer": "25",
  "final_score": 0,
  "processing_duration_sec": 912.039568901062,
  "total_analysis_intervals": 100,
  "avg_kv_cache_usage": 0.3868776094342211,
  "max_kv_cache_usage": 0.7298811925577224,
  "usage_aggregated": {
    "prompt_tokens": 134,
    "total_completion_tokens_across_all_started_chains": 214934
  },
  "chains_for_voting_details": [
    {
      "chain_index": 1,
      "finish_reason": "stop",
      "extracted_answer": "26",
      "prompt_tokens": 134,
      "completion_tokens": 36678,
      "completed_thought_count": 56,
      "final_mean_pairwise_similarity": 0.44127050042152405,
      "final_internal_similarity": 0.007879830364670073,
      "pruned_count": 0
    },
    {
      "chain_index": 2,
      "finish_reason": "stop",
      "extracted_answer": "\\sqrt{738 + 6\\sqrt{4313}}",
      "prompt_tokens": 134,
      "completion_tokens": 19834,
      "completed_thought_count": 39,
      "final_mean_pairwise_similarity": 0.44252029061317444,
      "final_internal_similarity": 0.011346674118286524,
      "pruned_count": 0
    },
    {
      "chain_index": 3,
      "finish_reason": "stop",
      "extracted_answer": "25",
      "prompt_tokens": 134,
      "completion_tokens": 25345,
      "completed_thought_count": 38,
      "final_mean_pairwise_similarity": 0.4281834065914154,
      "final_internal_similarity": 0.011267984383984617,
      "pruned_count": 0
    },
    {
      "chain_index": 4,
      "finish_reason": "stop",
      "extracted_answer": "26",
      "prompt_tokens": 134,
      "completion_tokens": 28773,
      "completed_thought_count": 62,
      "final_mean_pairwise_similarity": 0.4627239406108856,
      "final_internal_similarity": 0.007463289364691704,
      "pruned_count": 0
    },
    {
      "chain_index": 5,
      "finish_reason": "stop",
      "extracted_answer": "25",
      "prompt_tokens": 134,
      "completion_tokens": 24833,
      "completed_thought_count": 43,
      "final_mean_pairwise_similarity": 0.3426550030708313,
      "final_internal_similarity": 0.00796872100164724,
      "pruned_count": 0
    },
    {
      "chain_index": 6,
      "finish_reason": "stop",
      "extracted_answer": "25",
      "prompt_tokens": 134,
      "completion_tokens": 32271,
      "completed_thought_count": 32,
      "final_mean_pairwise_similarity": 0.40256649255752563,
      "final_internal_similarity": 0.012580202892422676,
      "pruned_count": 0
    },
    {
      "chain_index": 7,
      "finish_reason": "stop",
      "extracted_answer": "10",
      "prompt_tokens": 134,
      "completion_tokens": 27805,
      "completed_thought_count": 34,
      "final_mean_pairwise_similarity": 0.4416584372520447,
      "final_internal_similarity": 0.012989954036824843,
      "pruned_count": 0
    },
    {
      "chain_index": 8,
      "finish_reason": "stop",
      "extracted_answer": "25",
      "prompt_tokens": 134,
      "completion_tokens": 19395,
      "completed_thought_count": 50,
      "final_mean_pairwise_similarity": 0.3879338502883911,
      "final_internal_similarity": 0.007758677005767822,
      "pruned_count": 0
    }
  ],
  "pruned_chain_details": [],
  "error_chain_details": []
}