{
  "iteration": 17,
  "question_id": "index_16",
  "status": "SUCCESS",
  "n_chains_start": 8,
  "n_chains_completed_stream_for_voting": 8,
  "n_chains_pruned": 0,
  "n_chains_error": 0,
  "similarity_threshold": 0.98,
  "num_steps_to_delay_pruning": 20,
  "correct_answer_reference": "2^{25} \\cdot 26!",
  "individual_answers_final": [
    "6 \\times (26!)^3",
    "26!",
    "26!",
    "6 \\times (26!)^3",
    "2 \\times 26!",
    "26!",
    "26!",
    "26!"
  ],
  "voted_answer": "26!",
  "final_score": 0,
  "processing_duration_sec": 269.8303475379944,
  "total_analysis_intervals": 74,
  "avg_kv_cache_usage": 0.12037248968249814,
  "max_kv_cache_usage": 0.2113128595979975,
  "usage_aggregated": {
    "prompt_tokens": 142,
    "total_completion_tokens_across_all_started_chains": 69040
  },
  "chains_for_voting_details": [
    {
      "chain_index": 1,
      "finish_reason": "stop",
      "extracted_answer": "6 \\times (26!)^3",
      "prompt_tokens": 142,
      "completion_tokens": 6321,
      "completed_thought_count": 66,
      "final_mean_pairwise_similarity": 0.5343708395957947,
      "final_internal_similarity": 0.008096527872663555,
      "pruned_count": 0
    },
    {
      "chain_index": 2,
      "finish_reason": "stop",
      "extracted_answer": "26!",
      "prompt_tokens": 142,
      "completion_tokens": 5382,
      "completed_thought_count": 44,
      "final_mean_pairwise_similarity": 0.5655677318572998,
      "final_internal_similarity": 0.012853812087665905,
      "pruned_count": 0
    },
    {
      "chain_index": 3,
      "finish_reason": "stop",
      "extracted_answer": "26!",
      "prompt_tokens": 142,
      "completion_tokens": 11099,
      "completed_thought_count": 107,
      "final_mean_pairwise_similarity": 0.600886344909668,
      "final_internal_similarity": 0.0056157602328006356,
      "pruned_count": 0
    },
    {
      "chain_index": 4,
      "finish_reason": "stop",
      "extracted_answer": "6 \\times (26!)^3",
      "prompt_tokens": 142,
      "completion_tokens": 7718,
      "completed_thought_count": 82,
      "final_mean_pairwise_similarity": 0.5215747356414795,
      "final_internal_similarity": 0.00636066750782292,
      "pruned_count": 0
    },
    {
      "chain_index": 5,
      "finish_reason": "stop",
      "extracted_answer": "2 \\times 26!",
      "prompt_tokens": 142,
      "completion_tokens": 6853,
      "completed_thought_count": 62,
      "final_mean_pairwise_similarity": 0.5970097780227661,
      "final_internal_similarity": 0.00962918996810913,
      "pruned_count": 0
    },
    {
      "chain_index": 6,
      "finish_reason": "stop",
      "extracted_answer": "26!",
      "prompt_tokens": 142,
      "completion_tokens": 7963,
      "completed_thought_count": 72,
      "final_mean_pairwise_similarity": 0.5342712998390198,
      "final_internal_similarity": 0.007420434719986386,
      "pruned_count": 0
    },
    {
      "chain_index": 7,
      "finish_reason": "stop",
      "extracted_answer": "26!",
      "prompt_tokens": 142,
      "completion_tokens": 12915,
      "completed_thought_count": 115,
      "final_mean_pairwise_similarity": 0.5559471249580383,
      "final_internal_similarity": 0.004834322825722073,
      "pruned_count": 0
    },
    {
      "chain_index": 8,
      "finish_reason": "stop",
      "extracted_answer": "26!",
      "prompt_tokens": 142,
      "completion_tokens": 10789,
      "completed_thought_count": 122,
      "final_mean_pairwise_similarity": 0.543660044670105,
      "final_internal_similarity": 0.004456229874345123,
      "pruned_count": 0
    }
  ],
  "pruned_chain_details": [],
  "error_chain_details": []
}