{
  "iteration": 25,
  "question_id": "index_24",
  "status": "SUCCESS",
  "n_chains_start": 8,
  "n_chains_completed_stream_for_voting": 1,
  "n_chains_pruned": 7,
  "n_chains_error": 0,
  "similarity_threshold": 0.98,
  "num_steps_to_delay_pruning": 20,
  "correct_answer_reference": "\\sqrt{23}-2 \\sqrt{3}",
  "individual_answers_final": [
    "1"
  ],
  "voted_answer": "1",
  "final_score": 0,
  "processing_duration_sec": 501.9900529384613,
  "total_analysis_intervals": 58,
  "avg_kv_cache_usage": 0.10447355284690331,
  "max_kv_cache_usage": 0.3036688335948592,
  "usage_aggregated": {
    "prompt_tokens": 146,
    "total_completion_tokens_across_all_started_chains": 80895
  },
  "chains_for_voting_details": [
    {
      "chain_index": 3,
      "finish_reason": "stop",
      "extracted_answer": "1",
      "prompt_tokens": 146,
      "completion_tokens": 23289,
      "completed_thought_count": 75,
      "final_mean_pairwise_similarity": 0.3977971374988556,
      "final_internal_similarity": 0.0053039618333180745,
      "pruned_count": 7
    }
  ],
  "pruned_chain_details": [
    {
      "chain_index": 1,
      "finish_reason": "worker_terminated_unexpectedly",
      "completion_tokens": 8252,
      "completed_thought_count": 44,
      "full_text_len": 22047,
      "pruned_at_step": 53,
      "pruned_by_chain_id": "q25_c3",
      "initial_pruned_count": 0
    },
    {
      "chain_index": 2,
      "finish_reason": "worker_terminated_unexpectedly",
      "completion_tokens": 7976,
      "completed_thought_count": 54,
      "full_text_len": 23214,
      "pruned_at_step": 49,
      "pruned_by_chain_id": "q25_c7",
      "initial_pruned_count": 0
    },
    {
      "chain_index": 4,
      "finish_reason": "worker_terminated_unexpectedly",
      "completion_tokens": 8115,
      "completed_thought_count": 44,
      "full_text_len": 22344,
      "pruned_at_step": 51,
      "pruned_by_chain_id": "q25_c3",
      "initial_pruned_count": 0
    },
    {
      "chain_index": 5,
      "finish_reason": "worker_terminated_unexpectedly",
      "completion_tokens": 8517,
      "completed_thought_count": 38,
      "full_text_len": 22237,
      "pruned_at_step": 57,
      "pruned_by_chain_id": "q25_c3",
      "initial_pruned_count": 0
    },
    {
      "chain_index": 6,
      "finish_reason": "worker_terminated_unexpectedly",
      "completion_tokens": 8251,
      "completed_thought_count": 57,
      "full_text_len": 25537,
      "pruned_at_step": 53,
      "pruned_by_chain_id": "q25_c3",
      "initial_pruned_count": 1
    },
    {
      "chain_index": 7,
      "finish_reason": "worker_terminated_unexpectedly",
      "completion_tokens": 8380,
      "completed_thought_count": 41,
      "full_text_len": 23402,
      "pruned_at_step": 55,
      "pruned_by_chain_id": "q25_c3",
      "initial_pruned_count": 1
    },
    {
      "chain_index": 8,
      "finish_reason": "worker_terminated_unexpectedly",
      "completion_tokens": 8115,
      "completed_thought_count": 39,
      "full_text_len": 21544,
      "pruned_at_step": 51,
      "pruned_by_chain_id": "q25_c6",
      "initial_pruned_count": 0
    }
  ],
  "error_chain_details": []
}