{
  "iteration": 8,
  "question_id": "index_7",
  "status": "SUCCESS",
  "n_chains_start": 8,
  "n_chains_completed_stream_for_voting": 8,
  "n_chains_pruned": 0,
  "n_chains_error": 0,
  "similarity_threshold": 0.98,
  "num_steps_to_delay_pruning": 20,
  "correct_answer_reference": "1-\\frac{2}{\\pi}",
  "individual_answers_final": [
    "\\dfrac{\\sqrt{3} - 1}{2}",
    "\\dfrac{1}{2}",
    "\\dfrac{4}{11}",
    "1 - \\dfrac{2}{\\pi}",
    "\\dfrac{9}{25}",
    "\\dfrac{\\sqrt{3} - 1}{2}",
    "\\dfrac{93}{256}",
    "\\dfrac{80081}{131072}"
  ],
  "voted_answer": "\\dfrac{\\sqrt{3} - 1}{2}",
  "final_score": 0,
  "processing_duration_sec": 631.0132231712341,
  "total_analysis_intervals": 100,
  "avg_kv_cache_usage": 0.2531070161928267,
  "max_kv_cache_usage": 0.5010834640962415,
  "usage_aggregated": {
    "prompt_tokens": 151,
    "total_completion_tokens_across_all_started_chains": 144520
  },
  "chains_for_voting_details": [
    {
      "chain_index": 1,
      "finish_reason": "stop",
      "extracted_answer": "\\dfrac{\\sqrt{3} - 1}{2}",
      "prompt_tokens": 151,
      "completion_tokens": 20423,
      "completed_thought_count": 74,
      "final_mean_pairwise_similarity": 0.37971171736717224,
      "final_internal_similarity": 0.005131239423880706,
      "pruned_count": 0
    },
    {
      "chain_index": 2,
      "finish_reason": "stop",
      "extracted_answer": "\\dfrac{1}{2}",
      "prompt_tokens": 151,
      "completion_tokens": 17902,
      "completed_thought_count": 87,
      "final_mean_pairwise_similarity": 0.4942585229873657,
      "final_internal_similarity": 0.00568113244813064,
      "pruned_count": 0
    },
    {
      "chain_index": 3,
      "finish_reason": "stop",
      "extracted_answer": "\\dfrac{4}{11}",
      "prompt_tokens": 151,
      "completion_tokens": 17484,
      "completed_thought_count": 57,
      "final_mean_pairwise_similarity": 0.3901229202747345,
      "final_internal_similarity": 0.006844261759205868,
      "pruned_count": 0
    },
    {
      "chain_index": 4,
      "finish_reason": "stop",
      "extracted_answer": "1 - \\dfrac{2}{\\pi}",
      "prompt_tokens": 151,
      "completion_tokens": 17712,
      "completed_thought_count": 84,
      "final_mean_pairwise_similarity": 0.39227551221847534,
      "final_internal_similarity": 0.004669946574029468,
      "pruned_count": 0
    },
    {
      "chain_index": 5,
      "finish_reason": "stop",
      "extracted_answer": "\\dfrac{9}{25}",
      "prompt_tokens": 151,
      "completion_tokens": 22072,
      "completed_thought_count": 87,
      "final_mean_pairwise_similarity": 0.344391793012619,
      "final_internal_similarity": 0.003958526356466885,
      "pruned_count": 0
    },
    {
      "chain_index": 6,
      "finish_reason": "stop",
      "extracted_answer": "\\dfrac{\\sqrt{3} - 1}{2}",
      "prompt_tokens": 151,
      "completion_tokens": 15170,
      "completed_thought_count": 97,
      "final_mean_pairwise_similarity": 0.37158331274986267,
      "final_internal_similarity": 0.003830755801544976,
      "pruned_count": 0
    },
    {
      "chain_index": 7,
      "finish_reason": "stop",
      "extracted_answer": "\\dfrac{93}{256}",
      "prompt_tokens": 151,
      "completion_tokens": 7224,
      "completed_thought_count": 48,
      "final_mean_pairwise_similarity": 0.4325551986694336,
      "final_internal_similarity": 0.009011566638946533,
      "pruned_count": 0
    },
    {
      "chain_index": 8,
      "finish_reason": "stop",
      "extracted_answer": "\\dfrac{80081}{131072}",
      "prompt_tokens": 151,
      "completion_tokens": 26533,
      "completed_thought_count": 103,
      "final_mean_pairwise_similarity": 0.35131603479385376,
      "final_internal_similarity": 0.003410835289260716,
      "pruned_count": 0
    }
  ],
  "pruned_chain_details": [],
  "error_chain_details": []
}