{
  "iteration": 23,
  "question_id": "index_22",
  "status": "SUCCESS",
  "n_chains_start": 8,
  "n_chains_completed_stream_for_voting": 8,
  "n_chains_pruned": 0,
  "n_chains_error": 0,
  "similarity_threshold": 0.98,
  "num_steps_to_delay_pruning": 20,
  "correct_answer_reference": "8\\sqrt{10}",
  "individual_answers_final": [
    "8\\sqrt{10}",
    "8\\sqrt{10}",
    "\\dfrac{4\\sqrt{10}}{5}",
    "8\\sqrt{10}",
    "8\\sqrt{10}",
    "8\\sqrt{10}",
    "8\\sqrt{10}",
    "8\\sqrt{10}"
  ],
  "voted_answer": "8\\sqrt{10}",
  "final_score": 1,
  "processing_duration_sec": 507.25088000297546,
  "total_analysis_intervals": 70,
  "avg_kv_cache_usage": 0.09515767728278453,
  "max_kv_cache_usage": 0.216991705895539,
  "usage_aggregated": {
    "prompt_tokens": 130,
    "total_completion_tokens_across_all_started_chains": 73534
  },
  "chains_for_voting_details": [
    {
      "chain_index": 1,
      "finish_reason": "stop",
      "extracted_answer": "8\\sqrt{10}",
      "prompt_tokens": 130,
      "completion_tokens": 5748,
      "completed_thought_count": 15,
      "final_mean_pairwise_similarity": 0.5632086992263794,
      "final_internal_similarity": 0.03754724661509196,
      "pruned_count": 0
    },
    {
      "chain_index": 2,
      "finish_reason": "stop",
      "extracted_answer": "8\\sqrt{10}",
      "prompt_tokens": 130,
      "completion_tokens": 8065,
      "completed_thought_count": 24,
      "final_mean_pairwise_similarity": 0.5609846115112305,
      "final_internal_similarity": 0.023374358812967937,
      "pruned_count": 0
    },
    {
      "chain_index": 3,
      "finish_reason": "stop",
      "extracted_answer": "\\dfrac{4\\sqrt{10}}{5}",
      "prompt_tokens": 130,
      "completion_tokens": 22580,
      "completed_thought_count": 24,
      "final_mean_pairwise_similarity": 0.46890512108802795,
      "final_internal_similarity": 0.01953771337866783,
      "pruned_count": 0
    },
    {
      "chain_index": 4,
      "finish_reason": "stop",
      "extracted_answer": "8\\sqrt{10}",
      "prompt_tokens": 130,
      "completion_tokens": 5673,
      "completed_thought_count": 20,
      "final_mean_pairwise_similarity": 0.47363314032554626,
      "final_internal_similarity": 0.023681657016277315,
      "pruned_count": 0
    },
    {
      "chain_index": 5,
      "finish_reason": "stop",
      "extracted_answer": "8\\sqrt{10}",
      "prompt_tokens": 130,
      "completion_tokens": 6395,
      "completed_thought_count": 17,
      "final_mean_pairwise_similarity": 0.46703261137008667,
      "final_internal_similarity": 0.02747250655118157,
      "pruned_count": 0
    },
    {
      "chain_index": 6,
      "finish_reason": "stop",
      "extracted_answer": "8\\sqrt{10}",
      "prompt_tokens": 130,
      "completion_tokens": 6624,
      "completed_thought_count": 19,
      "final_mean_pairwise_similarity": 0.46990305185317993,
      "final_internal_similarity": 0.024731739571219997,
      "pruned_count": 0
    },
    {
      "chain_index": 7,
      "finish_reason": "stop",
      "extracted_answer": "8\\sqrt{10}",
      "prompt_tokens": 130,
      "completion_tokens": 10804,
      "completed_thought_count": 37,
      "final_mean_pairwise_similarity": 0.46860817074775696,
      "final_internal_similarity": 0.012665085695885323,
      "pruned_count": 0
    },
    {
      "chain_index": 8,
      "finish_reason": "stop",
      "extracted_answer": "8\\sqrt{10}",
      "prompt_tokens": 130,
      "completion_tokens": 7645,
      "completed_thought_count": 23,
      "final_mean_pairwise_similarity": 0.5024594068527222,
      "final_internal_similarity": 0.02184606116750966,
      "pruned_count": 0
    }
  ],
  "pruned_chain_details": [],
  "error_chain_details": []
}