{
  "iteration": 9,
  "question_id": "index_8",
  "status": "SUCCESS",
  "n_chains_start": 8,
  "n_chains_completed_stream_for_voting": 8,
  "n_chains_pruned": 0,
  "n_chains_error": 0,
  "similarity_threshold": 0.98,
  "num_steps_to_delay_pruning": 20,
  "correct_answer_reference": "1037",
  "individual_answers_final": [
    "1037",
    "1037",
    "1037",
    "1037",
    "1037",
    "992",
    "1037",
    "1037"
  ],
  "voted_answer": "1037",
  "final_score": 1,
  "processing_duration_sec": 318.43849992752075,
  "total_analysis_intervals": 82,
  "avg_kv_cache_usage": 0.15306491163155073,
  "max_kv_cache_usage": 0.3102443398341179,
  "usage_aggregated": {
    "prompt_tokens": 238,
    "total_completion_tokens_across_all_started_chains": 84297
  },
  "chains_for_voting_details": [
    {
      "chain_index": 1,
      "finish_reason": "stop",
      "extracted_answer": "1037",
      "prompt_tokens": 238,
      "completion_tokens": 8058,
      "completed_thought_count": 32,
      "final_mean_pairwise_similarity": 0.5166014432907104,
      "final_internal_similarity": 0.0161437951028347,
      "pruned_count": 0
    },
    {
      "chain_index": 2,
      "finish_reason": "stop",
      "extracted_answer": "1037",
      "prompt_tokens": 238,
      "completion_tokens": 11980,
      "completed_thought_count": 86,
      "final_mean_pairwise_similarity": 0.3674924373626709,
      "final_internal_similarity": 0.0042731678763101265,
      "pruned_count": 0
    },
    {
      "chain_index": 3,
      "finish_reason": "stop",
      "extracted_answer": "1037",
      "prompt_tokens": 238,
      "completion_tokens": 14726,
      "completed_thought_count": 81,
      "final_mean_pairwise_similarity": 0.38456758856773376,
      "final_internal_similarity": 0.004747748007009059,
      "pruned_count": 0
    },
    {
      "chain_index": 4,
      "finish_reason": "stop",
      "extracted_answer": "1037",
      "prompt_tokens": 238,
      "completion_tokens": 9346,
      "completed_thought_count": 38,
      "final_mean_pairwise_similarity": 0.43980830907821655,
      "final_internal_similarity": 0.011573902870479384,
      "pruned_count": 0
    },
    {
      "chain_index": 5,
      "finish_reason": "stop",
      "extracted_answer": "1037",
      "prompt_tokens": 238,
      "completion_tokens": 11987,
      "completed_thought_count": 112,
      "final_mean_pairwise_similarity": 0.377534955739975,
      "final_internal_similarity": 0.0033708478191069196,
      "pruned_count": 0
    },
    {
      "chain_index": 6,
      "finish_reason": "stop",
      "extracted_answer": "992",
      "prompt_tokens": 238,
      "completion_tokens": 8154,
      "completed_thought_count": 68,
      "final_mean_pairwise_similarity": 0.399717777967453,
      "final_internal_similarity": 0.0058782026171684265,
      "pruned_count": 0
    },
    {
      "chain_index": 7,
      "finish_reason": "stop",
      "extracted_answer": "1037",
      "prompt_tokens": 238,
      "completion_tokens": 10418,
      "completed_thought_count": 45,
      "final_mean_pairwise_similarity": 0.4383762776851654,
      "final_internal_similarity": 0.009741695059670343,
      "pruned_count": 0
    },
    {
      "chain_index": 8,
      "finish_reason": "stop",
      "extracted_answer": "1037",
      "prompt_tokens": 238,
      "completion_tokens": 9628,
      "completed_thought_count": 43,
      "final_mean_pairwise_similarity": 0.4094841778278351,
      "final_internal_similarity": 0.009522887856461281,
      "pruned_count": 0
    }
  ],
  "pruned_chain_details": [],
  "error_chain_details": []
}