{
  "iteration": 21,
  "question_id": "index_20",
  "status": "SUCCESS",
  "n_chains_start": 8,
  "n_chains_completed_stream_for_voting": 8,
  "n_chains_pruned": 0,
  "n_chains_error": 0,
  "similarity_threshold": 0.98,
  "num_steps_to_delay_pruning": 20,
  "correct_answer_reference": "26",
  "individual_answers_final": [
    "26",
    "26",
    "26",
    "26",
    "26",
    "26",
    "26",
    "26"
  ],
  "voted_answer": "26",
  "final_score": 1,
  "processing_duration_sec": 55.55305814743042,
  "total_analysis_intervals": 16,
  "avg_kv_cache_usage": 0.03969758767460966,
  "max_kv_cache_usage": 0.0723305686318463,
  "usage_aggregated": {
    "prompt_tokens": 134,
    "total_completion_tokens_across_all_started_chains": 19071
  },
  "chains_for_voting_details": [
    {
      "chain_index": 1,
      "finish_reason": "stop",
      "extracted_answer": "26",
      "prompt_tokens": 134,
      "completion_tokens": 2628,
      "completed_thought_count": 6,
      "final_mean_pairwise_similarity": 0.6781978011131287,
      "final_internal_similarity": 0.11303296685218811,
      "pruned_count": 0
    },
    {
      "chain_index": 2,
      "finish_reason": "stop",
      "extracted_answer": "26",
      "prompt_tokens": 134,
      "completion_tokens": 1801,
      "completed_thought_count": 3,
      "final_mean_pairwise_similarity": 0.7685732841491699,
      "final_internal_similarity": 0.25619109471638996,
      "pruned_count": 0
    },
    {
      "chain_index": 3,
      "finish_reason": "stop",
      "extracted_answer": "26",
      "prompt_tokens": 134,
      "completion_tokens": 1866,
      "completed_thought_count": 3,
      "final_mean_pairwise_similarity": 0.6701124310493469,
      "final_internal_similarity": 0.22337081034978232,
      "pruned_count": 0
    },
    {
      "chain_index": 4,
      "finish_reason": "stop",
      "extracted_answer": "26",
      "prompt_tokens": 134,
      "completion_tokens": 2320,
      "completed_thought_count": 6,
      "final_mean_pairwise_similarity": 0.7814374566078186,
      "final_internal_similarity": 0.1302395761013031,
      "pruned_count": 0
    },
    {
      "chain_index": 5,
      "finish_reason": "stop",
      "extracted_answer": "26",
      "prompt_tokens": 134,
      "completion_tokens": 1990,
      "completed_thought_count": 2,
      "final_mean_pairwise_similarity": 0.7890480756759644,
      "final_internal_similarity": 0.3945240378379822,
      "pruned_count": 0
    },
    {
      "chain_index": 6,
      "finish_reason": "stop",
      "extracted_answer": "26",
      "prompt_tokens": 134,
      "completion_tokens": 2736,
      "completed_thought_count": 3,
      "final_mean_pairwise_similarity": 0.7229983806610107,
      "final_internal_similarity": 0.24099946022033691,
      "pruned_count": 0
    },
    {
      "chain_index": 7,
      "finish_reason": "stop",
      "extracted_answer": "26",
      "prompt_tokens": 134,
      "completion_tokens": 3078,
      "completed_thought_count": 9,
      "final_mean_pairwise_similarity": 0.737076461315155,
      "final_internal_similarity": 0.08189738459057277,
      "pruned_count": 0
    },
    {
      "chain_index": 8,
      "finish_reason": "stop",
      "extracted_answer": "26",
      "prompt_tokens": 134,
      "completion_tokens": 2652,
      "completed_thought_count": 11,
      "final_mean_pairwise_similarity": 0.7204568386077881,
      "final_internal_similarity": 0.06549607623707164,
      "pruned_count": 0
    }
  ],
  "pruned_chain_details": [],
  "error_chain_details": []
}