{
  "iteration": 6,
  "question_id": "index_5",
  "status": "SUCCESS",
  "n_chains_start": 8,
  "n_chains_completed_stream_for_voting": 8,
  "n_chains_pruned": 0,
  "n_chains_error": 0,
  "similarity_threshold": 0.98,
  "num_steps_to_delay_pruning": 20,
  "correct_answer_reference": "\\frac{1311}{2017}",
  "individual_answers_final": [
    "1 - \\dfrac{1}{2025!}",
    "\\dfrac{1311}{2017}",
    "\\dfrac{1}{2017}",
    "\\dfrac{2016}{2017}",
    "\\dfrac{1311}{2017}",
    "\\dfrac{1311}{2017}",
    "\\dfrac{1311}{2017}",
    "\\dfrac{1311}{2017}"
  ],
  "voted_answer": "\\dfrac{1311}{2017}",
  "final_score": 1,
  "processing_duration_sec": 292.9474000930786,
  "total_analysis_intervals": 94,
  "avg_kv_cache_usage": 0.13275061979268815,
  "max_kv_cache_usage": 0.2113128595979975,
  "usage_aggregated": {
    "prompt_tokens": 108,
    "total_completion_tokens_across_all_started_chains": 74160
  },
  "chains_for_voting_details": [
    {
      "chain_index": 1,
      "finish_reason": "stop",
      "extracted_answer": "1 - \\dfrac{1}{2025!}",
      "prompt_tokens": 108,
      "completion_tokens": 5259,
      "completed_thought_count": 30,
      "final_mean_pairwise_similarity": 0.6748775243759155,
      "final_internal_similarity": 0.022495917479197183,
      "pruned_count": 0
    },
    {
      "chain_index": 2,
      "finish_reason": "stop",
      "extracted_answer": "\\dfrac{1311}{2017}",
      "prompt_tokens": 108,
      "completion_tokens": 10299,
      "completed_thought_count": 47,
      "final_mean_pairwise_similarity": 0.6446802020072937,
      "final_internal_similarity": 0.013716600042708377,
      "pruned_count": 0
    },
    {
      "chain_index": 3,
      "finish_reason": "stop",
      "extracted_answer": "\\dfrac{1}{2017}",
      "prompt_tokens": 108,
      "completion_tokens": 13491,
      "completed_thought_count": 53,
      "final_mean_pairwise_similarity": 0.7142863869667053,
      "final_internal_similarity": 0.013477101640881232,
      "pruned_count": 0
    },
    {
      "chain_index": 4,
      "finish_reason": "stop",
      "extracted_answer": "\\dfrac{2016}{2017}",
      "prompt_tokens": 108,
      "completion_tokens": 7024,
      "completed_thought_count": 29,
      "final_mean_pairwise_similarity": 0.6124635338783264,
      "final_internal_similarity": 0.021119432202700912,
      "pruned_count": 0
    },
    {
      "chain_index": 5,
      "finish_reason": "stop",
      "extracted_answer": "\\dfrac{1311}{2017}",
      "prompt_tokens": 108,
      "completion_tokens": 6344,
      "completed_thought_count": 25,
      "final_mean_pairwise_similarity": 0.6823619604110718,
      "final_internal_similarity": 0.02729447841644287,
      "pruned_count": 0
    },
    {
      "chain_index": 6,
      "finish_reason": "stop",
      "extracted_answer": "\\dfrac{1311}{2017}",
      "prompt_tokens": 108,
      "completion_tokens": 9792,
      "completed_thought_count": 42,
      "final_mean_pairwise_similarity": 0.5628552436828613,
      "final_internal_similarity": 0.013401315325782412,
      "pruned_count": 0
    },
    {
      "chain_index": 7,
      "finish_reason": "stop",
      "extracted_answer": "\\dfrac{1311}{2017}",
      "prompt_tokens": 108,
      "completion_tokens": 13594,
      "completed_thought_count": 76,
      "final_mean_pairwise_similarity": 0.6672359108924866,
      "final_internal_similarity": 0.008779419880164297,
      "pruned_count": 0
    },
    {
      "chain_index": 8,
      "finish_reason": "stop",
      "extracted_answer": "\\dfrac{1311}{2017}",
      "prompt_tokens": 108,
      "completion_tokens": 8357,
      "completed_thought_count": 40,
      "final_mean_pairwise_similarity": 0.6216434836387634,
      "final_internal_similarity": 0.015541087090969085,
      "pruned_count": 0
    }
  ],
  "pruned_chain_details": [],
  "error_chain_details": []
}