{
  "iteration": 10,
  "question_id": "index_9",
  "status": "SUCCESS",
  "n_chains_start": 8,
  "n_chains_completed_stream_for_voting": 8,
  "n_chains_pruned": 0,
  "n_chains_error": 0,
  "similarity_threshold": 0.98,
  "num_steps_to_delay_pruning": 20,
  "correct_answer_reference": "\\frac{-1+\\sqrt{17}}{2}, \\frac{-1-\\sqrt{17}}{2}",
  "individual_answers_final": [
    "-3",
    "6",
    "\\dfrac{-1 - \\sqrt{17}}{2}",
    "-5",
    "\\dfrac{-1 - \\sqrt{17}}{2}",
    "6",
    "2",
    "-3"
  ],
  "voted_answer": "-3",
  "final_score": 0,
  "processing_duration_sec": 565.7171535491943,
  "total_analysis_intervals": 100,
  "avg_kv_cache_usage": 0.27217568690336075,
  "max_kv_cache_usage": 0.4667114996637524,
  "usage_aggregated": {
    "prompt_tokens": 109224,
    "total_completion_tokens_across_all_started_chains": 144579
  },
  "chains_for_voting_details": [
    {
      "chain_index": 1,
      "finish_reason": "stop",
      "extracted_answer": "-3",
      "prompt_tokens": 141,
      "completion_tokens": 20925,
      "completed_thought_count": 52,
      "final_mean_pairwise_similarity": 0.4924386441707611,
      "final_internal_similarity": 0.00946997392636079,
      "pruned_count": 0
    },
    {
      "chain_index": 2,
      "finish_reason": "stop",
      "extracted_answer": "6",
      "prompt_tokens": 141,
      "completion_tokens": 17551,
      "completed_thought_count": 62,
      "final_mean_pairwise_similarity": 0.46821460127830505,
      "final_internal_similarity": 0.007551848407714597,
      "pruned_count": 0
    },
    {
      "chain_index": 3,
      "finish_reason": "stop",
      "extracted_answer": "\\dfrac{-1 - \\sqrt{17}}{2}",
      "prompt_tokens": 141,
      "completion_tokens": 14092,
      "completed_thought_count": 61,
      "final_mean_pairwise_similarity": 0.47277432680130005,
      "final_internal_similarity": 0.007750398800021313,
      "pruned_count": 0
    },
    {
      "chain_index": 4,
      "finish_reason": "stop",
      "extracted_answer": "-5",
      "prompt_tokens": 141,
      "completion_tokens": 23513,
      "completed_thought_count": 36,
      "final_mean_pairwise_similarity": 0.5266178250312805,
      "final_internal_similarity": 0.01462827291753557,
      "pruned_count": 0
    },
    {
      "chain_index": 5,
      "finish_reason": "stop",
      "extracted_answer": "\\dfrac{-1 - \\sqrt{17}}{2}",
      "prompt_tokens": 141,
      "completion_tokens": 21354,
      "completed_thought_count": 34,
      "final_mean_pairwise_similarity": 0.5478715896606445,
      "final_internal_similarity": 0.016113870284136605,
      "pruned_count": 0
    },
    {
      "chain_index": 6,
      "finish_reason": "stop",
      "extracted_answer": "6",
      "prompt_tokens": 141,
      "completion_tokens": 18356,
      "completed_thought_count": 73,
      "final_mean_pairwise_similarity": 0.5014144778251648,
      "final_internal_similarity": 0.006868691477057052,
      "pruned_count": 0
    },
    {
      "chain_index": 7,
      "finish_reason": "stop",
      "extracted_answer": "2",
      "prompt_tokens": 141,
      "completion_tokens": 11644,
      "completed_thought_count": 24,
      "final_mean_pairwise_similarity": 0.44262707233428955,
      "final_internal_similarity": 0.018442794680595398,
      "pruned_count": 0
    },
    {
      "chain_index": 8,
      "finish_reason": "stop",
      "extracted_answer": "-3",
      "prompt_tokens": 141,
      "completion_tokens": 16503,
      "completed_thought_count": 46,
      "final_mean_pairwise_similarity": 0.39464977383613586,
      "final_internal_similarity": 0.008579342909481215,
      "pruned_count": 0
    }
  ],
  "pruned_chain_details": [],
  "error_chain_details": [],
  "llm_tie_break_performed": true,
  "llm_tie_break_prompt_tokens": 109083,
  "llm_tie_break_completion_tokens": 641,
  "llm_tie_break_response_text": "\n\nTo solve the problem where \\(a, b, c\\) are pairwise distinct complex numbers satisfying the equations:\n\n\\[\na^2 = b + 6, \\quad b^2 = c + 6, \\quad c^2 = a + 6\n\\]\n\nwe aim to find the two possible values of \\(a + b + c\\).\n\n1. **Sum of Squares**:\n   Adding the three equations:\n   \\[\n   a^2 + b^2 + c^2 = a + b + c + 18\n   \\]\n   Let \\(S = a + b + c\\). Then:\n   \\[\n   a^2 + b^2 + c^2 = S + 18\n   \\]\n\n2. **Identity for Sum of Squares**:\n   Using the identity:\n   \\[\n   a^2 + b^2 + c^2 = S^2 - 2(ab + bc + ca)\n   \\]\n   Substituting \\(a^2 + b^2 + c^2 = S + 18\\):\n   \\[\n   S^2 - 2(ab + bc + ca) = S + 18\n   \\]\n   Solving for \\(ab + bc + ca\\):\n   \\[\n   ab + bc + ca = \\frac{S^2 - S - 18}{2}\n   \\]\n\n3. **Product of Equations**:\n   Considering the product of the original equations:\n   \\[\n   (a^2)(b^2)(c^2) = (b + 6)(c + 6)(a + 6)\n   \\]\n   Let \\(Q = abc\\). Then:\n   \\[\n   Q^2 = Q + 6(ab + bc + ca) + 36S + 216\n   \\]\n   Substituting \\(ab + bc + ca\\):\n   \\[\n   Q^2 = Q + 3(S^2 - S - 18) + 36S + 216\n   \\]\n   Simplifying:\n   \\[\n   Q^2 = Q + 3S^2 + 33S + 162\n   \\]\n\n4. **Solving for \\(S\\)**:\n   After factoring and solving the polynomial equations, we find the possible values of \\(S\\) are \\(6\\) and \\(-3\\).\n\nThus, the two possible values of \\(a + b + c\\) are:\n\n\\[\n\\boxed{6}, \\boxed{-3}\n\\]"
}