{
  "iteration": 12,
  "question_id": "index_11",
  "status": "SUCCESS",
  "n_chains_start": 8,
  "n_chains_completed_stream_for_voting": 8,
  "n_chains_pruned": 0,
  "n_chains_error": 0,
  "similarity_threshold": 0.98,
  "num_steps_to_delay_pruning": 20,
  "correct_answer_reference": "29",
  "individual_answers_final": [
    "20",
    "31",
    "14",
    "14",
    "28",
    "13",
    "9",
    "16"
  ],
  "voted_answer": "14",
  "final_score": 0,
  "processing_duration_sec": 346.34352231025696,
  "total_analysis_intervals": 93,
  "avg_kv_cache_usage": 0.1647436201858038,
  "max_kv_cache_usage": 0.2970933273556003,
  "usage_aggregated": {
    "prompt_tokens": 142,
    "total_completion_tokens_across_all_started_chains": 89605
  },
  "chains_for_voting_details": [
    {
      "chain_index": 1,
      "finish_reason": "stop",
      "extracted_answer": "20",
      "prompt_tokens": 142,
      "completion_tokens": 10200,
      "completed_thought_count": 101,
      "final_mean_pairwise_similarity": 0.44031843543052673,
      "final_internal_similarity": 0.0043595884696091755,
      "pruned_count": 0
    },
    {
      "chain_index": 2,
      "finish_reason": "stop",
      "extracted_answer": "31",
      "prompt_tokens": 142,
      "completion_tokens": 8945,
      "completed_thought_count": 79,
      "final_mean_pairwise_similarity": 0.5395552515983582,
      "final_internal_similarity": 0.006829813311371623,
      "pruned_count": 0
    },
    {
      "chain_index": 3,
      "finish_reason": "stop",
      "extracted_answer": "14",
      "prompt_tokens": 142,
      "completion_tokens": 15321,
      "completed_thought_count": 118,
      "final_mean_pairwise_similarity": 0.5091444849967957,
      "final_internal_similarity": 0.004314783771159285,
      "pruned_count": 0
    },
    {
      "chain_index": 4,
      "finish_reason": "stop",
      "extracted_answer": "14",
      "prompt_tokens": 142,
      "completion_tokens": 6678,
      "completed_thought_count": 64,
      "final_mean_pairwise_similarity": 0.47126656770706177,
      "final_internal_similarity": 0.00736354012042284,
      "pruned_count": 0
    },
    {
      "chain_index": 5,
      "finish_reason": "stop",
      "extracted_answer": "28",
      "prompt_tokens": 142,
      "completion_tokens": 10537,
      "completed_thought_count": 125,
      "final_mean_pairwise_similarity": 0.5331998467445374,
      "final_internal_similarity": 0.004265598773956299,
      "pruned_count": 0
    },
    {
      "chain_index": 6,
      "finish_reason": "stop",
      "extracted_answer": "13",
      "prompt_tokens": 142,
      "completion_tokens": 13006,
      "completed_thought_count": 141,
      "final_mean_pairwise_similarity": 0.4577521085739136,
      "final_internal_similarity": 0.003246468855134139,
      "pruned_count": 0
    },
    {
      "chain_index": 7,
      "finish_reason": "stop",
      "extracted_answer": "9",
      "prompt_tokens": 142,
      "completion_tokens": 12835,
      "completed_thought_count": 104,
      "final_mean_pairwise_similarity": 0.441427618265152,
      "final_internal_similarity": 0.004244496329472615,
      "pruned_count": 0
    },
    {
      "chain_index": 8,
      "finish_reason": "stop",
      "extracted_answer": "16",
      "prompt_tokens": 142,
      "completion_tokens": 12083,
      "completed_thought_count": 103,
      "final_mean_pairwise_similarity": 0.442346453666687,
      "final_internal_similarity": 0.004294625763754243,
      "pruned_count": 0
    }
  ],
  "pruned_chain_details": [],
  "error_chain_details": []
}