{
  "iteration": 4,
  "question_id": "index_3",
  "status": "SUCCESS",
  "n_chains_start": 8,
  "n_chains_completed_stream_for_voting": 8,
  "n_chains_pruned": 0,
  "n_chains_error": 0,
  "similarity_threshold": 0.98,
  "num_steps_to_delay_pruning": 20,
  "correct_answer_reference": "-984",
  "individual_answers_final": [
    "-984",
    "-984",
    "-998",
    "-984",
    "-998",
    "-984",
    "-984",
    "-983"
  ],
  "voted_answer": "-984",
  "final_score": 1,
  "processing_duration_sec": 305.08545112609863,
  "total_analysis_intervals": 95,
  "avg_kv_cache_usage": 0.17036944734341097,
  "max_kv_cache_usage": 0.282970933273556,
  "usage_aggregated": {
    "prompt_tokens": 118,
    "total_completion_tokens_across_all_started_chains": 85374
  },
  "chains_for_voting_details": [
    {
      "chain_index": 1,
      "finish_reason": "stop",
      "extracted_answer": "-984",
      "prompt_tokens": 118,
      "completion_tokens": 9107,
      "completed_thought_count": 35,
      "final_mean_pairwise_similarity": 0.565619170665741,
      "final_internal_similarity": 0.016160547733306885,
      "pruned_count": 0
    },
    {
      "chain_index": 2,
      "finish_reason": "stop",
      "extracted_answer": "-984",
      "prompt_tokens": 118,
      "completion_tokens": 10635,
      "completed_thought_count": 65,
      "final_mean_pairwise_similarity": 0.5445265769958496,
      "final_internal_similarity": 0.008377331953782301,
      "pruned_count": 0
    },
    {
      "chain_index": 3,
      "finish_reason": "stop",
      "extracted_answer": "-998",
      "prompt_tokens": 118,
      "completion_tokens": 13220,
      "completed_thought_count": 81,
      "final_mean_pairwise_similarity": 0.5082246661186218,
      "final_internal_similarity": 0.006274378594057059,
      "pruned_count": 0
    },
    {
      "chain_index": 4,
      "finish_reason": "stop",
      "extracted_answer": "-984",
      "prompt_tokens": 118,
      "completion_tokens": 12053,
      "completed_thought_count": 56,
      "final_mean_pairwise_similarity": 0.5514065027236938,
      "final_internal_similarity": 0.009846544691494532,
      "pruned_count": 0
    },
    {
      "chain_index": 5,
      "finish_reason": "stop",
      "extracted_answer": "-998",
      "prompt_tokens": 118,
      "completion_tokens": 4597,
      "completed_thought_count": 27,
      "final_mean_pairwise_similarity": 0.5849587917327881,
      "final_internal_similarity": 0.021665140434547706,
      "pruned_count": 0
    },
    {
      "chain_index": 6,
      "finish_reason": "stop",
      "extracted_answer": "-984",
      "prompt_tokens": 118,
      "completion_tokens": 13734,
      "completed_thought_count": 76,
      "final_mean_pairwise_similarity": 0.5701453685760498,
      "final_internal_similarity": 0.007501912744421708,
      "pruned_count": 0
    },
    {
      "chain_index": 7,
      "finish_reason": "stop",
      "extracted_answer": "-984",
      "prompt_tokens": 118,
      "completion_tokens": 13497,
      "completed_thought_count": 85,
      "final_mean_pairwise_similarity": 0.5088401436805725,
      "final_internal_similarity": 0.005986354631536147,
      "pruned_count": 0
    },
    {
      "chain_index": 8,
      "finish_reason": "stop",
      "extracted_answer": "-983",
      "prompt_tokens": 118,
      "completion_tokens": 8531,
      "completed_thought_count": 45,
      "final_mean_pairwise_similarity": 0.5694555044174194,
      "final_internal_similarity": 0.012654566764831543,
      "pruned_count": 0
    }
  ],
  "pruned_chain_details": [],
  "error_chain_details": []
}