{
  "iteration": 14,
  "question_id": "index_13",
  "status": "SUCCESS",
  "n_chains_start": 8,
  "n_chains_completed_stream_for_voting": 1,
  "n_chains_pruned": 7,
  "n_chains_error": 0,
  "similarity_threshold": 0.98,
  "num_steps_to_delay_pruning": 20,
  "correct_answer_reference": "2304",
  "individual_answers_final": [
    "192"
  ],
  "voted_answer": "192",
  "final_score": 0,
  "processing_duration_sec": 233.21282243728638,
  "total_analysis_intervals": 43,
  "avg_kv_cache_usage": 0.06323333955675432,
  "max_kv_cache_usage": 0.1673765224538593,
  "usage_aggregated": {
    "prompt_tokens": 183,
    "total_completion_tokens_across_all_started_chains": 45007
  },
  "chains_for_voting_details": [
    {
      "chain_index": 1,
      "finish_reason": "stop",
      "extracted_answer": "192",
      "prompt_tokens": 183,
      "completion_tokens": 11776,
      "completed_thought_count": 39,
      "final_mean_pairwise_similarity": 0.6148627996444702,
      "final_internal_similarity": 0.015765712811396673,
      "pruned_count": 7
    }
  ],
  "pruned_chain_details": [
    {
      "chain_index": 2,
      "finish_reason": "worker_terminated_unexpectedly",
      "completion_tokens": 4445,
      "completed_thought_count": 31,
      "full_text_len": 15118,
      "pruned_at_step": 28,
      "pruned_by_chain_id": "q14_c7",
      "initial_pruned_count": 0
    },
    {
      "chain_index": 3,
      "finish_reason": "worker_terminated_unexpectedly",
      "completion_tokens": 4279,
      "completed_thought_count": 26,
      "full_text_len": 14590,
      "pruned_at_step": 26,
      "pruned_by_chain_id": "q14_c7",
      "initial_pruned_count": 0
    },
    {
      "chain_index": 4,
      "finish_reason": "worker_terminated_unexpectedly",
      "completion_tokens": 4444,
      "completed_thought_count": 33,
      "full_text_len": 17370,
      "pruned_at_step": 28,
      "pruned_by_chain_id": "q14_c8",
      "initial_pruned_count": 0
    },
    {
      "chain_index": 5,
      "finish_reason": "worker_terminated_unexpectedly",
      "completion_tokens": 4444,
      "completed_thought_count": 24,
      "full_text_len": 14246,
      "pruned_at_step": 28,
      "pruned_by_chain_id": "q14_c8",
      "initial_pruned_count": 0
    },
    {
      "chain_index": 6,
      "finish_reason": "worker_terminated_unexpectedly",
      "completion_tokens": 6731,
      "completed_thought_count": 48,
      "full_text_len": 20265,
      "pruned_at_step": 42,
      "pruned_by_chain_id": "q14_c1",
      "initial_pruned_count": 6
    },
    {
      "chain_index": 7,
      "finish_reason": "worker_terminated_unexpectedly",
      "completion_tokens": 4444,
      "completed_thought_count": 34,
      "full_text_len": 15045,
      "pruned_at_step": 28,
      "pruned_by_chain_id": "q14_c6",
      "initial_pruned_count": 2
    },
    {
      "chain_index": 8,
      "finish_reason": "worker_terminated_unexpectedly",
      "completion_tokens": 4444,
      "completed_thought_count": 23,
      "full_text_len": 13547,
      "pruned_at_step": 28,
      "pruned_by_chain_id": "q14_c6",
      "initial_pruned_count": 2
    }
  ],
  "error_chain_details": []
}