{
  "iteration": 2,
  "question_id": "index_1",
  "status": "SUCCESS",
  "n_chains_start": 8,
  "n_chains_completed_stream_for_voting": 8,
  "n_chains_pruned": 0,
  "n_chains_error": 0,
  "similarity_threshold": 0.98,
  "num_steps_to_delay_pruning": 20,
  "correct_answer_reference": "3375",
  "individual_answers_final": [
    "3375",
    "3375",
    "3375",
    "3375",
    "3375",
    "3375",
    "3375",
    "3375"
  ],
  "voted_answer": "3375",
  "final_score": 1,
  "processing_duration_sec": 38.942227602005005,
  "total_analysis_intervals": 14,
  "avg_kv_cache_usage": 0.03963772492429722,
  "max_kv_cache_usage": 0.0717327953373683,
  "usage_aggregated": {
    "prompt_tokens": 148,
    "total_completion_tokens_across_all_started_chains": 16137
  },
  "chains_for_voting_details": [
    {
      "chain_index": 1,
      "finish_reason": "stop",
      "extracted_answer": "3375",
      "prompt_tokens": 148,
      "completion_tokens": 1988,
      "completed_thought_count": 8,
      "final_mean_pairwise_similarity": 0.5568784475326538,
      "final_internal_similarity": 0.06960980594158173,
      "pruned_count": 0
    },
    {
      "chain_index": 2,
      "finish_reason": "stop",
      "extracted_answer": "3375",
      "prompt_tokens": 148,
      "completion_tokens": 2224,
      "completed_thought_count": 6,
      "final_mean_pairwise_similarity": 0.5672959089279175,
      "final_internal_similarity": 0.09454931815465291,
      "pruned_count": 0
    },
    {
      "chain_index": 3,
      "finish_reason": "stop",
      "extracted_answer": "3375",
      "prompt_tokens": 148,
      "completion_tokens": 1853,
      "completed_thought_count": 2,
      "final_mean_pairwise_similarity": 0.6275904178619385,
      "final_internal_similarity": 0.31379520893096924,
      "pruned_count": 0
    },
    {
      "chain_index": 4,
      "finish_reason": "stop",
      "extracted_answer": "3375",
      "prompt_tokens": 148,
      "completion_tokens": 1896,
      "completed_thought_count": 4,
      "final_mean_pairwise_similarity": 0.6254226565361023,
      "final_internal_similarity": 0.15635566413402557,
      "pruned_count": 0
    },
    {
      "chain_index": 5,
      "finish_reason": "stop",
      "extracted_answer": "3375",
      "prompt_tokens": 148,
      "completion_tokens": 2143,
      "completed_thought_count": 1,
      "final_mean_pairwise_similarity": 0.0,
      "final_internal_similarity": 0.0,
      "pruned_count": 0
    },
    {
      "chain_index": 6,
      "finish_reason": "stop",
      "extracted_answer": "3375",
      "prompt_tokens": 148,
      "completion_tokens": 1761,
      "completed_thought_count": 4,
      "final_mean_pairwise_similarity": 0.5955171585083008,
      "final_internal_similarity": 0.1488792896270752,
      "pruned_count": 0
    },
    {
      "chain_index": 7,
      "finish_reason": "stop",
      "extracted_answer": "3375",
      "prompt_tokens": 148,
      "completion_tokens": 2185,
      "completed_thought_count": 5,
      "final_mean_pairwise_similarity": 0.5655416250228882,
      "final_internal_similarity": 0.11310832500457764,
      "pruned_count": 0
    },
    {
      "chain_index": 8,
      "finish_reason": "stop",
      "extracted_answer": "3375",
      "prompt_tokens": 148,
      "completion_tokens": 2087,
      "completed_thought_count": 6,
      "final_mean_pairwise_similarity": 0.48713451623916626,
      "final_internal_similarity": 0.08118908603986104,
      "pruned_count": 0
    }
  ],
  "pruned_chain_details": [],
  "error_chain_details": []
}