{
  "iteration": 16,
  "question_id": "index_15",
  "status": "SUCCESS",
  "n_chains_start": 8,
  "n_chains_completed_stream_for_voting": 8,
  "n_chains_pruned": 0,
  "n_chains_error": 0,
  "similarity_threshold": 0.98,
  "num_steps_to_delay_pruning": 20,
  "correct_answer_reference": "6300",
  "individual_answers_final": [
    "225",
    "6525",
    "2025",
    "2025",
    "8568",
    "8010",
    "2025",
    "18928"
  ],
  "voted_answer": "2025",
  "final_score": 0,
  "processing_duration_sec": 383.2783269882202,
  "total_analysis_intervals": 100,
  "avg_kv_cache_usage": 0.16195639797080696,
  "max_kv_cache_usage": 0.3347530449077187,
  "usage_aggregated": {
    "prompt_tokens": 114,
    "total_completion_tokens_across_all_started_chains": 93491
  },
  "chains_for_voting_details": [
    {
      "chain_index": 1,
      "finish_reason": "stop",
      "extracted_answer": "225",
      "prompt_tokens": 114,
      "completion_tokens": 14482,
      "completed_thought_count": 106,
      "final_mean_pairwise_similarity": 0.45097753405570984,
      "final_internal_similarity": 0.004254505038261414,
      "pruned_count": 0
    },
    {
      "chain_index": 2,
      "finish_reason": "stop",
      "extracted_answer": "6525",
      "prompt_tokens": 114,
      "completion_tokens": 12593,
      "completed_thought_count": 86,
      "final_mean_pairwise_similarity": 0.5376721620559692,
      "final_internal_similarity": 0.006252001884371736,
      "pruned_count": 0
    },
    {
      "chain_index": 3,
      "finish_reason": "stop",
      "extracted_answer": "2025",
      "prompt_tokens": 114,
      "completion_tokens": 8839,
      "completed_thought_count": 88,
      "final_mean_pairwise_similarity": 0.5787771940231323,
      "final_internal_similarity": 0.006577013568444686,
      "pruned_count": 0
    },
    {
      "chain_index": 4,
      "finish_reason": "stop",
      "extracted_answer": "2025",
      "prompt_tokens": 114,
      "completion_tokens": 10697,
      "completed_thought_count": 109,
      "final_mean_pairwise_similarity": 0.5265812277793884,
      "final_internal_similarity": 0.004831020438343013,
      "pruned_count": 0
    },
    {
      "chain_index": 5,
      "finish_reason": "stop",
      "extracted_answer": "8568",
      "prompt_tokens": 114,
      "completion_tokens": 10811,
      "completed_thought_count": 98,
      "final_mean_pairwise_similarity": 0.49059075117111206,
      "final_internal_similarity": 0.005006028073174613,
      "pruned_count": 0
    },
    {
      "chain_index": 6,
      "finish_reason": "stop",
      "extracted_answer": "8010",
      "prompt_tokens": 114,
      "completion_tokens": 16854,
      "completed_thought_count": 103,
      "final_mean_pairwise_similarity": 0.4839576482772827,
      "final_internal_similarity": 0.004698617944439638,
      "pruned_count": 0
    },
    {
      "chain_index": 7,
      "finish_reason": "stop",
      "extracted_answer": "2025",
      "prompt_tokens": 114,
      "completion_tokens": 9673,
      "completed_thought_count": 95,
      "final_mean_pairwise_similarity": 0.4951922595500946,
      "final_internal_similarity": 0.005212550100527312,
      "pruned_count": 0
    },
    {
      "chain_index": 8,
      "finish_reason": "stop",
      "extracted_answer": "18928",
      "prompt_tokens": 114,
      "completion_tokens": 9542,
      "completed_thought_count": 83,
      "final_mean_pairwise_similarity": 0.46967604756355286,
      "final_internal_similarity": 0.005658747561006661,
      "pruned_count": 0
    }
  ],
  "pruned_chain_details": [],
  "error_chain_details": []
}