{
  "iteration": 19,
  "question_id": "index_18",
  "status": "SUCCESS",
  "n_chains_start": 8,
  "n_chains_completed_stream_for_voting": 1,
  "n_chains_pruned": 7,
  "n_chains_error": 0,
  "similarity_threshold": 0.98,
  "num_steps_to_delay_pruning": 20,
  "correct_answer_reference": "\\frac{4}{9}",
  "individual_answers_final": [
    "\\dfrac{1}{3}"
  ],
  "voted_answer": "\\dfrac{1}{3}",
  "final_score": 0,
  "processing_duration_sec": 459.3973295688629,
  "total_analysis_intervals": 77,
  "avg_kv_cache_usage": 0.14282534421049953,
  "max_kv_cache_usage": 0.3987147874168721,
  "usage_aggregated": {
    "prompt_tokens": 90,
    "total_completion_tokens_across_all_started_chains": 95143
  },
  "chains_for_voting_details": [
    {
      "chain_index": 6,
      "finish_reason": "stop",
      "extracted_answer": "\\dfrac{1}{3}",
      "prompt_tokens": 90,
      "completion_tokens": 20074,
      "completed_thought_count": 141,
      "final_mean_pairwise_similarity": 0.3976774215698242,
      "final_internal_similarity": 0.0028204072451760583,
      "pruned_count": 7
    }
  ],
  "pruned_chain_details": [
    {
      "chain_index": 1,
      "finish_reason": "worker_terminated_unexpectedly",
      "completion_tokens": 10687,
      "completed_thought_count": 150,
      "full_text_len": 46458,
      "pruned_at_step": 72,
      "pruned_by_chain_id": "q19_c6",
      "initial_pruned_count": 0
    },
    {
      "chain_index": 2,
      "finish_reason": "worker_terminated_unexpectedly",
      "completion_tokens": 10686,
      "completed_thought_count": 112,
      "full_text_len": 42054,
      "pruned_at_step": 72,
      "pruned_by_chain_id": "q19_c5",
      "initial_pruned_count": 0
    },
    {
      "chain_index": 3,
      "finish_reason": "worker_terminated_unexpectedly",
      "completion_tokens": 10947,
      "completed_thought_count": 125,
      "full_text_len": 44329,
      "pruned_at_step": 76,
      "pruned_by_chain_id": "q19_c6",
      "initial_pruned_count": 1
    },
    {
      "chain_index": 4,
      "finish_reason": "worker_terminated_unexpectedly",
      "completion_tokens": 10686,
      "completed_thought_count": 146,
      "full_text_len": 45665,
      "pruned_at_step": 72,
      "pruned_by_chain_id": "q19_c6",
      "initial_pruned_count": 0
    },
    {
      "chain_index": 5,
      "finish_reason": "worker_terminated_unexpectedly",
      "completion_tokens": 10818,
      "completed_thought_count": 153,
      "full_text_len": 49217,
      "pruned_at_step": 74,
      "pruned_by_chain_id": "q19_c6",
      "initial_pruned_count": 2
    },
    {
      "chain_index": 7,
      "finish_reason": "worker_terminated_unexpectedly",
      "completion_tokens": 10559,
      "completed_thought_count": 110,
      "full_text_len": 43633,
      "pruned_at_step": 70,
      "pruned_by_chain_id": "q19_c5",
      "initial_pruned_count": 0
    },
    {
      "chain_index": 8,
      "finish_reason": "worker_terminated_unexpectedly",
      "completion_tokens": 10686,
      "completed_thought_count": 132,
      "full_text_len": 43755,
      "pruned_at_step": 72,
      "pruned_by_chain_id": "q19_c3",
      "initial_pruned_count": 0
    }
  ],
  "error_chain_details": []
}