{
  "iteration": 7,
  "question_id": "index_6",
  "status": "SUCCESS",
  "n_chains_start": 8,
  "n_chains_completed_stream_for_voting": 8,
  "n_chains_pruned": 0,
  "n_chains_error": 0,
  "similarity_threshold": 0.98,
  "num_steps_to_delay_pruning": 20,
  "correct_answer_reference": "\\frac{9 \\sqrt{23}}{23}",
  "individual_answers_final": [
    "2",
    "2",
    "\\sqrt{3}",
    "2",
    "\\sqrt{3}",
    "2",
    "2",
    "\\dfrac{9\\sqrt{23}}{23}"
  ],
  "voted_answer": "2",
  "final_score": 0,
  "processing_duration_sec": 731.6614763736725,
  "total_analysis_intervals": 100,
  "avg_kv_cache_usage": 0.3035845720877754,
  "max_kv_cache_usage": 0.6355077336919973,
  "usage_aggregated": {
    "prompt_tokens": 138,
    "total_completion_tokens_across_all_started_chains": 168264
  },
  "chains_for_voting_details": [
    {
      "chain_index": 1,
      "finish_reason": "stop",
      "extracted_answer": "2",
      "prompt_tokens": 138,
      "completion_tokens": 19297,
      "completed_thought_count": 62,
      "final_mean_pairwise_similarity": 0.43375757336616516,
      "final_internal_similarity": 0.006996089893002664,
      "pruned_count": 0
    },
    {
      "chain_index": 2,
      "finish_reason": "stop",
      "extracted_answer": "2",
      "prompt_tokens": 138,
      "completion_tokens": 20835,
      "completed_thought_count": 48,
      "final_mean_pairwise_similarity": 0.4392509162425995,
      "final_internal_similarity": 0.009151060755054155,
      "pruned_count": 0
    },
    {
      "chain_index": 3,
      "finish_reason": "stop",
      "extracted_answer": "\\sqrt{3}",
      "prompt_tokens": 138,
      "completion_tokens": 29708,
      "completed_thought_count": 49,
      "final_mean_pairwise_similarity": 0.36779162287712097,
      "final_internal_similarity": 0.007505951487288183,
      "pruned_count": 0
    },
    {
      "chain_index": 4,
      "finish_reason": "stop",
      "extracted_answer": "2",
      "prompt_tokens": 138,
      "completion_tokens": 23850,
      "completed_thought_count": 41,
      "final_mean_pairwise_similarity": 0.4351060092449188,
      "final_internal_similarity": 0.010612341688900458,
      "pruned_count": 0
    },
    {
      "chain_index": 5,
      "finish_reason": "stop",
      "extracted_answer": "\\sqrt{3}",
      "prompt_tokens": 138,
      "completion_tokens": 23145,
      "completed_thought_count": 41,
      "final_mean_pairwise_similarity": 0.4366500973701477,
      "final_internal_similarity": 0.010650002374881652,
      "pruned_count": 0
    },
    {
      "chain_index": 6,
      "finish_reason": "stop",
      "extracted_answer": "2",
      "prompt_tokens": 138,
      "completion_tokens": 20933,
      "completed_thought_count": 51,
      "final_mean_pairwise_similarity": 0.4407157599925995,
      "final_internal_similarity": 0.008641485490050971,
      "pruned_count": 0
    },
    {
      "chain_index": 7,
      "finish_reason": "stop",
      "extracted_answer": "2",
      "prompt_tokens": 138,
      "completion_tokens": 22896,
      "completed_thought_count": 59,
      "final_mean_pairwise_similarity": 0.4284307062625885,
      "final_internal_similarity": 0.007261537394281161,
      "pruned_count": 0
    },
    {
      "chain_index": 8,
      "finish_reason": "stop",
      "extracted_answer": "\\dfrac{9\\sqrt{23}}{23}",
      "prompt_tokens": 138,
      "completion_tokens": 7600,
      "completed_thought_count": 17,
      "final_mean_pairwise_similarity": 0.5543133020401001,
      "final_internal_similarity": 0.03260666482588824,
      "pruned_count": 0
    }
  ],
  "pruned_chain_details": [],
  "error_chain_details": []
}