{
  "iteration": 30,
  "question_id": "index_29",
  "status": "SUCCESS",
  "n_chains_start": 8,
  "n_chains_completed_stream_for_voting": 8,
  "n_chains_pruned": 0,
  "n_chains_error": 0,
  "similarity_threshold": 0.98,
  "num_steps_to_delay_pruning": 20,
  "correct_answer_reference": "\\sqrt{\\frac{95}{24}}",
  "individual_answers_final": [
    "3\\sqrt{11}",
    "\\dfrac{4200}{\\sqrt{3889}}",
    "33",
    "\\dfrac{180}{11}",
    "42",
    "\\dfrac{808}{33}",
    "2",
    "66"
  ],
  "voted_answer": "66",
  "final_score": 0,
  "processing_duration_sec": 667.7724585533142,
  "total_analysis_intervals": 100,
  "avg_kv_cache_usage": 0.2765234802952661,
  "max_kv_cache_usage": 0.552342524097736,
  "usage_aggregated": {
    "prompt_tokens": 161833,
    "total_completion_tokens_across_all_started_chains": 161356
  },
  "chains_for_voting_details": [
    {
      "chain_index": 1,
      "finish_reason": "stop",
      "extracted_answer": "3\\sqrt{11}",
      "prompt_tokens": 115,
      "completion_tokens": 20012,
      "completed_thought_count": 156,
      "final_mean_pairwise_similarity": 0.45129162073135376,
      "final_internal_similarity": 0.002892895004688165,
      "pruned_count": 0
    },
    {
      "chain_index": 2,
      "finish_reason": "stop",
      "extracted_answer": "\\dfrac{4200}{\\sqrt{3889}}",
      "prompt_tokens": 115,
      "completion_tokens": 23170,
      "completed_thought_count": 133,
      "final_mean_pairwise_similarity": 0.46707355976104736,
      "final_internal_similarity": 0.0035118312763988526,
      "pruned_count": 0
    },
    {
      "chain_index": 3,
      "finish_reason": "stop",
      "extracted_answer": "33",
      "prompt_tokens": 115,
      "completion_tokens": 13164,
      "completed_thought_count": 167,
      "final_mean_pairwise_similarity": 0.4343388080596924,
      "final_internal_similarity": 0.002600831185986182,
      "pruned_count": 0
    },
    {
      "chain_index": 4,
      "finish_reason": "stop",
      "extracted_answer": "\\dfrac{180}{11}",
      "prompt_tokens": 115,
      "completion_tokens": 18100,
      "completed_thought_count": 129,
      "final_mean_pairwise_similarity": 0.36055228114128113,
      "final_internal_similarity": 0.0027949789235758226,
      "pruned_count": 0
    },
    {
      "chain_index": 5,
      "finish_reason": "stop",
      "extracted_answer": "42",
      "prompt_tokens": 115,
      "completion_tokens": 29147,
      "completed_thought_count": 144,
      "final_mean_pairwise_similarity": 0.43475624918937683,
      "final_internal_similarity": 0.0030191406193706724,
      "pruned_count": 0
    },
    {
      "chain_index": 6,
      "finish_reason": "stop",
      "extracted_answer": "\\dfrac{808}{33}",
      "prompt_tokens": 115,
      "completion_tokens": 19215,
      "completed_thought_count": 136,
      "final_mean_pairwise_similarity": 0.43380895256996155,
      "final_internal_similarity": 0.003189771710073247,
      "pruned_count": 0
    },
    {
      "chain_index": 7,
      "finish_reason": "stop",
      "extracted_answer": "2",
      "prompt_tokens": 115,
      "completion_tokens": 21769,
      "completed_thought_count": 145,
      "final_mean_pairwise_similarity": 0.45292341709136963,
      "final_internal_similarity": 0.0031236097730439286,
      "pruned_count": 0
    },
    {
      "chain_index": 8,
      "finish_reason": "stop",
      "extracted_answer": "66",
      "prompt_tokens": 115,
      "completion_tokens": 16779,
      "completed_thought_count": 130,
      "final_mean_pairwise_similarity": 0.4154917299747467,
      "final_internal_similarity": 0.0031960902305749744,
      "pruned_count": 0
    }
  ],
  "pruned_chain_details": [],
  "error_chain_details": [],
  "llm_tie_break_performed": true,
  "llm_tie_break_prompt_tokens": 161718,
  "llm_tie_break_completion_tokens": 0,
  "llm_tie_break_response_text": ""
}