{
  "iteration": 13,
  "question_id": "index_12",
  "status": "SUCCESS",
  "n_chains_start": 8,
  "n_chains_completed_stream_for_voting": 8,
  "n_chains_pruned": 0,
  "n_chains_error": 0,
  "similarity_threshold": 0.98,
  "num_steps_to_delay_pruning": 20,
  "correct_answer_reference": "105",
  "individual_answers_final": [
    "1",
    "1",
    "1",
    "1",
    "21",
    "1",
    "140",
    "1"
  ],
  "voted_answer": "1",
  "final_score": 0,
  "processing_duration_sec": 387.7809998989105,
  "total_analysis_intervals": 100,
  "avg_kv_cache_usage": 0.19606003238362177,
  "max_kv_cache_usage": 0.3600089665994171,
  "usage_aggregated": {
    "prompt_tokens": 149,
    "total_completion_tokens_across_all_started_chains": 103436
  },
  "chains_for_voting_details": [
    {
      "chain_index": 1,
      "finish_reason": "stop",
      "extracted_answer": "1",
      "prompt_tokens": 149,
      "completion_tokens": 9602,
      "completed_thought_count": 104,
      "final_mean_pairwise_similarity": 0.47955432534217834,
      "final_internal_similarity": 0.00461109928213633,
      "pruned_count": 0
    },
    {
      "chain_index": 2,
      "finish_reason": "stop",
      "extracted_answer": "1",
      "prompt_tokens": 149,
      "completion_tokens": 13683,
      "completed_thought_count": 137,
      "final_mean_pairwise_similarity": 0.41269630193710327,
      "final_internal_similarity": 0.0030123817659642575,
      "pruned_count": 0
    },
    {
      "chain_index": 3,
      "finish_reason": "stop",
      "extracted_answer": "1",
      "prompt_tokens": 149,
      "completion_tokens": 13107,
      "completed_thought_count": 150,
      "final_mean_pairwise_similarity": 0.4958789050579071,
      "final_internal_similarity": 0.003305859367052714,
      "pruned_count": 0
    },
    {
      "chain_index": 4,
      "finish_reason": "stop",
      "extracted_answer": "1",
      "prompt_tokens": 149,
      "completion_tokens": 8517,
      "completed_thought_count": 82,
      "final_mean_pairwise_similarity": 0.4471924304962158,
      "final_internal_similarity": 0.005453566225563608,
      "pruned_count": 0
    },
    {
      "chain_index": 5,
      "finish_reason": "stop",
      "extracted_answer": "21",
      "prompt_tokens": 149,
      "completion_tokens": 16937,
      "completed_thought_count": 141,
      "final_mean_pairwise_similarity": 0.44599243998527527,
      "final_internal_similarity": 0.0031630669502501793,
      "pruned_count": 0
    },
    {
      "chain_index": 6,
      "finish_reason": "stop",
      "extracted_answer": "1",
      "prompt_tokens": 149,
      "completion_tokens": 12694,
      "completed_thought_count": 143,
      "final_mean_pairwise_similarity": 0.427819162607193,
      "final_internal_similarity": 0.0029917423958544962,
      "pruned_count": 0
    },
    {
      "chain_index": 7,
      "finish_reason": "stop",
      "extracted_answer": "140",
      "prompt_tokens": 149,
      "completion_tokens": 13872,
      "completed_thought_count": 135,
      "final_mean_pairwise_similarity": 0.4164590835571289,
      "final_internal_similarity": 0.003084882100423177,
      "pruned_count": 0
    },
    {
      "chain_index": 8,
      "finish_reason": "stop",
      "extracted_answer": "1",
      "prompt_tokens": 149,
      "completion_tokens": 15024,
      "completed_thought_count": 114,
      "final_mean_pairwise_similarity": 0.4742089807987213,
      "final_internal_similarity": 0.004159727901743169,
      "pruned_count": 0
    }
  ],
  "pruned_chain_details": [],
  "error_chain_details": []
}