{
  "iteration": 22,
  "question_id": "index_21",
  "status": "SUCCESS",
  "n_chains_start": 8,
  "n_chains_completed_stream_for_voting": 8,
  "n_chains_pruned": 0,
  "n_chains_error": 0,
  "similarity_threshold": 0.98,
  "num_steps_to_delay_pruning": 20,
  "correct_answer_reference": "63",
  "individual_answers_final": [
    "63",
    "63",
    "63",
    "63",
    "63",
    "63",
    "63",
    "63"
  ],
  "voted_answer": "63",
  "final_score": 1,
  "processing_duration_sec": 416.02134919166565,
  "total_analysis_intervals": 100,
  "avg_kv_cache_usage": 0.14789432984606196,
  "max_kv_cache_usage": 0.2428454008817155,
  "usage_aggregated": {
    "prompt_tokens": 135,
    "total_completion_tokens_across_all_started_chains": 88551
  },
  "chains_for_voting_details": [
    {
      "chain_index": 1,
      "finish_reason": "stop",
      "extracted_answer": "63",
      "prompt_tokens": 135,
      "completion_tokens": 6961,
      "completed_thought_count": 58,
      "final_mean_pairwise_similarity": 0.5540772676467896,
      "final_internal_similarity": 0.00955305633873775,
      "pruned_count": 0
    },
    {
      "chain_index": 2,
      "finish_reason": "stop",
      "extracted_answer": "63",
      "prompt_tokens": 135,
      "completion_tokens": 18457,
      "completed_thought_count": 85,
      "final_mean_pairwise_similarity": 0.4821902811527252,
      "final_internal_similarity": 0.005672826837090885,
      "pruned_count": 0
    },
    {
      "chain_index": 3,
      "finish_reason": "stop",
      "extracted_answer": "63",
      "prompt_tokens": 135,
      "completion_tokens": 7960,
      "completed_thought_count": 57,
      "final_mean_pairwise_similarity": 0.5064637064933777,
      "final_internal_similarity": 0.008885328184094345,
      "pruned_count": 0
    },
    {
      "chain_index": 4,
      "finish_reason": "stop",
      "extracted_answer": "63",
      "prompt_tokens": 135,
      "completion_tokens": 17018,
      "completed_thought_count": 65,
      "final_mean_pairwise_similarity": 0.4248389005661011,
      "final_internal_similarity": 0.0065359830856323246,
      "pruned_count": 0
    },
    {
      "chain_index": 5,
      "finish_reason": "stop",
      "extracted_answer": "63",
      "prompt_tokens": 135,
      "completion_tokens": 6362,
      "completed_thought_count": 63,
      "final_mean_pairwise_similarity": 0.47906652092933655,
      "final_internal_similarity": 0.00760423049094185,
      "pruned_count": 0
    },
    {
      "chain_index": 6,
      "finish_reason": "stop",
      "extracted_answer": "63",
      "prompt_tokens": 135,
      "completion_tokens": 7432,
      "completed_thought_count": 73,
      "final_mean_pairwise_similarity": 0.5079635381698608,
      "final_internal_similarity": 0.006958404632463847,
      "pruned_count": 0
    },
    {
      "chain_index": 7,
      "finish_reason": "stop",
      "extracted_answer": "63",
      "prompt_tokens": 135,
      "completion_tokens": 14340,
      "completed_thought_count": 78,
      "final_mean_pairwise_similarity": 0.4797285199165344,
      "final_internal_similarity": 0.00615036563995557,
      "pruned_count": 0
    },
    {
      "chain_index": 8,
      "finish_reason": "stop",
      "extracted_answer": "63",
      "prompt_tokens": 135,
      "completion_tokens": 10021,
      "completed_thought_count": 75,
      "final_mean_pairwise_similarity": 0.43489593267440796,
      "final_internal_similarity": 0.005798612435658773,
      "pruned_count": 0
    }
  ],
  "pruned_chain_details": [],
  "error_chain_details": []
}