{
  "iteration": 27,
  "question_id": "index_26",
  "status": "SUCCESS",
  "n_chains_start": 8,
  "n_chains_completed_stream_for_voting": 1,
  "n_chains_pruned": 7,
  "n_chains_error": 0,
  "similarity_threshold": 0.98,
  "num_steps_to_delay_pruning": 20,
  "correct_answer_reference": "\\frac{7}{18}",
  "individual_answers_final": [
    "\\dfrac{1}{7}"
  ],
  "voted_answer": "\\dfrac{1}{7}",
  "final_score": 0,
  "processing_duration_sec": 488.9991674423218,
  "total_analysis_intervals": 29,
  "avg_kv_cache_usage": 0.06652602468799454,
  "max_kv_cache_usage": 0.1368900844354779,
  "usage_aggregated": {
    "prompt_tokens": 151,
    "total_completion_tokens_across_all_started_chains": 50391
  },
  "chains_for_voting_details": [
    {
      "chain_index": 7,
      "finish_reason": "stop",
      "extracted_answer": "\\dfrac{1}{7}",
      "prompt_tokens": 151,
      "completion_tokens": 23222,
      "completed_thought_count": 23,
      "final_mean_pairwise_similarity": 0.5365954041481018,
      "final_internal_similarity": 0.02333023496296095,
      "pruned_count": 7
    }
  ],
  "pruned_chain_details": [
    {
      "chain_index": 1,
      "finish_reason": "worker_terminated_unexpectedly",
      "completion_tokens": 3827,
      "completed_thought_count": 27,
      "full_text_len": 10759,
      "pruned_at_step": 24,
      "pruned_by_chain_id": "q27_c5",
      "initial_pruned_count": 0
    },
    {
      "chain_index": 2,
      "finish_reason": "worker_terminated_unexpectedly",
      "completion_tokens": 3488,
      "completed_thought_count": 32,
      "full_text_len": 11576,
      "pruned_at_step": 21,
      "pruned_by_chain_id": "q27_c3",
      "initial_pruned_count": 0
    },
    {
      "chain_index": 3,
      "finish_reason": "worker_terminated_unexpectedly",
      "completion_tokens": 4006,
      "completed_thought_count": 28,
      "full_text_len": 12675,
      "pruned_at_step": 26,
      "pruned_by_chain_id": "q27_c5",
      "initial_pruned_count": 2
    },
    {
      "chain_index": 4,
      "finish_reason": "worker_terminated_unexpectedly",
      "completion_tokens": 3826,
      "completed_thought_count": 24,
      "full_text_len": 10279,
      "pruned_at_step": 24,
      "pruned_by_chain_id": "q27_c7",
      "initial_pruned_count": 0
    },
    {
      "chain_index": 5,
      "finish_reason": "worker_terminated_unexpectedly",
      "completion_tokens": 4190,
      "completed_thought_count": 31,
      "full_text_len": 11803,
      "pruned_at_step": 28,
      "pruned_by_chain_id": "q27_c7",
      "initial_pruned_count": 5
    },
    {
      "chain_index": 6,
      "finish_reason": "worker_terminated_unexpectedly",
      "completion_tokens": 3826,
      "completed_thought_count": 33,
      "full_text_len": 11217,
      "pruned_at_step": 24,
      "pruned_by_chain_id": "q27_c3",
      "initial_pruned_count": 0
    },
    {
      "chain_index": 8,
      "finish_reason": "worker_terminated_unexpectedly",
      "completion_tokens": 4006,
      "completed_thought_count": 19,
      "full_text_len": 11011,
      "pruned_at_step": 26,
      "pruned_by_chain_id": "q27_c5",
      "initial_pruned_count": 0
    }
  ],
  "error_chain_details": []
}