{
  "iteration": 16,
  "question_id": "index_15",
  "status": "SUCCESS",
  "n_chains_start": 8,
  "n_chains_completed_stream_for_voting": 1,
  "n_chains_pruned": 7,
  "n_chains_error": 0,
  "similarity_threshold": 0.95,
  "num_steps_to_delay_pruning": 20,
  "correct_answer_reference": "6300",
  "individual_answers_final": [
    "1764"
  ],
  "voted_answer": "1764",
  "final_score": 0,
  "processing_duration_sec": 255.62746596336365,
  "total_analysis_intervals": 38,
  "avg_kv_cache_usage": 0.06433452109327292,
  "max_kv_cache_usage": 0.1805275349323769,
  "usage_aggregated": {
    "prompt_tokens": 114,
    "total_completion_tokens_across_all_started_chains": 47969
  },
  "chains_for_voting_details": [
    {
      "chain_index": 8,
      "finish_reason": "stop",
      "extracted_answer": "1764",
      "prompt_tokens": 114,
      "completion_tokens": 12876,
      "completed_thought_count": 57,
      "final_mean_pairwise_similarity": 0.5258588790893555,
      "final_internal_similarity": 0.009225594369988693,
      "pruned_count": 7
    }
  ],
  "pruned_chain_details": [
    {
      "chain_index": 1,
      "finish_reason": "worker_terminated_unexpectedly",
      "completion_tokens": 4860,
      "completed_thought_count": 41,
      "full_text_len": 19251,
      "pruned_at_step": 30,
      "pruned_by_chain_id": "q16_c8",
      "initial_pruned_count": 0
    },
    {
      "chain_index": 2,
      "finish_reason": "worker_terminated_unexpectedly",
      "completion_tokens": 4860,
      "completed_thought_count": 49,
      "full_text_len": 20437,
      "pruned_at_step": 30,
      "pruned_by_chain_id": "q16_c5",
      "initial_pruned_count": 1
    },
    {
      "chain_index": 3,
      "finish_reason": "worker_terminated_unexpectedly",
      "completion_tokens": 5747,
      "completed_thought_count": 52,
      "full_text_len": 23866,
      "pruned_at_step": 37,
      "pruned_by_chain_id": "q16_c8",
      "initial_pruned_count": 1
    },
    {
      "chain_index": 4,
      "finish_reason": "worker_terminated_unexpectedly",
      "completion_tokens": 4694,
      "completed_thought_count": 45,
      "full_text_len": 19924,
      "pruned_at_step": 28,
      "pruned_by_chain_id": "q16_c2",
      "initial_pruned_count": 0
    },
    {
      "chain_index": 5,
      "finish_reason": "worker_terminated_unexpectedly",
      "completion_tokens": 5036,
      "completed_thought_count": 44,
      "full_text_len": 18457,
      "pruned_at_step": 32,
      "pruned_by_chain_id": "q16_c8",
      "initial_pruned_count": 3
    },
    {
      "chain_index": 6,
      "finish_reason": "worker_terminated_unexpectedly",
      "completion_tokens": 4860,
      "completed_thought_count": 45,
      "full_text_len": 19777,
      "pruned_at_step": 30,
      "pruned_by_chain_id": "q16_c3",
      "initial_pruned_count": 0
    },
    {
      "chain_index": 7,
      "finish_reason": "worker_terminated_unexpectedly",
      "completion_tokens": 5036,
      "completed_thought_count": 51,
      "full_text_len": 20325,
      "pruned_at_step": 32,
      "pruned_by_chain_id": "q16_c5",
      "initial_pruned_count": 0
    }
  ],
  "error_chain_details": []
}