{
  "iteration": 10,
  "question_id": "index_9",
  "status": "SUCCESS",
  "n_chains_start": 8,
  "n_chains_completed_stream_for_voting": 2,
  "n_chains_pruned": 6,
  "n_chains_error": 0,
  "similarity_threshold": 0.95,
  "num_steps_to_delay_pruning": 20,
  "correct_answer_reference": "\\frac{-1+\\sqrt{17}}{2}, \\frac{-1-\\sqrt{17}}{2}",
  "individual_answers_final": [
    "-5",
    "4"
  ],
  "voted_answer": "4",
  "final_score": 0,
  "processing_duration_sec": 438.1681978702545,
  "total_analysis_intervals": 100,
  "avg_kv_cache_usage": 0.10790147393578464,
  "max_kv_cache_usage": 0.1757453485765523,
  "usage_aggregated": {
    "prompt_tokens": 36052,
    "total_completion_tokens_across_all_started_chains": 75248
  },
  "chains_for_voting_details": [
    {
      "chain_index": 1,
      "finish_reason": "stop",
      "extracted_answer": "-5",
      "prompt_tokens": 141,
      "completion_tokens": 20473,
      "completed_thought_count": 35,
      "final_mean_pairwise_similarity": 0.4826716482639313,
      "final_internal_similarity": 0.013790618521826607,
      "pruned_count": 5
    },
    {
      "chain_index": 8,
      "finish_reason": "stop",
      "extracted_answer": "4",
      "prompt_tokens": 141,
      "completion_tokens": 15245,
      "completed_thought_count": 39,
      "final_mean_pairwise_similarity": 0.4442337155342102,
      "final_internal_similarity": 0.011390608090620775,
      "pruned_count": 1
    }
  ],
  "pruned_chain_details": [
    {
      "chain_index": 2,
      "finish_reason": "worker_terminated_unexpectedly",
      "completion_tokens": 4550,
      "completed_thought_count": 17,
      "full_text_len": 11155,
      "pruned_at_step": 28,
      "pruned_by_chain_id": "q10_c5",
      "initial_pruned_count": 0
    },
    {
      "chain_index": 3,
      "finish_reason": "stop",
      "completion_tokens": 6076,
      "completed_thought_count": 16,
      "full_text_len": 15101,
      "pruned_at_step": 82,
      "pruned_by_chain_id": "q10_c8",
      "initial_pruned_count": 0
    },
    {
      "chain_index": 4,
      "finish_reason": "worker_terminated_unexpectedly",
      "completion_tokens": 8654,
      "completed_thought_count": 27,
      "full_text_len": 20648,
      "pruned_at_step": 58,
      "pruned_by_chain_id": "q10_c1",
      "initial_pruned_count": 3
    },
    {
      "chain_index": 5,
      "finish_reason": "worker_terminated_unexpectedly",
      "completion_tokens": 4868,
      "completed_thought_count": 25,
      "full_text_len": 12237,
      "pruned_at_step": 32,
      "pruned_by_chain_id": "q10_c4",
      "initial_pruned_count": 2
    },
    {
      "chain_index": 6,
      "finish_reason": "worker_terminated_unexpectedly",
      "completion_tokens": 4708,
      "completed_thought_count": 13,
      "full_text_len": 10560,
      "pruned_at_step": 30,
      "pruned_by_chain_id": "q10_c5",
      "initial_pruned_count": 0
    },
    {
      "chain_index": 7,
      "finish_reason": "worker_terminated_unexpectedly",
      "completion_tokens": 9689,
      "completed_thought_count": 21,
      "full_text_len": 19797,
      "pruned_at_step": 67,
      "pruned_by_chain_id": "q10_c1",
      "initial_pruned_count": 0
    }
  ],
  "error_chain_details": [],
  "llm_tie_break_performed": true,
  "llm_tie_break_prompt_tokens": 35911,
  "llm_tie_break_completion_tokens": 985,
  "llm_tie_break_response_text": "\n\nThe two possible values of \\( a + b + c \\) are \\( -3 \\) and \\( 4 \\).\n\n\\boxed{-3}, \\boxed{4}"
}