{
  "iteration": 12,
  "question_id": "index_11",
  "status": "SUCCESS",
  "n_chains_start": 8,
  "n_chains_completed_stream_for_voting": 1,
  "n_chains_pruned": 7,
  "n_chains_error": 0,
  "similarity_threshold": 0.95,
  "num_steps_to_delay_pruning": 20,
  "correct_answer_reference": "29",
  "individual_answers_final": [
    "20"
  ],
  "voted_answer": "20",
  "final_score": 0,
  "processing_duration_sec": 366.4463863372803,
  "total_analysis_intervals": 60,
  "avg_kv_cache_usage": 0.11087290479535758,
  "max_kv_cache_usage": 0.2861092430695658,
  "usage_aggregated": {
    "prompt_tokens": 142,
    "total_completion_tokens_across_all_started_chains": 75088
  },
  "chains_for_voting_details": [
    {
      "chain_index": 7,
      "finish_reason": "stop",
      "extracted_answer": "20",
      "prompt_tokens": 142,
      "completion_tokens": 17012,
      "completed_thought_count": 69,
      "final_mean_pairwise_similarity": 0.5402030348777771,
      "final_internal_similarity": 0.007829029490982277,
      "pruned_count": 7
    }
  ],
  "pruned_chain_details": [
    {
      "chain_index": 1,
      "finish_reason": "worker_terminated_unexpectedly",
      "completion_tokens": 8861,
      "completed_thought_count": 91,
      "full_text_len": 29352,
      "pruned_at_step": 57,
      "pruned_by_chain_id": "q12_c5",
      "initial_pruned_count": 0
    },
    {
      "chain_index": 2,
      "finish_reason": "worker_terminated_unexpectedly",
      "completion_tokens": 8997,
      "completed_thought_count": 85,
      "full_text_len": 32531,
      "pruned_at_step": 59,
      "pruned_by_chain_id": "q12_c3",
      "initial_pruned_count": 0
    },
    {
      "chain_index": 3,
      "finish_reason": "stop",
      "completion_tokens": 4898,
      "completed_thought_count": 47,
      "full_text_len": 17443,
      "pruned_at_step": 59,
      "pruned_by_chain_id": "q12_c4",
      "initial_pruned_count": 1
    },
    {
      "chain_index": 4,
      "finish_reason": "worker_terminated_unexpectedly",
      "completion_tokens": 8997,
      "completed_thought_count": 99,
      "full_text_len": 30605,
      "pruned_at_step": 59,
      "pruned_by_chain_id": "q12_c7",
      "initial_pruned_count": 2
    },
    {
      "chain_index": 5,
      "finish_reason": "worker_terminated_unexpectedly",
      "completion_tokens": 8861,
      "completed_thought_count": 96,
      "full_text_len": 28560,
      "pruned_at_step": 57,
      "pruned_by_chain_id": "q12_c7",
      "initial_pruned_count": 1
    },
    {
      "chain_index": 6,
      "finish_reason": "stop",
      "completion_tokens": 8602,
      "completed_thought_count": 58,
      "full_text_len": 27785,
      "pruned_at_step": 56,
      "pruned_by_chain_id": "q12_c7",
      "initial_pruned_count": 0
    },
    {
      "chain_index": 8,
      "finish_reason": "worker_terminated_unexpectedly",
      "completion_tokens": 8860,
      "completed_thought_count": 92,
      "full_text_len": 29921,
      "pruned_at_step": 57,
      "pruned_by_chain_id": "q12_c7",
      "initial_pruned_count": 0
    }
  ],
  "error_chain_details": []
}