{
  "iteration": 14,
  "question_id": "index_13",
  "status": "SUCCESS",
  "n_chains_start": 8,
  "n_chains_completed_stream_for_voting": 1,
  "n_chains_pruned": 7,
  "n_chains_error": 0,
  "similarity_threshold": 0.95,
  "num_steps_to_delay_pruning": 20,
  "correct_answer_reference": "2304",
  "individual_answers_final": [
    "20"
  ],
  "voted_answer": "20",
  "final_score": 0,
  "processing_duration_sec": 155.53771352767944,
  "total_analysis_intervals": 42,
  "avg_kv_cache_usage": 0.08884658762074048,
  "max_kv_cache_usage": 0.2092206530673241,
  "usage_aggregated": {
    "prompt_tokens": 183,
    "total_completion_tokens_across_all_started_chains": 48442
  },
  "chains_for_voting_details": [
    {
      "chain_index": 5,
      "finish_reason": "stop",
      "extracted_answer": "20",
      "prompt_tokens": 183,
      "completion_tokens": 8381,
      "completed_thought_count": 37,
      "final_mean_pairwise_similarity": 0.4985775053501129,
      "final_internal_similarity": 0.013475067712165214,
      "pruned_count": 7
    }
  ],
  "pruned_chain_details": [
    {
      "chain_index": 1,
      "finish_reason": "worker_terminated_unexpectedly",
      "completion_tokens": 5397,
      "completed_thought_count": 44,
      "full_text_len": 19064,
      "pruned_at_step": 33,
      "pruned_by_chain_id": "q14_c2",
      "initial_pruned_count": 0
    },
    {
      "chain_index": 2,
      "finish_reason": "worker_terminated_unexpectedly",
      "completion_tokens": 5556,
      "completed_thought_count": 35,
      "full_text_len": 17604,
      "pruned_at_step": 35,
      "pruned_by_chain_id": "q14_c4",
      "initial_pruned_count": 1
    },
    {
      "chain_index": 3,
      "finish_reason": "worker_terminated_unexpectedly",
      "completion_tokens": 6063,
      "completed_thought_count": 37,
      "full_text_len": 19829,
      "pruned_at_step": 41,
      "pruned_by_chain_id": "q14_c5",
      "initial_pruned_count": 0
    },
    {
      "chain_index": 4,
      "finish_reason": "worker_terminated_unexpectedly",
      "completion_tokens": 5886,
      "completed_thought_count": 42,
      "full_text_len": 19713,
      "pruned_at_step": 39,
      "pruned_by_chain_id": "q14_c8",
      "initial_pruned_count": 2
    },
    {
      "chain_index": 6,
      "finish_reason": "worker_terminated_unexpectedly",
      "completion_tokens": 5719,
      "completed_thought_count": 49,
      "full_text_len": 19991,
      "pruned_at_step": 37,
      "pruned_by_chain_id": "q14_c8",
      "initial_pruned_count": 0
    },
    {
      "chain_index": 7,
      "finish_reason": "worker_terminated_unexpectedly",
      "completion_tokens": 5555,
      "completed_thought_count": 41,
      "full_text_len": 19482,
      "pruned_at_step": 35,
      "pruned_by_chain_id": "q14_c5",
      "initial_pruned_count": 0
    },
    {
      "chain_index": 8,
      "finish_reason": "worker_terminated_unexpectedly",
      "completion_tokens": 5885,
      "completed_thought_count": 50,
      "full_text_len": 19878,
      "pruned_at_step": 39,
      "pruned_by_chain_id": "q14_c5",
      "initial_pruned_count": 4
    }
  ],
  "error_chain_details": []
}