{
  "iteration": 13,
  "question_id": "index_12",
  "status": "SUCCESS",
  "n_chains_start": 8,
  "n_chains_completed_stream_for_voting": 8,
  "n_chains_pruned": 0,
  "n_chains_error": 0,
  "similarity_threshold": 0.95,
  "num_steps_to_delay_pruning": 20,
  "correct_answer_reference": "105",
  "individual_answers_final": [
    "1",
    "16",
    "1",
    "630",
    "437",
    "11",
    "90",
    "1"
  ],
  "voted_answer": "1",
  "final_score": 0,
  "processing_duration_sec": 428.2636365890503,
  "total_analysis_intervals": 100,
  "avg_kv_cache_usage": 0.22781173490058798,
  "max_kv_cache_usage": 0.4069341702159456,
  "usage_aggregated": {
    "prompt_tokens": 149,
    "total_completion_tokens_across_all_started_chains": 117734
  },
  "chains_for_voting_details": [
    {
      "chain_index": 1,
      "finish_reason": "stop",
      "extracted_answer": "1",
      "prompt_tokens": 149,
      "completion_tokens": 7817,
      "completed_thought_count": 84,
      "final_mean_pairwise_similarity": 0.4668428301811218,
      "final_internal_similarity": 0.00555765274025145,
      "pruned_count": 0
    },
    {
      "chain_index": 2,
      "finish_reason": "stop",
      "extracted_answer": "16",
      "prompt_tokens": 149,
      "completion_tokens": 14185,
      "completed_thought_count": 150,
      "final_mean_pairwise_similarity": 0.4660005569458008,
      "final_internal_similarity": 0.003106670379638672,
      "pruned_count": 0
    },
    {
      "chain_index": 3,
      "finish_reason": "stop",
      "extracted_answer": "1",
      "prompt_tokens": 149,
      "completion_tokens": 12291,
      "completed_thought_count": 113,
      "final_mean_pairwise_similarity": 0.3680430054664612,
      "final_internal_similarity": 0.0032570177474908067,
      "pruned_count": 0
    },
    {
      "chain_index": 4,
      "finish_reason": "stop",
      "extracted_answer": "630",
      "prompt_tokens": 149,
      "completion_tokens": 15605,
      "completed_thought_count": 136,
      "final_mean_pairwise_similarity": 0.47817111015319824,
      "final_internal_similarity": 0.003515964045244105,
      "pruned_count": 0
    },
    {
      "chain_index": 5,
      "finish_reason": "stop",
      "extracted_answer": "437",
      "prompt_tokens": 149,
      "completion_tokens": 18806,
      "completed_thought_count": 117,
      "final_mean_pairwise_similarity": 0.5084107518196106,
      "final_internal_similarity": 0.004345391041193253,
      "pruned_count": 0
    },
    {
      "chain_index": 6,
      "finish_reason": "stop",
      "extracted_answer": "11",
      "prompt_tokens": 149,
      "completion_tokens": 15304,
      "completed_thought_count": 150,
      "final_mean_pairwise_similarity": 0.49143797159194946,
      "final_internal_similarity": 0.00327625314394633,
      "pruned_count": 0
    },
    {
      "chain_index": 7,
      "finish_reason": "stop",
      "extracted_answer": "90",
      "prompt_tokens": 149,
      "completion_tokens": 19063,
      "completed_thought_count": 148,
      "final_mean_pairwise_similarity": 0.5447055697441101,
      "final_internal_similarity": 0.003680443038811555,
      "pruned_count": 0
    },
    {
      "chain_index": 8,
      "finish_reason": "stop",
      "extracted_answer": "1",
      "prompt_tokens": 149,
      "completion_tokens": 14663,
      "completed_thought_count": 157,
      "final_mean_pairwise_similarity": 0.43193870782852173,
      "final_internal_similarity": 0.002751201960691221,
      "pruned_count": 0
    }
  ],
  "pruned_chain_details": [],
  "error_chain_details": []
}