{
  "iteration": 20,
  "question_id": "index_19",
  "status": "SUCCESS",
  "n_chains_start": 8,
  "n_chains_completed_stream_for_voting": 1,
  "n_chains_pruned": 7,
  "n_chains_error": 0,
  "similarity_threshold": 0.95,
  "num_steps_to_delay_pruning": 20,
  "correct_answer_reference": "\\frac{448}{3}",
  "individual_answers_final": [
    "630"
  ],
  "voted_answer": "630",
  "final_score": 0,
  "processing_duration_sec": 381.1160068511963,
  "total_analysis_intervals": 51,
  "avg_kv_cache_usage": 0.08951877399244185,
  "max_kv_cache_usage": 0.2558469700366136,
  "usage_aggregated": {
    "prompt_tokens": 166,
    "total_completion_tokens_across_all_started_chains": 66945
  },
  "chains_for_voting_details": [
    {
      "chain_index": 4,
      "finish_reason": "stop",
      "extracted_answer": "630",
      "prompt_tokens": 166,
      "completion_tokens": 18048,
      "completed_thought_count": 71,
      "final_mean_pairwise_similarity": 0.49135643243789673,
      "final_internal_similarity": 0.006920513132928123,
      "pruned_count": 7
    }
  ],
  "pruned_chain_details": [
    {
      "chain_index": 1,
      "finish_reason": "worker_terminated_unexpectedly",
      "completion_tokens": 6662,
      "completed_thought_count": 62,
      "full_text_len": 24537,
      "pruned_at_step": 41,
      "pruned_by_chain_id": "q20_c8",
      "initial_pruned_count": 0
    },
    {
      "chain_index": 2,
      "finish_reason": "worker_terminated_unexpectedly",
      "completion_tokens": 6661,
      "completed_thought_count": 63,
      "full_text_len": 26141,
      "pruned_at_step": 41,
      "pruned_by_chain_id": "q20_c3",
      "initial_pruned_count": 0
    },
    {
      "chain_index": 3,
      "finish_reason": "worker_terminated_unexpectedly",
      "completion_tokens": 7312,
      "completed_thought_count": 66,
      "full_text_len": 26794,
      "pruned_at_step": 48,
      "pruned_by_chain_id": "q20_c4",
      "initial_pruned_count": 4
    },
    {
      "chain_index": 5,
      "finish_reason": "worker_terminated_unexpectedly",
      "completion_tokens": 6820,
      "completed_thought_count": 79,
      "full_text_len": 27622,
      "pruned_at_step": 43,
      "pruned_by_chain_id": "q20_c4",
      "initial_pruned_count": 0
    },
    {
      "chain_index": 6,
      "finish_reason": "worker_terminated_unexpectedly",
      "completion_tokens": 7490,
      "completed_thought_count": 66,
      "full_text_len": 26884,
      "pruned_at_step": 50,
      "pruned_by_chain_id": "q20_c4",
      "initial_pruned_count": 0
    },
    {
      "chain_index": 7,
      "finish_reason": "worker_terminated_unexpectedly",
      "completion_tokens": 6976,
      "completed_thought_count": 65,
      "full_text_len": 25846,
      "pruned_at_step": 45,
      "pruned_by_chain_id": "q20_c3",
      "initial_pruned_count": 0
    },
    {
      "chain_index": 8,
      "finish_reason": "worker_terminated_unexpectedly",
      "completion_tokens": 6976,
      "completed_thought_count": 80,
      "full_text_len": 27339,
      "pruned_at_step": 45,
      "pruned_by_chain_id": "q20_c3",
      "initial_pruned_count": 1
    }
  ],
  "error_chain_details": []
}