{
  "iteration": 3,
  "question_id": "index_2",
  "status": "SUCCESS",
  "n_chains_start": 8,
  "n_chains_completed_stream_for_voting": 3,
  "n_chains_pruned": 5,
  "n_chains_error": 0,
  "similarity_threshold": 0.95,
  "num_steps_to_delay_pruning": 20,
  "correct_answer_reference": "\\frac{1}{576}",
  "individual_answers_final": [
    "576",
    "576",
    "\\dfrac{1}{576}"
  ],
  "voted_answer": "576",
  "final_score": 0,
  "processing_duration_sec": 235.35819721221924,
  "total_analysis_intervals": 68,
  "avg_kv_cache_usage": 0.09197473064062521,
  "max_kv_cache_usage": 0.1632668310543226,
  "usage_aggregated": {
    "prompt_tokens": 167,
    "total_completion_tokens_across_all_started_chains": 55432
  },
  "chains_for_voting_details": [
    {
      "chain_index": 1,
      "finish_reason": "stop",
      "extracted_answer": "576",
      "prompt_tokens": 167,
      "completion_tokens": 6256,
      "completed_thought_count": 11,
      "final_mean_pairwise_similarity": 0.5086963176727295,
      "final_internal_similarity": 0.046245119788429954,
      "pruned_count": 0
    },
    {
      "chain_index": 6,
      "finish_reason": "stop",
      "extracted_answer": "576",
      "prompt_tokens": 167,
      "completion_tokens": 10175,
      "completed_thought_count": 22,
      "final_mean_pairwise_similarity": 0.4986286759376526,
      "final_internal_similarity": 0.022664939815347843,
      "pruned_count": 1
    },
    {
      "chain_index": 7,
      "finish_reason": "stop",
      "extracted_answer": "\\dfrac{1}{576}",
      "prompt_tokens": 167,
      "completion_tokens": 11743,
      "completed_thought_count": 28,
      "final_mean_pairwise_similarity": 0.49343234300613403,
      "final_internal_similarity": 0.0176225836787905,
      "pruned_count": 4
    }
  ],
  "pruned_chain_details": [
    {
      "chain_index": 2,
      "finish_reason": "worker_terminated_unexpectedly",
      "completion_tokens": 4356,
      "completed_thought_count": 22,
      "full_text_len": 11642,
      "pruned_at_step": 28,
      "pruned_by_chain_id": "q3_c5",
      "initial_pruned_count": 0
    },
    {
      "chain_index": 3,
      "finish_reason": "worker_terminated_unexpectedly",
      "completion_tokens": 4196,
      "completed_thought_count": 12,
      "full_text_len": 10398,
      "pruned_at_step": 26,
      "pruned_by_chain_id": "q3_c5",
      "initial_pruned_count": 0
    },
    {
      "chain_index": 4,
      "finish_reason": "worker_terminated_unexpectedly",
      "completion_tokens": 4841,
      "completed_thought_count": 17,
      "full_text_len": 11697,
      "pruned_at_step": 32,
      "pruned_by_chain_id": "q3_c5",
      "initial_pruned_count": 0
    },
    {
      "chain_index": 5,
      "finish_reason": "worker_terminated_unexpectedly",
      "completion_tokens": 8704,
      "completed_thought_count": 46,
      "full_text_len": 22050,
      "pruned_at_step": 59,
      "pruned_by_chain_id": "q3_c7",
      "initial_pruned_count": 3
    },
    {
      "chain_index": 8,
      "finish_reason": "worker_terminated_unexpectedly",
      "completion_tokens": 5161,
      "completed_thought_count": 24,
      "full_text_len": 13530,
      "pruned_at_step": 35,
      "pruned_by_chain_id": "q3_c6",
      "initial_pruned_count": 0
    }
  ],
  "error_chain_details": []
}