{
  "iteration": 21,
  "question_id": "index_20",
  "status": "SUCCESS",
  "n_chains_start": 8,
  "n_chains_completed_stream_for_voting": 8,
  "n_chains_pruned": 0,
  "n_chains_error": 0,
  "similarity_threshold": 0.95,
  "num_steps_to_delay_pruning": 20,
  "correct_answer_reference": "26",
  "individual_answers_final": [
    "26",
    "26",
    "26",
    "26",
    "26",
    "26",
    "26",
    "26"
  ],
  "voted_answer": "26",
  "final_score": 1,
  "processing_duration_sec": 60.48016810417175,
  "total_analysis_intervals": 17,
  "avg_kv_cache_usage": 0.04431924780251462,
  "max_kv_cache_usage": 0.0854815811103638,
  "usage_aggregated": {
    "prompt_tokens": 134,
    "total_completion_tokens_across_all_started_chains": 21541
  },
  "chains_for_voting_details": [
    {
      "chain_index": 1,
      "finish_reason": "stop",
      "extracted_answer": "26",
      "prompt_tokens": 134,
      "completion_tokens": 2986,
      "completed_thought_count": 7,
      "final_mean_pairwise_similarity": 0.5509642362594604,
      "final_internal_similarity": 0.07870917660849434,
      "pruned_count": 0
    },
    {
      "chain_index": 2,
      "finish_reason": "stop",
      "extracted_answer": "26",
      "prompt_tokens": 134,
      "completion_tokens": 2406,
      "completed_thought_count": 10,
      "final_mean_pairwise_similarity": 0.7125979661941528,
      "final_internal_similarity": 0.07125979661941528,
      "pruned_count": 0
    },
    {
      "chain_index": 3,
      "finish_reason": "stop",
      "extracted_answer": "26",
      "prompt_tokens": 134,
      "completion_tokens": 2306,
      "completed_thought_count": 6,
      "final_mean_pairwise_similarity": 0.7239925265312195,
      "final_internal_similarity": 0.12066542108853658,
      "pruned_count": 0
    },
    {
      "chain_index": 4,
      "finish_reason": "stop",
      "extracted_answer": "26",
      "prompt_tokens": 134,
      "completion_tokens": 3121,
      "completed_thought_count": 11,
      "final_mean_pairwise_similarity": 0.6252474784851074,
      "final_internal_similarity": 0.056840679862282494,
      "pruned_count": 0
    },
    {
      "chain_index": 5,
      "finish_reason": "stop",
      "extracted_answer": "26",
      "prompt_tokens": 134,
      "completion_tokens": 3454,
      "completed_thought_count": 8,
      "final_mean_pairwise_similarity": 0.6326285600662231,
      "final_internal_similarity": 0.0790785700082779,
      "pruned_count": 0
    },
    {
      "chain_index": 6,
      "finish_reason": "stop",
      "extracted_answer": "26",
      "prompt_tokens": 134,
      "completion_tokens": 2151,
      "completed_thought_count": 4,
      "final_mean_pairwise_similarity": 0.724007785320282,
      "final_internal_similarity": 0.1810019463300705,
      "pruned_count": 0
    },
    {
      "chain_index": 7,
      "finish_reason": "stop",
      "extracted_answer": "26",
      "prompt_tokens": 134,
      "completion_tokens": 2746,
      "completed_thought_count": 7,
      "final_mean_pairwise_similarity": 0.6475321054458618,
      "final_internal_similarity": 0.09250458649226598,
      "pruned_count": 0
    },
    {
      "chain_index": 8,
      "finish_reason": "stop",
      "extracted_answer": "26",
      "prompt_tokens": 134,
      "completion_tokens": 2371,
      "completed_thought_count": 6,
      "final_mean_pairwise_similarity": 0.7613611817359924,
      "final_internal_similarity": 0.12689353028933206,
      "pruned_count": 0
    }
  ],
  "pruned_chain_details": [],
  "error_chain_details": []
}