{
  "iteration": 28,
  "question_id": "index_27",
  "status": "SUCCESS",
  "n_chains_start": 8,
  "n_chains_completed_stream_for_voting": 8,
  "n_chains_pruned": 0,
  "n_chains_error": 0,
  "similarity_threshold": 0.95,
  "num_steps_to_delay_pruning": 20,
  "correct_answer_reference": "\\sqrt{6}",
  "individual_answers_final": [
    "\\sqrt{6}",
    "\\sqrt{6}",
    "\\sqrt{6}",
    "\\sqrt{6}",
    "\\sqrt{\\dfrac{39 - 6\\sqrt{21}}{2}}",
    "\\sqrt{6}",
    "\\sqrt{6}",
    "\\sqrt{6}"
  ],
  "voted_answer": "\\sqrt{6}",
  "final_score": 1,
  "processing_duration_sec": 561.7002327442169,
  "total_analysis_intervals": 100,
  "avg_kv_cache_usage": 0.12783221088337812,
  "max_kv_cache_usage": 0.242098184263618,
  "usage_aggregated": {
    "prompt_tokens": 160,
    "total_completion_tokens_across_all_started_chains": 92253
  },
  "chains_for_voting_details": [
    {
      "chain_index": 1,
      "finish_reason": "stop",
      "extracted_answer": "\\sqrt{6}",
      "prompt_tokens": 160,
      "completion_tokens": 15970,
      "completed_thought_count": 69,
      "final_mean_pairwise_similarity": 0.4378514289855957,
      "final_internal_similarity": 0.006345672883849213,
      "pruned_count": 0
    },
    {
      "chain_index": 2,
      "finish_reason": "stop",
      "extracted_answer": "\\sqrt{6}",
      "prompt_tokens": 160,
      "completion_tokens": 11987,
      "completed_thought_count": 44,
      "final_mean_pairwise_similarity": 0.4010085165500641,
      "final_internal_similarity": 0.009113829921592365,
      "pruned_count": 0
    },
    {
      "chain_index": 3,
      "finish_reason": "stop",
      "extracted_answer": "\\sqrt{6}",
      "prompt_tokens": 160,
      "completion_tokens": 6916,
      "completed_thought_count": 14,
      "final_mean_pairwise_similarity": 0.4185909926891327,
      "final_internal_similarity": 0.029899356620652334,
      "pruned_count": 0
    },
    {
      "chain_index": 4,
      "finish_reason": "stop",
      "extracted_answer": "\\sqrt{6}",
      "prompt_tokens": 160,
      "completion_tokens": 9325,
      "completed_thought_count": 27,
      "final_mean_pairwise_similarity": 0.42113378643989563,
      "final_internal_similarity": 0.01559754764592206,
      "pruned_count": 0
    },
    {
      "chain_index": 5,
      "finish_reason": "stop",
      "extracted_answer": "\\sqrt{\\dfrac{39 - 6\\sqrt{21}}{2}}",
      "prompt_tokens": 160,
      "completion_tokens": 25220,
      "completed_thought_count": 63,
      "final_mean_pairwise_similarity": 0.4710409641265869,
      "final_internal_similarity": 0.007476840700422015,
      "pruned_count": 0
    },
    {
      "chain_index": 6,
      "finish_reason": "stop",
      "extracted_answer": "\\sqrt{6}",
      "prompt_tokens": 160,
      "completion_tokens": 6844,
      "completed_thought_count": 24,
      "final_mean_pairwise_similarity": 0.4426548182964325,
      "final_internal_similarity": 0.018443950762351353,
      "pruned_count": 0
    },
    {
      "chain_index": 7,
      "finish_reason": "stop",
      "extracted_answer": "\\sqrt{6}",
      "prompt_tokens": 160,
      "completion_tokens": 9676,
      "completed_thought_count": 23,
      "final_mean_pairwise_similarity": 0.4008638858795166,
      "final_internal_similarity": 0.017428864603457245,
      "pruned_count": 0
    },
    {
      "chain_index": 8,
      "finish_reason": "stop",
      "extracted_answer": "\\sqrt{6}",
      "prompt_tokens": 160,
      "completion_tokens": 6315,
      "completed_thought_count": 25,
      "final_mean_pairwise_similarity": 0.44276541471481323,
      "final_internal_similarity": 0.01771061658859253,
      "pruned_count": 0
    }
  ],
  "pruned_chain_details": [],
  "error_chain_details": []
}