{
  "iteration": 22,
  "question_id": "index_21",
  "status": "SUCCESS",
  "n_chains_start": 8,
  "n_chains_completed_stream_for_voting": 8,
  "n_chains_pruned": 0,
  "n_chains_error": 0,
  "similarity_threshold": 0.95,
  "num_steps_to_delay_pruning": 20,
  "correct_answer_reference": "63",
  "individual_answers_final": [
    "63",
    "63",
    "63",
    "81 + 20\\sqrt{2}",
    "63",
    "63",
    "63",
    "63"
  ],
  "voted_answer": "63",
  "final_score": 1,
  "processing_duration_sec": 409.07132148742676,
  "total_analysis_intervals": 100,
  "avg_kv_cache_usage": 0.158406053812605,
  "max_kv_cache_usage": 0.2712396323694239,
  "usage_aggregated": {
    "prompt_tokens": 135,
    "total_completion_tokens_across_all_started_chains": 94396
  },
  "chains_for_voting_details": [
    {
      "chain_index": 1,
      "finish_reason": "stop",
      "extracted_answer": "63",
      "prompt_tokens": 135,
      "completion_tokens": 17742,
      "completed_thought_count": 134,
      "final_mean_pairwise_similarity": 0.4565998315811157,
      "final_internal_similarity": 0.003407461429709819,
      "pruned_count": 0
    },
    {
      "chain_index": 2,
      "finish_reason": "stop",
      "extracted_answer": "63",
      "prompt_tokens": 135,
      "completion_tokens": 18829,
      "completed_thought_count": 106,
      "final_mean_pairwise_similarity": 0.5103322863578796,
      "final_internal_similarity": 0.00481445553167811,
      "pruned_count": 0
    },
    {
      "chain_index": 3,
      "finish_reason": "stop",
      "extracted_answer": "63",
      "prompt_tokens": 135,
      "completion_tokens": 11489,
      "completed_thought_count": 54,
      "final_mean_pairwise_similarity": 0.4733757972717285,
      "final_internal_similarity": 0.008766218467994972,
      "pruned_count": 0
    },
    {
      "chain_index": 4,
      "finish_reason": "stop",
      "extracted_answer": "81 + 20\\sqrt{2}",
      "prompt_tokens": 135,
      "completion_tokens": 11975,
      "completed_thought_count": 104,
      "final_mean_pairwise_similarity": 0.477251797914505,
      "final_internal_similarity": 0.004588959595331779,
      "pruned_count": 0
    },
    {
      "chain_index": 5,
      "finish_reason": "stop",
      "extracted_answer": "63",
      "prompt_tokens": 135,
      "completion_tokens": 6971,
      "completed_thought_count": 65,
      "final_mean_pairwise_similarity": 0.47399479150772095,
      "final_internal_similarity": 0.007292227561657245,
      "pruned_count": 0
    },
    {
      "chain_index": 6,
      "finish_reason": "stop",
      "extracted_answer": "63",
      "prompt_tokens": 135,
      "completion_tokens": 7071,
      "completed_thought_count": 60,
      "final_mean_pairwise_similarity": 0.4979133605957031,
      "final_internal_similarity": 0.008298556009928385,
      "pruned_count": 0
    },
    {
      "chain_index": 7,
      "finish_reason": "stop",
      "extracted_answer": "63",
      "prompt_tokens": 135,
      "completion_tokens": 10787,
      "completed_thought_count": 62,
      "final_mean_pairwise_similarity": 0.49096059799194336,
      "final_internal_similarity": 0.0079187193224507,
      "pruned_count": 0
    },
    {
      "chain_index": 8,
      "finish_reason": "stop",
      "extracted_answer": "63",
      "prompt_tokens": 135,
      "completion_tokens": 9532,
      "completed_thought_count": 61,
      "final_mean_pairwise_similarity": 0.5400545001029968,
      "final_internal_similarity": 0.008853352460704867,
      "pruned_count": 0
    }
  ],
  "pruned_chain_details": [],
  "error_chain_details": []
}