{
  "iteration": 6,
  "question_id": "index_5",
  "status": "SUCCESS",
  "n_chains_start": 8,
  "n_chains_completed_stream_for_voting": 5,
  "n_chains_pruned": 3,
  "n_chains_error": 0,
  "similarity_threshold": 0.95,
  "num_steps_to_delay_pruning": 20,
  "correct_answer_reference": "\\frac{1311}{2017}",
  "individual_answers_final": [
    "\\dfrac{2016}{2017}",
    "\\dfrac{1311}{2017}",
    "\\dfrac{1311}{2017}",
    "\\dfrac{1311}{2017}",
    "0"
  ],
  "voted_answer": "\\dfrac{1311}{2017}",
  "final_score": 1,
  "processing_duration_sec": 321.23603534698486,
  "total_analysis_intervals": 87,
  "avg_kv_cache_usage": 0.1325799970334681,
  "max_kv_cache_usage": 0.2298438317268175,
  "usage_aggregated": {
    "prompt_tokens": 108,
    "total_completion_tokens_across_all_started_chains": 77751
  },
  "chains_for_voting_details": [
    {
      "chain_index": 2,
      "finish_reason": "stop",
      "extracted_answer": "\\dfrac{2016}{2017}",
      "prompt_tokens": 108,
      "completion_tokens": 15055,
      "completed_thought_count": 99,
      "final_mean_pairwise_similarity": 0.5741559863090515,
      "final_internal_similarity": 0.005799555417263146,
      "pruned_count": 3
    },
    {
      "chain_index": 3,
      "finish_reason": "stop",
      "extracted_answer": "\\dfrac{1311}{2017}",
      "prompt_tokens": 108,
      "completion_tokens": 7516,
      "completed_thought_count": 35,
      "final_mean_pairwise_similarity": 0.6422642469406128,
      "final_internal_similarity": 0.01835040705544608,
      "pruned_count": 0
    },
    {
      "chain_index": 4,
      "finish_reason": "stop",
      "extracted_answer": "\\dfrac{1311}{2017}",
      "prompt_tokens": 108,
      "completion_tokens": 9431,
      "completed_thought_count": 50,
      "final_mean_pairwise_similarity": 0.6636679172515869,
      "final_internal_similarity": 0.013273358345031738,
      "pruned_count": 0
    },
    {
      "chain_index": 7,
      "finish_reason": "stop",
      "extracted_answer": "\\dfrac{1311}{2017}",
      "prompt_tokens": 108,
      "completion_tokens": 6917,
      "completed_thought_count": 34,
      "final_mean_pairwise_similarity": 0.6502013802528381,
      "final_internal_similarity": 0.019123570007436416,
      "pruned_count": 0
    },
    {
      "chain_index": 8,
      "finish_reason": "stop",
      "extracted_answer": "0",
      "prompt_tokens": 108,
      "completion_tokens": 4263,
      "completed_thought_count": 14,
      "final_mean_pairwise_similarity": 0.7545409202575684,
      "final_internal_similarity": 0.05389578001839774,
      "pruned_count": 0
    }
  ],
  "pruned_chain_details": [
    {
      "chain_index": 1,
      "finish_reason": "worker_terminated_unexpectedly",
      "completion_tokens": 12037,
      "completed_thought_count": 67,
      "full_text_len": 26767,
      "pruned_at_step": 86,
      "pruned_by_chain_id": "q6_c2",
      "initial_pruned_count": 1
    },
    {
      "chain_index": 5,
      "finish_reason": "stop",
      "completion_tokens": 11265,
      "completed_thought_count": 85,
      "full_text_len": 25987,
      "pruned_at_step": 82,
      "pruned_by_chain_id": "q6_c1",
      "initial_pruned_count": 0
    },
    {
      "chain_index": 6,
      "finish_reason": "stop",
      "completion_tokens": 11267,
      "completed_thought_count": 49,
      "full_text_len": 25928,
      "pruned_at_step": 85,
      "pruned_by_chain_id": "q6_c2",
      "initial_pruned_count": 0
    }
  ],
  "error_chain_details": []
}