{
  "iteration": 2,
  "question_id": "index_1",
  "status": "SUCCESS",
  "n_chains_start": 8,
  "n_chains_completed_stream_for_voting": 8,
  "n_chains_pruned": 0,
  "n_chains_error": 0,
  "similarity_threshold": 0.95,
  "num_steps_to_delay_pruning": 20,
  "correct_answer_reference": "3375",
  "individual_answers_final": [
    "3375",
    "3375",
    "3375",
    "3375",
    "3375",
    "3375",
    "3375",
    "3375"
  ],
  "voted_answer": "3375",
  "final_score": 1,
  "processing_duration_sec": 43.36556100845337,
  "total_analysis_intervals": 17,
  "avg_kv_cache_usage": 0.037042756921233856,
  "max_kv_cache_usage": 0.0591795561533288,
  "usage_aggregated": {
    "prompt_tokens": 148,
    "total_completion_tokens_across_all_started_chains": 16238
  },
  "chains_for_voting_details": [
    {
      "chain_index": 1,
      "finish_reason": "stop",
      "extracted_answer": "3375",
      "prompt_tokens": 148,
      "completion_tokens": 1945,
      "completed_thought_count": 1,
      "final_mean_pairwise_similarity": 0.0,
      "final_internal_similarity": 0.0,
      "pruned_count": 0
    },
    {
      "chain_index": 2,
      "finish_reason": "stop",
      "extracted_answer": "3375",
      "prompt_tokens": 148,
      "completion_tokens": 1425,
      "completed_thought_count": 5,
      "final_mean_pairwise_similarity": 0.6563831567764282,
      "final_internal_similarity": 0.13127663135528564,
      "pruned_count": 0
    },
    {
      "chain_index": 3,
      "finish_reason": "stop",
      "extracted_answer": "3375",
      "prompt_tokens": 148,
      "completion_tokens": 2443,
      "completed_thought_count": 6,
      "final_mean_pairwise_similarity": 0.587398111820221,
      "final_internal_similarity": 0.09789968530337016,
      "pruned_count": 0
    },
    {
      "chain_index": 4,
      "finish_reason": "stop",
      "extracted_answer": "3375",
      "prompt_tokens": 148,
      "completion_tokens": 2218,
      "completed_thought_count": 5,
      "final_mean_pairwise_similarity": 0.5978071689605713,
      "final_internal_similarity": 0.11956143379211426,
      "pruned_count": 0
    },
    {
      "chain_index": 5,
      "finish_reason": "stop",
      "extracted_answer": "3375",
      "prompt_tokens": 148,
      "completion_tokens": 1584,
      "completed_thought_count": 3,
      "final_mean_pairwise_similarity": 0.5525028705596924,
      "final_internal_similarity": 0.18416762351989746,
      "pruned_count": 0
    },
    {
      "chain_index": 6,
      "finish_reason": "stop",
      "extracted_answer": "3375",
      "prompt_tokens": 148,
      "completion_tokens": 1761,
      "completed_thought_count": 4,
      "final_mean_pairwise_similarity": 0.5312666296958923,
      "final_internal_similarity": 0.13281665742397308,
      "pruned_count": 0
    },
    {
      "chain_index": 7,
      "finish_reason": "stop",
      "extracted_answer": "3375",
      "prompt_tokens": 148,
      "completion_tokens": 2394,
      "completed_thought_count": 7,
      "final_mean_pairwise_similarity": 0.5323415994644165,
      "final_internal_similarity": 0.07604879992348808,
      "pruned_count": 0
    },
    {
      "chain_index": 8,
      "finish_reason": "stop",
      "extracted_answer": "3375",
      "prompt_tokens": 148,
      "completion_tokens": 2468,
      "completed_thought_count": 5,
      "final_mean_pairwise_similarity": 0.5794045925140381,
      "final_internal_similarity": 0.11588091850280761,
      "pruned_count": 0
    }
  ],
  "pruned_chain_details": [],
  "error_chain_details": []
}