{
  "iteration": 26,
  "question_id": "index_25",
  "status": "SUCCESS",
  "n_chains_start": 8,
  "n_chains_completed_stream_for_voting": 8,
  "n_chains_pruned": 0,
  "n_chains_error": 0,
  "similarity_threshold": 0.95,
  "num_steps_to_delay_pruning": 20,
  "correct_answer_reference": "9\\sqrt{15}",
  "individual_answers_final": [
    "9\\sqrt{15}",
    "9\\sqrt{15}",
    "9\\sqrt{15}",
    "9\\sqrt{15}",
    "9\\sqrt{15}",
    "9\\sqrt{15}",
    "9\\sqrt{15}",
    "12\\sqrt{15}"
  ],
  "voted_answer": "9\\sqrt{15}",
  "final_score": 1,
  "processing_duration_sec": 182.11048316955566,
  "total_analysis_intervals": 53,
  "avg_kv_cache_usage": 0.11783013649116804,
  "max_kv_cache_usage": 0.2270044085780468,
  "usage_aggregated": {
    "prompt_tokens": 139,
    "total_completion_tokens_across_all_started_chains": 59412
  },
  "chains_for_voting_details": [
    {
      "chain_index": 1,
      "finish_reason": "stop",
      "extracted_answer": "9\\sqrt{15}",
      "prompt_tokens": 139,
      "completion_tokens": 6949,
      "completed_thought_count": 15,
      "final_mean_pairwise_similarity": 0.41923004388809204,
      "final_internal_similarity": 0.027948669592539468,
      "pruned_count": 0
    },
    {
      "chain_index": 2,
      "finish_reason": "stop",
      "extracted_answer": "9\\sqrt{15}",
      "prompt_tokens": 139,
      "completion_tokens": 6800,
      "completed_thought_count": 19,
      "final_mean_pairwise_similarity": 0.4654935300350189,
      "final_internal_similarity": 0.024499659475527312,
      "pruned_count": 0
    },
    {
      "chain_index": 3,
      "finish_reason": "stop",
      "extracted_answer": "9\\sqrt{15}",
      "prompt_tokens": 139,
      "completion_tokens": 9320,
      "completed_thought_count": 30,
      "final_mean_pairwise_similarity": 0.44752153754234314,
      "final_internal_similarity": 0.01491738458474477,
      "pruned_count": 0
    },
    {
      "chain_index": 4,
      "finish_reason": "stop",
      "extracted_answer": "9\\sqrt{15}",
      "prompt_tokens": 139,
      "completion_tokens": 7364,
      "completed_thought_count": 16,
      "final_mean_pairwise_similarity": 0.48561155796051025,
      "final_internal_similarity": 0.03035072237253189,
      "pruned_count": 0
    },
    {
      "chain_index": 5,
      "finish_reason": "stop",
      "extracted_answer": "9\\sqrt{15}",
      "prompt_tokens": 139,
      "completion_tokens": 8473,
      "completed_thought_count": 29,
      "final_mean_pairwise_similarity": 0.39915016293525696,
      "final_internal_similarity": 0.013763798721905413,
      "pruned_count": 0
    },
    {
      "chain_index": 6,
      "finish_reason": "stop",
      "extracted_answer": "9\\sqrt{15}",
      "prompt_tokens": 139,
      "completion_tokens": 8467,
      "completed_thought_count": 23,
      "final_mean_pairwise_similarity": 0.4795621931552887,
      "final_internal_similarity": 0.020850530137186466,
      "pruned_count": 0
    },
    {
      "chain_index": 7,
      "finish_reason": "stop",
      "extracted_answer": "9\\sqrt{15}",
      "prompt_tokens": 139,
      "completion_tokens": 6866,
      "completed_thought_count": 20,
      "final_mean_pairwise_similarity": 0.45014503598213196,
      "final_internal_similarity": 0.0225072517991066,
      "pruned_count": 0
    },
    {
      "chain_index": 8,
      "finish_reason": "stop",
      "extracted_answer": "12\\sqrt{15}",
      "prompt_tokens": 139,
      "completion_tokens": 5173,
      "completed_thought_count": 11,
      "final_mean_pairwise_similarity": 0.5010762214660645,
      "final_internal_similarity": 0.04555238376964222,
      "pruned_count": 0
    }
  ],
  "pruned_chain_details": [],
  "error_chain_details": []
}