{
  "iteration": 8,
  "question_id": "index_7",
  "status": "SUCCESS",
  "n_chains_start": 8,
  "n_chains_completed_stream_for_voting": 1,
  "n_chains_pruned": 7,
  "n_chains_error": 0,
  "similarity_threshold": 0.95,
  "num_steps_to_delay_pruning": 20,
  "correct_answer_reference": "1-\\frac{2}{\\pi}",
  "individual_answers_final": [
    "0"
  ],
  "voted_answer": "0",
  "final_score": 0,
  "processing_duration_sec": 424.45756220817566,
  "total_analysis_intervals": 59,
  "avg_kv_cache_usage": 0.0936763432422234,
  "max_kv_cache_usage": 0.2666068893372189,
  "usage_aggregated": {
    "prompt_tokens": 151,
    "total_completion_tokens_across_all_started_chains": 70883
  },
  "chains_for_voting_details": [
    {
      "chain_index": 8,
      "finish_reason": "stop",
      "extracted_answer": "0",
      "prompt_tokens": 151,
      "completion_tokens": 19556,
      "completed_thought_count": 50,
      "final_mean_pairwise_similarity": 0.39190712571144104,
      "final_internal_similarity": 0.00783814251422882,
      "pruned_count": 7
    }
  ],
  "pruned_chain_details": [
    {
      "chain_index": 1,
      "finish_reason": "worker_terminated_unexpectedly",
      "completion_tokens": 7121,
      "completed_thought_count": 30,
      "full_text_len": 14766,
      "pruned_at_step": 46,
      "pruned_by_chain_id": "q8_c5",
      "initial_pruned_count": 1
    },
    {
      "chain_index": 2,
      "finish_reason": "worker_terminated_unexpectedly",
      "completion_tokens": 7120,
      "completed_thought_count": 32,
      "full_text_len": 15162,
      "pruned_at_step": 46,
      "pruned_by_chain_id": "q8_c8",
      "initial_pruned_count": 3
    },
    {
      "chain_index": 3,
      "finish_reason": "worker_terminated_unexpectedly",
      "completion_tokens": 7120,
      "completed_thought_count": 43,
      "full_text_len": 18056,
      "pruned_at_step": 46,
      "pruned_by_chain_id": "q8_c1",
      "initial_pruned_count": 0
    },
    {
      "chain_index": 4,
      "finish_reason": "worker_terminated_unexpectedly",
      "completion_tokens": 8763,
      "completed_thought_count": 45,
      "full_text_len": 22031,
      "pruned_at_step": 58,
      "pruned_by_chain_id": "q8_c8",
      "initial_pruned_count": 2
    },
    {
      "chain_index": 5,
      "finish_reason": "worker_terminated_unexpectedly",
      "completion_tokens": 7120,
      "completed_thought_count": 38,
      "full_text_len": 15126,
      "pruned_at_step": 46,
      "pruned_by_chain_id": "q8_c2",
      "initial_pruned_count": 2
    },
    {
      "chain_index": 6,
      "finish_reason": "worker_terminated_unexpectedly",
      "completion_tokens": 7120,
      "completed_thought_count": 38,
      "full_text_len": 16515,
      "pruned_at_step": 46,
      "pruned_by_chain_id": "q8_c4",
      "initial_pruned_count": 0
    },
    {
      "chain_index": 7,
      "finish_reason": "worker_terminated_unexpectedly",
      "completion_tokens": 6963,
      "completed_thought_count": 29,
      "full_text_len": 16428,
      "pruned_at_step": 44,
      "pruned_by_chain_id": "q8_c4",
      "initial_pruned_count": 0
    }
  ],
  "error_chain_details": []
}