{
  "iteration": 19,
  "question_id": "index_18",
  "status": "SUCCESS",
  "n_chains_start": 8,
  "n_chains_completed_stream_for_voting": 1,
  "n_chains_pruned": 7,
  "n_chains_error": 0,
  "similarity_threshold": 0.95,
  "num_steps_to_delay_pruning": 20,
  "correct_answer_reference": "\\frac{4}{9}",
  "individual_answers_final": [
    "\\dfrac{1}{2}"
  ],
  "voted_answer": "\\dfrac{1}{2}",
  "final_score": 0,
  "processing_duration_sec": 315.07210993766785,
  "total_analysis_intervals": 30,
  "avg_kv_cache_usage": 0.055865214487970265,
  "max_kv_cache_usage": 0.1506388702084734,
  "usage_aggregated": {
    "prompt_tokens": 90,
    "total_completion_tokens_across_all_started_chains": 44600
  },
  "chains_for_voting_details": [
    {
      "chain_index": 6,
      "finish_reason": "stop",
      "extracted_answer": "\\dfrac{1}{2}",
      "prompt_tokens": 90,
      "completion_tokens": 15613,
      "completed_thought_count": 66,
      "final_mean_pairwise_similarity": 0.4907636344432831,
      "final_internal_similarity": 0.007435812643080047,
      "pruned_count": 7
    }
  ],
  "pruned_chain_details": [
    {
      "chain_index": 1,
      "finish_reason": "worker_terminated_unexpectedly",
      "completion_tokens": 4088,
      "completed_thought_count": 49,
      "full_text_len": 18160,
      "pruned_at_step": 25,
      "pruned_by_chain_id": "q19_c5",
      "initial_pruned_count": 0
    },
    {
      "chain_index": 2,
      "finish_reason": "worker_terminated_unexpectedly",
      "completion_tokens": 4087,
      "completed_thought_count": 56,
      "full_text_len": 18050,
      "pruned_at_step": 25,
      "pruned_by_chain_id": "q19_c6",
      "initial_pruned_count": 0
    },
    {
      "chain_index": 3,
      "finish_reason": "worker_terminated_unexpectedly",
      "completion_tokens": 4087,
      "completed_thought_count": 49,
      "full_text_len": 18178,
      "pruned_at_step": 25,
      "pruned_by_chain_id": "q19_c8",
      "initial_pruned_count": 1
    },
    {
      "chain_index": 4,
      "finish_reason": "worker_terminated_unexpectedly",
      "completion_tokens": 4087,
      "completed_thought_count": 51,
      "full_text_len": 17938,
      "pruned_at_step": 25,
      "pruned_by_chain_id": "q19_c8",
      "initial_pruned_count": 0
    },
    {
      "chain_index": 5,
      "finish_reason": "worker_terminated_unexpectedly",
      "completion_tokens": 4633,
      "completed_thought_count": 50,
      "full_text_len": 17347,
      "pruned_at_step": 29,
      "pruned_by_chain_id": "q19_c6",
      "initial_pruned_count": 5
    },
    {
      "chain_index": 7,
      "finish_reason": "worker_terminated_unexpectedly",
      "completion_tokens": 3918,
      "completed_thought_count": 49,
      "full_text_len": 17908,
      "pruned_at_step": 23,
      "pruned_by_chain_id": "q19_c3",
      "initial_pruned_count": 0
    },
    {
      "chain_index": 8,
      "finish_reason": "worker_terminated_unexpectedly",
      "completion_tokens": 4087,
      "completed_thought_count": 56,
      "full_text_len": 16825,
      "pruned_at_step": 25,
      "pruned_by_chain_id": "q19_c5",
      "initial_pruned_count": 3
    }
  ],
  "error_chain_details": []
}