{
  "iteration": 18,
  "question_id": "index_17",
  "status": "SUCCESS",
  "n_chains_start": 8,
  "n_chains_completed_stream_for_voting": 2,
  "n_chains_pruned": 6,
  "n_chains_error": 0,
  "similarity_threshold": 0.95,
  "num_steps_to_delay_pruning": 20,
  "correct_answer_reference": "\\frac{2025}{101}",
  "individual_answers_final": [
    "1825",
    "1825"
  ],
  "voted_answer": "1825",
  "final_score": 0,
  "processing_duration_sec": 186.61273980140686,
  "total_analysis_intervals": 45,
  "avg_kv_cache_usage": 0.10304178839579536,
  "max_kv_cache_usage": 0.2438915041470521,
  "usage_aggregated": {
    "prompt_tokens": 217,
    "total_completion_tokens_across_all_started_chains": 55768
  },
  "chains_for_voting_details": [
    {
      "chain_index": 4,
      "finish_reason": "stop",
      "extracted_answer": "1825",
      "prompt_tokens": 217,
      "completion_tokens": 6309,
      "completed_thought_count": 64,
      "final_mean_pairwise_similarity": 0.46805158257484436,
      "final_internal_similarity": 0.007313305977731943,
      "pruned_count": 5
    },
    {
      "chain_index": 5,
      "finish_reason": "stop",
      "extracted_answer": "1825",
      "prompt_tokens": 217,
      "completion_tokens": 9570,
      "completed_thought_count": 72,
      "final_mean_pairwise_similarity": 0.47465258836746216,
      "final_internal_similarity": 0.006592397060659196,
      "pruned_count": 1
    }
  ],
  "pruned_chain_details": [
    {
      "chain_index": 1,
      "finish_reason": "worker_terminated_unexpectedly",
      "completion_tokens": 6462,
      "completed_thought_count": 61,
      "full_text_len": 26836,
      "pruned_at_step": 40,
      "pruned_by_chain_id": "q18_c5",
      "initial_pruned_count": 0
    },
    {
      "chain_index": 2,
      "finish_reason": "worker_terminated_unexpectedly",
      "completion_tokens": 6617,
      "completed_thought_count": 67,
      "full_text_len": 22082,
      "pruned_at_step": 42,
      "pruned_by_chain_id": "q18_c8",
      "initial_pruned_count": 0
    },
    {
      "chain_index": 3,
      "finish_reason": "worker_terminated_unexpectedly",
      "completion_tokens": 6788,
      "completed_thought_count": 66,
      "full_text_len": 23876,
      "pruned_at_step": 44,
      "pruned_by_chain_id": "q18_c8",
      "initial_pruned_count": 1
    },
    {
      "chain_index": 6,
      "finish_reason": "worker_terminated_unexpectedly",
      "completion_tokens": 6617,
      "completed_thought_count": 62,
      "full_text_len": 25255,
      "pruned_at_step": 42,
      "pruned_by_chain_id": "q18_c3",
      "initial_pruned_count": 0
    },
    {
      "chain_index": 7,
      "finish_reason": "worker_terminated_unexpectedly",
      "completion_tokens": 6617,
      "completed_thought_count": 79,
      "full_text_len": 25007,
      "pruned_at_step": 42,
      "pruned_by_chain_id": "q18_c4",
      "initial_pruned_count": 0
    },
    {
      "chain_index": 8,
      "finish_reason": "worker_terminated_unexpectedly",
      "completion_tokens": 6788,
      "completed_thought_count": 59,
      "full_text_len": 24723,
      "pruned_at_step": 44,
      "pruned_by_chain_id": "q18_c4",
      "initial_pruned_count": 3
    }
  ],
  "error_chain_details": []
}