{
  "iteration": 9,
  "question_id": "index_8",
  "status": "SUCCESS",
  "n_chains_start": 8,
  "n_chains_completed_stream_for_voting": 8,
  "n_chains_pruned": 0,
  "n_chains_error": 0,
  "similarity_threshold": 0.95,
  "num_steps_to_delay_pruning": 20,
  "correct_answer_reference": "1037",
  "individual_answers_final": [
    "1982",
    "1037",
    "1037",
    "1037",
    "1013",
    "992",
    "0",
    "1037"
  ],
  "voted_answer": "1037",
  "final_score": 1,
  "processing_duration_sec": 562.2709867954254,
  "total_analysis_intervals": 100,
  "avg_kv_cache_usage": 0.1679173731475111,
  "max_kv_cache_usage": 0.3138309796009862,
  "usage_aggregated": {
    "prompt_tokens": 238,
    "total_completion_tokens_across_all_started_chains": 109931
  },
  "chains_for_voting_details": [
    {
      "chain_index": 1,
      "finish_reason": "stop",
      "extracted_answer": "1982",
      "prompt_tokens": 238,
      "completion_tokens": 18592,
      "completed_thought_count": 117,
      "final_mean_pairwise_similarity": 0.388102650642395,
      "final_internal_similarity": 0.0033171166721572224,
      "pruned_count": 0
    },
    {
      "chain_index": 2,
      "finish_reason": "stop",
      "extracted_answer": "1037",
      "prompt_tokens": 238,
      "completion_tokens": 9270,
      "completed_thought_count": 49,
      "final_mean_pairwise_similarity": 0.5058712363243103,
      "final_internal_similarity": 0.010323902782128781,
      "pruned_count": 0
    },
    {
      "chain_index": 3,
      "finish_reason": "stop",
      "extracted_answer": "1037",
      "prompt_tokens": 238,
      "completion_tokens": 11178,
      "completed_thought_count": 69,
      "final_mean_pairwise_similarity": 0.3886142075061798,
      "final_internal_similarity": 0.005632089963857678,
      "pruned_count": 0
    },
    {
      "chain_index": 4,
      "finish_reason": "stop",
      "extracted_answer": "1037",
      "prompt_tokens": 238,
      "completion_tokens": 7016,
      "completed_thought_count": 44,
      "final_mean_pairwise_similarity": 0.4383910000324249,
      "final_internal_similarity": 0.009963431818918749,
      "pruned_count": 0
    },
    {
      "chain_index": 5,
      "finish_reason": "stop",
      "extracted_answer": "1013",
      "prompt_tokens": 238,
      "completion_tokens": 16445,
      "completed_thought_count": 92,
      "final_mean_pairwise_similarity": 0.4780173599720001,
      "final_internal_similarity": 0.005195840869260871,
      "pruned_count": 0
    },
    {
      "chain_index": 6,
      "finish_reason": "stop",
      "extracted_answer": "992",
      "prompt_tokens": 238,
      "completion_tokens": 11268,
      "completed_thought_count": 68,
      "final_mean_pairwise_similarity": 0.4462711215019226,
      "final_internal_similarity": 0.006562810610322391,
      "pruned_count": 0
    },
    {
      "chain_index": 7,
      "finish_reason": "stop",
      "extracted_answer": "0",
      "prompt_tokens": 238,
      "completion_tokens": 25200,
      "completed_thought_count": 56,
      "final_mean_pairwise_similarity": 0.440072238445282,
      "final_internal_similarity": 0.007858432829380035,
      "pruned_count": 0
    },
    {
      "chain_index": 8,
      "finish_reason": "stop",
      "extracted_answer": "1037",
      "prompt_tokens": 238,
      "completion_tokens": 10962,
      "completed_thought_count": 61,
      "final_mean_pairwise_similarity": 0.46001136302948,
      "final_internal_similarity": 0.00754116988572918,
      "pruned_count": 0
    }
  ],
  "pruned_chain_details": [],
  "error_chain_details": []
}