{
  "iteration": 30,
  "question_id": "index_29",
  "status": "SUCCESS",
  "n_chains_start": 8,
  "n_chains_completed_stream_for_voting": 1,
  "n_chains_pruned": 7,
  "n_chains_error": 0,
  "similarity_threshold": 0.95,
  "num_steps_to_delay_pruning": 20,
  "correct_answer_reference": "\\sqrt{\\frac{95}{24}}",
  "individual_answers_final": [
    "30"
  ],
  "voted_answer": "30",
  "final_score": 0,
  "processing_duration_sec": 565.8403151035309,
  "total_analysis_intervals": 34,
  "avg_kv_cache_usage": 0.07716720820401646,
  "max_kv_cache_usage": 0.1739520286931181,
  "usage_aggregated": {
    "prompt_tokens": 115,
    "total_completion_tokens_across_all_started_chains": 59882
  },
  "chains_for_voting_details": [
    {
      "chain_index": 3,
      "finish_reason": "stop",
      "extracted_answer": "30",
      "prompt_tokens": 115,
      "completion_tokens": 26384,
      "completed_thought_count": 51,
      "final_mean_pairwise_similarity": 0.4421992897987366,
      "final_internal_similarity": 0.008670574309779149,
      "pruned_count": 7
    }
  ],
  "pruned_chain_details": [
    {
      "chain_index": 1,
      "finish_reason": "worker_terminated_unexpectedly",
      "completion_tokens": 5034,
      "completed_thought_count": 45,
      "full_text_len": 16477,
      "pruned_at_step": 33,
      "pruned_by_chain_id": "q30_c3",
      "initial_pruned_count": 2
    },
    {
      "chain_index": 2,
      "finish_reason": "worker_terminated_unexpectedly",
      "completion_tokens": 4683,
      "completed_thought_count": 36,
      "full_text_len": 15843,
      "pruned_at_step": 29,
      "pruned_by_chain_id": "q30_c5",
      "initial_pruned_count": 0
    },
    {
      "chain_index": 4,
      "finish_reason": "worker_terminated_unexpectedly",
      "completion_tokens": 4683,
      "completed_thought_count": 55,
      "full_text_len": 18154,
      "pruned_at_step": 29,
      "pruned_by_chain_id": "q30_c1",
      "initial_pruned_count": 1
    },
    {
      "chain_index": 5,
      "finish_reason": "worker_terminated_unexpectedly",
      "completion_tokens": 4861,
      "completed_thought_count": 61,
      "full_text_len": 17771,
      "pruned_at_step": 31,
      "pruned_by_chain_id": "q30_c8",
      "initial_pruned_count": 2
    },
    {
      "chain_index": 6,
      "finish_reason": "worker_terminated_unexpectedly",
      "completion_tokens": 4683,
      "completed_thought_count": 48,
      "full_text_len": 16565,
      "pruned_at_step": 29,
      "pruned_by_chain_id": "q30_c5",
      "initial_pruned_count": 0
    },
    {
      "chain_index": 7,
      "finish_reason": "worker_terminated_unexpectedly",
      "completion_tokens": 4521,
      "completed_thought_count": 60,
      "full_text_len": 17978,
      "pruned_at_step": 27,
      "pruned_by_chain_id": "q30_c4",
      "initial_pruned_count": 0
    },
    {
      "chain_index": 8,
      "finish_reason": "worker_terminated_unexpectedly",
      "completion_tokens": 5033,
      "completed_thought_count": 56,
      "full_text_len": 18499,
      "pruned_at_step": 33,
      "pruned_by_chain_id": "q30_c3",
      "initial_pruned_count": 3
    }
  ],
  "error_chain_details": []
}