{
  "iteration": 27,
  "question_id": "index_26",
  "status": "SUCCESS",
  "n_chains_start": 8,
  "n_chains_completed_stream_for_voting": 1,
  "n_chains_pruned": 7,
  "n_chains_error": 0,
  "similarity_threshold": 0.95,
  "num_steps_to_delay_pruning": 20,
  "correct_answer_reference": "\\frac{7}{18}",
  "individual_answers_final": [
    "\\dfrac{7}{18}"
  ],
  "voted_answer": "\\dfrac{7}{18}",
  "final_score": 1,
  "processing_duration_sec": 344.97419929504395,
  "total_analysis_intervals": 37,
  "avg_kv_cache_usage": 0.05914830235966137,
  "max_kv_cache_usage": 0.1368900844354779,
  "usage_aggregated": {
    "prompt_tokens": 151,
    "total_completion_tokens_across_all_started_chains": 46345
  },
  "chains_for_voting_details": [
    {
      "chain_index": 5,
      "finish_reason": "stop",
      "extracted_answer": "\\dfrac{7}{18}",
      "prompt_tokens": 151,
      "completion_tokens": 16584,
      "completed_thought_count": 44,
      "final_mean_pairwise_similarity": 0.5139015913009644,
      "final_internal_similarity": 0.011679581620476463,
      "pruned_count": 7
    }
  ],
  "pruned_chain_details": [
    {
      "chain_index": 1,
      "finish_reason": "worker_terminated_unexpectedly",
      "completion_tokens": 4852,
      "completed_thought_count": 23,
      "full_text_len": 12142,
      "pruned_at_step": 32,
      "pruned_by_chain_id": "q27_c7",
      "initial_pruned_count": 0
    },
    {
      "chain_index": 2,
      "finish_reason": "worker_terminated_unexpectedly",
      "completion_tokens": 3671,
      "completed_thought_count": 34,
      "full_text_len": 11777,
      "pruned_at_step": 23,
      "pruned_by_chain_id": "q27_c8",
      "initial_pruned_count": 0
    },
    {
      "chain_index": 3,
      "finish_reason": "worker_terminated_unexpectedly",
      "completion_tokens": 3836,
      "completed_thought_count": 31,
      "full_text_len": 11349,
      "pruned_at_step": 25,
      "pruned_by_chain_id": "q27_c5",
      "initial_pruned_count": 1
    },
    {
      "chain_index": 4,
      "finish_reason": "worker_terminated_unexpectedly",
      "completion_tokens": 3670,
      "completed_thought_count": 19,
      "full_text_len": 10111,
      "pruned_at_step": 23,
      "pruned_by_chain_id": "q27_c5",
      "initial_pruned_count": 0
    },
    {
      "chain_index": 6,
      "finish_reason": "worker_terminated_unexpectedly",
      "completion_tokens": 3496,
      "completed_thought_count": 24,
      "full_text_len": 10409,
      "pruned_at_step": 21,
      "pruned_by_chain_id": "q27_c3",
      "initial_pruned_count": 0
    },
    {
      "chain_index": 7,
      "finish_reason": "worker_terminated_unexpectedly",
      "completion_tokens": 4851,
      "completed_thought_count": 26,
      "full_text_len": 13293,
      "pruned_at_step": 32,
      "pruned_by_chain_id": "q27_c5",
      "initial_pruned_count": 1
    },
    {
      "chain_index": 8,
      "finish_reason": "worker_terminated_unexpectedly",
      "completion_tokens": 5385,
      "completed_thought_count": 24,
      "full_text_len": 14207,
      "pruned_at_step": 36,
      "pruned_by_chain_id": "q27_c5",
      "initial_pruned_count": 1
    }
  ],
  "error_chain_details": []
}