{
  "iteration": 29,
  "question_id": "index_28",
  "status": "SUCCESS",
  "n_chains_start": 8,
  "n_chains_completed_stream_for_voting": 8,
  "n_chains_pruned": 0,
  "n_chains_error": 0,
  "similarity_threshold": 0.95,
  "num_steps_to_delay_pruning": 20,
  "correct_answer_reference": "14+4\\sqrt{37}",
  "individual_answers_final": [
    "26",
    "34",
    "26",
    "14 + 4\\sqrt{37}",
    "28",
    "25",
    "50",
    "26"
  ],
  "voted_answer": "26",
  "final_score": 0,
  "processing_duration_sec": 914.272608757019,
  "total_analysis_intervals": 100,
  "avg_kv_cache_usage": 0.3343358789183799,
  "max_kv_cache_usage": 0.6845998655010088,
  "usage_aggregated": {
    "prompt_tokens": 134,
    "total_completion_tokens_across_all_started_chains": 198669
  },
  "chains_for_voting_details": [
    {
      "chain_index": 1,
      "finish_reason": "stop",
      "extracted_answer": "26",
      "prompt_tokens": 134,
      "completion_tokens": 24288,
      "completed_thought_count": 53,
      "final_mean_pairwise_similarity": 0.47306692600250244,
      "final_internal_similarity": 0.00892579105665099,
      "pruned_count": 0
    },
    {
      "chain_index": 2,
      "finish_reason": "stop",
      "extracted_answer": "34",
      "prompt_tokens": 134,
      "completion_tokens": 26945,
      "completed_thought_count": 46,
      "final_mean_pairwise_similarity": 0.3752242624759674,
      "final_internal_similarity": 0.00815704918426016,
      "pruned_count": 0
    },
    {
      "chain_index": 3,
      "finish_reason": "stop",
      "extracted_answer": "26",
      "prompt_tokens": 134,
      "completion_tokens": 18590,
      "completed_thought_count": 52,
      "final_mean_pairwise_similarity": 0.3994004726409912,
      "final_internal_similarity": 0.007680778320019062,
      "pruned_count": 0
    },
    {
      "chain_index": 4,
      "finish_reason": "stop",
      "extracted_answer": "14 + 4\\sqrt{37}",
      "prompt_tokens": 134,
      "completion_tokens": 12525,
      "completed_thought_count": 17,
      "final_mean_pairwise_similarity": 0.5092763304710388,
      "final_internal_similarity": 0.029957431204178753,
      "pruned_count": 0
    },
    {
      "chain_index": 5,
      "finish_reason": "stop",
      "extracted_answer": "28",
      "prompt_tokens": 134,
      "completion_tokens": 24420,
      "completed_thought_count": 45,
      "final_mean_pairwise_similarity": 0.3044920563697815,
      "final_internal_similarity": 0.0067664901415507,
      "pruned_count": 0
    },
    {
      "chain_index": 6,
      "finish_reason": "stop",
      "extracted_answer": "25",
      "prompt_tokens": 134,
      "completion_tokens": 28307,
      "completed_thought_count": 51,
      "final_mean_pairwise_similarity": 0.456572026014328,
      "final_internal_similarity": 0.008952392666947608,
      "pruned_count": 0
    },
    {
      "chain_index": 7,
      "finish_reason": "stop",
      "extracted_answer": "50",
      "prompt_tokens": 134,
      "completion_tokens": 37415,
      "completed_thought_count": 45,
      "final_mean_pairwise_similarity": 0.4406004250049591,
      "final_internal_similarity": 0.009791120555665759,
      "pruned_count": 0
    },
    {
      "chain_index": 8,
      "finish_reason": "stop",
      "extracted_answer": "26",
      "prompt_tokens": 134,
      "completion_tokens": 26179,
      "completed_thought_count": 37,
      "final_mean_pairwise_similarity": 0.4684743285179138,
      "final_internal_similarity": 0.012661468338321996,
      "pruned_count": 0
    }
  ],
  "pruned_chain_details": [],
  "error_chain_details": []
}