{
  "iteration": 11,
  "question_id": "index_10",
  "status": "SUCCESS",
  "n_chains_start": 8,
  "n_chains_completed_stream_for_voting": 8,
  "n_chains_pruned": 0,
  "n_chains_error": 0,
  "similarity_threshold": 0.95,
  "num_steps_to_delay_pruning": 20,
  "correct_answer_reference": "56",
  "individual_answers_final": [
    "8",
    "14",
    "8",
    "56",
    "14",
    "10",
    "8",
    "8"
  ],
  "voted_answer": "8",
  "final_score": 0,
  "processing_duration_sec": 295.8999207019806,
  "total_analysis_intervals": 94,
  "avg_kv_cache_usage": 0.18536989240199697,
  "max_kv_cache_usage": 0.3658372562205784,
  "usage_aggregated": {
    "prompt_tokens": 111,
    "total_completion_tokens_across_all_started_chains": 91982
  },
  "chains_for_voting_details": [
    {
      "chain_index": 1,
      "finish_reason": "stop",
      "extracted_answer": "8",
      "prompt_tokens": 111,
      "completion_tokens": 9703,
      "completed_thought_count": 51,
      "final_mean_pairwise_similarity": 0.5332022905349731,
      "final_internal_similarity": 0.010454946873234767,
      "pruned_count": 0
    },
    {
      "chain_index": 2,
      "finish_reason": "stop",
      "extracted_answer": "14",
      "prompt_tokens": 111,
      "completion_tokens": 11767,
      "completed_thought_count": 71,
      "final_mean_pairwise_similarity": 0.5163853168487549,
      "final_internal_similarity": 0.007273032631672604,
      "pruned_count": 0
    },
    {
      "chain_index": 3,
      "finish_reason": "stop",
      "extracted_answer": "8",
      "prompt_tokens": 111,
      "completion_tokens": 10432,
      "completed_thought_count": 95,
      "final_mean_pairwise_similarity": 0.44622769951820374,
      "final_internal_similarity": 0.004697133679138986,
      "pruned_count": 0
    },
    {
      "chain_index": 4,
      "finish_reason": "stop",
      "extracted_answer": "56",
      "prompt_tokens": 111,
      "completion_tokens": 13813,
      "completed_thought_count": 109,
      "final_mean_pairwise_similarity": 0.5760875344276428,
      "final_internal_similarity": 0.005285206737868283,
      "pruned_count": 0
    },
    {
      "chain_index": 5,
      "finish_reason": "stop",
      "extracted_answer": "14",
      "prompt_tokens": 111,
      "completion_tokens": 13450,
      "completed_thought_count": 73,
      "final_mean_pairwise_similarity": 0.496176153421402,
      "final_internal_similarity": 0.006796933608512356,
      "pruned_count": 0
    },
    {
      "chain_index": 6,
      "finish_reason": "stop",
      "extracted_answer": "10",
      "prompt_tokens": 111,
      "completion_tokens": 12022,
      "completed_thought_count": 55,
      "final_mean_pairwise_similarity": 0.5444951057434082,
      "final_internal_similarity": 0.009899911013516513,
      "pruned_count": 0
    },
    {
      "chain_index": 7,
      "finish_reason": "stop",
      "extracted_answer": "8",
      "prompt_tokens": 111,
      "completion_tokens": 11120,
      "completed_thought_count": 79,
      "final_mean_pairwise_similarity": 0.52122563123703,
      "final_internal_similarity": 0.006597792800468735,
      "pruned_count": 0
    },
    {
      "chain_index": 8,
      "finish_reason": "stop",
      "extracted_answer": "8",
      "prompt_tokens": 111,
      "completion_tokens": 9675,
      "completed_thought_count": 75,
      "final_mean_pairwise_similarity": 0.5497907996177673,
      "final_internal_similarity": 0.007330543994903564,
      "pruned_count": 0
    }
  ],
  "pruned_chain_details": [],
  "error_chain_details": []
}