{
  "iteration": 7,
  "question_id": "index_6",
  "status": "SUCCESS",
  "n_chains_start": 8,
  "n_chains_completed_stream_for_voting": 2,
  "n_chains_pruned": 6,
  "n_chains_error": 0,
  "similarity_threshold": 0.95,
  "num_steps_to_delay_pruning": 20,
  "correct_answer_reference": "\\frac{9 \\sqrt{23}}{23}",
  "individual_answers_final": [
    "\\dfrac{9\\sqrt{23}}{23}",
    "\\dfrac{\\sqrt{5} + 2\\sqrt{10} + \\sqrt{110}}{10}"
  ],
  "voted_answer": "\\dfrac{9\\sqrt{23}}{23}",
  "final_score": 1,
  "processing_duration_sec": 636.4143533706665,
  "total_analysis_intervals": 75,
  "avg_kv_cache_usage": 0.10860848786762647,
  "max_kv_cache_usage": 0.2636180228648285,
  "usage_aggregated": {
    "prompt_tokens": 35334,
    "total_completion_tokens_across_all_started_chains": 87468
  },
  "chains_for_voting_details": [
    {
      "chain_index": 2,
      "finish_reason": "stop",
      "extracted_answer": "\\dfrac{9\\sqrt{23}}{23}",
      "prompt_tokens": 138,
      "completion_tokens": 6426,
      "completed_thought_count": 16,
      "final_mean_pairwise_similarity": 0.5066824555397034,
      "final_internal_similarity": 0.03166765347123146,
      "pruned_count": 0
    },
    {
      "chain_index": 4,
      "finish_reason": "stop",
      "extracted_answer": "\\dfrac{\\sqrt{5} + 2\\sqrt{10} + \\sqrt{110}}{10}",
      "prompt_tokens": 138,
      "completion_tokens": 28539,
      "completed_thought_count": 23,
      "final_mean_pairwise_similarity": 0.5413761734962463,
      "final_internal_similarity": 0.023538094499836796,
      "pruned_count": 6
    }
  ],
  "pruned_chain_details": [
    {
      "chain_index": 1,
      "finish_reason": "worker_terminated_unexpectedly",
      "completion_tokens": 8435,
      "completed_thought_count": 38,
      "full_text_len": 19066,
      "pruned_at_step": 58,
      "pruned_by_chain_id": "q7_c3",
      "initial_pruned_count": 4
    },
    {
      "chain_index": 3,
      "finish_reason": "worker_terminated_unexpectedly",
      "completion_tokens": 10367,
      "completed_thought_count": 38,
      "full_text_len": 22095,
      "pruned_at_step": 74,
      "pruned_by_chain_id": "q7_c4",
      "initial_pruned_count": 5
    },
    {
      "chain_index": 5,
      "finish_reason": "worker_terminated_unexpectedly",
      "completion_tokens": 7912,
      "completed_thought_count": 39,
      "full_text_len": 17540,
      "pruned_at_step": 51,
      "pruned_by_chain_id": "q7_c1",
      "initial_pruned_count": 0
    },
    {
      "chain_index": 6,
      "finish_reason": "worker_terminated_unexpectedly",
      "completion_tokens": 8303,
      "completed_thought_count": 28,
      "full_text_len": 17807,
      "pruned_at_step": 56,
      "pruned_by_chain_id": "q7_c1",
      "initial_pruned_count": 1
    },
    {
      "chain_index": 7,
      "finish_reason": "worker_terminated_unexpectedly",
      "completion_tokens": 8303,
      "completed_thought_count": 37,
      "full_text_len": 18191,
      "pruned_at_step": 56,
      "pruned_by_chain_id": "q7_c1",
      "initial_pruned_count": 0
    },
    {
      "chain_index": 8,
      "finish_reason": "worker_terminated_unexpectedly",
      "completion_tokens": 8183,
      "completed_thought_count": 24,
      "full_text_len": 16684,
      "pruned_at_step": 54,
      "pruned_by_chain_id": "q7_c6",
      "initial_pruned_count": 0
    }
  ],
  "error_chain_details": [],
  "llm_tie_break_performed": true,
  "llm_tie_break_prompt_tokens": 35196,
  "llm_tie_break_completion_tokens": 1000,
  "llm_tie_break_response_text": "\n\nTo solve the given problem, we start by expressing the variables \\(a\\), \\(b\\), and \\(c\\) in terms of a common parameter \\(k\\). From the first set of equations, we have:\n\n\\[\n2(a^2 + 1) = 3(b^2 + 1) = 4(c^2 + 1) = k\n\\]\n\nThis allows us to express \\(a^2\\), \\(b^2\\), and \\(c^2\\) as:\n\n\\[\na^2 = \\frac{k - 2}{2}, \\quad b^2 = \\frac{k - 3}{3}, \\quad c^2 = \\frac{k - 4}{4}\n\\]\n\nTaking square roots, we get:\n\n\\[\na = \\sqrt{\\frac{k - 2}{2}}, \\quad b = \\sqrt{\\frac{k - 3}{3}}, \\quad c = \\sqrt{\\frac{k - 4}{4}}\n\\]\n\nSubstituting these into the second equation \\(ab + bc + ca = 1\\), we get:\n\n\\[\n\\sqrt{\\frac{(k - 2)(k - 3)}{6}} + \\sqrt{\\frac{(k - 3)(k - 4)}{12}} + \\sqrt{\\frac{(k - 4)(k - 2)}{8}} = 1\n\\]\n\nAfter several trials and approximations, we find that the value of \\(k\\) that satisfies this equation is \\(k = \\frac{96}{23}\\). Substituting \\(k = \\frac{96}{23}\\) back into the expressions for \\(a\\), \\(b\\), and \\(c\\), we get:\n\n\\[\na = \\sqrt{\\frac{5}{23}}, \\quad b = \\sqrt{\\frac{3}{23}}, \\quad c = \\sqrt{\\frac{1}{23}}\n\\]\n\nSumming these up, we find:\n\n\\[\na + b + c = \\frac{9\\sqrt{23}}{23}\n\\]\n\nThus, the final answer is:\n\n\\[\n\\boxed{\\dfrac{9\\sqrt{23}}{23}}\n\\]"
}