{
  "iteration": 15,
  "question_id": "index_14",
  "status": "SUCCESS",
  "n_chains_start": 8,
  "n_chains_completed_stream_for_voting": 1,
  "n_chains_pruned": 7,
  "n_chains_error": 0,
  "similarity_threshold": 0.95,
  "num_steps_to_delay_pruning": 20,
  "correct_answer_reference": "200",
  "individual_answers_final": [
    "120"
  ],
  "voted_answer": "120",
  "final_score": 0,
  "processing_duration_sec": 76.42514991760254,
  "total_analysis_intervals": 27,
  "avg_kv_cache_usage": 0.07025572150006054,
  "max_kv_cache_usage": 0.1255323918403945,
  "usage_aggregated": {
    "prompt_tokens": 144,
    "total_completion_tokens_across_all_started_chains": 30479
  },
  "chains_for_voting_details": [
    {
      "chain_index": 6,
      "finish_reason": "stop",
      "extracted_answer": "120",
      "prompt_tokens": 144,
      "completion_tokens": 3006,
      "completed_thought_count": 27,
      "final_mean_pairwise_similarity": 0.5759568810462952,
      "final_internal_similarity": 0.02133173633504797,
      "pruned_count": 7
    }
  ],
  "pruned_chain_details": [
    {
      "chain_index": 1,
      "finish_reason": "worker_terminated_unexpectedly",
      "completion_tokens": 3846,
      "completed_thought_count": 55,
      "full_text_len": 16009,
      "pruned_at_step": 24,
      "pruned_by_chain_id": "q15_c4",
      "initial_pruned_count": 0
    },
    {
      "chain_index": 2,
      "finish_reason": "worker_terminated_unexpectedly",
      "completion_tokens": 3674,
      "completed_thought_count": 35,
      "full_text_len": 14670,
      "pruned_at_step": 22,
      "pruned_by_chain_id": "q15_c4",
      "initial_pruned_count": 0
    },
    {
      "chain_index": 3,
      "finish_reason": "worker_terminated_unexpectedly",
      "completion_tokens": 3845,
      "completed_thought_count": 40,
      "full_text_len": 15873,
      "pruned_at_step": 24,
      "pruned_by_chain_id": "q15_c4",
      "initial_pruned_count": 0
    },
    {
      "chain_index": 4,
      "finish_reason": "worker_terminated_unexpectedly",
      "completion_tokens": 3845,
      "completed_thought_count": 46,
      "full_text_len": 16147,
      "pruned_at_step": 24,
      "pruned_by_chain_id": "q15_c5",
      "initial_pruned_count": 3
    },
    {
      "chain_index": 5,
      "finish_reason": "worker_terminated_unexpectedly",
      "completion_tokens": 4209,
      "completed_thought_count": 43,
      "full_text_len": 16756,
      "pruned_at_step": 27,
      "pruned_by_chain_id": "q15_c6",
      "initial_pruned_count": 5
    },
    {
      "chain_index": 7,
      "finish_reason": "worker_terminated_unexpectedly",
      "completion_tokens": 3845,
      "completed_thought_count": 39,
      "full_text_len": 15866,
      "pruned_at_step": 24,
      "pruned_by_chain_id": "q15_c5",
      "initial_pruned_count": 0
    },
    {
      "chain_index": 8,
      "finish_reason": "worker_terminated_unexpectedly",
      "completion_tokens": 4209,
      "completed_thought_count": 42,
      "full_text_len": 18068,
      "pruned_at_step": 27,
      "pruned_by_chain_id": "q15_c6",
      "initial_pruned_count": 0
    }
  ],
  "error_chain_details": []
}