{
  "iteration": 24,
  "question_id": "index_23",
  "status": "SUCCESS",
  "n_chains_start": 8,
  "n_chains_completed_stream_for_voting": 8,
  "n_chains_pruned": 0,
  "n_chains_error": 0,
  "similarity_threshold": 0.95,
  "num_steps_to_delay_pruning": 20,
  "correct_answer_reference": "20",
  "individual_answers_final": [
    "20",
    "100",
    "4",
    "25",
    "100",
    "100",
    "100",
    "100"
  ],
  "voted_answer": "100",
  "final_score": 0,
  "processing_duration_sec": 321.36520171165466,
  "total_analysis_intervals": 99,
  "avg_kv_cache_usage": 0.2228718925645472,
  "max_kv_cache_usage": 0.3591870283195097,
  "usage_aggregated": {
    "prompt_tokens": 677,
    "total_completion_tokens_across_all_started_chains": 98829
  },
  "chains_for_voting_details": [
    {
      "chain_index": 1,
      "finish_reason": "stop",
      "extracted_answer": "20",
      "prompt_tokens": 677,
      "completion_tokens": 13787,
      "completed_thought_count": 91,
      "final_mean_pairwise_similarity": 0.609420120716095,
      "final_internal_similarity": 0.006696924403473571,
      "pruned_count": 0
    },
    {
      "chain_index": 2,
      "finish_reason": "stop",
      "extracted_answer": "100",
      "prompt_tokens": 677,
      "completion_tokens": 13758,
      "completed_thought_count": 78,
      "final_mean_pairwise_similarity": 0.6472561359405518,
      "final_internal_similarity": 0.008298155588981433,
      "pruned_count": 0
    },
    {
      "chain_index": 3,
      "finish_reason": "stop",
      "extracted_answer": "4",
      "prompt_tokens": 677,
      "completion_tokens": 8926,
      "completed_thought_count": 49,
      "final_mean_pairwise_similarity": 0.6076648831367493,
      "final_internal_similarity": 0.012401324145647943,
      "pruned_count": 0
    },
    {
      "chain_index": 4,
      "finish_reason": "stop",
      "extracted_answer": "25",
      "prompt_tokens": 677,
      "completion_tokens": 14518,
      "completed_thought_count": 82,
      "final_mean_pairwise_similarity": 0.6058593988418579,
      "final_internal_similarity": 0.007388529254168999,
      "pruned_count": 0
    },
    {
      "chain_index": 5,
      "finish_reason": "stop",
      "extracted_answer": "100",
      "prompt_tokens": 677,
      "completion_tokens": 11996,
      "completed_thought_count": 78,
      "final_mean_pairwise_similarity": 0.6240733861923218,
      "final_internal_similarity": 0.00800094084861951,
      "pruned_count": 0
    },
    {
      "chain_index": 6,
      "finish_reason": "stop",
      "extracted_answer": "100",
      "prompt_tokens": 677,
      "completion_tokens": 14131,
      "completed_thought_count": 74,
      "final_mean_pairwise_similarity": 0.6161848306655884,
      "final_internal_similarity": 0.008326822036021465,
      "pruned_count": 0
    },
    {
      "chain_index": 7,
      "finish_reason": "stop",
      "extracted_answer": "100",
      "prompt_tokens": 677,
      "completion_tokens": 11710,
      "completed_thought_count": 78,
      "final_mean_pairwise_similarity": 0.577519416809082,
      "final_internal_similarity": 0.007404095087295923,
      "pruned_count": 0
    },
    {
      "chain_index": 8,
      "finish_reason": "stop",
      "extracted_answer": "100",
      "prompt_tokens": 677,
      "completion_tokens": 10003,
      "completed_thought_count": 68,
      "final_mean_pairwise_similarity": 0.5607394576072693,
      "final_internal_similarity": 0.008246168494224548,
      "pruned_count": 0
    }
  ],
  "pruned_chain_details": [],
  "error_chain_details": []
}