{
  "iteration": 23,
  "question_id": "index_22",
  "status": "SUCCESS",
  "n_chains_start": 8,
  "n_chains_completed_stream_for_voting": 8,
  "n_chains_pruned": 0,
  "n_chains_error": 0,
  "similarity_threshold": 0.95,
  "num_steps_to_delay_pruning": 20,
  "correct_answer_reference": "8\\sqrt{10}",
  "individual_answers_final": [
    "8\\sqrt{10}",
    "8\\sqrt{10}",
    "8\\sqrt{10}",
    "8\\sqrt{10}",
    "8\\sqrt{10}",
    "8\\sqrt{10}",
    "8\\sqrt{10}",
    "8\\sqrt{10}"
  ],
  "voted_answer": "8\\sqrt{10}",
  "final_score": 1,
  "processing_duration_sec": 162.0753972530365,
  "total_analysis_intervals": 50,
  "avg_kv_cache_usage": 0.10768745189831302,
  "max_kv_cache_usage": 0.1956213106179481,
  "usage_aggregated": {
    "prompt_tokens": 130,
    "total_completion_tokens_across_all_started_chains": 54307
  },
  "chains_for_voting_details": [
    {
      "chain_index": 1,
      "finish_reason": "stop",
      "extracted_answer": "8\\sqrt{10}",
      "prompt_tokens": 130,
      "completion_tokens": 6622,
      "completed_thought_count": 10,
      "final_mean_pairwise_similarity": 0.45312270522117615,
      "final_internal_similarity": 0.045312270522117615,
      "pruned_count": 0
    },
    {
      "chain_index": 2,
      "finish_reason": "stop",
      "extracted_answer": "8\\sqrt{10}",
      "prompt_tokens": 130,
      "completion_tokens": 6792,
      "completed_thought_count": 16,
      "final_mean_pairwise_similarity": 0.5409643650054932,
      "final_internal_similarity": 0.03381027281284332,
      "pruned_count": 0
    },
    {
      "chain_index": 3,
      "finish_reason": "stop",
      "extracted_answer": "8\\sqrt{10}",
      "prompt_tokens": 130,
      "completion_tokens": 7290,
      "completed_thought_count": 30,
      "final_mean_pairwise_similarity": 0.5345632433891296,
      "final_internal_similarity": 0.017818774779637656,
      "pruned_count": 0
    },
    {
      "chain_index": 4,
      "finish_reason": "stop",
      "extracted_answer": "8\\sqrt{10}",
      "prompt_tokens": 130,
      "completion_tokens": 6340,
      "completed_thought_count": 15,
      "final_mean_pairwise_similarity": 0.6092795729637146,
      "final_internal_similarity": 0.04061863819758097,
      "pruned_count": 0
    },
    {
      "chain_index": 5,
      "finish_reason": "stop",
      "extracted_answer": "8\\sqrt{10}",
      "prompt_tokens": 130,
      "completion_tokens": 8112,
      "completed_thought_count": 13,
      "final_mean_pairwise_similarity": 0.5177834630012512,
      "final_internal_similarity": 0.0398294971539424,
      "pruned_count": 0
    },
    {
      "chain_index": 6,
      "finish_reason": "stop",
      "extracted_answer": "8\\sqrt{10}",
      "prompt_tokens": 130,
      "completion_tokens": 4769,
      "completed_thought_count": 8,
      "final_mean_pairwise_similarity": 0.5389044880867004,
      "final_internal_similarity": 0.06736306101083755,
      "pruned_count": 0
    },
    {
      "chain_index": 7,
      "finish_reason": "stop",
      "extracted_answer": "8\\sqrt{10}",
      "prompt_tokens": 130,
      "completion_tokens": 5844,
      "completed_thought_count": 11,
      "final_mean_pairwise_similarity": 0.4649859666824341,
      "final_internal_similarity": 0.042271451516584915,
      "pruned_count": 0
    },
    {
      "chain_index": 8,
      "finish_reason": "stop",
      "extracted_answer": "8\\sqrt{10}",
      "prompt_tokens": 130,
      "completion_tokens": 8538,
      "completed_thought_count": 18,
      "final_mean_pairwise_similarity": 0.4058369994163513,
      "final_internal_similarity": 0.022546499967575073,
      "pruned_count": 0
    }
  ],
  "pruned_chain_details": [],
  "error_chain_details": []
}