{
  "iteration": 5,
  "question_id": "index_4",
  "status": "SUCCESS",
  "n_chains_start": 8,
  "n_chains_completed_stream_for_voting": 8,
  "n_chains_pruned": 0,
  "n_chains_error": 0,
  "similarity_threshold": 0.95,
  "num_steps_to_delay_pruning": 20,
  "correct_answer_reference": "890",
  "individual_answers_final": [
    "890",
    "890",
    "890",
    "890",
    "890",
    "9000",
    "890",
    "9000"
  ],
  "voted_answer": "890",
  "final_score": 1,
  "processing_duration_sec": 193.99613523483276,
  "total_analysis_intervals": 44,
  "avg_kv_cache_usage": 0.08577337716162897,
  "max_kv_cache_usage": 0.1721587088096839,
  "usage_aggregated": {
    "prompt_tokens": 138,
    "total_completion_tokens_across_all_started_chains": 51415
  },
  "chains_for_voting_details": [
    {
      "chain_index": 1,
      "finish_reason": "stop",
      "extracted_answer": "890",
      "prompt_tokens": 138,
      "completion_tokens": 6122,
      "completed_thought_count": 35,
      "final_mean_pairwise_similarity": 0.4928022623062134,
      "final_internal_similarity": 0.014080064637320382,
      "pruned_count": 0
    },
    {
      "chain_index": 2,
      "finish_reason": "stop",
      "extracted_answer": "890",
      "prompt_tokens": 138,
      "completion_tokens": 6670,
      "completed_thought_count": 36,
      "final_mean_pairwise_similarity": 0.4738823175430298,
      "final_internal_similarity": 0.013163397709528605,
      "pruned_count": 0
    },
    {
      "chain_index": 3,
      "finish_reason": "stop",
      "extracted_answer": "890",
      "prompt_tokens": 138,
      "completion_tokens": 6265,
      "completed_thought_count": 38,
      "final_mean_pairwise_similarity": 0.5342446565628052,
      "final_internal_similarity": 0.014059069909547505,
      "pruned_count": 0
    },
    {
      "chain_index": 4,
      "finish_reason": "stop",
      "extracted_answer": "890",
      "prompt_tokens": 138,
      "completion_tokens": 4821,
      "completed_thought_count": 22,
      "final_mean_pairwise_similarity": 0.5160673260688782,
      "final_internal_similarity": 0.023457605730403553,
      "pruned_count": 0
    },
    {
      "chain_index": 5,
      "finish_reason": "stop",
      "extracted_answer": "890",
      "prompt_tokens": 138,
      "completion_tokens": 4394,
      "completed_thought_count": 18,
      "final_mean_pairwise_similarity": 0.6057068705558777,
      "final_internal_similarity": 0.03365038169754876,
      "pruned_count": 0
    },
    {
      "chain_index": 6,
      "finish_reason": "stop",
      "extracted_answer": "9000",
      "prompt_tokens": 138,
      "completion_tokens": 7203,
      "completed_thought_count": 39,
      "final_mean_pairwise_similarity": 0.46329423785209656,
      "final_internal_similarity": 0.01187933943210504,
      "pruned_count": 0
    },
    {
      "chain_index": 7,
      "finish_reason": "stop",
      "extracted_answer": "890",
      "prompt_tokens": 138,
      "completion_tokens": 9947,
      "completed_thought_count": 37,
      "final_mean_pairwise_similarity": 0.37972986698150635,
      "final_internal_similarity": 0.01026296937787855,
      "pruned_count": 0
    },
    {
      "chain_index": 8,
      "finish_reason": "stop",
      "extracted_answer": "9000",
      "prompt_tokens": 138,
      "completion_tokens": 5993,
      "completed_thought_count": 40,
      "final_mean_pairwise_similarity": 0.45060282945632935,
      "final_internal_similarity": 0.011265070736408233,
      "pruned_count": 0
    }
  ],
  "pruned_chain_details": [],
  "error_chain_details": []
}