{
  "iteration": 4,
  "question_id": "index_3",
  "status": "SUCCESS",
  "n_chains_start": 8,
  "n_chains_completed_stream_for_voting": 8,
  "n_chains_pruned": 0,
  "n_chains_error": 0,
  "similarity_threshold": 0.95,
  "num_steps_to_delay_pruning": 20,
  "correct_answer_reference": "-984",
  "individual_answers_final": [
    "3064",
    "3050",
    "-983",
    "-983",
    "-982",
    "3059",
    "-998",
    "-984"
  ],
  "voted_answer": "-983",
  "final_score": 0,
  "processing_duration_sec": 415.89253520965576,
  "total_analysis_intervals": 100,
  "avg_kv_cache_usage": 0.1494620197923847,
  "max_kv_cache_usage": 0.281401778375551,
  "usage_aggregated": {
    "prompt_tokens": 118,
    "total_completion_tokens_across_all_started_chains": 91507
  },
  "chains_for_voting_details": [
    {
      "chain_index": 1,
      "finish_reason": "stop",
      "extracted_answer": "3064",
      "prompt_tokens": 118,
      "completion_tokens": 16286,
      "completed_thought_count": 90,
      "final_mean_pairwise_similarity": 0.4960607588291168,
      "final_internal_similarity": 0.005511786209212409,
      "pruned_count": 0
    },
    {
      "chain_index": 2,
      "finish_reason": "stop",
      "extracted_answer": "3050",
      "prompt_tokens": 118,
      "completion_tokens": 4859,
      "completed_thought_count": 20,
      "final_mean_pairwise_similarity": 0.6023458242416382,
      "final_internal_similarity": 0.03011729121208191,
      "pruned_count": 0
    },
    {
      "chain_index": 3,
      "finish_reason": "stop",
      "extracted_answer": "-983",
      "prompt_tokens": 118,
      "completion_tokens": 8904,
      "completed_thought_count": 42,
      "final_mean_pairwise_similarity": 0.5052018761634827,
      "final_internal_similarity": 0.01202861609913054,
      "pruned_count": 0
    },
    {
      "chain_index": 4,
      "finish_reason": "stop",
      "extracted_answer": "-983",
      "prompt_tokens": 118,
      "completion_tokens": 9554,
      "completed_thought_count": 44,
      "final_mean_pairwise_similarity": 0.5175548195838928,
      "final_internal_similarity": 0.011762609535997564,
      "pruned_count": 0
    },
    {
      "chain_index": 5,
      "finish_reason": "stop",
      "extracted_answer": "-982",
      "prompt_tokens": 118,
      "completion_tokens": 12972,
      "completed_thought_count": 75,
      "final_mean_pairwise_similarity": 0.535402774810791,
      "final_internal_similarity": 0.00713870366414388,
      "pruned_count": 0
    },
    {
      "chain_index": 6,
      "finish_reason": "stop",
      "extracted_answer": "3059",
      "prompt_tokens": 118,
      "completion_tokens": 8482,
      "completed_thought_count": 51,
      "final_mean_pairwise_similarity": 0.4907348155975342,
      "final_internal_similarity": 0.009622251286226161,
      "pruned_count": 0
    },
    {
      "chain_index": 7,
      "finish_reason": "stop",
      "extracted_answer": "-998",
      "prompt_tokens": 118,
      "completion_tokens": 11483,
      "completed_thought_count": 74,
      "final_mean_pairwise_similarity": 0.526337206363678,
      "final_internal_similarity": 0.007112664950860513,
      "pruned_count": 0
    },
    {
      "chain_index": 8,
      "finish_reason": "stop",
      "extracted_answer": "-984",
      "prompt_tokens": 118,
      "completion_tokens": 18967,
      "completed_thought_count": 92,
      "final_mean_pairwise_similarity": 0.4886525869369507,
      "final_internal_similarity": 0.00531144116235816,
      "pruned_count": 0
    }
  ],
  "pruned_chain_details": [],
  "error_chain_details": []
}