{
  "iteration": 25,
  "question_id": "index_24",
  "status": "SUCCESS",
  "n_chains_start": 8,
  "n_chains_completed_stream_for_voting": 1,
  "n_chains_pruned": 7,
  "n_chains_error": 0,
  "similarity_threshold": 0.95,
  "num_steps_to_delay_pruning": 20,
  "correct_answer_reference": "\\sqrt{23}-2 \\sqrt{3}",
  "individual_answers_final": [
    "\\sqrt{23} - 2\\sqrt{3}"
  ],
  "voted_answer": "\\sqrt{23} - 2\\sqrt{3}",
  "final_score": 1,
  "processing_duration_sec": 277.87329268455505,
  "total_analysis_intervals": 72,
  "avg_kv_cache_usage": 0.09309128726104005,
  "max_kv_cache_usage": 0.2199805723679294,
  "usage_aggregated": {
    "prompt_tokens": 146,
    "total_completion_tokens_across_all_started_chains": 60689
  },
  "chains_for_voting_details": [
    {
      "chain_index": 2,
      "finish_reason": "stop",
      "extracted_answer": "\\sqrt{23} - 2\\sqrt{3}",
      "prompt_tokens": 146,
      "completion_tokens": 13420,
      "completed_thought_count": 69,
      "final_mean_pairwise_similarity": 0.4481217861175537,
      "final_internal_similarity": 0.006494518639384836,
      "pruned_count": 7
    }
  ],
  "pruned_chain_details": [
    {
      "chain_index": 1,
      "finish_reason": "worker_terminated_unexpectedly",
      "completion_tokens": 5888,
      "completed_thought_count": 40,
      "full_text_len": 17795,
      "pruned_at_step": 38,
      "pruned_by_chain_id": "q25_c3",
      "initial_pruned_count": 0
    },
    {
      "chain_index": 3,
      "finish_reason": "worker_terminated_unexpectedly",
      "completion_tokens": 6045,
      "completed_thought_count": 50,
      "full_text_len": 18722,
      "pruned_at_step": 40,
      "pruned_by_chain_id": "q25_c5",
      "initial_pruned_count": 2
    },
    {
      "chain_index": 4,
      "finish_reason": "worker_terminated_unexpectedly",
      "completion_tokens": 5887,
      "completed_thought_count": 29,
      "full_text_len": 16894,
      "pruned_at_step": 38,
      "pruned_by_chain_id": "q25_c3",
      "initial_pruned_count": 0
    },
    {
      "chain_index": 5,
      "finish_reason": "worker_terminated_unexpectedly",
      "completion_tokens": 6045,
      "completed_thought_count": 43,
      "full_text_len": 17826,
      "pruned_at_step": 40,
      "pruned_by_chain_id": "q25_c6",
      "initial_pruned_count": 3
    },
    {
      "chain_index": 6,
      "finish_reason": "worker_terminated_unexpectedly",
      "completion_tokens": 10303,
      "completed_thought_count": 73,
      "full_text_len": 29732,
      "pruned_at_step": 71,
      "pruned_by_chain_id": "q25_c2",
      "initial_pruned_count": 4
    },
    {
      "chain_index": 7,
      "finish_reason": "worker_terminated_unexpectedly",
      "completion_tokens": 5727,
      "completed_thought_count": 41,
      "full_text_len": 17666,
      "pruned_at_step": 36,
      "pruned_by_chain_id": "q25_c2",
      "initial_pruned_count": 0
    },
    {
      "chain_index": 8,
      "finish_reason": "worker_terminated_unexpectedly",
      "completion_tokens": 7374,
      "completed_thought_count": 42,
      "full_text_len": 21127,
      "pruned_at_step": 49,
      "pruned_by_chain_id": "q25_c2",
      "initial_pruned_count": 0
    }
  ],
  "error_chain_details": []
}