{
  "iteration": 17,
  "question_id": "index_16",
  "status": "SUCCESS",
  "n_chains_start": 8,
  "n_chains_completed_stream_for_voting": 1,
  "n_chains_pruned": 7,
  "n_chains_error": 0,
  "similarity_threshold": 0.95,
  "num_steps_to_delay_pruning": 20,
  "correct_answer_reference": "2^{25} \\cdot 26!",
  "individual_answers_final": [
    "26!"
  ],
  "voted_answer": "26!",
  "final_score": 0,
  "processing_duration_sec": 203.6716456413269,
  "total_analysis_intervals": 37,
  "avg_kv_cache_usage": 0.07139649821499193,
  "max_kv_cache_usage": 0.1967421355450945,
  "usage_aggregated": {
    "prompt_tokens": 142,
    "total_completion_tokens_across_all_started_chains": 47574
  },
  "chains_for_voting_details": [
    {
      "chain_index": 5,
      "finish_reason": "stop",
      "extracted_answer": "26!",
      "prompt_tokens": 142,
      "completion_tokens": 10535,
      "completed_thought_count": 62,
      "final_mean_pairwise_similarity": 0.5709918737411499,
      "final_internal_similarity": 0.009209546350663709,
      "pruned_count": 7
    }
  ],
  "pruned_chain_details": [
    {
      "chain_index": 1,
      "finish_reason": "stop",
      "completion_tokens": 5124,
      "completed_thought_count": 44,
      "full_text_len": 20894,
      "pruned_at_step": 33,
      "pruned_by_chain_id": "q17_c3",
      "initial_pruned_count": 1
    },
    {
      "chain_index": 2,
      "finish_reason": "worker_terminated_unexpectedly",
      "completion_tokens": 5286,
      "completed_thought_count": 49,
      "full_text_len": 21305,
      "pruned_at_step": 33,
      "pruned_by_chain_id": "q17_c8",
      "initial_pruned_count": 0
    },
    {
      "chain_index": 3,
      "finish_reason": "worker_terminated_unexpectedly",
      "completion_tokens": 5648,
      "completed_thought_count": 44,
      "full_text_len": 22771,
      "pruned_at_step": 36,
      "pruned_by_chain_id": "q17_c5",
      "initial_pruned_count": 4
    },
    {
      "chain_index": 4,
      "finish_reason": "worker_terminated_unexpectedly",
      "completion_tokens": 5123,
      "completed_thought_count": 61,
      "full_text_len": 21115,
      "pruned_at_step": 31,
      "pruned_by_chain_id": "q17_c1",
      "initial_pruned_count": 0
    },
    {
      "chain_index": 6,
      "finish_reason": "worker_terminated_unexpectedly",
      "completion_tokens": 5286,
      "completed_thought_count": 52,
      "full_text_len": 22867,
      "pruned_at_step": 33,
      "pruned_by_chain_id": "q17_c3",
      "initial_pruned_count": 0
    },
    {
      "chain_index": 7,
      "finish_reason": "worker_terminated_unexpectedly",
      "completion_tokens": 5286,
      "completed_thought_count": 58,
      "full_text_len": 22004,
      "pruned_at_step": 33,
      "pruned_by_chain_id": "q17_c3",
      "initial_pruned_count": 0
    },
    {
      "chain_index": 8,
      "finish_reason": "worker_terminated_unexpectedly",
      "completion_tokens": 5286,
      "completed_thought_count": 46,
      "full_text_len": 20698,
      "pruned_at_step": 33,
      "pruned_by_chain_id": "q17_c5",
      "initial_pruned_count": 1
    }
  ],
  "error_chain_details": []
}