{
  "iteration": 19,
  "question_id": "index_18",
  "status": "SUCCESS",
  "n_chains_start": 8,
  "n_chains_completed_stream_for_voting": 8,
  "n_chains_pruned": 0,
  "n_chains_error": 0,
  "similarity_threshold": 0.98,
  "num_steps_to_delay_pruning": 20,
  "correct_answer_reference": "\\frac{4}{9}",
  "individual_answers_final": [
    "\\dfrac{1}{3}",
    "\\dfrac{1}{3}",
    "\\dfrac{2}{3}",
    "\\dfrac{2}{3}",
    "\\dfrac{1}{2}",
    "\\dfrac{1}{2}",
    "\\dfrac{1}{2}",
    "\\dfrac{1}{2}"
  ],
  "voted_answer": "\\dfrac{1}{2}",
  "final_score": 0,
  "processing_duration_sec": 777.8842391967773,
  "total_analysis_intervals": 100,
  "avg_kv_cache_usage": 0.23349737288791764,
  "max_kv_cache_usage": 0.4795070054066623,
  "usage_aggregated": {
    "prompt_tokens": 95,
    "total_completion_tokens_across_all_started_chains": 166813
  },
  "chains_for_voting_details": [
    {
      "chain_index": 1,
      "finish_reason": "stop",
      "extracted_answer": "\\dfrac{1}{3}",
      "prompt_tokens": 95,
      "completion_tokens": 25651,
      "completed_thought_count": 142,
      "final_mean_pairwise_similarity": 0.44117653369903564,
      "final_internal_similarity": 0.0031068769978805327,
      "pruned_count": 0
    },
    {
      "chain_index": 2,
      "finish_reason": "stop",
      "extracted_answer": "\\dfrac{1}{3}",
      "prompt_tokens": 95,
      "completion_tokens": 16390,
      "completed_thought_count": 120,
      "final_mean_pairwise_similarity": 0.4813338816165924,
      "final_internal_similarity": 0.00401111568013827,
      "pruned_count": 0
    },
    {
      "chain_index": 3,
      "finish_reason": "stop",
      "extracted_answer": "\\dfrac{2}{3}",
      "prompt_tokens": 95,
      "completion_tokens": 21519,
      "completed_thought_count": 127,
      "final_mean_pairwise_similarity": 0.47402772307395935,
      "final_internal_similarity": 0.003732501756487869,
      "pruned_count": 0
    },
    {
      "chain_index": 4,
      "finish_reason": "stop",
      "extracted_answer": "\\dfrac{2}{3}",
      "prompt_tokens": 95,
      "completion_tokens": 18865,
      "completed_thought_count": 143,
      "final_mean_pairwise_similarity": 0.42950963973999023,
      "final_internal_similarity": 0.003003563914265666,
      "pruned_count": 0
    },
    {
      "chain_index": 5,
      "finish_reason": "stop",
      "extracted_answer": "\\dfrac{1}{2}",
      "prompt_tokens": 95,
      "completion_tokens": 17797,
      "completed_thought_count": 129,
      "final_mean_pairwise_similarity": 0.44474565982818604,
      "final_internal_similarity": 0.0034476407738619074,
      "pruned_count": 0
    },
    {
      "chain_index": 6,
      "finish_reason": "stop",
      "extracted_answer": "\\dfrac{1}{2}",
      "prompt_tokens": 95,
      "completion_tokens": 20427,
      "completed_thought_count": 127,
      "final_mean_pairwise_similarity": 0.43336957693099976,
      "final_internal_similarity": 0.0034123588734724392,
      "pruned_count": 0
    },
    {
      "chain_index": 7,
      "finish_reason": "stop",
      "extracted_answer": "\\dfrac{1}{2}",
      "prompt_tokens": 95,
      "completion_tokens": 28265,
      "completed_thought_count": 126,
      "final_mean_pairwise_similarity": 0.44110384583473206,
      "final_internal_similarity": 0.0035008241732915244,
      "pruned_count": 0
    },
    {
      "chain_index": 8,
      "finish_reason": "stop",
      "extracted_answer": "\\dfrac{1}{2}",
      "prompt_tokens": 95,
      "completion_tokens": 17899,
      "completed_thought_count": 122,
      "final_mean_pairwise_similarity": 0.4309290051460266,
      "final_internal_similarity": 0.003532204960213333,
      "pruned_count": 0
    }
  ],
  "pruned_chain_details": [],
  "error_chain_details": []
}