{
  "iteration": 16,
  "question_id": "index_15",
  "status": "SUCCESS",
  "n_chains_start": 8,
  "n_chains_completed_stream_for_voting": 8,
  "n_chains_pruned": 0,
  "n_chains_error": 0,
  "similarity_threshold": 0.98,
  "num_steps_to_delay_pruning": 20,
  "correct_answer_reference": "6300",
  "individual_answers_final": [
    "6300",
    "6525",
    "13300",
    "6300",
    "450",
    "6300",
    "6300",
    "6300"
  ],
  "voted_answer": "6300",
  "final_score": 1,
  "processing_duration_sec": 538.7440044879913,
  "total_analysis_intervals": 100,
  "avg_kv_cache_usage": 0.1991619532244099,
  "max_kv_cache_usage": 0.4016626940294169,
  "usage_aggregated": {
    "prompt_tokens": 119,
    "total_completion_tokens_across_all_started_chains": 130185
  },
  "chains_for_voting_details": [
    {
      "chain_index": 1,
      "finish_reason": "stop",
      "extracted_answer": "6300",
      "prompt_tokens": 119,
      "completion_tokens": 17312,
      "completed_thought_count": 105,
      "final_mean_pairwise_similarity": 0.5228719711303711,
      "final_internal_similarity": 0.0049797330583844866,
      "pruned_count": 0
    },
    {
      "chain_index": 2,
      "finish_reason": "stop",
      "extracted_answer": "6525",
      "prompt_tokens": 119,
      "completion_tokens": 15963,
      "completed_thought_count": 114,
      "final_mean_pairwise_similarity": 0.5762670636177063,
      "final_internal_similarity": 0.005054974242260582,
      "pruned_count": 0
    },
    {
      "chain_index": 3,
      "finish_reason": "stop",
      "extracted_answer": "13300",
      "prompt_tokens": 119,
      "completion_tokens": 16366,
      "completed_thought_count": 110,
      "final_mean_pairwise_similarity": 0.5169468522071838,
      "final_internal_similarity": 0.004699516838247126,
      "pruned_count": 0
    },
    {
      "chain_index": 4,
      "finish_reason": "stop",
      "extracted_answer": "6300",
      "prompt_tokens": 119,
      "completion_tokens": 16623,
      "completed_thought_count": 111,
      "final_mean_pairwise_similarity": 0.43615368008613586,
      "final_internal_similarity": 0.003929312433208431,
      "pruned_count": 0
    },
    {
      "chain_index": 5,
      "finish_reason": "stop",
      "extracted_answer": "450",
      "prompt_tokens": 119,
      "completion_tokens": 15660,
      "completed_thought_count": 120,
      "final_mean_pairwise_similarity": 0.4974730312824249,
      "final_internal_similarity": 0.0041456085940202074,
      "pruned_count": 0
    },
    {
      "chain_index": 6,
      "finish_reason": "stop",
      "extracted_answer": "6300",
      "prompt_tokens": 119,
      "completion_tokens": 11966,
      "completed_thought_count": 107,
      "final_mean_pairwise_similarity": 0.4899517893791199,
      "final_internal_similarity": 0.004578988685786167,
      "pruned_count": 0
    },
    {
      "chain_index": 7,
      "finish_reason": "stop",
      "extracted_answer": "6300",
      "prompt_tokens": 119,
      "completion_tokens": 19930,
      "completed_thought_count": 107,
      "final_mean_pairwise_similarity": 0.48181989789009094,
      "final_internal_similarity": 0.004502989699907392,
      "pruned_count": 0
    },
    {
      "chain_index": 8,
      "finish_reason": "stop",
      "extracted_answer": "6300",
      "prompt_tokens": 119,
      "completion_tokens": 16365,
      "completed_thought_count": 116,
      "final_mean_pairwise_similarity": 0.5649307370185852,
      "final_internal_similarity": 0.004870092560505045,
      "pruned_count": 0
    }
  ],
  "pruned_chain_details": [],
  "error_chain_details": []
}