{
  "iteration": 24,
  "question_id": "index_23",
  "status": "SUCCESS",
  "n_chains_start": 8,
  "n_chains_completed_stream_for_voting": 8,
  "n_chains_pruned": 0,
  "n_chains_error": 0,
  "similarity_threshold": 0.98,
  "num_steps_to_delay_pruning": 20,
  "correct_answer_reference": "20",
  "individual_answers_final": [
    "100",
    "28",
    "100",
    "10",
    "25",
    "100",
    "100",
    "55"
  ],
  "voted_answer": "100",
  "final_score": 0,
  "processing_duration_sec": 665.6694543361664,
  "total_analysis_intervals": 100,
  "avg_kv_cache_usage": 0.22523960645950802,
  "max_kv_cache_usage": 0.3951514446834486,
  "usage_aggregated": {
    "prompt_tokens": 682,
    "total_completion_tokens_across_all_started_chains": 145050
  },
  "chains_for_voting_details": [
    {
      "chain_index": 1,
      "finish_reason": "stop",
      "extracted_answer": "100",
      "prompt_tokens": 682,
      "completion_tokens": 18769,
      "completed_thought_count": 86,
      "final_mean_pairwise_similarity": 0.6074825525283813,
      "final_internal_similarity": 0.007063750610795132,
      "pruned_count": 0
    },
    {
      "chain_index": 2,
      "finish_reason": "stop",
      "extracted_answer": "28",
      "prompt_tokens": 682,
      "completion_tokens": 9200,
      "completed_thought_count": 47,
      "final_mean_pairwise_similarity": 0.6542797684669495,
      "final_internal_similarity": 0.013920846137594669,
      "pruned_count": 0
    },
    {
      "chain_index": 3,
      "finish_reason": "stop",
      "extracted_answer": "100",
      "prompt_tokens": 682,
      "completion_tokens": 24154,
      "completed_thought_count": 73,
      "final_mean_pairwise_similarity": 0.6695829033851624,
      "final_internal_similarity": 0.009172368539522772,
      "pruned_count": 0
    },
    {
      "chain_index": 4,
      "finish_reason": "stop",
      "extracted_answer": "10",
      "prompt_tokens": 682,
      "completion_tokens": 21231,
      "completed_thought_count": 82,
      "final_mean_pairwise_similarity": 0.6334983706474304,
      "final_internal_similarity": 0.007725589885944273,
      "pruned_count": 0
    },
    {
      "chain_index": 5,
      "finish_reason": "stop",
      "extracted_answer": "25",
      "prompt_tokens": 682,
      "completion_tokens": 14848,
      "completed_thought_count": 74,
      "final_mean_pairwise_similarity": 0.5821005702018738,
      "final_internal_similarity": 0.007866223921646943,
      "pruned_count": 0
    },
    {
      "chain_index": 6,
      "finish_reason": "stop",
      "extracted_answer": "100",
      "prompt_tokens": 682,
      "completion_tokens": 23034,
      "completed_thought_count": 73,
      "final_mean_pairwise_similarity": 0.591368556022644,
      "final_internal_similarity": 0.008100939123597864,
      "pruned_count": 0
    },
    {
      "chain_index": 7,
      "finish_reason": "stop",
      "extracted_answer": "100",
      "prompt_tokens": 682,
      "completion_tokens": 16191,
      "completed_thought_count": 81,
      "final_mean_pairwise_similarity": 0.6265555024147034,
      "final_internal_similarity": 0.007735253116230906,
      "pruned_count": 0
    },
    {
      "chain_index": 8,
      "finish_reason": "stop",
      "extracted_answer": "55",
      "prompt_tokens": 682,
      "completion_tokens": 17623,
      "completed_thought_count": 72,
      "final_mean_pairwise_similarity": 0.559100866317749,
      "final_internal_similarity": 0.007765289809968736,
      "pruned_count": 0
    }
  ],
  "pruned_chain_details": [],
  "error_chain_details": []
}