{
  "iteration": 25,
  "question_id": "index_24",
  "status": "SUCCESS",
  "n_chains_start": 8,
  "n_chains_completed_stream_for_voting": 8,
  "n_chains_pruned": 0,
  "n_chains_error": 0,
  "similarity_threshold": 0.98,
  "num_steps_to_delay_pruning": 20,
  "correct_answer_reference": "\\sqrt{23}-2 \\sqrt{3}",
  "individual_answers_final": [
    "\\sqrt{11}",
    "\\sqrt{11}",
    "\\sqrt{11}",
    "\\sqrt{11}",
    "\\sqrt{23}",
    "\\sqrt{11}",
    "\\sqrt{23}",
    "1"
  ],
  "voted_answer": "\\sqrt{11}",
  "final_score": 0,
  "processing_duration_sec": 900.4744007587433,
  "total_analysis_intervals": 100,
  "avg_kv_cache_usage": 0.32051751857002375,
  "max_kv_cache_usage": 0.5999651183070751,
  "usage_aggregated": {
    "prompt_tokens": 151,
    "total_completion_tokens_across_all_started_chains": 207325
  },
  "chains_for_voting_details": [
    {
      "chain_index": 1,
      "finish_reason": "stop",
      "extracted_answer": "\\sqrt{11}",
      "prompt_tokens": 151,
      "completion_tokens": 25210,
      "completed_thought_count": 102,
      "final_mean_pairwise_similarity": 0.4042438864707947,
      "final_internal_similarity": 0.003963175357556811,
      "pruned_count": 0
    },
    {
      "chain_index": 2,
      "finish_reason": "stop",
      "extracted_answer": "\\sqrt{11}",
      "prompt_tokens": 151,
      "completion_tokens": 26888,
      "completed_thought_count": 91,
      "final_mean_pairwise_similarity": 0.3882155418395996,
      "final_internal_similarity": 0.004266104855380215,
      "pruned_count": 0
    },
    {
      "chain_index": 3,
      "finish_reason": "stop",
      "extracted_answer": "\\sqrt{11}",
      "prompt_tokens": 151,
      "completion_tokens": 20481,
      "completed_thought_count": 75,
      "final_mean_pairwise_similarity": 0.3878687918186188,
      "final_internal_similarity": 0.005171583890914917,
      "pruned_count": 0
    },
    {
      "chain_index": 4,
      "finish_reason": "stop",
      "extracted_answer": "\\sqrt{11}",
      "prompt_tokens": 151,
      "completion_tokens": 30757,
      "completed_thought_count": 84,
      "final_mean_pairwise_similarity": 0.4023418128490448,
      "final_internal_similarity": 0.0047897834862981525,
      "pruned_count": 0
    },
    {
      "chain_index": 5,
      "finish_reason": "stop",
      "extracted_answer": "\\sqrt{23}",
      "prompt_tokens": 151,
      "completion_tokens": 27120,
      "completed_thought_count": 96,
      "final_mean_pairwise_similarity": 0.451151967048645,
      "final_internal_similarity": 0.004699499656756719,
      "pruned_count": 0
    },
    {
      "chain_index": 6,
      "finish_reason": "stop",
      "extracted_answer": "\\sqrt{11}",
      "prompt_tokens": 151,
      "completion_tokens": 23102,
      "completed_thought_count": 80,
      "final_mean_pairwise_similarity": 0.47292834520339966,
      "final_internal_similarity": 0.0059116043150424956,
      "pruned_count": 0
    },
    {
      "chain_index": 7,
      "finish_reason": "stop",
      "extracted_answer": "\\sqrt{23}",
      "prompt_tokens": 151,
      "completion_tokens": 22335,
      "completed_thought_count": 72,
      "final_mean_pairwise_similarity": 0.4428545832633972,
      "final_internal_similarity": 0.006150758100880517,
      "pruned_count": 0
    },
    {
      "chain_index": 8,
      "finish_reason": "stop",
      "extracted_answer": "1",
      "prompt_tokens": 151,
      "completion_tokens": 31432,
      "completed_thought_count": 99,
      "final_mean_pairwise_similarity": 0.41792356967926025,
      "final_internal_similarity": 0.004221450198780407,
      "pruned_count": 0
    }
  ],
  "pruned_chain_details": [],
  "error_chain_details": []
}