{
  "iteration": 29,
  "question_id": "index_28",
  "status": "SUCCESS",
  "n_chains_start": 8,
  "n_chains_completed_stream_for_voting": 7,
  "n_chains_pruned": 0,
  "n_chains_error": 0,
  "similarity_threshold": 0.98,
  "num_steps_to_delay_pruning": 20,
  "correct_answer_reference": "14+4\\sqrt{37}",
  "individual_answers_final": [
    "34",
    "40",
    "26",
    "40",
    "14 + 4\\sqrt{37}",
    "25",
    "14 + 4\\sqrt{37}"
  ],
  "voted_answer": "14 + 4\\sqrt{37}",
  "final_score": 1,
  "processing_duration_sec": 1260.3415098190308,
  "total_analysis_intervals": 100,
  "avg_kv_cache_usage": 0.3739949358497132,
  "max_kv_cache_usage": 0.609848264635777,
  "usage_aggregated": {
    "prompt_tokens": 93577,
    "total_completion_tokens_across_all_started_chains": 246949
  },
  "chains_for_voting_details": [
    {
      "chain_index": 1,
      "finish_reason": "stop",
      "extracted_answer": "34",
      "prompt_tokens": 139,
      "completion_tokens": 34275,
      "completed_thought_count": 50,
      "final_mean_pairwise_similarity": 0.3677791655063629,
      "final_internal_similarity": 0.007355583310127259,
      "pruned_count": 0
    },
    {
      "chain_index": 3,
      "finish_reason": "stop",
      "extracted_answer": "40",
      "prompt_tokens": 139,
      "completion_tokens": 33426,
      "completed_thought_count": 56,
      "final_mean_pairwise_similarity": 0.4107424318790436,
      "final_internal_similarity": 0.007334686283554349,
      "pruned_count": 0
    },
    {
      "chain_index": 4,
      "finish_reason": "stop",
      "extracted_answer": "26",
      "prompt_tokens": 139,
      "completion_tokens": 39263,
      "completed_thought_count": 49,
      "final_mean_pairwise_similarity": 0.4108477532863617,
      "final_internal_similarity": 0.00838464802625228,
      "pruned_count": 0
    },
    {
      "chain_index": 5,
      "finish_reason": "stop",
      "extracted_answer": "40",
      "prompt_tokens": 139,
      "completion_tokens": 27490,
      "completed_thought_count": 46,
      "final_mean_pairwise_similarity": 0.4208229184150696,
      "final_internal_similarity": 0.009148324313371078,
      "pruned_count": 0
    },
    {
      "chain_index": 6,
      "finish_reason": "stop",
      "extracted_answer": "14 + 4\\sqrt{37}",
      "prompt_tokens": 139,
      "completion_tokens": 15132,
      "completed_thought_count": 55,
      "final_mean_pairwise_similarity": 0.36389854550361633,
      "final_internal_similarity": 0.006616337190974843,
      "pruned_count": 0
    },
    {
      "chain_index": 7,
      "finish_reason": "stop",
      "extracted_answer": "25",
      "prompt_tokens": 139,
      "completion_tokens": 39408,
      "completed_thought_count": 47,
      "final_mean_pairwise_similarity": 0.41904735565185547,
      "final_internal_similarity": 0.008915901184082031,
      "pruned_count": 0
    },
    {
      "chain_index": 8,
      "finish_reason": "stop",
      "extracted_answer": "14 + 4\\sqrt{37}",
      "prompt_tokens": 139,
      "completion_tokens": 17134,
      "completed_thought_count": 45,
      "final_mean_pairwise_similarity": 0.4019656181335449,
      "final_internal_similarity": 0.008932569291856554,
      "pruned_count": 0
    }
  ],
  "pruned_chain_details": [],
  "error_chain_details": [],
  "llm_tie_break_performed": true,
  "llm_tie_break_prompt_tokens": 93438,
  "llm_tie_break_completion_tokens": 0,
  "llm_tie_break_response_text": ""
}