{
  "iteration": 13,
  "question_id": "index_12",
  "status": "SUCCESS",
  "n_chains_start": 8,
  "n_chains_completed_stream_for_voting": 8,
  "n_chains_pruned": 0,
  "n_chains_error": 0,
  "similarity_threshold": 0.98,
  "num_steps_to_delay_pruning": 20,
  "correct_answer_reference": "105",
  "individual_answers_final": [
    "36",
    "266",
    "120",
    "2",
    "5",
    "16",
    "2",
    "16"
  ],
  "voted_answer": "16",
  "final_score": 0,
  "processing_duration_sec": 756.6032421588898,
  "total_analysis_intervals": 100,
  "avg_kv_cache_usage": 0.23692428114955696,
  "max_kv_cache_usage": 0.4067205395035173,
  "usage_aggregated": {
    "prompt_tokens": 82740,
    "total_completion_tokens_across_all_started_chains": 162491
  },
  "chains_for_voting_details": [
    {
      "chain_index": 1,
      "finish_reason": "stop",
      "extracted_answer": "36",
      "prompt_tokens": 154,
      "completion_tokens": 26901,
      "completed_thought_count": 126,
      "final_mean_pairwise_similarity": 0.42362627387046814,
      "final_internal_similarity": 0.003362113284686255,
      "pruned_count": 0
    },
    {
      "chain_index": 2,
      "finish_reason": "stop",
      "extracted_answer": "266",
      "prompt_tokens": 154,
      "completion_tokens": 15636,
      "completed_thought_count": 90,
      "final_mean_pairwise_similarity": 0.5006189942359924,
      "final_internal_similarity": 0.005562433269288805,
      "pruned_count": 0
    },
    {
      "chain_index": 3,
      "finish_reason": "stop",
      "extracted_answer": "120",
      "prompt_tokens": 154,
      "completion_tokens": 12747,
      "completed_thought_count": 95,
      "final_mean_pairwise_similarity": 0.4959859251976013,
      "final_internal_similarity": 0.005220904475764224,
      "pruned_count": 0
    },
    {
      "chain_index": 4,
      "finish_reason": "stop",
      "extracted_answer": "2",
      "prompt_tokens": 154,
      "completion_tokens": 21261,
      "completed_thought_count": 143,
      "final_mean_pairwise_similarity": 0.3789516091346741,
      "final_internal_similarity": 0.0026500112526900285,
      "pruned_count": 0
    },
    {
      "chain_index": 5,
      "finish_reason": "stop",
      "extracted_answer": "5",
      "prompt_tokens": 154,
      "completion_tokens": 24858,
      "completed_thought_count": 123,
      "final_mean_pairwise_similarity": 0.4746049642562866,
      "final_internal_similarity": 0.003858576945173062,
      "pruned_count": 0
    },
    {
      "chain_index": 6,
      "finish_reason": "stop",
      "extracted_answer": "16",
      "prompt_tokens": 154,
      "completion_tokens": 18500,
      "completed_thought_count": 123,
      "final_mean_pairwise_similarity": 0.47105345129966736,
      "final_internal_similarity": 0.0038297028560948564,
      "pruned_count": 0
    },
    {
      "chain_index": 7,
      "finish_reason": "stop",
      "extracted_answer": "2",
      "prompt_tokens": 154,
      "completion_tokens": 23048,
      "completed_thought_count": 124,
      "final_mean_pairwise_similarity": 0.39314886927604675,
      "final_internal_similarity": 0.003170555397387474,
      "pruned_count": 0
    },
    {
      "chain_index": 8,
      "finish_reason": "stop",
      "extracted_answer": "16",
      "prompt_tokens": 154,
      "completion_tokens": 19540,
      "completed_thought_count": 110,
      "final_mean_pairwise_similarity": 0.3902071416378021,
      "final_internal_similarity": 0.0035473376512527464,
      "pruned_count": 0
    }
  ],
  "pruned_chain_details": [],
  "error_chain_details": [],
  "llm_tie_break_performed": true,
  "llm_tie_break_prompt_tokens": 82586,
  "llm_tie_break_completion_tokens": 0,
  "llm_tie_break_response_text": ""
}