{
  "iteration": 27,
  "question_id": "index_26",
  "status": "SUCCESS",
  "n_chains_start": 8,
  "n_chains_completed_stream_for_voting": 8,
  "n_chains_pruned": 0,
  "n_chains_error": 0,
  "similarity_threshold": 0.98,
  "num_steps_to_delay_pruning": 20,
  "correct_answer_reference": "\\frac{7}{18}",
  "individual_answers_final": [
    "\\dfrac{7}{18}",
    "\\dfrac{7}{18}",
    "\\dfrac{231}{625}",
    "\\dfrac{133}{360}",
    "\\dfrac{7}{20}",
    "\\dfrac{2}{9}",
    "\\dfrac{7}{20}",
    "\\dfrac{7}{22}"
  ],
  "voted_answer": "\\dfrac{7}{20}",
  "final_score": 0,
  "processing_duration_sec": 1144.4128317832947,
  "total_analysis_intervals": 100,
  "avg_kv_cache_usage": 0.2815045018822787,
  "max_kv_cache_usage": 0.4620080227893727,
  "usage_aggregated": {
    "prompt_tokens": 89031,
    "total_completion_tokens_across_all_started_chains": 205303
  },
  "chains_for_voting_details": [
    {
      "chain_index": 1,
      "finish_reason": "stop",
      "extracted_answer": "\\dfrac{7}{18}",
      "prompt_tokens": 156,
      "completion_tokens": 16385,
      "completed_thought_count": 61,
      "final_mean_pairwise_similarity": 0.4777803122997284,
      "final_internal_similarity": 0.007832464136061121,
      "pruned_count": 0
    },
    {
      "chain_index": 2,
      "finish_reason": "stop",
      "extracted_answer": "\\dfrac{7}{18}",
      "prompt_tokens": 156,
      "completion_tokens": 15734,
      "completed_thought_count": 46,
      "final_mean_pairwise_similarity": 0.42462316155433655,
      "final_internal_similarity": 0.00923093829465949,
      "pruned_count": 0
    },
    {
      "chain_index": 3,
      "finish_reason": "stop",
      "extracted_answer": "\\dfrac{231}{625}",
      "prompt_tokens": 156,
      "completion_tokens": 37625,
      "completed_thought_count": 61,
      "final_mean_pairwise_similarity": 0.3408505320549011,
      "final_internal_similarity": 0.0055877136402442806,
      "pruned_count": 0
    },
    {
      "chain_index": 4,
      "finish_reason": "stop",
      "extracted_answer": "\\dfrac{133}{360}",
      "prompt_tokens": 156,
      "completion_tokens": 18596,
      "completed_thought_count": 50,
      "final_mean_pairwise_similarity": 0.3894745111465454,
      "final_internal_similarity": 0.007789490222930909,
      "pruned_count": 0
    },
    {
      "chain_index": 5,
      "finish_reason": "stop",
      "extracted_answer": "\\dfrac{7}{20}",
      "prompt_tokens": 156,
      "completion_tokens": 31895,
      "completed_thought_count": 62,
      "final_mean_pairwise_similarity": 0.3946930170059204,
      "final_internal_similarity": 0.006366016403321297,
      "pruned_count": 0
    },
    {
      "chain_index": 6,
      "finish_reason": "stop",
      "extracted_answer": "\\dfrac{2}{9}",
      "prompt_tokens": 156,
      "completion_tokens": 34412,
      "completed_thought_count": 51,
      "final_mean_pairwise_similarity": 0.40380701422691345,
      "final_internal_similarity": 0.007917784592684577,
      "pruned_count": 0
    },
    {
      "chain_index": 7,
      "finish_reason": "stop",
      "extracted_answer": "\\dfrac{7}{20}",
      "prompt_tokens": 156,
      "completion_tokens": 24600,
      "completed_thought_count": 52,
      "final_mean_pairwise_similarity": 0.45857471227645874,
      "final_internal_similarity": 0.008818744466854976,
      "pruned_count": 0
    },
    {
      "chain_index": 8,
      "finish_reason": "stop",
      "extracted_answer": "\\dfrac{7}{22}",
      "prompt_tokens": 156,
      "completion_tokens": 26056,
      "completed_thought_count": 61,
      "final_mean_pairwise_similarity": 0.40427926182746887,
      "final_internal_similarity": 0.0066275288824175225,
      "pruned_count": 0
    }
  ],
  "pruned_chain_details": [],
  "error_chain_details": [],
  "llm_tie_break_performed": true,
  "llm_tie_break_prompt_tokens": 88875,
  "llm_tie_break_completion_tokens": 0,
  "llm_tie_break_response_text": ""
}