{
  "iteration": 9,
  "question_id": "index_8",
  "status": "SUCCESS",
  "n_chains_start": 8,
  "n_chains_completed_stream_for_voting": 8,
  "n_chains_pruned": 0,
  "n_chains_error": 0,
  "similarity_threshold": 0.98,
  "num_steps_to_delay_pruning": 20,
  "correct_answer_reference": "1037",
  "individual_answers_final": [
    "1037",
    "1037",
    "1037",
    "0",
    "0",
    "1037",
    "1037",
    "1037"
  ],
  "voted_answer": "1037",
  "final_score": 1,
  "processing_duration_sec": 579.8184058666229,
  "total_analysis_intervals": 100,
  "avg_kv_cache_usage": 0.15479511926971593,
  "max_kv_cache_usage": 0.2570780768559967,
  "usage_aggregated": {
    "prompt_tokens": 243,
    "total_completion_tokens_across_all_started_chains": 113942
  },
  "chains_for_voting_details": [
    {
      "chain_index": 1,
      "finish_reason": "stop",
      "extracted_answer": "1037",
      "prompt_tokens": 243,
      "completion_tokens": 11539,
      "completed_thought_count": 72,
      "final_mean_pairwise_similarity": 0.4338829815387726,
      "final_internal_similarity": 0.006026152521371841,
      "pruned_count": 0
    },
    {
      "chain_index": 2,
      "finish_reason": "stop",
      "extracted_answer": "1037",
      "prompt_tokens": 243,
      "completion_tokens": 14431,
      "completed_thought_count": 79,
      "final_mean_pairwise_similarity": 0.4485768675804138,
      "final_internal_similarity": 0.005678188197220428,
      "pruned_count": 0
    },
    {
      "chain_index": 3,
      "finish_reason": "stop",
      "extracted_answer": "1037",
      "prompt_tokens": 243,
      "completion_tokens": 13497,
      "completed_thought_count": 75,
      "final_mean_pairwise_similarity": 0.415071964263916,
      "final_internal_similarity": 0.005534292856852214,
      "pruned_count": 0
    },
    {
      "chain_index": 4,
      "finish_reason": "stop",
      "extracted_answer": "0",
      "prompt_tokens": 243,
      "completion_tokens": 20203,
      "completed_thought_count": 89,
      "final_mean_pairwise_similarity": 0.42867204546928406,
      "final_internal_similarity": 0.004816539836733529,
      "pruned_count": 0
    },
    {
      "chain_index": 5,
      "finish_reason": "stop",
      "extracted_answer": "0",
      "prompt_tokens": 243,
      "completion_tokens": 21486,
      "completed_thought_count": 91,
      "final_mean_pairwise_similarity": 0.4364786744117737,
      "final_internal_similarity": 0.00479646894957993,
      "pruned_count": 0
    },
    {
      "chain_index": 6,
      "finish_reason": "stop",
      "extracted_answer": "1037",
      "prompt_tokens": 243,
      "completion_tokens": 9661,
      "completed_thought_count": 61,
      "final_mean_pairwise_similarity": 0.3921498656272888,
      "final_internal_similarity": 0.006428686321758833,
      "pruned_count": 0
    },
    {
      "chain_index": 7,
      "finish_reason": "stop",
      "extracted_answer": "1037",
      "prompt_tokens": 243,
      "completion_tokens": 8423,
      "completed_thought_count": 48,
      "final_mean_pairwise_similarity": 0.44910454750061035,
      "final_internal_similarity": 0.009356344739596048,
      "pruned_count": 0
    },
    {
      "chain_index": 8,
      "finish_reason": "stop",
      "extracted_answer": "1037",
      "prompt_tokens": 243,
      "completion_tokens": 14702,
      "completed_thought_count": 57,
      "final_mean_pairwise_similarity": 0.4713262915611267,
      "final_internal_similarity": 0.008268882308089942,
      "pruned_count": 0
    }
  ],
  "pruned_chain_details": [],
  "error_chain_details": []
}