{
  "iteration": 18,
  "question_id": "index_17",
  "status": "SUCCESS",
  "n_chains_start": 8,
  "n_chains_completed_stream_for_voting": 1,
  "n_chains_pruned": 7,
  "n_chains_error": 0,
  "similarity_threshold": 0.98,
  "num_steps_to_delay_pruning": 20,
  "correct_answer_reference": "\\frac{2025}{101}",
  "individual_answers_final": [
    "\\dfrac{675}{67}"
  ],
  "voted_answer": "\\dfrac{675}{67}",
  "final_score": 0,
  "processing_duration_sec": 658.9514713287354,
  "total_analysis_intervals": 40,
  "avg_kv_cache_usage": 0.055288836788352516,
  "max_kv_cache_usage": 0.1032498110574966,
  "usage_aggregated": {
    "prompt_tokens": 222,
    "total_completion_tokens_across_all_started_chains": 52220
  },
  "chains_for_voting_details": [
    {
      "chain_index": 1,
      "finish_reason": "stop",
      "extracted_answer": "\\dfrac{675}{67}",
      "prompt_tokens": 222,
      "completion_tokens": 25256,
      "completed_thought_count": 47,
      "final_mean_pairwise_similarity": 0.4752655625343323,
      "final_internal_similarity": 0.010112033245411324,
      "pruned_count": 7
    }
  ],
  "pruned_chain_details": [
    {
      "chain_index": 2,
      "finish_reason": "worker_terminated_unexpectedly",
      "completion_tokens": 4366,
      "completed_thought_count": 18,
      "full_text_len": 10174,
      "pruned_at_step": 33,
      "pruned_by_chain_id": "q18_c1",
      "initial_pruned_count": 0
    },
    {
      "chain_index": 3,
      "finish_reason": "worker_terminated_unexpectedly",
      "completion_tokens": 3316,
      "completed_thought_count": 28,
      "full_text_len": 14308,
      "pruned_at_step": 23,
      "pruned_by_chain_id": "q18_c5",
      "initial_pruned_count": 0
    },
    {
      "chain_index": 4,
      "finish_reason": "worker_terminated_unexpectedly",
      "completion_tokens": 3466,
      "completed_thought_count": 35,
      "full_text_len": 15359,
      "pruned_at_step": 25,
      "pruned_by_chain_id": "q18_c1",
      "initial_pruned_count": 0
    },
    {
      "chain_index": 5,
      "finish_reason": "worker_terminated_unexpectedly",
      "completion_tokens": 5122,
      "completed_thought_count": 43,
      "full_text_len": 22721,
      "pruned_at_step": 39,
      "pruned_by_chain_id": "q18_c1",
      "initial_pruned_count": 2
    },
    {
      "chain_index": 6,
      "finish_reason": "worker_terminated_unexpectedly",
      "completion_tokens": 3614,
      "completed_thought_count": 25,
      "full_text_len": 13346,
      "pruned_at_step": 27,
      "pruned_by_chain_id": "q18_c1",
      "initial_pruned_count": 0
    },
    {
      "chain_index": 7,
      "finish_reason": "worker_terminated_unexpectedly",
      "completion_tokens": 3614,
      "completed_thought_count": 24,
      "full_text_len": 12725,
      "pruned_at_step": 27,
      "pruned_by_chain_id": "q18_c1",
      "initial_pruned_count": 0
    },
    {
      "chain_index": 8,
      "finish_reason": "worker_terminated_unexpectedly",
      "completion_tokens": 3466,
      "completed_thought_count": 27,
      "full_text_len": 14216,
      "pruned_at_step": 25,
      "pruned_by_chain_id": "q18_c5",
      "initial_pruned_count": 0
    }
  ],
  "error_chain_details": []
}