{
  "iteration": 3,
  "question_id": "index_2",
  "status": "SUCCESS",
  "n_chains_start": 8,
  "n_chains_completed_stream_for_voting": 6,
  "n_chains_pruned": 0,
  "n_chains_error": 0,
  "similarity_threshold": 0.98,
  "num_steps_to_delay_pruning": 20,
  "correct_answer_reference": "\\frac{1}{576}",
  "individual_answers_final": [
    "576",
    "2^{2\\sqrt{5 + 10 \\log_2 3}}",
    "576",
    "\\dfrac{1}{576}",
    "2^{\\sqrt{11 + 10 \\log_2 3}}",
    "2^{\\sqrt{22 + 20 \\log_2 3}}"
  ],
  "voted_answer": "576",
  "final_score": 0,
  "processing_duration_sec": 1192.3911242485046,
  "total_analysis_intervals": 100,
  "avg_kv_cache_usage": 0.3060749970023657,
  "max_kv_cache_usage": 0.4743910237776874,
  "usage_aggregated": {
    "prompt_tokens": 172,
    "total_completion_tokens_across_all_started_chains": 215357
  },
  "chains_for_voting_details": [
    {
      "chain_index": 1,
      "finish_reason": "stop",
      "extracted_answer": "576",
      "prompt_tokens": 172,
      "completion_tokens": 23534,
      "completed_thought_count": 62,
      "final_mean_pairwise_similarity": 0.4266931414604187,
      "final_internal_similarity": 0.0068821474429099794,
      "pruned_count": 0
    },
    {
      "chain_index": 2,
      "finish_reason": "stop",
      "extracted_answer": "2^{2\\sqrt{5 + 10 \\log_2 3}}",
      "prompt_tokens": 172,
      "completion_tokens": 13959,
      "completed_thought_count": 55,
      "final_mean_pairwise_similarity": 0.421554833650589,
      "final_internal_similarity": 0.007664633339101618,
      "pruned_count": 0
    },
    {
      "chain_index": 5,
      "finish_reason": "stop",
      "extracted_answer": "576",
      "prompt_tokens": 172,
      "completion_tokens": 30715,
      "completed_thought_count": 54,
      "final_mean_pairwise_similarity": 0.44362854957580566,
      "final_internal_similarity": 0.008215343510663067,
      "pruned_count": 0
    },
    {
      "chain_index": 6,
      "finish_reason": "stop",
      "extracted_answer": "\\dfrac{1}{576}",
      "prompt_tokens": 172,
      "completion_tokens": 8924,
      "completed_thought_count": 47,
      "final_mean_pairwise_similarity": 0.4608553946018219,
      "final_internal_similarity": 0.009805433927698339,
      "pruned_count": 0
    },
    {
      "chain_index": 7,
      "finish_reason": "stop",
      "extracted_answer": "2^{\\sqrt{11 + 10 \\log_2 3}}",
      "prompt_tokens": 172,
      "completion_tokens": 35075,
      "completed_thought_count": 59,
      "final_mean_pairwise_similarity": 0.4340840280056,
      "final_internal_similarity": 0.0073573564068745755,
      "pruned_count": 0
    },
    {
      "chain_index": 8,
      "finish_reason": "stop",
      "extracted_answer": "2^{\\sqrt{22 + 20 \\log_2 3}}",
      "prompt_tokens": 172,
      "completion_tokens": 21574,
      "completed_thought_count": 47,
      "final_mean_pairwise_similarity": 0.4485152065753937,
      "final_internal_similarity": 0.009542876735646674,
      "pruned_count": 0
    }
  ],
  "pruned_chain_details": [],
  "error_chain_details": []
}