{
  "iteration": 17,
  "question_id": "index_16",
  "status": "SUCCESS",
  "n_chains_start": 8,
  "n_chains_completed_stream_for_voting": 8,
  "n_chains_pruned": 0,
  "n_chains_error": 0,
  "similarity_threshold": 0.98,
  "num_steps_to_delay_pruning": 20,
  "correct_answer_reference": "2^{25} \\cdot 26!",
  "individual_answers_final": [
    "26!",
    "2 \\times 26!",
    "2 \\times 26!",
    "26!",
    "2 \\times 26!",
    "2 \\times 26!",
    "26!",
    "2 \\times 26!"
  ],
  "voted_answer": "2 \\times 26!",
  "final_score": 0,
  "processing_duration_sec": 384.3573899269104,
  "total_analysis_intervals": 100,
  "avg_kv_cache_usage": 0.11528149455455781,
  "max_kv_cache_usage": 0.2059182605662461,
  "usage_aggregated": {
    "prompt_tokens": 147,
    "total_completion_tokens_across_all_started_chains": 84037
  },
  "chains_for_voting_details": [
    {
      "chain_index": 1,
      "finish_reason": "stop",
      "extracted_answer": "26!",
      "prompt_tokens": 147,
      "completion_tokens": 7950,
      "completed_thought_count": 58,
      "final_mean_pairwise_similarity": 0.5706257820129395,
      "final_internal_similarity": 0.009838375551947233,
      "pruned_count": 0
    },
    {
      "chain_index": 2,
      "finish_reason": "stop",
      "extracted_answer": "2 \\times 26!",
      "prompt_tokens": 147,
      "completion_tokens": 11096,
      "completed_thought_count": 96,
      "final_mean_pairwise_similarity": 0.5527141094207764,
      "final_internal_similarity": 0.005757438639799754,
      "pruned_count": 0
    },
    {
      "chain_index": 3,
      "finish_reason": "stop",
      "extracted_answer": "2 \\times 26!",
      "prompt_tokens": 147,
      "completion_tokens": 15204,
      "completed_thought_count": 111,
      "final_mean_pairwise_similarity": 0.5611963868141174,
      "final_internal_similarity": 0.005055823304631689,
      "pruned_count": 0
    },
    {
      "chain_index": 4,
      "finish_reason": "stop",
      "extracted_answer": "26!",
      "prompt_tokens": 147,
      "completion_tokens": 6541,
      "completed_thought_count": 56,
      "final_mean_pairwise_similarity": 0.5366124510765076,
      "final_internal_similarity": 0.009582365197794778,
      "pruned_count": 0
    },
    {
      "chain_index": 5,
      "finish_reason": "stop",
      "extracted_answer": "2 \\times 26!",
      "prompt_tokens": 147,
      "completion_tokens": 11338,
      "completed_thought_count": 93,
      "final_mean_pairwise_similarity": 0.5683861374855042,
      "final_internal_similarity": 0.006111678897693593,
      "pruned_count": 0
    },
    {
      "chain_index": 6,
      "finish_reason": "stop",
      "extracted_answer": "2 \\times 26!",
      "prompt_tokens": 147,
      "completion_tokens": 13277,
      "completed_thought_count": 114,
      "final_mean_pairwise_similarity": 0.5632357597351074,
      "final_internal_similarity": 0.00494066455907989,
      "pruned_count": 0
    },
    {
      "chain_index": 7,
      "finish_reason": "stop",
      "extracted_answer": "26!",
      "prompt_tokens": 147,
      "completion_tokens": 8936,
      "completed_thought_count": 75,
      "final_mean_pairwise_similarity": 0.5525888800621033,
      "final_internal_similarity": 0.007367851734161377,
      "pruned_count": 0
    },
    {
      "chain_index": 8,
      "finish_reason": "stop",
      "extracted_answer": "2 \\times 26!",
      "prompt_tokens": 147,
      "completion_tokens": 9695,
      "completed_thought_count": 87,
      "final_mean_pairwise_similarity": 0.521299421787262,
      "final_internal_similarity": 0.00599194737686508,
      "pruned_count": 0
    }
  ],
  "pruned_chain_details": [],
  "error_chain_details": []
}