{
  "iteration": 30,
  "question_id": "index_29",
  "status": "SUCCESS",
  "n_chains_start": 8,
  "n_chains_completed_stream_for_voting": 8,
  "n_chains_pruned": 0,
  "n_chains_error": 0,
  "similarity_threshold": 0.98,
  "num_steps_to_delay_pruning": 20,
  "correct_answer_reference": "\\sqrt{\\frac{95}{24}}",
  "individual_answers_final": [
    "\\sqrt{\\dfrac{5555}{3}}",
    "2\\sqrt{23}",
    "35",
    "\\sqrt{\\dfrac{5555}{3}}",
    "24",
    "5\\sqrt{66}",
    "\\sqrt{\\dfrac{5555}{3}}",
    "\\sqrt{\\dfrac{5555}{3}}"
  ],
  "voted_answer": "\\sqrt{\\dfrac{5555}{3}}",
  "final_score": 0,
  "processing_duration_sec": 921.4506950378418,
  "total_analysis_intervals": 100,
  "avg_kv_cache_usage": 0.3365217600633366,
  "max_kv_cache_usage": 0.5977559444218359,
  "usage_aggregated": {
    "prompt_tokens": 120,
    "total_completion_tokens_across_all_started_chains": 211482
  },
  "chains_for_voting_details": [
    {
      "chain_index": 1,
      "finish_reason": "stop",
      "extracted_answer": "\\sqrt{\\dfrac{5555}{3}}",
      "prompt_tokens": 120,
      "completion_tokens": 20442,
      "completed_thought_count": 103,
      "final_mean_pairwise_similarity": 0.5057128667831421,
      "final_internal_similarity": 0.004909833658088759,
      "pruned_count": 0
    },
    {
      "chain_index": 2,
      "finish_reason": "stop",
      "extracted_answer": "2\\sqrt{23}",
      "prompt_tokens": 120,
      "completion_tokens": 27809,
      "completed_thought_count": 111,
      "final_mean_pairwise_similarity": 0.5069100260734558,
      "final_internal_similarity": 0.004566756991652755,
      "pruned_count": 0
    },
    {
      "chain_index": 3,
      "finish_reason": "stop",
      "extracted_answer": "35",
      "prompt_tokens": 120,
      "completion_tokens": 30986,
      "completed_thought_count": 104,
      "final_mean_pairwise_similarity": 0.47766414284706116,
      "final_internal_similarity": 0.004592924450452511,
      "pruned_count": 0
    },
    {
      "chain_index": 4,
      "finish_reason": "stop",
      "extracted_answer": "\\sqrt{\\dfrac{5555}{3}}",
      "prompt_tokens": 120,
      "completion_tokens": 22800,
      "completed_thought_count": 116,
      "final_mean_pairwise_similarity": 0.5111406445503235,
      "final_internal_similarity": 0.004406384866813134,
      "pruned_count": 0
    },
    {
      "chain_index": 5,
      "finish_reason": "stop",
      "extracted_answer": "24",
      "prompt_tokens": 120,
      "completion_tokens": 30032,
      "completed_thought_count": 110,
      "final_mean_pairwise_similarity": 0.5511221885681152,
      "final_internal_similarity": 0.005010201714255593,
      "pruned_count": 0
    },
    {
      "chain_index": 6,
      "finish_reason": "stop",
      "extracted_answer": "5\\sqrt{66}",
      "prompt_tokens": 120,
      "completion_tokens": 23830,
      "completed_thought_count": 105,
      "final_mean_pairwise_similarity": 0.5045981407165527,
      "final_internal_similarity": 0.004805696578252883,
      "pruned_count": 0
    },
    {
      "chain_index": 7,
      "finish_reason": "stop",
      "extracted_answer": "\\sqrt{\\dfrac{5555}{3}}",
      "prompt_tokens": 120,
      "completion_tokens": 28219,
      "completed_thought_count": 104,
      "final_mean_pairwise_similarity": 0.5390153527259827,
      "final_internal_similarity": 0.005182839930057526,
      "pruned_count": 0
    },
    {
      "chain_index": 8,
      "finish_reason": "stop",
      "extracted_answer": "\\sqrt{\\dfrac{5555}{3}}",
      "prompt_tokens": 120,
      "completion_tokens": 27364,
      "completed_thought_count": 105,
      "final_mean_pairwise_similarity": 0.5284701585769653,
      "final_internal_similarity": 0.005033049129304432,
      "pruned_count": 0
    }
  ],
  "pruned_chain_details": [],
  "error_chain_details": []
}