{
  "iteration": 11,
  "question_id": "index_10",
  "status": "SUCCESS",
  "n_chains_start": 8,
  "n_chains_completed_stream_for_voting": 8,
  "n_chains_pruned": 0,
  "n_chains_error": 0,
  "similarity_threshold": 0.98,
  "num_steps_to_delay_pruning": 20,
  "correct_answer_reference": "56",
  "individual_answers_final": [
    "56",
    "56",
    "56",
    "56",
    "56",
    "56",
    "56",
    "56"
  ],
  "voted_answer": "56",
  "final_score": 1,
  "processing_duration_sec": 872.9622311592102,
  "total_analysis_intervals": 100,
  "avg_kv_cache_usage": 0.1651314039881402,
  "max_kv_cache_usage": 0.3571885355502587,
  "usage_aggregated": {
    "prompt_tokens": 116,
    "total_completion_tokens_across_all_started_chains": 142981
  },
  "chains_for_voting_details": [
    {
      "chain_index": 1,
      "finish_reason": "stop",
      "extracted_answer": "56",
      "prompt_tokens": 116,
      "completion_tokens": 16919,
      "completed_thought_count": 76,
      "final_mean_pairwise_similarity": 0.5341851711273193,
      "final_internal_similarity": 0.0070287522516752545,
      "pruned_count": 0
    },
    {
      "chain_index": 2,
      "finish_reason": "stop",
      "extracted_answer": "56",
      "prompt_tokens": 116,
      "completion_tokens": 17442,
      "completed_thought_count": 94,
      "final_mean_pairwise_similarity": 0.5129882097244263,
      "final_internal_similarity": 0.005457321380047088,
      "pruned_count": 0
    },
    {
      "chain_index": 3,
      "finish_reason": "stop",
      "extracted_answer": "56",
      "prompt_tokens": 116,
      "completion_tokens": 12166,
      "completed_thought_count": 107,
      "final_mean_pairwise_similarity": 0.5098060965538025,
      "final_internal_similarity": 0.004764542958446753,
      "pruned_count": 0
    },
    {
      "chain_index": 4,
      "finish_reason": "stop",
      "extracted_answer": "56",
      "prompt_tokens": 116,
      "completion_tokens": 31249,
      "completed_thought_count": 85,
      "final_mean_pairwise_similarity": 0.543824315071106,
      "final_internal_similarity": 0.006397933118483599,
      "pruned_count": 0
    },
    {
      "chain_index": 5,
      "finish_reason": "stop",
      "extracted_answer": "56",
      "prompt_tokens": 116,
      "completion_tokens": 13797,
      "completed_thought_count": 90,
      "final_mean_pairwise_similarity": 0.4561786651611328,
      "final_internal_similarity": 0.005068651835123698,
      "pruned_count": 0
    },
    {
      "chain_index": 6,
      "finish_reason": "stop",
      "extracted_answer": "56",
      "prompt_tokens": 116,
      "completion_tokens": 13946,
      "completed_thought_count": 106,
      "final_mean_pairwise_similarity": 0.4989227056503296,
      "final_internal_similarity": 0.004706817977833298,
      "pruned_count": 0
    },
    {
      "chain_index": 7,
      "finish_reason": "stop",
      "extracted_answer": "56",
      "prompt_tokens": 116,
      "completion_tokens": 20094,
      "completed_thought_count": 111,
      "final_mean_pairwise_similarity": 0.4352259635925293,
      "final_internal_similarity": 0.003920954626959724,
      "pruned_count": 0
    },
    {
      "chain_index": 8,
      "finish_reason": "stop",
      "extracted_answer": "56",
      "prompt_tokens": 116,
      "completion_tokens": 17368,
      "completed_thought_count": 104,
      "final_mean_pairwise_similarity": 0.4676631689071655,
      "final_internal_similarity": 0.004496761239491976,
      "pruned_count": 0
    }
  ],
  "pruned_chain_details": [],
  "error_chain_details": []
}