{
  "iteration": 7,
  "question_id": "index_6",
  "status": "SUCCESS",
  "n_chains_start": 8,
  "n_chains_completed_stream_for_voting": 8,
  "n_chains_pruned": 0,
  "n_chains_error": 0,
  "similarity_threshold": 0.98,
  "num_steps_to_delay_pruning": 20,
  "correct_answer_reference": "\\frac{9 \\sqrt{23}}{23}",
  "individual_answers_final": [
    "\\dfrac{9\\sqrt{23}}{23}",
    "\\dfrac{\\sqrt{14}}{2}",
    "\\sqrt{\\dfrac{7}{2}}",
    "\\dfrac{9\\sqrt{23}}{23}",
    "\\sqrt{3.5}",
    "\\dfrac{2\\sqrt{22}}{5}",
    "\\dfrac{\\sqrt{14}}{2}",
    "2"
  ],
  "voted_answer": "\\dfrac{\\sqrt{14}}{2}",
  "final_score": 0,
  "processing_duration_sec": 1206.8446199893951,
  "total_analysis_intervals": 100,
  "avg_kv_cache_usage": 0.3394555968545676,
  "max_kv_cache_usage": 0.6767048427417011,
  "usage_aggregated": {
    "prompt_tokens": 108101,
    "total_completion_tokens_across_all_started_chains": 241233
  },
  "chains_for_voting_details": [
    {
      "chain_index": 1,
      "finish_reason": "stop",
      "extracted_answer": "\\dfrac{9\\sqrt{23}}{23}",
      "prompt_tokens": 143,
      "completion_tokens": 23128,
      "completed_thought_count": 48,
      "final_mean_pairwise_similarity": 0.4304441213607788,
      "final_internal_similarity": 0.008967585861682892,
      "pruned_count": 0
    },
    {
      "chain_index": 2,
      "finish_reason": "stop",
      "extracted_answer": "\\dfrac{\\sqrt{14}}{2}",
      "prompt_tokens": 143,
      "completion_tokens": 32739,
      "completed_thought_count": 53,
      "final_mean_pairwise_similarity": 0.42328712344169617,
      "final_internal_similarity": 0.007986549498899927,
      "pruned_count": 0
    },
    {
      "chain_index": 3,
      "finish_reason": "stop",
      "extracted_answer": "\\sqrt{\\dfrac{7}{2}}",
      "prompt_tokens": 143,
      "completion_tokens": 31931,
      "completed_thought_count": 60,
      "final_mean_pairwise_similarity": 0.42554450035095215,
      "final_internal_similarity": 0.007092408339182536,
      "pruned_count": 0
    },
    {
      "chain_index": 4,
      "finish_reason": "stop",
      "extracted_answer": "\\dfrac{9\\sqrt{23}}{23}",
      "prompt_tokens": 143,
      "completion_tokens": 25553,
      "completed_thought_count": 56,
      "final_mean_pairwise_similarity": 0.37075909972190857,
      "final_internal_similarity": 0.006620698209319796,
      "pruned_count": 0
    },
    {
      "chain_index": 5,
      "finish_reason": "worker_terminated_unexpectedly",
      "extracted_answer": "\\sqrt{3.5}",
      "prompt_tokens": 143,
      "completion_tokens": 40817,
      "completed_thought_count": 63,
      "final_mean_pairwise_similarity": 0.40944305062294006,
      "final_internal_similarity": 0.006499096041633969,
      "pruned_count": 0
    },
    {
      "chain_index": 6,
      "finish_reason": "stop",
      "extracted_answer": "\\dfrac{2\\sqrt{22}}{5}",
      "prompt_tokens": 143,
      "completion_tokens": 24454,
      "completed_thought_count": 50,
      "final_mean_pairwise_similarity": 0.4213951826095581,
      "final_internal_similarity": 0.008427903652191163,
      "pruned_count": 0
    },
    {
      "chain_index": 7,
      "finish_reason": "stop",
      "extracted_answer": "\\dfrac{\\sqrt{14}}{2}",
      "prompt_tokens": 143,
      "completion_tokens": 26257,
      "completed_thought_count": 61,
      "final_mean_pairwise_similarity": 0.3638131022453308,
      "final_internal_similarity": 0.005964149217136571,
      "pruned_count": 0
    },
    {
      "chain_index": 8,
      "finish_reason": "stop",
      "extracted_answer": "2",
      "prompt_tokens": 143,
      "completion_tokens": 36354,
      "completed_thought_count": 64,
      "final_mean_pairwise_similarity": 0.4220762848854065,
      "final_internal_similarity": 0.0065949419513344765,
      "pruned_count": 0
    }
  ],
  "pruned_chain_details": [],
  "error_chain_details": [],
  "llm_tie_break_performed": true,
  "llm_tie_break_prompt_tokens": 107958,
  "llm_tie_break_completion_tokens": 0,
  "llm_tie_break_response_text": ""
}