{
  "iteration": 22,
  "question_id": "index_21",
  "status": "SUCCESS",
  "n_chains_start": 8,
  "n_chains_completed_stream_for_voting": 1,
  "n_chains_pruned": 7,
  "n_chains_error": 0,
  "similarity_threshold": 0.98,
  "num_steps_to_delay_pruning": 20,
  "correct_answer_reference": "63",
  "individual_answers_final": [
    "63"
  ],
  "voted_answer": "63",
  "final_score": 1,
  "processing_duration_sec": 152.68722295761108,
  "total_analysis_intervals": 37,
  "avg_kv_cache_usage": 0.04495042323925694,
  "max_kv_cache_usage": 0.1134817743154468,
  "usage_aggregated": {
    "prompt_tokens": 140,
    "total_completion_tokens_across_all_started_chains": 36059
  },
  "chains_for_voting_details": [
    {
      "chain_index": 8,
      "finish_reason": "stop",
      "extracted_answer": "63",
      "prompt_tokens": 140,
      "completion_tokens": 7438,
      "completed_thought_count": 30,
      "final_mean_pairwise_similarity": 0.5463376641273499,
      "final_internal_similarity": 0.018211255470911663,
      "pruned_count": 7
    }
  ],
  "pruned_chain_details": [
    {
      "chain_index": 1,
      "finish_reason": "worker_terminated_unexpectedly",
      "completion_tokens": 3895,
      "completed_thought_count": 40,
      "full_text_len": 16071,
      "pruned_at_step": 28,
      "pruned_by_chain_id": "q22_c2",
      "initial_pruned_count": 0
    },
    {
      "chain_index": 2,
      "finish_reason": "worker_terminated_unexpectedly",
      "completion_tokens": 4649,
      "completed_thought_count": 43,
      "full_text_len": 18593,
      "pruned_at_step": 36,
      "pruned_by_chain_id": "q22_c8",
      "initial_pruned_count": 3
    },
    {
      "chain_index": 3,
      "finish_reason": "worker_terminated_unexpectedly",
      "completion_tokens": 3747,
      "completed_thought_count": 40,
      "full_text_len": 14999,
      "pruned_at_step": 26,
      "pruned_by_chain_id": "q22_c4",
      "initial_pruned_count": 0
    },
    {
      "chain_index": 4,
      "finish_reason": "worker_terminated_unexpectedly",
      "completion_tokens": 4047,
      "completed_thought_count": 42,
      "full_text_len": 16189,
      "pruned_at_step": 30,
      "pruned_by_chain_id": "q22_c8",
      "initial_pruned_count": 2
    },
    {
      "chain_index": 5,
      "finish_reason": "worker_terminated_unexpectedly",
      "completion_tokens": 3894,
      "completed_thought_count": 35,
      "full_text_len": 15161,
      "pruned_at_step": 28,
      "pruned_by_chain_id": "q22_c4",
      "initial_pruned_count": 0
    },
    {
      "chain_index": 6,
      "finish_reason": "worker_terminated_unexpectedly",
      "completion_tokens": 4495,
      "completed_thought_count": 46,
      "full_text_len": 17047,
      "pruned_at_step": 34,
      "pruned_by_chain_id": "q22_c2",
      "initial_pruned_count": 1
    },
    {
      "chain_index": 7,
      "finish_reason": "worker_terminated_unexpectedly",
      "completion_tokens": 3894,
      "completed_thought_count": 31,
      "full_text_len": 16073,
      "pruned_at_step": 28,
      "pruned_by_chain_id": "q22_c6",
      "initial_pruned_count": 0
    }
  ],
  "error_chain_details": []
}