{
  "iteration": 21,
  "question_id": "index_20",
  "status": "SUCCESS",
  "n_chains_start": 8,
  "n_chains_completed_stream_for_voting": 8,
  "n_chains_pruned": 0,
  "n_chains_error": 0,
  "similarity_threshold": 0.98,
  "num_steps_to_delay_pruning": 20,
  "correct_answer_reference": "26",
  "individual_answers_final": [
    "26",
    "26",
    "26",
    "26",
    "26",
    "26",
    "26",
    "26"
  ],
  "voted_answer": "26",
  "final_score": 1,
  "processing_duration_sec": 78.8792085647583,
  "total_analysis_intervals": 23,
  "avg_kv_cache_usage": 0.038276443744483676,
  "max_kv_cache_usage": 0.0719725597348991,
  "usage_aggregated": {
    "prompt_tokens": 139,
    "total_completion_tokens_across_all_started_chains": 23966
  },
  "chains_for_voting_details": [
    {
      "chain_index": 1,
      "finish_reason": "stop",
      "extracted_answer": "26",
      "prompt_tokens": 139,
      "completion_tokens": 3148,
      "completed_thought_count": 10,
      "final_mean_pairwise_similarity": 0.6504272222518921,
      "final_internal_similarity": 0.06504272222518921,
      "pruned_count": 0
    },
    {
      "chain_index": 2,
      "finish_reason": "stop",
      "extracted_answer": "26",
      "prompt_tokens": 139,
      "completion_tokens": 2773,
      "completed_thought_count": 4,
      "final_mean_pairwise_similarity": 0.7520043253898621,
      "final_internal_similarity": 0.18800108134746552,
      "pruned_count": 0
    },
    {
      "chain_index": 3,
      "finish_reason": "stop",
      "extracted_answer": "26",
      "prompt_tokens": 139,
      "completion_tokens": 3831,
      "completed_thought_count": 13,
      "final_mean_pairwise_similarity": 0.5425903797149658,
      "final_internal_similarity": 0.04173772151653583,
      "pruned_count": 0
    },
    {
      "chain_index": 4,
      "finish_reason": "stop",
      "extracted_answer": "26",
      "prompt_tokens": 139,
      "completion_tokens": 3539,
      "completed_thought_count": 13,
      "final_mean_pairwise_similarity": 0.5696573853492737,
      "final_internal_similarity": 0.04381979887302105,
      "pruned_count": 0
    },
    {
      "chain_index": 5,
      "finish_reason": "stop",
      "extracted_answer": "26",
      "prompt_tokens": 139,
      "completion_tokens": 3109,
      "completed_thought_count": 8,
      "final_mean_pairwise_similarity": 0.6704159379005432,
      "final_internal_similarity": 0.0838019922375679,
      "pruned_count": 0
    },
    {
      "chain_index": 6,
      "finish_reason": "stop",
      "extracted_answer": "26",
      "prompt_tokens": 139,
      "completion_tokens": 2855,
      "completed_thought_count": 11,
      "final_mean_pairwise_similarity": 0.6260247826576233,
      "final_internal_similarity": 0.05691134387796575,
      "pruned_count": 0
    },
    {
      "chain_index": 7,
      "finish_reason": "stop",
      "extracted_answer": "26",
      "prompt_tokens": 139,
      "completion_tokens": 2385,
      "completed_thought_count": 6,
      "final_mean_pairwise_similarity": 0.6938515305519104,
      "final_internal_similarity": 0.11564192175865173,
      "pruned_count": 0
    },
    {
      "chain_index": 8,
      "finish_reason": "stop",
      "extracted_answer": "26",
      "prompt_tokens": 139,
      "completion_tokens": 2326,
      "completed_thought_count": 8,
      "final_mean_pairwise_similarity": 0.6349939703941345,
      "final_internal_similarity": 0.07937424629926682,
      "pruned_count": 0
    }
  ],
  "pruned_chain_details": [],
  "error_chain_details": []
}