{
  "iteration": 14,
  "question_id": "index_13",
  "status": "SUCCESS",
  "n_chains_start": 8,
  "n_chains_completed_stream_for_voting": 8,
  "n_chains_pruned": 0,
  "n_chains_error": 0,
  "similarity_threshold": 0.98,
  "num_steps_to_delay_pruning": 20,
  "correct_answer_reference": "2304",
  "individual_answers_final": [
    "76",
    "20",
    "22",
    "14",
    "70",
    "76",
    "70",
    "70"
  ],
  "voted_answer": "70",
  "final_score": 0,
  "processing_duration_sec": 553.0276215076447,
  "total_analysis_intervals": 100,
  "avg_kv_cache_usage": 0.20353597375348223,
  "max_kv_cache_usage": 0.4302075460729028,
  "usage_aggregated": {
    "prompt_tokens": 188,
    "total_completion_tokens_across_all_started_chains": 132491
  },
  "chains_for_voting_details": [
    {
      "chain_index": 1,
      "finish_reason": "stop",
      "extracted_answer": "76",
      "prompt_tokens": 188,
      "completion_tokens": 15290,
      "completed_thought_count": 94,
      "final_mean_pairwise_similarity": 0.4911354184150696,
      "final_internal_similarity": 0.0052248448767560594,
      "pruned_count": 0
    },
    {
      "chain_index": 2,
      "finish_reason": "stop",
      "extracted_answer": "20",
      "prompt_tokens": 188,
      "completion_tokens": 14603,
      "completed_thought_count": 79,
      "final_mean_pairwise_similarity": 0.5225664377212524,
      "final_internal_similarity": 0.006614765034446233,
      "pruned_count": 0
    },
    {
      "chain_index": 3,
      "finish_reason": "stop",
      "extracted_answer": "22",
      "prompt_tokens": 188,
      "completion_tokens": 14910,
      "completed_thought_count": 81,
      "final_mean_pairwise_similarity": 0.5331644415855408,
      "final_internal_similarity": 0.006582277056611615,
      "pruned_count": 0
    },
    {
      "chain_index": 4,
      "finish_reason": "stop",
      "extracted_answer": "14",
      "prompt_tokens": 188,
      "completion_tokens": 19285,
      "completed_thought_count": 82,
      "final_mean_pairwise_similarity": 0.5097205638885498,
      "final_internal_similarity": 0.006216104437665242,
      "pruned_count": 0
    },
    {
      "chain_index": 5,
      "finish_reason": "stop",
      "extracted_answer": "70",
      "prompt_tokens": 188,
      "completion_tokens": 16776,
      "completed_thought_count": 93,
      "final_mean_pairwise_similarity": 0.5522333383560181,
      "final_internal_similarity": 0.005937992885548581,
      "pruned_count": 0
    },
    {
      "chain_index": 6,
      "finish_reason": "stop",
      "extracted_answer": "76",
      "prompt_tokens": 188,
      "completion_tokens": 15729,
      "completed_thought_count": 83,
      "final_mean_pairwise_similarity": 0.5161305069923401,
      "final_internal_similarity": 0.006218439843281206,
      "pruned_count": 0
    },
    {
      "chain_index": 7,
      "finish_reason": "stop",
      "extracted_answer": "70",
      "prompt_tokens": 188,
      "completion_tokens": 20327,
      "completed_thought_count": 101,
      "final_mean_pairwise_similarity": 0.5499664545059204,
      "final_internal_similarity": 0.005445212420850697,
      "pruned_count": 0
    },
    {
      "chain_index": 8,
      "finish_reason": "stop",
      "extracted_answer": "70",
      "prompt_tokens": 188,
      "completion_tokens": 15571,
      "completed_thought_count": 82,
      "final_mean_pairwise_similarity": 0.5424049496650696,
      "final_internal_similarity": 0.006614694508110605,
      "pruned_count": 0
    }
  ],
  "pruned_chain_details": [],
  "error_chain_details": []
}