{
  "iteration": 10,
  "question_id": "index_9",
  "status": "SUCCESS",
  "n_chains_start": 8,
  "n_chains_completed_stream_for_voting": 8,
  "n_chains_pruned": 0,
  "n_chains_error": 0,
  "similarity_threshold": 0.98,
  "num_steps_to_delay_pruning": 20,
  "correct_answer_reference": "\\frac{-1+\\sqrt{17}}{2}, \\frac{-1-\\sqrt{17}}{2}",
  "individual_answers_final": [
    "\\dfrac{-1 - \\sqrt{17}}{2}",
    "6",
    "\\dfrac{-1 - \\sqrt{17}}{2}",
    "\\dfrac{-1 - \\sqrt{73}}{2}",
    "\\dfrac{-1 - \\sqrt{17}}{2}",
    "\\dfrac{-1 - \\sqrt{17}}{2}",
    "6",
    "-6"
  ],
  "voted_answer": "\\dfrac{-1 - \\sqrt{17}}{2}",
  "final_score": 0,
  "processing_duration_sec": 907.7921912670135,
  "total_analysis_intervals": 100,
  "avg_kv_cache_usage": 0.29653962047601196,
  "max_kv_cache_usage": 0.5225277600139526,
  "usage_aggregated": {
    "prompt_tokens": 146,
    "total_completion_tokens_across_all_started_chains": 198100
  },
  "chains_for_voting_details": [
    {
      "chain_index": 1,
      "finish_reason": "stop",
      "extracted_answer": "\\dfrac{-1 - \\sqrt{17}}{2}",
      "prompt_tokens": 146,
      "completion_tokens": 26714,
      "completed_thought_count": 45,
      "final_mean_pairwise_similarity": 0.45148950815200806,
      "final_internal_similarity": 0.010033100181155734,
      "pruned_count": 0
    },
    {
      "chain_index": 2,
      "finish_reason": "stop",
      "extracted_answer": "6",
      "prompt_tokens": 146,
      "completion_tokens": 20395,
      "completed_thought_count": 77,
      "final_mean_pairwise_similarity": 0.476369172334671,
      "final_internal_similarity": 0.0061866126277230005,
      "pruned_count": 0
    },
    {
      "chain_index": 3,
      "finish_reason": "stop",
      "extracted_answer": "\\dfrac{-1 - \\sqrt{17}}{2}",
      "prompt_tokens": 146,
      "completion_tokens": 31335,
      "completed_thought_count": 52,
      "final_mean_pairwise_similarity": 0.460321843624115,
      "final_internal_similarity": 0.008852343146617595,
      "pruned_count": 0
    },
    {
      "chain_index": 4,
      "finish_reason": "stop",
      "extracted_answer": "\\dfrac{-1 - \\sqrt{73}}{2}",
      "prompt_tokens": 146,
      "completion_tokens": 27603,
      "completed_thought_count": 61,
      "final_mean_pairwise_similarity": 0.446903258562088,
      "final_internal_similarity": 0.007326282927247345,
      "pruned_count": 0
    },
    {
      "chain_index": 5,
      "finish_reason": "stop",
      "extracted_answer": "\\dfrac{-1 - \\sqrt{17}}{2}",
      "prompt_tokens": 146,
      "completion_tokens": 22781,
      "completed_thought_count": 65,
      "final_mean_pairwise_similarity": 0.48008134961128235,
      "final_internal_similarity": 0.007385866917096652,
      "pruned_count": 0
    },
    {
      "chain_index": 6,
      "finish_reason": "stop",
      "extracted_answer": "\\dfrac{-1 - \\sqrt{17}}{2}",
      "prompt_tokens": 146,
      "completion_tokens": 17569,
      "completed_thought_count": 47,
      "final_mean_pairwise_similarity": 0.49268391728401184,
      "final_internal_similarity": 0.0104826365379577,
      "pruned_count": 0
    },
    {
      "chain_index": 7,
      "finish_reason": "stop",
      "extracted_answer": "6",
      "prompt_tokens": 146,
      "completion_tokens": 28714,
      "completed_thought_count": 63,
      "final_mean_pairwise_similarity": 0.4180302023887634,
      "final_internal_similarity": 0.00663540003791688,
      "pruned_count": 0
    },
    {
      "chain_index": 8,
      "finish_reason": "stop",
      "extracted_answer": "-6",
      "prompt_tokens": 146,
      "completion_tokens": 22989,
      "completed_thought_count": 75,
      "final_mean_pairwise_similarity": 0.5324283242225647,
      "final_internal_similarity": 0.007099044322967529,
      "pruned_count": 0
    }
  ],
  "pruned_chain_details": [],
  "error_chain_details": []
}