{
  "iteration": 12,
  "question_id": "index_11",
  "status": "SUCCESS",
  "n_chains_start": 8,
  "n_chains_completed_stream_for_voting": 8,
  "n_chains_pruned": 0,
  "n_chains_error": 0,
  "similarity_threshold": 0.98,
  "num_steps_to_delay_pruning": 20,
  "correct_answer_reference": "29",
  "individual_answers_final": [
    "27",
    "24",
    "20",
    "31",
    "32",
    "28",
    "29",
    "31"
  ],
  "voted_answer": "31",
  "final_score": 0,
  "processing_duration_sec": 728.8617370128632,
  "total_analysis_intervals": 100,
  "avg_kv_cache_usage": 0.21550343267164343,
  "max_kv_cache_usage": 0.4422998662868438,
  "usage_aggregated": {
    "prompt_tokens": 147,
    "total_completion_tokens_across_all_started_chains": 153524
  },
  "chains_for_voting_details": [
    {
      "chain_index": 1,
      "finish_reason": "stop",
      "extracted_answer": "27",
      "prompt_tokens": 147,
      "completion_tokens": 19439,
      "completed_thought_count": 118,
      "final_mean_pairwise_similarity": 0.4946213364601135,
      "final_internal_similarity": 0.004191706241187402,
      "pruned_count": 0
    },
    {
      "chain_index": 2,
      "finish_reason": "stop",
      "extracted_answer": "24",
      "prompt_tokens": 147,
      "completion_tokens": 16954,
      "completed_thought_count": 122,
      "final_mean_pairwise_similarity": 0.48501038551330566,
      "final_internal_similarity": 0.003975494963223817,
      "pruned_count": 0
    },
    {
      "chain_index": 3,
      "finish_reason": "stop",
      "extracted_answer": "20",
      "prompt_tokens": 147,
      "completion_tokens": 26121,
      "completed_thought_count": 113,
      "final_mean_pairwise_similarity": 0.4867294430732727,
      "final_internal_similarity": 0.004307340204188254,
      "pruned_count": 0
    },
    {
      "chain_index": 4,
      "finish_reason": "stop",
      "extracted_answer": "31",
      "prompt_tokens": 147,
      "completion_tokens": 23852,
      "completed_thought_count": 115,
      "final_mean_pairwise_similarity": 0.4561944603919983,
      "final_internal_similarity": 0.003966908351234768,
      "pruned_count": 0
    },
    {
      "chain_index": 5,
      "finish_reason": "stop",
      "extracted_answer": "32",
      "prompt_tokens": 147,
      "completion_tokens": 18627,
      "completed_thought_count": 122,
      "final_mean_pairwise_similarity": 0.47930705547332764,
      "final_internal_similarity": 0.003928746356338751,
      "pruned_count": 0
    },
    {
      "chain_index": 6,
      "finish_reason": "stop",
      "extracted_answer": "28",
      "prompt_tokens": 147,
      "completion_tokens": 17342,
      "completed_thought_count": 110,
      "final_mean_pairwise_similarity": 0.4844514727592468,
      "final_internal_similarity": 0.0044041042978113345,
      "pruned_count": 0
    },
    {
      "chain_index": 7,
      "finish_reason": "stop",
      "extracted_answer": "29",
      "prompt_tokens": 147,
      "completion_tokens": 16125,
      "completed_thought_count": 99,
      "final_mean_pairwise_similarity": 0.46996089816093445,
      "final_internal_similarity": 0.004747079779403378,
      "pruned_count": 0
    },
    {
      "chain_index": 8,
      "finish_reason": "stop",
      "extracted_answer": "31",
      "prompt_tokens": 147,
      "completion_tokens": 15064,
      "completed_thought_count": 104,
      "final_mean_pairwise_similarity": 0.46676942706108093,
      "final_internal_similarity": 0.004488167567895009,
      "pruned_count": 0
    }
  ],
  "pruned_chain_details": [],
  "error_chain_details": []
}