{
  "iteration": 15,
  "question_id": "index_14",
  "status": "SUCCESS",
  "n_chains_start": 8,
  "n_chains_completed_stream_for_voting": 8,
  "n_chains_pruned": 0,
  "n_chains_error": 0,
  "similarity_threshold": 0.98,
  "num_steps_to_delay_pruning": 20,
  "correct_answer_reference": "200",
  "individual_answers_final": [
    "120",
    "120",
    "202",
    "202",
    "202",
    "202",
    "202",
    "202"
  ],
  "voted_answer": "202",
  "final_score": 0,
  "processing_duration_sec": 192.74851298332214,
  "total_analysis_intervals": 56,
  "avg_kv_cache_usage": 0.08780189669753354,
  "max_kv_cache_usage": 0.1712109761060403,
  "usage_aggregated": {
    "prompt_tokens": 149,
    "total_completion_tokens_across_all_started_chains": 56529
  },
  "chains_for_voting_details": [
    {
      "chain_index": 1,
      "finish_reason": "stop",
      "extracted_answer": "120",
      "prompt_tokens": 149,
      "completion_tokens": 5741,
      "completed_thought_count": 55,
      "final_mean_pairwise_similarity": 0.4543006420135498,
      "final_internal_similarity": 0.008260011672973633,
      "pruned_count": 0
    },
    {
      "chain_index": 2,
      "finish_reason": "stop",
      "extracted_answer": "120",
      "prompt_tokens": 149,
      "completion_tokens": 6911,
      "completed_thought_count": 70,
      "final_mean_pairwise_similarity": 0.41507813334465027,
      "final_internal_similarity": 0.005929687619209289,
      "pruned_count": 0
    },
    {
      "chain_index": 3,
      "finish_reason": "stop",
      "extracted_answer": "202",
      "prompt_tokens": 149,
      "completion_tokens": 7116,
      "completed_thought_count": 60,
      "final_mean_pairwise_similarity": 0.5099520683288574,
      "final_internal_similarity": 0.00849920113881429,
      "pruned_count": 0
    },
    {
      "chain_index": 4,
      "finish_reason": "stop",
      "extracted_answer": "202",
      "prompt_tokens": 149,
      "completion_tokens": 6330,
      "completed_thought_count": 51,
      "final_mean_pairwise_similarity": 0.47164836525917053,
      "final_internal_similarity": 0.009248007161944521,
      "pruned_count": 0
    },
    {
      "chain_index": 5,
      "finish_reason": "stop",
      "extracted_answer": "202",
      "prompt_tokens": 149,
      "completion_tokens": 6871,
      "completed_thought_count": 74,
      "final_mean_pairwise_similarity": 0.4220435619354248,
      "final_internal_similarity": 0.00570329137750574,
      "pruned_count": 0
    },
    {
      "chain_index": 6,
      "finish_reason": "stop",
      "extracted_answer": "202",
      "prompt_tokens": 149,
      "completion_tokens": 7864,
      "completed_thought_count": 68,
      "final_mean_pairwise_similarity": 0.4593898057937622,
      "final_internal_similarity": 0.006755732438143562,
      "pruned_count": 0
    },
    {
      "chain_index": 7,
      "finish_reason": "stop",
      "extracted_answer": "202",
      "prompt_tokens": 149,
      "completion_tokens": 8750,
      "completed_thought_count": 67,
      "final_mean_pairwise_similarity": 0.4624116122722626,
      "final_internal_similarity": 0.006901665854809889,
      "pruned_count": 0
    },
    {
      "chain_index": 8,
      "finish_reason": "stop",
      "extracted_answer": "202",
      "prompt_tokens": 149,
      "completion_tokens": 6946,
      "completed_thought_count": 60,
      "final_mean_pairwise_similarity": 0.45022186636924744,
      "final_internal_similarity": 0.007503697772820791,
      "pruned_count": 0
    }
  ],
  "pruned_chain_details": [],
  "error_chain_details": []
}