{
  "iteration": 8,
  "question_id": "index_7",
  "status": "SUCCESS",
  "n_chains_start": 8,
  "n_chains_completed_stream_for_voting": 8,
  "n_chains_pruned": 0,
  "n_chains_error": 0,
  "similarity_threshold": 0.98,
  "num_steps_to_delay_pruning": 20,
  "correct_answer_reference": "1-\\frac{2}{\\pi}",
  "individual_answers_final": [
    "\\dfrac{233}{640}",
    "\\dfrac{4}{11}",
    "1 - \\dfrac{2}{\\pi}",
    "\\dfrac{93}{256}",
    "\\dfrac{1}{2}",
    "\\dfrac{4}{11}",
    "\\dfrac{1}{2}",
    "\\dfrac{186}{511}"
  ],
  "voted_answer": "\\dfrac{1}{2}",
  "final_score": 0,
  "processing_duration_sec": 961.5565142631531,
  "total_analysis_intervals": 100,
  "avg_kv_cache_usage": 0.3133819337326565,
  "max_kv_cache_usage": 0.5733968955293297,
  "usage_aggregated": {
    "prompt_tokens": 108216,
    "total_completion_tokens_across_all_started_chains": 209230
  },
  "chains_for_voting_details": [
    {
      "chain_index": 1,
      "finish_reason": "stop",
      "extracted_answer": "\\dfrac{233}{640}",
      "prompt_tokens": 156,
      "completion_tokens": 22910,
      "completed_thought_count": 75,
      "final_mean_pairwise_similarity": 0.383544921875,
      "final_internal_similarity": 0.005113932291666666,
      "pruned_count": 0
    },
    {
      "chain_index": 2,
      "finish_reason": "stop",
      "extracted_answer": "\\dfrac{4}{11}",
      "prompt_tokens": 156,
      "completion_tokens": 18949,
      "completed_thought_count": 86,
      "final_mean_pairwise_similarity": 0.36942845582962036,
      "final_internal_similarity": 0.004295679718949074,
      "pruned_count": 0
    },
    {
      "chain_index": 3,
      "finish_reason": "stop",
      "extracted_answer": "1 - \\dfrac{2}{\\pi}",
      "prompt_tokens": 156,
      "completion_tokens": 22384,
      "completed_thought_count": 65,
      "final_mean_pairwise_similarity": 0.4164218306541443,
      "final_internal_similarity": 0.0064064897023714505,
      "pruned_count": 0
    },
    {
      "chain_index": 4,
      "finish_reason": "stop",
      "extracted_answer": "\\dfrac{93}{256}",
      "prompt_tokens": 156,
      "completion_tokens": 33154,
      "completed_thought_count": 66,
      "final_mean_pairwise_similarity": 0.3441097140312195,
      "final_internal_similarity": 0.0052137835459275675,
      "pruned_count": 0
    },
    {
      "chain_index": 5,
      "finish_reason": "stop",
      "extracted_answer": "\\dfrac{1}{2}",
      "prompt_tokens": 156,
      "completion_tokens": 29439,
      "completed_thought_count": 82,
      "final_mean_pairwise_similarity": 0.3447507619857788,
      "final_internal_similarity": 0.004204277585192424,
      "pruned_count": 0
    },
    {
      "chain_index": 6,
      "finish_reason": "stop",
      "extracted_answer": "\\dfrac{4}{11}",
      "prompt_tokens": 156,
      "completion_tokens": 27836,
      "completed_thought_count": 75,
      "final_mean_pairwise_similarity": 0.3342081904411316,
      "final_internal_similarity": 0.004456109205881755,
      "pruned_count": 0
    },
    {
      "chain_index": 7,
      "finish_reason": "stop",
      "extracted_answer": "\\dfrac{1}{2}",
      "prompt_tokens": 156,
      "completion_tokens": 31576,
      "completed_thought_count": 86,
      "final_mean_pairwise_similarity": 0.365885466337204,
      "final_internal_similarity": 0.004254482166711674,
      "pruned_count": 0
    },
    {
      "chain_index": 8,
      "finish_reason": "stop",
      "extracted_answer": "\\dfrac{186}{511}",
      "prompt_tokens": 156,
      "completion_tokens": 22982,
      "completed_thought_count": 68,
      "final_mean_pairwise_similarity": 0.38083702325820923,
      "final_internal_similarity": 0.005600544459679548,
      "pruned_count": 0
    }
  ],
  "pruned_chain_details": [],
  "error_chain_details": [],
  "llm_tie_break_performed": true,
  "llm_tie_break_prompt_tokens": 108060,
  "llm_tie_break_completion_tokens": 0,
  "llm_tie_break_response_text": ""
}