{
  "iteration": 6,
  "question_id": "index_5",
  "status": "SUCCESS",
  "n_chains_start": 8,
  "n_chains_completed_stream_for_voting": 8,
  "n_chains_pruned": 0,
  "n_chains_error": 0,
  "similarity_threshold": 0.98,
  "num_steps_to_delay_pruning": 20,
  "correct_answer_reference": "\\frac{1311}{2017}",
  "individual_answers_final": [
    "\\dfrac{1311}{2017}",
    "\\dfrac{1311}{2017}",
    "\\dfrac{1311}{2017}",
    "\\dfrac{1311}{2017}",
    "\\dfrac{1311}{2017}",
    "\\dfrac{1}{2017 \\times 2018}",
    "\\dfrac{1311}{2017}",
    "\\dfrac{1311}{2017}"
  ],
  "voted_answer": "\\dfrac{1311}{2017}",
  "final_score": 1,
  "processing_duration_sec": 532.231663942337,
  "total_analysis_intervals": 100,
  "avg_kv_cache_usage": 0.1143032280148246,
  "max_kv_cache_usage": 0.2385907796058368,
  "usage_aggregated": {
    "prompt_tokens": 113,
    "total_completion_tokens_across_all_started_chains": 95728
  },
  "chains_for_voting_details": [
    {
      "chain_index": 1,
      "finish_reason": "stop",
      "extracted_answer": "\\dfrac{1311}{2017}",
      "prompt_tokens": 113,
      "completion_tokens": 12112,
      "completed_thought_count": 70,
      "final_mean_pairwise_similarity": 0.4509707987308502,
      "final_internal_similarity": 0.0064424399818692885,
      "pruned_count": 0
    },
    {
      "chain_index": 2,
      "finish_reason": "stop",
      "extracted_answer": "\\dfrac{1311}{2017}",
      "prompt_tokens": 113,
      "completion_tokens": 11581,
      "completed_thought_count": 68,
      "final_mean_pairwise_similarity": 0.625800609588623,
      "final_internal_similarity": 0.009202950141009162,
      "pruned_count": 0
    },
    {
      "chain_index": 3,
      "finish_reason": "stop",
      "extracted_answer": "\\dfrac{1311}{2017}",
      "prompt_tokens": 113,
      "completion_tokens": 11935,
      "completed_thought_count": 51,
      "final_mean_pairwise_similarity": 0.5384525060653687,
      "final_internal_similarity": 0.010557892275791542,
      "pruned_count": 0
    },
    {
      "chain_index": 4,
      "finish_reason": "stop",
      "extracted_answer": "\\dfrac{1311}{2017}",
      "prompt_tokens": 113,
      "completion_tokens": 9052,
      "completed_thought_count": 48,
      "final_mean_pairwise_similarity": 0.6342706084251404,
      "final_internal_similarity": 0.013213971008857092,
      "pruned_count": 0
    },
    {
      "chain_index": 5,
      "finish_reason": "stop",
      "extracted_answer": "\\dfrac{1311}{2017}",
      "prompt_tokens": 113,
      "completion_tokens": 8083,
      "completed_thought_count": 35,
      "final_mean_pairwise_similarity": 0.6545262932777405,
      "final_internal_similarity": 0.01870075123650687,
      "pruned_count": 0
    },
    {
      "chain_index": 6,
      "finish_reason": "stop",
      "extracted_answer": "\\dfrac{1}{2017 \\times 2018}",
      "prompt_tokens": 113,
      "completion_tokens": 20180,
      "completed_thought_count": 78,
      "final_mean_pairwise_similarity": 0.6620327234268188,
      "final_internal_similarity": 0.00848759901829255,
      "pruned_count": 0
    },
    {
      "chain_index": 7,
      "finish_reason": "stop",
      "extracted_answer": "\\dfrac{1311}{2017}",
      "prompt_tokens": 113,
      "completion_tokens": 9226,
      "completed_thought_count": 51,
      "final_mean_pairwise_similarity": 0.6088587045669556,
      "final_internal_similarity": 0.01193840597190109,
      "pruned_count": 0
    },
    {
      "chain_index": 8,
      "finish_reason": "stop",
      "extracted_answer": "\\dfrac{1311}{2017}",
      "prompt_tokens": 113,
      "completion_tokens": 13559,
      "completed_thought_count": 76,
      "final_mean_pairwise_similarity": 0.6137595772743225,
      "final_internal_similarity": 0.008075783911504243,
      "pruned_count": 0
    }
  ],
  "pruned_chain_details": [],
  "error_chain_details": []
}