{
  "iteration": 26,
  "question_id": "index_25",
  "status": "SUCCESS",
  "n_chains_start": 8,
  "n_chains_completed_stream_for_voting": 8,
  "n_chains_pruned": 0,
  "n_chains_error": 0,
  "similarity_threshold": 0.98,
  "num_steps_to_delay_pruning": 20,
  "correct_answer_reference": "9\\sqrt{15}",
  "individual_answers_final": [
    "9\\sqrt{15}",
    "9\\sqrt{15}",
    "9\\sqrt{15}",
    "9\\sqrt{15}",
    "9\\sqrt{15}",
    "9\\sqrt{15}",
    "9\\sqrt{15}",
    "9\\sqrt{15}"
  ],
  "voted_answer": "9\\sqrt{15}",
  "final_score": 1,
  "processing_duration_sec": 323.539359331131,
  "total_analysis_intervals": 81,
  "avg_kv_cache_usage": 0.13403406421327027,
  "max_kv_cache_usage": 0.2590547061217371,
  "usage_aggregated": {
    "prompt_tokens": 144,
    "total_completion_tokens_across_all_started_chains": 85964
  },
  "chains_for_voting_details": [
    {
      "chain_index": 1,
      "finish_reason": "stop",
      "extracted_answer": "9\\sqrt{15}",
      "prompt_tokens": 144,
      "completion_tokens": 11294,
      "completed_thought_count": 59,
      "final_mean_pairwise_similarity": 0.4104555547237396,
      "final_internal_similarity": 0.0069568738088769426,
      "pruned_count": 0
    },
    {
      "chain_index": 2,
      "finish_reason": "stop",
      "extracted_answer": "9\\sqrt{15}",
      "prompt_tokens": 144,
      "completion_tokens": 11085,
      "completed_thought_count": 55,
      "final_mean_pairwise_similarity": 0.4162091612815857,
      "final_internal_similarity": 0.00756743929602883,
      "pruned_count": 0
    },
    {
      "chain_index": 3,
      "finish_reason": "stop",
      "extracted_answer": "9\\sqrt{15}",
      "prompt_tokens": 144,
      "completion_tokens": 8767,
      "completed_thought_count": 31,
      "final_mean_pairwise_similarity": 0.4627387523651123,
      "final_internal_similarity": 0.014927056527906848,
      "pruned_count": 0
    },
    {
      "chain_index": 4,
      "finish_reason": "stop",
      "extracted_answer": "9\\sqrt{15}",
      "prompt_tokens": 144,
      "completion_tokens": 10433,
      "completed_thought_count": 41,
      "final_mean_pairwise_similarity": 0.4478013813495636,
      "final_internal_similarity": 0.010921984910964966,
      "pruned_count": 0
    },
    {
      "chain_index": 5,
      "finish_reason": "stop",
      "extracted_answer": "9\\sqrt{15}",
      "prompt_tokens": 144,
      "completion_tokens": 10765,
      "completed_thought_count": 49,
      "final_mean_pairwise_similarity": 0.41892150044441223,
      "final_internal_similarity": 0.008549418376416576,
      "pruned_count": 0
    },
    {
      "chain_index": 6,
      "finish_reason": "stop",
      "extracted_answer": "9\\sqrt{15}",
      "prompt_tokens": 144,
      "completion_tokens": 9779,
      "completed_thought_count": 38,
      "final_mean_pairwise_similarity": 0.42449647188186646,
      "final_internal_similarity": 0.011170959786364907,
      "pruned_count": 0
    },
    {
      "chain_index": 7,
      "finish_reason": "stop",
      "extracted_answer": "9\\sqrt{15}",
      "prompt_tokens": 144,
      "completion_tokens": 13014,
      "completed_thought_count": 53,
      "final_mean_pairwise_similarity": 0.3958754539489746,
      "final_internal_similarity": 0.007469348187716502,
      "pruned_count": 0
    },
    {
      "chain_index": 8,
      "finish_reason": "stop",
      "extracted_answer": "9\\sqrt{15}",
      "prompt_tokens": 144,
      "completion_tokens": 10827,
      "completed_thought_count": 42,
      "final_mean_pairwise_similarity": 0.42609599232673645,
      "final_internal_similarity": 0.010145142674446106,
      "pruned_count": 0
    }
  ],
  "pruned_chain_details": [],
  "error_chain_details": []
}