{
  "iteration": 23,
  "question_id": "index_22",
  "status": "SUCCESS",
  "n_chains_start": 8,
  "n_chains_completed_stream_for_voting": 8,
  "n_chains_pruned": 0,
  "n_chains_error": 0,
  "similarity_threshold": 0.98,
  "num_steps_to_delay_pruning": 20,
  "correct_answer_reference": "8\\sqrt{10}",
  "individual_answers_final": [
    "8\\sqrt{10}",
    "8\\sqrt{10}",
    "8\\sqrt{10}",
    "8\\sqrt{10}",
    "8\\sqrt{10}",
    "8\\sqrt{10}",
    "8\\sqrt{10}",
    "8\\sqrt{10}"
  ],
  "voted_answer": "8\\sqrt{10}",
  "final_score": 1,
  "processing_duration_sec": 339.86199283599854,
  "total_analysis_intervals": 95,
  "avg_kv_cache_usage": 0.12054176956225231,
  "max_kv_cache_usage": 0.2599848845997325,
  "usage_aggregated": {
    "prompt_tokens": 135,
    "total_completion_tokens_across_all_started_chains": 82955
  },
  "chains_for_voting_details": [
    {
      "chain_index": 1,
      "finish_reason": "stop",
      "extracted_answer": "8\\sqrt{10}",
      "prompt_tokens": 135,
      "completion_tokens": 13741,
      "completed_thought_count": 53,
      "final_mean_pairwise_similarity": 0.45534548163414,
      "final_internal_similarity": 0.008591424181776226,
      "pruned_count": 0
    },
    {
      "chain_index": 2,
      "finish_reason": "stop",
      "extracted_answer": "8\\sqrt{10}",
      "prompt_tokens": 135,
      "completion_tokens": 12547,
      "completed_thought_count": 59,
      "final_mean_pairwise_similarity": 0.4723641574382782,
      "final_internal_similarity": 0.008006172159970817,
      "pruned_count": 0
    },
    {
      "chain_index": 3,
      "finish_reason": "stop",
      "extracted_answer": "8\\sqrt{10}",
      "prompt_tokens": 135,
      "completion_tokens": 8985,
      "completed_thought_count": 38,
      "final_mean_pairwise_similarity": 0.4408213496208191,
      "final_internal_similarity": 0.011600561832126818,
      "pruned_count": 0
    },
    {
      "chain_index": 4,
      "finish_reason": "stop",
      "extracted_answer": "8\\sqrt{10}",
      "prompt_tokens": 135,
      "completion_tokens": 8799,
      "completed_thought_count": 32,
      "final_mean_pairwise_similarity": 0.4877096116542816,
      "final_internal_similarity": 0.0152409253641963,
      "pruned_count": 0
    },
    {
      "chain_index": 5,
      "finish_reason": "stop",
      "extracted_answer": "8\\sqrt{10}",
      "prompt_tokens": 135,
      "completion_tokens": 11789,
      "completed_thought_count": 52,
      "final_mean_pairwise_similarity": 0.4621964395046234,
      "final_internal_similarity": 0.008888393067396604,
      "pruned_count": 0
    },
    {
      "chain_index": 6,
      "finish_reason": "stop",
      "extracted_answer": "8\\sqrt{10}",
      "prompt_tokens": 135,
      "completion_tokens": 8898,
      "completed_thought_count": 35,
      "final_mean_pairwise_similarity": 0.37098461389541626,
      "final_internal_similarity": 0.010599560397011893,
      "pruned_count": 0
    },
    {
      "chain_index": 7,
      "finish_reason": "stop",
      "extracted_answer": "8\\sqrt{10}",
      "prompt_tokens": 135,
      "completion_tokens": 8925,
      "completed_thought_count": 23,
      "final_mean_pairwise_similarity": 0.5446974039077759,
      "final_internal_similarity": 0.023682495822077213,
      "pruned_count": 0
    },
    {
      "chain_index": 8,
      "finish_reason": "stop",
      "extracted_answer": "8\\sqrt{10}",
      "prompt_tokens": 135,
      "completion_tokens": 9271,
      "completed_thought_count": 43,
      "final_mean_pairwise_similarity": 0.4372042417526245,
      "final_internal_similarity": 0.010167540505874989,
      "pruned_count": 0
    }
  ],
  "pruned_chain_details": [],
  "error_chain_details": []
}