{
  "iteration": 20,
  "question_id": "index_19",
  "status": "SUCCESS",
  "n_chains_start": 8,
  "n_chains_completed_stream_for_voting": 8,
  "n_chains_pruned": 0,
  "n_chains_error": 0,
  "similarity_threshold": 0.98,
  "num_steps_to_delay_pruning": 20,
  "correct_answer_reference": "\\frac{448}{3}",
  "individual_answers_final": [
    "630",
    "56",
    "574",
    "2H_{15}",
    "4\\left(H_{15} - 1\\right)",
    "1764",
    "294",
    "\\dfrac{2025}{2}"
  ],
  "voted_answer": "\\dfrac{2025}{2}",
  "final_score": 0,
  "processing_duration_sec": 1031.5421850681305,
  "total_analysis_intervals": 100,
  "avg_kv_cache_usage": 0.2613004798582498,
  "max_kv_cache_usage": 0.5381082495203767,
  "usage_aggregated": {
    "prompt_tokens": 198100,
    "total_completion_tokens_across_all_started_chains": 197576
  },
  "chains_for_voting_details": [
    {
      "chain_index": 1,
      "finish_reason": "stop",
      "extracted_answer": "630",
      "prompt_tokens": 171,
      "completion_tokens": 27251,
      "completed_thought_count": 114,
      "final_mean_pairwise_similarity": 0.4175480604171753,
      "final_internal_similarity": 0.003662702284361187,
      "pruned_count": 0
    },
    {
      "chain_index": 2,
      "finish_reason": "stop",
      "extracted_answer": "56",
      "prompt_tokens": 171,
      "completion_tokens": 18497,
      "completed_thought_count": 131,
      "final_mean_pairwise_similarity": 0.46843376755714417,
      "final_internal_similarity": 0.003575830286695757,
      "pruned_count": 0
    },
    {
      "chain_index": 3,
      "finish_reason": "stop",
      "extracted_answer": "574",
      "prompt_tokens": 171,
      "completion_tokens": 23654,
      "completed_thought_count": 120,
      "final_mean_pairwise_similarity": 0.45253291726112366,
      "final_internal_similarity": 0.003771107643842697,
      "pruned_count": 0
    },
    {
      "chain_index": 4,
      "finish_reason": "stop",
      "extracted_answer": "2H_{15}",
      "prompt_tokens": 171,
      "completion_tokens": 36258,
      "completed_thought_count": 125,
      "final_mean_pairwise_similarity": 0.3928397595882416,
      "final_internal_similarity": 0.0031427180767059325,
      "pruned_count": 0
    },
    {
      "chain_index": 5,
      "finish_reason": "stop",
      "extracted_answer": "4\\left(H_{15} - 1\\right)",
      "prompt_tokens": 171,
      "completion_tokens": 29723,
      "completed_thought_count": 116,
      "final_mean_pairwise_similarity": 0.41581490635871887,
      "final_internal_similarity": 0.0035846112617130936,
      "pruned_count": 0
    },
    {
      "chain_index": 6,
      "finish_reason": "stop",
      "extracted_answer": "1764",
      "prompt_tokens": 171,
      "completion_tokens": 20455,
      "completed_thought_count": 109,
      "final_mean_pairwise_similarity": 0.3847302794456482,
      "final_internal_similarity": 0.003529635591244479,
      "pruned_count": 0
    },
    {
      "chain_index": 7,
      "finish_reason": "stop",
      "extracted_answer": "294",
      "prompt_tokens": 171,
      "completion_tokens": 18327,
      "completed_thought_count": 114,
      "final_mean_pairwise_similarity": 0.41942623257637024,
      "final_internal_similarity": 0.0036791774787400897,
      "pruned_count": 0
    },
    {
      "chain_index": 8,
      "finish_reason": "stop",
      "extracted_answer": "\\dfrac{2025}{2}",
      "prompt_tokens": 171,
      "completion_tokens": 23411,
      "completed_thought_count": 118,
      "final_mean_pairwise_similarity": 0.3895852267742157,
      "final_internal_similarity": 0.0033015697184255568,
      "pruned_count": 0
    }
  ],
  "pruned_chain_details": [],
  "error_chain_details": [],
  "llm_tie_break_performed": true,
  "llm_tie_break_prompt_tokens": 197929,
  "llm_tie_break_completion_tokens": 0,
  "llm_tie_break_response_text": ""
}