{
  "iteration": 28,
  "question_id": "index_27",
  "status": "SUCCESS",
  "n_chains_start": 8,
  "n_chains_completed_stream_for_voting": 2,
  "n_chains_pruned": 6,
  "n_chains_error": 0,
  "similarity_threshold": 0.98,
  "num_steps_to_delay_pruning": 20,
  "correct_answer_reference": "\\sqrt{6}",
  "individual_answers_final": [
    "\\sqrt{6}",
    "\\sqrt{6}"
  ],
  "voted_answer": "\\sqrt{6}",
  "final_score": 1,
  "processing_duration_sec": 402.4898040294647,
  "total_analysis_intervals": 100,
  "avg_kv_cache_usage": 0.10846783259078634,
  "max_kv_cache_usage": 0.2502180105807802,
  "usage_aggregated": {
    "prompt_tokens": 165,
    "total_completion_tokens_across_all_started_chains": 81344
  },
  "chains_for_voting_details": [
    {
      "chain_index": 1,
      "finish_reason": "stop",
      "extracted_answer": "\\sqrt{6}",
      "prompt_tokens": 165,
      "completion_tokens": 14889,
      "completed_thought_count": 46,
      "final_mean_pairwise_similarity": 0.39284059405326843,
      "final_internal_similarity": 0.008540012914201488,
      "pruned_count": 1
    },
    {
      "chain_index": 8,
      "finish_reason": "stop",
      "extracted_answer": "\\sqrt{6}",
      "prompt_tokens": 165,
      "completion_tokens": 11994,
      "completed_thought_count": 63,
      "final_mean_pairwise_similarity": 0.34952428936958313,
      "final_internal_similarity": 0.0055480045931679866,
      "pruned_count": 5
    }
  ],
  "pruned_chain_details": [
    {
      "chain_index": 2,
      "finish_reason": "stop",
      "completion_tokens": 8436,
      "completed_thought_count": 36,
      "full_text_len": 21741,
      "pruned_at_step": 81,
      "pruned_by_chain_id": "q28_c7",
      "initial_pruned_count": 0
    },
    {
      "chain_index": 3,
      "finish_reason": "stop",
      "completion_tokens": 8869,
      "completed_thought_count": 35,
      "full_text_len": 23298,
      "pruned_at_step": 80,
      "pruned_by_chain_id": "q28_c7",
      "initial_pruned_count": 0
    },
    {
      "chain_index": 4,
      "finish_reason": "worker_terminated_unexpectedly",
      "completion_tokens": 9064,
      "completed_thought_count": 34,
      "full_text_len": 22079,
      "pruned_at_step": 74,
      "pruned_by_chain_id": "q28_c6",
      "initial_pruned_count": 0
    },
    {
      "chain_index": 5,
      "finish_reason": "worker_terminated_unexpectedly",
      "completion_tokens": 9267,
      "completed_thought_count": 49,
      "full_text_len": 24690,
      "pruned_at_step": 78,
      "pruned_by_chain_id": "q28_c1",
      "initial_pruned_count": 0
    },
    {
      "chain_index": 6,
      "finish_reason": "worker_terminated_unexpectedly",
      "completion_tokens": 9166,
      "completed_thought_count": 50,
      "full_text_len": 25064,
      "pruned_at_step": 76,
      "pruned_by_chain_id": "q28_c7",
      "initial_pruned_count": 1
    },
    {
      "chain_index": 7,
      "finish_reason": "worker_terminated_unexpectedly",
      "completion_tokens": 9659,
      "completed_thought_count": 44,
      "full_text_len": 25434,
      "pruned_at_step": 83,
      "pruned_by_chain_id": "q28_c8",
      "initial_pruned_count": 4
    }
  ],
  "error_chain_details": []
}