{
  "iteration": 4,
  "question_id": "index_3",
  "status": "SUCCESS",
  "n_chains_start": 8,
  "n_chains_completed_stream_for_voting": 8,
  "n_chains_pruned": 0,
  "n_chains_error": 0,
  "similarity_threshold": 0.98,
  "num_steps_to_delay_pruning": 20,
  "correct_answer_reference": "-984",
  "individual_answers_final": [
    "-984",
    "-984",
    "-985",
    "-970",
    "-984",
    "-984",
    "-984",
    "-982"
  ],
  "voted_answer": "-984",
  "final_score": 1,
  "processing_duration_sec": 791.7320821285248,
  "total_analysis_intervals": 100,
  "avg_kv_cache_usage": 0.1403734677994345,
  "max_kv_cache_usage": 0.3144003255624673,
  "usage_aggregated": {
    "prompt_tokens": 123,
    "total_completion_tokens_across_all_started_chains": 124797
  },
  "chains_for_voting_details": [
    {
      "chain_index": 1,
      "finish_reason": "stop",
      "extracted_answer": "-984",
      "prompt_tokens": 123,
      "completion_tokens": 11146,
      "completed_thought_count": 47,
      "final_mean_pairwise_similarity": 0.5152453780174255,
      "final_internal_similarity": 0.010962667617392032,
      "pruned_count": 0
    },
    {
      "chain_index": 2,
      "finish_reason": "stop",
      "extracted_answer": "-984",
      "prompt_tokens": 123,
      "completion_tokens": 15144,
      "completed_thought_count": 64,
      "final_mean_pairwise_similarity": 0.43101418018341064,
      "final_internal_similarity": 0.006734596565365791,
      "pruned_count": 0
    },
    {
      "chain_index": 3,
      "finish_reason": "stop",
      "extracted_answer": "-985",
      "prompt_tokens": 123,
      "completion_tokens": 17828,
      "completed_thought_count": 82,
      "final_mean_pairwise_similarity": 0.47978249192237854,
      "final_internal_similarity": 0.005851005999053397,
      "pruned_count": 0
    },
    {
      "chain_index": 4,
      "finish_reason": "stop",
      "extracted_answer": "-970",
      "prompt_tokens": 123,
      "completion_tokens": 28748,
      "completed_thought_count": 70,
      "final_mean_pairwise_similarity": 0.5047073364257812,
      "final_internal_similarity": 0.007210104806082589,
      "pruned_count": 0
    },
    {
      "chain_index": 5,
      "finish_reason": "stop",
      "extracted_answer": "-984",
      "prompt_tokens": 123,
      "completion_tokens": 15981,
      "completed_thought_count": 62,
      "final_mean_pairwise_similarity": 0.4997139573097229,
      "final_internal_similarity": 0.008059902537253595,
      "pruned_count": 0
    },
    {
      "chain_index": 6,
      "finish_reason": "stop",
      "extracted_answer": "-984",
      "prompt_tokens": 123,
      "completion_tokens": 11563,
      "completed_thought_count": 56,
      "final_mean_pairwise_similarity": 0.5210087895393372,
      "final_internal_similarity": 0.00930372838463102,
      "pruned_count": 0
    },
    {
      "chain_index": 7,
      "finish_reason": "stop",
      "extracted_answer": "-984",
      "prompt_tokens": 123,
      "completion_tokens": 13703,
      "completed_thought_count": 66,
      "final_mean_pairwise_similarity": 0.4886368215084076,
      "final_internal_similarity": 0.007403588204672842,
      "pruned_count": 0
    },
    {
      "chain_index": 8,
      "finish_reason": "stop",
      "extracted_answer": "-982",
      "prompt_tokens": 123,
      "completion_tokens": 10684,
      "completed_thought_count": 54,
      "final_mean_pairwise_similarity": 0.4913032650947571,
      "final_internal_similarity": 0.009098208612865873,
      "pruned_count": 0
    }
  ],
  "pruned_chain_details": [],
  "error_chain_details": []
}