{
  "iteration": 5,
  "question_id": "index_4",
  "status": "SUCCESS",
  "n_chains_start": 8,
  "n_chains_completed_stream_for_voting": 8,
  "n_chains_pruned": 0,
  "n_chains_error": 0,
  "similarity_threshold": 0.98,
  "num_steps_to_delay_pruning": 20,
  "correct_answer_reference": "890",
  "individual_answers_final": [
    "890",
    "890",
    "890",
    "890",
    "890",
    "890",
    "890",
    "890"
  ],
  "voted_answer": "890",
  "final_score": 1,
  "processing_duration_sec": 192.04087567329407,
  "total_analysis_intervals": 58,
  "avg_kv_cache_usage": 0.0926967442348629,
  "max_kv_cache_usage": 0.1651066798441951,
  "usage_aggregated": {
    "prompt_tokens": 143,
    "total_completion_tokens_across_all_started_chains": 57930
  },
  "chains_for_voting_details": [
    {
      "chain_index": 1,
      "finish_reason": "stop",
      "extracted_answer": "890",
      "prompt_tokens": 143,
      "completion_tokens": 5525,
      "completed_thought_count": 25,
      "final_mean_pairwise_similarity": 0.517211377620697,
      "final_internal_similarity": 0.02068845510482788,
      "pruned_count": 0
    },
    {
      "chain_index": 2,
      "finish_reason": "stop",
      "extracted_answer": "890",
      "prompt_tokens": 143,
      "completion_tokens": 7082,
      "completed_thought_count": 51,
      "final_mean_pairwise_similarity": 0.45085811614990234,
      "final_internal_similarity": 0.008840355218625535,
      "pruned_count": 0
    },
    {
      "chain_index": 3,
      "finish_reason": "stop",
      "extracted_answer": "890",
      "prompt_tokens": 143,
      "completion_tokens": 8733,
      "completed_thought_count": 53,
      "final_mean_pairwise_similarity": 0.46960240602493286,
      "final_internal_similarity": 0.008860422755187412,
      "pruned_count": 0
    },
    {
      "chain_index": 4,
      "finish_reason": "stop",
      "extracted_answer": "890",
      "prompt_tokens": 143,
      "completion_tokens": 6088,
      "completed_thought_count": 35,
      "final_mean_pairwise_similarity": 0.4987417161464691,
      "final_internal_similarity": 0.014249763318470545,
      "pruned_count": 0
    },
    {
      "chain_index": 5,
      "finish_reason": "stop",
      "extracted_answer": "890",
      "prompt_tokens": 143,
      "completion_tokens": 6693,
      "completed_thought_count": 43,
      "final_mean_pairwise_similarity": 0.4350387156009674,
      "final_internal_similarity": 0.010117179432580637,
      "pruned_count": 0
    },
    {
      "chain_index": 6,
      "finish_reason": "stop",
      "extracted_answer": "890",
      "prompt_tokens": 143,
      "completion_tokens": 8067,
      "completed_thought_count": 56,
      "final_mean_pairwise_similarity": 0.4451357424259186,
      "final_internal_similarity": 0.007948852543319975,
      "pruned_count": 0
    },
    {
      "chain_index": 7,
      "finish_reason": "stop",
      "extracted_answer": "890",
      "prompt_tokens": 143,
      "completion_tokens": 8329,
      "completed_thought_count": 55,
      "final_mean_pairwise_similarity": 0.4701801538467407,
      "final_internal_similarity": 0.00854873006994074,
      "pruned_count": 0
    },
    {
      "chain_index": 8,
      "finish_reason": "stop",
      "extracted_answer": "890",
      "prompt_tokens": 143,
      "completion_tokens": 7413,
      "completed_thought_count": 43,
      "final_mean_pairwise_similarity": 0.5041601657867432,
      "final_internal_similarity": 0.011724655018296353,
      "pruned_count": 0
    }
  ],
  "pruned_chain_details": [],
  "error_chain_details": []
}