{
  "iteration": 13,
  "question_id": "index_12",
  "status": "SUCCESS",
  "n_chains_start": 8,
  "n_chains_completed_stream_for_voting": 1,
  "n_chains_pruned": 7,
  "n_chains_error": 0,
  "similarity_threshold": 0.92,
  "num_steps_to_delay_pruning": 20,
  "correct_answer_reference": "105",
  "individual_answers_final": [
    "1"
  ],
  "voted_answer": "1",
  "final_score": 0,
  "processing_duration_sec": 231.87646389007568,
  "total_analysis_intervals": 30,
  "avg_kv_cache_usage": 0.051475430372524895,
  "max_kv_cache_usage": 0.1434655906747366,
  "usage_aggregated": {
    "prompt_tokens": 149,
    "total_completion_tokens_across_all_started_chains": 39211
  },
  "chains_for_voting_details": [
    {
      "chain_index": 1,
      "finish_reason": "stop",
      "extracted_answer": "1",
      "prompt_tokens": 149,
      "completion_tokens": 11772,
      "completed_thought_count": 48,
      "final_mean_pairwise_similarity": 0.4506285786628723,
      "final_internal_similarity": 0.00938809538880984,
      "pruned_count": 7
    }
  ],
  "pruned_chain_details": [
    {
      "chain_index": 2,
      "finish_reason": "worker_terminated_unexpectedly",
      "completion_tokens": 4564,
      "completed_thought_count": 41,
      "full_text_len": 16304,
      "pruned_at_step": 29,
      "pruned_by_chain_id": "q13_c1",
      "initial_pruned_count": 0
    },
    {
      "chain_index": 3,
      "finish_reason": "worker_terminated_unexpectedly",
      "completion_tokens": 3841,
      "completed_thought_count": 38,
      "full_text_len": 14013,
      "pruned_at_step": 24,
      "pruned_by_chain_id": "q13_c8",
      "initial_pruned_count": 0
    },
    {
      "chain_index": 4,
      "finish_reason": "worker_terminated_unexpectedly",
      "completion_tokens": 3841,
      "completed_thought_count": 39,
      "full_text_len": 15840,
      "pruned_at_step": 24,
      "pruned_by_chain_id": "q13_c8",
      "initial_pruned_count": 0
    },
    {
      "chain_index": 5,
      "finish_reason": "worker_terminated_unexpectedly",
      "completion_tokens": 3841,
      "completed_thought_count": 35,
      "full_text_len": 13687,
      "pruned_at_step": 24,
      "pruned_by_chain_id": "q13_c8",
      "initial_pruned_count": 0
    },
    {
      "chain_index": 6,
      "finish_reason": "worker_terminated_unexpectedly",
      "completion_tokens": 3841,
      "completed_thought_count": 28,
      "full_text_len": 14413,
      "pruned_at_step": 24,
      "pruned_by_chain_id": "q13_c1",
      "initial_pruned_count": 1
    },
    {
      "chain_index": 7,
      "finish_reason": "worker_terminated_unexpectedly",
      "completion_tokens": 3670,
      "completed_thought_count": 29,
      "full_text_len": 14627,
      "pruned_at_step": 22,
      "pruned_by_chain_id": "q13_c6",
      "initial_pruned_count": 0
    },
    {
      "chain_index": 8,
      "finish_reason": "worker_terminated_unexpectedly",
      "completion_tokens": 3841,
      "completed_thought_count": 39,
      "full_text_len": 14087,
      "pruned_at_step": 24,
      "pruned_by_chain_id": "q13_c1",
      "initial_pruned_count": 3
    }
  ],
  "error_chain_details": []
}