{
  "iteration": 5,
  "question_id": "index_4",
  "status": "SUCCESS",
  "n_chains_start": 8,
  "n_chains_completed_stream_for_voting": 6,
  "n_chains_pruned": 2,
  "n_chains_error": 0,
  "similarity_threshold": 0.92,
  "num_steps_to_delay_pruning": 20,
  "correct_answer_reference": "890",
  "individual_answers_final": [
    "890",
    "890",
    "9000",
    "890",
    "890",
    "9000"
  ],
  "voted_answer": "890",
  "final_score": 1,
  "processing_duration_sec": 117.17773795127869,
  "total_analysis_intervals": 37,
  "avg_kv_cache_usage": 0.08069207298770883,
  "max_kv_cache_usage": 0.1349473212284241,
  "usage_aggregated": {
    "prompt_tokens": 138,
    "total_completion_tokens_across_all_started_chains": 40285
  },
  "chains_for_voting_details": [
    {
      "chain_index": 1,
      "finish_reason": "stop",
      "extracted_answer": "890",
      "prompt_tokens": 138,
      "completion_tokens": 5156,
      "completed_thought_count": 21,
      "final_mean_pairwise_similarity": 0.5195595622062683,
      "final_internal_similarity": 0.024740931533631823,
      "pruned_count": 0
    },
    {
      "chain_index": 3,
      "finish_reason": "stop",
      "extracted_answer": "890",
      "prompt_tokens": 138,
      "completion_tokens": 6408,
      "completed_thought_count": 33,
      "final_mean_pairwise_similarity": 0.5296103954315186,
      "final_internal_similarity": 0.01604879986156117,
      "pruned_count": 0
    },
    {
      "chain_index": 4,
      "finish_reason": "stop",
      "extracted_answer": "9000",
      "prompt_tokens": 138,
      "completion_tokens": 3984,
      "completed_thought_count": 16,
      "final_mean_pairwise_similarity": 0.5587879419326782,
      "final_internal_similarity": 0.03492424637079239,
      "pruned_count": 0
    },
    {
      "chain_index": 6,
      "finish_reason": "stop",
      "extracted_answer": "890",
      "prompt_tokens": 138,
      "completion_tokens": 4561,
      "completed_thought_count": 18,
      "final_mean_pairwise_similarity": 0.5126663446426392,
      "final_internal_similarity": 0.028481463591257732,
      "pruned_count": 0
    },
    {
      "chain_index": 7,
      "finish_reason": "stop",
      "extracted_answer": "890",
      "prompt_tokens": 138,
      "completion_tokens": 5913,
      "completed_thought_count": 45,
      "final_mean_pairwise_similarity": 0.43087732791900635,
      "final_internal_similarity": 0.009575051731533474,
      "pruned_count": 2
    },
    {
      "chain_index": 8,
      "finish_reason": "stop",
      "extracted_answer": "9000",
      "prompt_tokens": 138,
      "completion_tokens": 3448,
      "completed_thought_count": 13,
      "final_mean_pairwise_similarity": 0.4979803264141083,
      "final_internal_similarity": 0.03830617895493141,
      "pruned_count": 0
    }
  ],
  "pruned_chain_details": [
    {
      "chain_index": 2,
      "finish_reason": "worker_terminated_unexpectedly",
      "completion_tokens": 5493,
      "completed_thought_count": 29,
      "full_text_len": 14762,
      "pruned_at_step": 36,
      "pruned_by_chain_id": "q5_c7",
      "initial_pruned_count": 1
    },
    {
      "chain_index": 5,
      "finish_reason": "worker_terminated_unexpectedly",
      "completion_tokens": 5322,
      "completed_thought_count": 31,
      "full_text_len": 14500,
      "pruned_at_step": 34,
      "pruned_by_chain_id": "q5_c2",
      "initial_pruned_count": 0
    }
  ],
  "error_chain_details": []
}