{
  "iteration": 20,
  "question_id": "index_19",
  "status": "SUCCESS",
  "n_chains_start": 8,
  "n_chains_completed_stream_for_voting": 1,
  "n_chains_pruned": 7,
  "n_chains_error": 0,
  "similarity_threshold": 0.92,
  "num_steps_to_delay_pruning": 20,
  "correct_answer_reference": "\\frac{448}{3}",
  "individual_answers_final": [
    "945"
  ],
  "voted_answer": "945",
  "final_score": 0,
  "processing_duration_sec": 273.2704882621765,
  "total_analysis_intervals": 34,
  "avg_kv_cache_usage": 0.0509767358055937,
  "max_kv_cache_usage": 0.1321078980796532,
  "usage_aggregated": {
    "prompt_tokens": 166,
    "total_completion_tokens_across_all_started_chains": 39506
  },
  "chains_for_voting_details": [
    {
      "chain_index": 8,
      "finish_reason": "stop",
      "extracted_answer": "945",
      "prompt_tokens": 166,
      "completion_tokens": 13326,
      "completed_thought_count": 42,
      "final_mean_pairwise_similarity": 0.45750004053115845,
      "final_internal_similarity": 0.010892858107884726,
      "pruned_count": 7
    }
  ],
  "pruned_chain_details": [
    {
      "chain_index": 1,
      "finish_reason": "worker_terminated_unexpectedly",
      "completion_tokens": 3988,
      "completed_thought_count": 33,
      "full_text_len": 15033,
      "pruned_at_step": 28,
      "pruned_by_chain_id": "q20_c2",
      "initial_pruned_count": 0
    },
    {
      "chain_index": 2,
      "finish_reason": "worker_terminated_unexpectedly",
      "completion_tokens": 4702,
      "completed_thought_count": 50,
      "full_text_len": 19673,
      "pruned_at_step": 33,
      "pruned_by_chain_id": "q20_c8",
      "initial_pruned_count": 2
    },
    {
      "chain_index": 3,
      "finish_reason": "worker_terminated_unexpectedly",
      "completion_tokens": 3497,
      "completed_thought_count": 30,
      "full_text_len": 14506,
      "pruned_at_step": 23,
      "pruned_by_chain_id": "q20_c2",
      "initial_pruned_count": 0
    },
    {
      "chain_index": 4,
      "finish_reason": "worker_terminated_unexpectedly",
      "completion_tokens": 3345,
      "completed_thought_count": 33,
      "full_text_len": 12941,
      "pruned_at_step": 21,
      "pruned_by_chain_id": "q20_c7",
      "initial_pruned_count": 0
    },
    {
      "chain_index": 5,
      "finish_reason": "worker_terminated_unexpectedly",
      "completion_tokens": 3654,
      "completed_thought_count": 35,
      "full_text_len": 14984,
      "pruned_at_step": 25,
      "pruned_by_chain_id": "q20_c8",
      "initial_pruned_count": 2
    },
    {
      "chain_index": 6,
      "finish_reason": "worker_terminated_unexpectedly",
      "completion_tokens": 3497,
      "completed_thought_count": 29,
      "full_text_len": 13589,
      "pruned_at_step": 23,
      "pruned_by_chain_id": "q20_c8",
      "initial_pruned_count": 0
    },
    {
      "chain_index": 7,
      "finish_reason": "worker_terminated_unexpectedly",
      "completion_tokens": 3497,
      "completed_thought_count": 40,
      "full_text_len": 15740,
      "pruned_at_step": 23,
      "pruned_by_chain_id": "q20_c5",
      "initial_pruned_count": 1
    }
  ],
  "error_chain_details": []
}