{
  "iteration": 30,
  "question_id": "index_29",
  "status": "SUCCESS",
  "n_chains_start": 8,
  "n_chains_completed_stream_for_voting": 1,
  "n_chains_pruned": 7,
  "n_chains_error": 0,
  "similarity_threshold": 0.92,
  "num_steps_to_delay_pruning": 20,
  "correct_answer_reference": "\\sqrt{\\frac{95}{24}}",
  "individual_answers_final": [
    "30"
  ],
  "voted_answer": "30",
  "final_score": 0,
  "processing_duration_sec": 391.03614497184753,
  "total_analysis_intervals": 29,
  "avg_kv_cache_usage": 0.05821424018133459,
  "max_kv_cache_usage": 0.1374878577299558,
  "usage_aggregated": {
    "prompt_tokens": 115,
    "total_completion_tokens_across_all_started_chains": 45527
  },
  "chains_for_voting_details": [
    {
      "chain_index": 7,
      "finish_reason": "stop",
      "extracted_answer": "30",
      "prompt_tokens": 115,
      "completion_tokens": 19007,
      "completed_thought_count": 45,
      "final_mean_pairwise_similarity": 0.5416564345359802,
      "final_internal_similarity": 0.012036809656355117,
      "pruned_count": 7
    }
  ],
  "pruned_chain_details": [
    {
      "chain_index": 1,
      "finish_reason": "worker_terminated_unexpectedly",
      "completion_tokens": 3710,
      "completed_thought_count": 36,
      "full_text_len": 14927,
      "pruned_at_step": 23,
      "pruned_by_chain_id": "q30_c2",
      "initial_pruned_count": 0
    },
    {
      "chain_index": 2,
      "finish_reason": "worker_terminated_unexpectedly",
      "completion_tokens": 3709,
      "completed_thought_count": 41,
      "full_text_len": 14689,
      "pruned_at_step": 23,
      "pruned_by_chain_id": "q30_c3",
      "initial_pruned_count": 1
    },
    {
      "chain_index": 3,
      "finish_reason": "worker_terminated_unexpectedly",
      "completion_tokens": 3894,
      "completed_thought_count": 42,
      "full_text_len": 14346,
      "pruned_at_step": 25,
      "pruned_by_chain_id": "q30_c4",
      "initial_pruned_count": 2
    },
    {
      "chain_index": 4,
      "finish_reason": "worker_terminated_unexpectedly",
      "completion_tokens": 4252,
      "completed_thought_count": 39,
      "full_text_len": 15754,
      "pruned_at_step": 28,
      "pruned_by_chain_id": "q30_c7",
      "initial_pruned_count": 4
    },
    {
      "chain_index": 5,
      "finish_reason": "worker_terminated_unexpectedly",
      "completion_tokens": 3709,
      "completed_thought_count": 38,
      "full_text_len": 14243,
      "pruned_at_step": 23,
      "pruned_by_chain_id": "q30_c4",
      "initial_pruned_count": 0
    },
    {
      "chain_index": 6,
      "finish_reason": "worker_terminated_unexpectedly",
      "completion_tokens": 3537,
      "completed_thought_count": 49,
      "full_text_len": 13308,
      "pruned_at_step": 21,
      "pruned_by_chain_id": "q30_c8",
      "initial_pruned_count": 0
    },
    {
      "chain_index": 8,
      "finish_reason": "worker_terminated_unexpectedly",
      "completion_tokens": 3709,
      "completed_thought_count": 38,
      "full_text_len": 13565,
      "pruned_at_step": 23,
      "pruned_by_chain_id": "q30_c7",
      "initial_pruned_count": 1
    }
  ],
  "error_chain_details": []
}