{
  "iteration": 23,
  "question_id": "index_22",
  "status": "SUCCESS",
  "n_chains_start": 8,
  "n_chains_completed_stream_for_voting": 8,
  "n_chains_pruned": 0,
  "n_chains_error": 0,
  "similarity_threshold": 0.92,
  "num_steps_to_delay_pruning": 20,
  "correct_answer_reference": "8\\sqrt{10}",
  "individual_answers_final": [
    "8\\sqrt{10}",
    "8\\sqrt{10}",
    "8\\sqrt{10}",
    "8\\sqrt{10}",
    "8\\sqrt{10}",
    "8\\sqrt{10}",
    "8\\sqrt{10}",
    "8\\sqrt{10}"
  ],
  "voted_answer": "8\\sqrt{10}",
  "final_score": 1,
  "processing_duration_sec": 139.67337226867676,
  "total_analysis_intervals": 42,
  "avg_kv_cache_usage": 0.10488565157638821,
  "max_kv_cache_usage": 0.199656280355675,
  "usage_aggregated": {
    "prompt_tokens": 130,
    "total_completion_tokens_across_all_started_chains": 50474
  },
  "chains_for_voting_details": [
    {
      "chain_index": 1,
      "finish_reason": "stop",
      "extracted_answer": "8\\sqrt{10}",
      "prompt_tokens": 130,
      "completion_tokens": 6890,
      "completed_thought_count": 15,
      "final_mean_pairwise_similarity": 0.4717589020729065,
      "final_internal_similarity": 0.0314505934715271,
      "pruned_count": 0
    },
    {
      "chain_index": 2,
      "finish_reason": "stop",
      "extracted_answer": "8\\sqrt{10}",
      "prompt_tokens": 130,
      "completion_tokens": 5976,
      "completed_thought_count": 13,
      "final_mean_pairwise_similarity": 0.5894101858139038,
      "final_internal_similarity": 0.04533924506260799,
      "pruned_count": 0
    },
    {
      "chain_index": 3,
      "finish_reason": "stop",
      "extracted_answer": "8\\sqrt{10}",
      "prompt_tokens": 130,
      "completion_tokens": 6197,
      "completed_thought_count": 10,
      "final_mean_pairwise_similarity": 0.5453341007232666,
      "final_internal_similarity": 0.05453341007232666,
      "pruned_count": 0
    },
    {
      "chain_index": 4,
      "finish_reason": "stop",
      "extracted_answer": "8\\sqrt{10}",
      "prompt_tokens": 130,
      "completion_tokens": 7477,
      "completed_thought_count": 13,
      "final_mean_pairwise_similarity": 0.42954567074775696,
      "final_internal_similarity": 0.03304197467290438,
      "pruned_count": 0
    },
    {
      "chain_index": 5,
      "finish_reason": "stop",
      "extracted_answer": "8\\sqrt{10}",
      "prompt_tokens": 130,
      "completion_tokens": 6580,
      "completed_thought_count": 28,
      "final_mean_pairwise_similarity": 0.4941878616809845,
      "final_internal_similarity": 0.017649566488606588,
      "pruned_count": 0
    },
    {
      "chain_index": 6,
      "finish_reason": "stop",
      "extracted_answer": "8\\sqrt{10}",
      "prompt_tokens": 130,
      "completion_tokens": 5202,
      "completed_thought_count": 17,
      "final_mean_pairwise_similarity": 0.4579887390136719,
      "final_internal_similarity": 0.026940514059627756,
      "pruned_count": 0
    },
    {
      "chain_index": 7,
      "finish_reason": "stop",
      "extracted_answer": "8\\sqrt{10}",
      "prompt_tokens": 130,
      "completion_tokens": 6512,
      "completed_thought_count": 22,
      "final_mean_pairwise_similarity": 0.5061731934547424,
      "final_internal_similarity": 0.02300787242976102,
      "pruned_count": 0
    },
    {
      "chain_index": 8,
      "finish_reason": "stop",
      "extracted_answer": "8\\sqrt{10}",
      "prompt_tokens": 130,
      "completion_tokens": 5640,
      "completed_thought_count": 21,
      "final_mean_pairwise_similarity": 0.4923953413963318,
      "final_internal_similarity": 0.023447397209349134,
      "pruned_count": 0
    }
  ],
  "pruned_chain_details": [],
  "error_chain_details": []
}