{
  "iteration": 18,
  "question_id": "index_17",
  "status": "SUCCESS",
  "n_chains_start": 8,
  "n_chains_completed_stream_for_voting": 1,
  "n_chains_pruned": 7,
  "n_chains_error": 0,
  "similarity_threshold": 0.92,
  "num_steps_to_delay_pruning": 20,
  "correct_answer_reference": "\\frac{2025}{101}",
  "individual_answers_final": [
    "3"
  ],
  "voted_answer": "3",
  "final_score": 0,
  "processing_duration_sec": 221.67040300369263,
  "total_analysis_intervals": 33,
  "avg_kv_cache_usage": 0.05595265694719852,
  "max_kv_cache_usage": 0.1554210565642979,
  "usage_aggregated": {
    "prompt_tokens": 217,
    "total_completion_tokens_across_all_started_chains": 40522
  },
  "chains_for_voting_details": [
    {
      "chain_index": 7,
      "finish_reason": "stop",
      "extracted_answer": "3",
      "prompt_tokens": 217,
      "completion_tokens": 11104,
      "completed_thought_count": 57,
      "final_mean_pairwise_similarity": 0.45864060521125793,
      "final_internal_similarity": 0.008046326407215051,
      "pruned_count": 7
    }
  ],
  "pruned_chain_details": [
    {
      "chain_index": 1,
      "finish_reason": "worker_terminated_unexpectedly",
      "completion_tokens": 4252,
      "completed_thought_count": 37,
      "full_text_len": 16567,
      "pruned_at_step": 28,
      "pruned_by_chain_id": "q18_c4",
      "initial_pruned_count": 1
    },
    {
      "chain_index": 2,
      "finish_reason": "worker_terminated_unexpectedly",
      "completion_tokens": 4077,
      "completed_thought_count": 46,
      "full_text_len": 17992,
      "pruned_at_step": 26,
      "pruned_by_chain_id": "q18_c1",
      "initial_pruned_count": 0
    },
    {
      "chain_index": 3,
      "finish_reason": "worker_terminated_unexpectedly",
      "completion_tokens": 4251,
      "completed_thought_count": 41,
      "full_text_len": 13948,
      "pruned_at_step": 28,
      "pruned_by_chain_id": "q18_c7",
      "initial_pruned_count": 0
    },
    {
      "chain_index": 4,
      "finish_reason": "worker_terminated_unexpectedly",
      "completion_tokens": 4764,
      "completed_thought_count": 60,
      "full_text_len": 18789,
      "pruned_at_step": 32,
      "pruned_by_chain_id": "q18_c7",
      "initial_pruned_count": 4
    },
    {
      "chain_index": 5,
      "finish_reason": "worker_terminated_unexpectedly",
      "completion_tokens": 4077,
      "completed_thought_count": 42,
      "full_text_len": 15583,
      "pruned_at_step": 26,
      "pruned_by_chain_id": "q18_c4",
      "initial_pruned_count": 0
    },
    {
      "chain_index": 6,
      "finish_reason": "worker_terminated_unexpectedly",
      "completion_tokens": 4077,
      "completed_thought_count": 46,
      "full_text_len": 17784,
      "pruned_at_step": 26,
      "pruned_by_chain_id": "q18_c7",
      "initial_pruned_count": 0
    },
    {
      "chain_index": 8,
      "finish_reason": "worker_terminated_unexpectedly",
      "completion_tokens": 3920,
      "completed_thought_count": 37,
      "full_text_len": 13342,
      "pruned_at_step": 24,
      "pruned_by_chain_id": "q18_c4",
      "initial_pruned_count": 0
    }
  ],
  "error_chain_details": []
}