{
  "iteration": 16,
  "question_id": "index_15",
  "status": "SUCCESS",
  "n_chains_start": 8,
  "n_chains_completed_stream_for_voting": 1,
  "n_chains_pruned": 7,
  "n_chains_error": 0,
  "similarity_threshold": 0.92,
  "num_steps_to_delay_pruning": 20,
  "correct_answer_reference": "6300",
  "individual_answers_final": [
    "6525"
  ],
  "voted_answer": "6525",
  "final_score": 0,
  "processing_duration_sec": 194.19299864768982,
  "total_analysis_intervals": 29,
  "avg_kv_cache_usage": 0.049293513124067,
  "max_kv_cache_usage": 0.1368900844354779,
  "usage_aggregated": {
    "prompt_tokens": 114,
    "total_completion_tokens_across_all_started_chains": 36846
  },
  "chains_for_voting_details": [
    {
      "chain_index": 6,
      "finish_reason": "stop",
      "extracted_answer": "6525",
      "prompt_tokens": 114,
      "completion_tokens": 10215,
      "completed_thought_count": 39,
      "final_mean_pairwise_similarity": 0.5283462405204773,
      "final_internal_similarity": 0.01354733950052506,
      "pruned_count": 7
    }
  ],
  "pruned_chain_details": [
    {
      "chain_index": 1,
      "finish_reason": "worker_terminated_unexpectedly",
      "completion_tokens": 3701,
      "completed_thought_count": 41,
      "full_text_len": 14592,
      "pruned_at_step": 23,
      "pruned_by_chain_id": "q16_c4",
      "initial_pruned_count": 0
    },
    {
      "chain_index": 2,
      "finish_reason": "worker_terminated_unexpectedly",
      "completion_tokens": 3701,
      "completed_thought_count": 44,
      "full_text_len": 15662,
      "pruned_at_step": 23,
      "pruned_by_chain_id": "q16_c5",
      "initial_pruned_count": 0
    },
    {
      "chain_index": 3,
      "finish_reason": "worker_terminated_unexpectedly",
      "completion_tokens": 3532,
      "completed_thought_count": 44,
      "full_text_len": 14273,
      "pruned_at_step": 21,
      "pruned_by_chain_id": "q16_c7",
      "initial_pruned_count": 0
    },
    {
      "chain_index": 4,
      "finish_reason": "worker_terminated_unexpectedly",
      "completion_tokens": 3700,
      "completed_thought_count": 29,
      "full_text_len": 14742,
      "pruned_at_step": 23,
      "pruned_by_chain_id": "q16_c6",
      "initial_pruned_count": 1
    },
    {
      "chain_index": 5,
      "finish_reason": "worker_terminated_unexpectedly",
      "completion_tokens": 3700,
      "completed_thought_count": 33,
      "full_text_len": 14865,
      "pruned_at_step": 23,
      "pruned_by_chain_id": "q16_c7",
      "initial_pruned_count": 1
    },
    {
      "chain_index": 7,
      "finish_reason": "worker_terminated_unexpectedly",
      "completion_tokens": 4239,
      "completed_thought_count": 40,
      "full_text_len": 17920,
      "pruned_at_step": 28,
      "pruned_by_chain_id": "q16_c6",
      "initial_pruned_count": 3
    },
    {
      "chain_index": 8,
      "finish_reason": "worker_terminated_unexpectedly",
      "completion_tokens": 4058,
      "completed_thought_count": 31,
      "full_text_len": 15589,
      "pruned_at_step": 26,
      "pruned_by_chain_id": "q16_c6",
      "initial_pruned_count": 0
    }
  ],
  "error_chain_details": []
}