{
  "iteration": 24,
  "question_id": "index_23",
  "status": "SUCCESS",
  "n_chains_start": 8,
  "n_chains_completed_stream_for_voting": 1,
  "n_chains_pruned": 7,
  "n_chains_error": 0,
  "similarity_threshold": 0.92,
  "num_steps_to_delay_pruning": 20,
  "correct_answer_reference": "20",
  "individual_answers_final": [
    "25"
  ],
  "voted_answer": "25",
  "final_score": 0,
  "processing_duration_sec": 193.95788645744324,
  "total_analysis_intervals": 52,
  "avg_kv_cache_usage": 0.11134654000368054,
  "max_kv_cache_usage": 0.2480759172083987,
  "usage_aggregated": {
    "prompt_tokens": 677,
    "total_completion_tokens_across_all_started_chains": 54526
  },
  "chains_for_voting_details": [
    {
      "chain_index": 4,
      "finish_reason": "stop",
      "extracted_answer": "25",
      "prompt_tokens": 677,
      "completion_tokens": 9597,
      "completed_thought_count": 43,
      "final_mean_pairwise_similarity": 0.6328757405281067,
      "final_internal_similarity": 0.01471804047739783,
      "pruned_count": 7
    }
  ],
  "pruned_chain_details": [
    {
      "chain_index": 1,
      "finish_reason": "worker_terminated_unexpectedly",
      "completion_tokens": 6277,
      "completed_thought_count": 48,
      "full_text_len": 20032,
      "pruned_at_step": 42,
      "pruned_by_chain_id": "q24_c5",
      "initial_pruned_count": 0
    },
    {
      "chain_index": 2,
      "finish_reason": "worker_terminated_unexpectedly",
      "completion_tokens": 6936,
      "completed_thought_count": 35,
      "full_text_len": 19674,
      "pruned_at_step": 47,
      "pruned_by_chain_id": "q24_c4",
      "initial_pruned_count": 0
    },
    {
      "chain_index": 3,
      "finish_reason": "worker_terminated_unexpectedly",
      "completion_tokens": 5952,
      "completed_thought_count": 37,
      "full_text_len": 19528,
      "pruned_at_step": 38,
      "pruned_by_chain_id": "q24_c8",
      "initial_pruned_count": 0
    },
    {
      "chain_index": 5,
      "finish_reason": "worker_terminated_unexpectedly",
      "completion_tokens": 7450,
      "completed_thought_count": 45,
      "full_text_len": 21744,
      "pruned_at_step": 51,
      "pruned_by_chain_id": "q24_c4",
      "initial_pruned_count": 1
    },
    {
      "chain_index": 6,
      "finish_reason": "worker_terminated_unexpectedly",
      "completion_tokens": 6105,
      "completed_thought_count": 47,
      "full_text_len": 19391,
      "pruned_at_step": 40,
      "pruned_by_chain_id": "q24_c4",
      "initial_pruned_count": 0
    },
    {
      "chain_index": 7,
      "finish_reason": "worker_terminated_unexpectedly",
      "completion_tokens": 6105,
      "completed_thought_count": 38,
      "full_text_len": 18053,
      "pruned_at_step": 40,
      "pruned_by_chain_id": "q24_c4",
      "initial_pruned_count": 0
    },
    {
      "chain_index": 8,
      "finish_reason": "worker_terminated_unexpectedly",
      "completion_tokens": 6104,
      "completed_thought_count": 38,
      "full_text_len": 16694,
      "pruned_at_step": 40,
      "pruned_by_chain_id": "q24_c4",
      "initial_pruned_count": 1
    }
  ],
  "error_chain_details": []
}