{
  "iteration": 28,
  "question_id": "index_27",
  "status": "SUCCESS",
  "n_chains_start": 8,
  "n_chains_completed_stream_for_voting": 1,
  "n_chains_pruned": 7,
  "n_chains_error": 0,
  "similarity_threshold": 0.92,
  "num_steps_to_delay_pruning": 20,
  "correct_answer_reference": "\\sqrt{6}",
  "individual_answers_final": [
    "\\sqrt{6}"
  ],
  "voted_answer": "\\sqrt{6}",
  "final_score": 1,
  "processing_duration_sec": 224.70991826057434,
  "total_analysis_intervals": 47,
  "avg_kv_cache_usage": 0.060417749622363556,
  "max_kv_cache_usage": 0.1470522304416049,
  "usage_aggregated": {
    "prompt_tokens": 160,
    "total_completion_tokens_across_all_started_chains": 43118
  },
  "chains_for_voting_details": [
    {
      "chain_index": 8,
      "finish_reason": "stop",
      "extracted_answer": "\\sqrt{6}",
      "prompt_tokens": 160,
      "completion_tokens": 11463,
      "completed_thought_count": 40,
      "final_mean_pairwise_similarity": 0.3751221001148224,
      "final_internal_similarity": 0.009378052502870559,
      "pruned_count": 7
    }
  ],
  "pruned_chain_details": [
    {
      "chain_index": 1,
      "finish_reason": "worker_terminated_unexpectedly",
      "completion_tokens": 4442,
      "completed_thought_count": 19,
      "full_text_len": 11219,
      "pruned_at_step": 30,
      "pruned_by_chain_id": "q28_c4",
      "initial_pruned_count": 0
    },
    {
      "chain_index": 2,
      "finish_reason": "worker_terminated_unexpectedly",
      "completion_tokens": 3757,
      "completed_thought_count": 24,
      "full_text_len": 12136,
      "pruned_at_step": 23,
      "pruned_by_chain_id": "q28_c6",
      "initial_pruned_count": 0
    },
    {
      "chain_index": 3,
      "finish_reason": "worker_terminated_unexpectedly",
      "completion_tokens": 6888,
      "completed_thought_count": 23,
      "full_text_len": 16782,
      "pruned_at_step": 46,
      "pruned_by_chain_id": "q28_c8",
      "initial_pruned_count": 0
    },
    {
      "chain_index": 4,
      "finish_reason": "worker_terminated_unexpectedly",
      "completion_tokens": 4614,
      "completed_thought_count": 30,
      "full_text_len": 14787,
      "pruned_at_step": 32,
      "pruned_by_chain_id": "q28_c8",
      "initial_pruned_count": 3
    },
    {
      "chain_index": 5,
      "finish_reason": "worker_terminated_unexpectedly",
      "completion_tokens": 3927,
      "completed_thought_count": 11,
      "full_text_len": 8985,
      "pruned_at_step": 25,
      "pruned_by_chain_id": "q28_c4",
      "initial_pruned_count": 0
    },
    {
      "chain_index": 6,
      "finish_reason": "worker_terminated_unexpectedly",
      "completion_tokens": 4100,
      "completed_thought_count": 25,
      "full_text_len": 11980,
      "pruned_at_step": 27,
      "pruned_by_chain_id": "q28_c8",
      "initial_pruned_count": 1
    },
    {
      "chain_index": 7,
      "finish_reason": "worker_terminated_unexpectedly",
      "completion_tokens": 3927,
      "completed_thought_count": 17,
      "full_text_len": 9419,
      "pruned_at_step": 25,
      "pruned_by_chain_id": "q28_c4",
      "initial_pruned_count": 0
    }
  ],
  "error_chain_details": []
}