{
  "iteration": 26,
  "question_id": "index_25",
  "status": "SUCCESS",
  "n_chains_start": 8,
  "n_chains_completed_stream_for_voting": 4,
  "n_chains_pruned": 4,
  "n_chains_error": 0,
  "similarity_threshold": 0.92,
  "num_steps_to_delay_pruning": 20,
  "correct_answer_reference": "9\\sqrt{15}",
  "individual_answers_final": [
    "9\\sqrt{15}",
    "9\\sqrt{15}",
    "9\\sqrt{15}",
    "9\\sqrt{15}"
  ],
  "voted_answer": "9\\sqrt{15}",
  "final_score": 1,
  "processing_duration_sec": 152.00559973716736,
  "total_analysis_intervals": 49,
  "avg_kv_cache_usage": 0.11310554865426946,
  "max_kv_cache_usage": 0.2277516251961443,
  "usage_aggregated": {
    "prompt_tokens": 139,
    "total_completion_tokens_across_all_started_chains": 54484
  },
  "chains_for_voting_details": [
    {
      "chain_index": 1,
      "finish_reason": "stop",
      "extracted_answer": "9\\sqrt{15}",
      "prompt_tokens": 139,
      "completion_tokens": 7210,
      "completed_thought_count": 22,
      "final_mean_pairwise_similarity": 0.44309666752815247,
      "final_internal_similarity": 0.02014075761491602,
      "pruned_count": 0
    },
    {
      "chain_index": 2,
      "finish_reason": "stop",
      "extracted_answer": "9\\sqrt{15}",
      "prompt_tokens": 139,
      "completion_tokens": 8101,
      "completed_thought_count": 20,
      "final_mean_pairwise_similarity": 0.471774697303772,
      "final_internal_similarity": 0.023588734865188598,
      "pruned_count": 0
    },
    {
      "chain_index": 5,
      "finish_reason": "stop",
      "extracted_answer": "9\\sqrt{15}",
      "prompt_tokens": 139,
      "completion_tokens": 7889,
      "completed_thought_count": 28,
      "final_mean_pairwise_similarity": 0.4098079204559326,
      "final_internal_similarity": 0.01463599715914045,
      "pruned_count": 4
    },
    {
      "chain_index": 6,
      "finish_reason": "stop",
      "extracted_answer": "9\\sqrt{15}",
      "prompt_tokens": 139,
      "completion_tokens": 6915,
      "completed_thought_count": 19,
      "final_mean_pairwise_similarity": 0.49944451451301575,
      "final_internal_similarity": 0.02628655339542188,
      "pruned_count": 0
    }
  ],
  "pruned_chain_details": [
    {
      "chain_index": 3,
      "finish_reason": "worker_terminated_unexpectedly",
      "completion_tokens": 6091,
      "completed_thought_count": 22,
      "full_text_len": 14828,
      "pruned_at_step": 39,
      "pruned_by_chain_id": "q26_c4",
      "initial_pruned_count": 0
    },
    {
      "chain_index": 4,
      "finish_reason": "worker_terminated_unexpectedly",
      "completion_tokens": 6091,
      "completed_thought_count": 23,
      "full_text_len": 13528,
      "pruned_at_step": 39,
      "pruned_by_chain_id": "q26_c5",
      "initial_pruned_count": 1
    },
    {
      "chain_index": 7,
      "finish_reason": "worker_terminated_unexpectedly",
      "completion_tokens": 6250,
      "completed_thought_count": 23,
      "full_text_len": 14570,
      "pruned_at_step": 41,
      "pruned_by_chain_id": "q26_c5",
      "initial_pruned_count": 0
    },
    {
      "chain_index": 8,
      "finish_reason": "worker_terminated_unexpectedly",
      "completion_tokens": 5937,
      "completed_thought_count": 23,
      "full_text_len": 15057,
      "pruned_at_step": 37,
      "pruned_by_chain_id": "q26_c5",
      "initial_pruned_count": 0
    }
  ],
  "error_chain_details": []
}