{
  "iteration": 22,
  "question_id": "index_21",
  "status": "SUCCESS",
  "n_chains_start": 8,
  "n_chains_completed_stream_for_voting": 1,
  "n_chains_pruned": 7,
  "n_chains_error": 0,
  "similarity_threshold": 0.92,
  "num_steps_to_delay_pruning": 20,
  "correct_answer_reference": "63",
  "individual_answers_final": [
    "63"
  ],
  "voted_answer": "63",
  "final_score": 1,
  "processing_duration_sec": 226.4404797554016,
  "total_analysis_intervals": 34,
  "avg_kv_cache_usage": 0.06092925300284858,
  "max_kv_cache_usage": 0.1731300904132108,
  "usage_aggregated": {
    "prompt_tokens": 135,
    "total_completion_tokens_across_all_started_chains": 44493
  },
  "chains_for_voting_details": [
    {
      "chain_index": 7,
      "finish_reason": "stop",
      "extracted_answer": "63",
      "prompt_tokens": 135,
      "completion_tokens": 11609,
      "completed_thought_count": 48,
      "final_mean_pairwise_similarity": 0.4822462797164917,
      "final_internal_similarity": 0.010046797494093576,
      "pruned_count": 7
    }
  ],
  "pruned_chain_details": [
    {
      "chain_index": 1,
      "finish_reason": "worker_terminated_unexpectedly",
      "completion_tokens": 4598,
      "completed_thought_count": 40,
      "full_text_len": 16913,
      "pruned_at_step": 29,
      "pruned_by_chain_id": "q22_c7",
      "initial_pruned_count": 0
    },
    {
      "chain_index": 2,
      "finish_reason": "worker_terminated_unexpectedly",
      "completion_tokens": 4653,
      "completed_thought_count": 35,
      "full_text_len": 16303,
      "pruned_at_step": 29,
      "pruned_by_chain_id": "q22_c3",
      "initial_pruned_count": 0
    },
    {
      "chain_index": 3,
      "finish_reason": "worker_terminated_unexpectedly",
      "completion_tokens": 4653,
      "completed_thought_count": 45,
      "full_text_len": 16885,
      "pruned_at_step": 29,
      "pruned_by_chain_id": "q22_c7",
      "initial_pruned_count": 2
    },
    {
      "chain_index": 4,
      "finish_reason": "worker_terminated_unexpectedly",
      "completion_tokens": 4652,
      "completed_thought_count": 40,
      "full_text_len": 15004,
      "pruned_at_step": 29,
      "pruned_by_chain_id": "q22_c7",
      "initial_pruned_count": 0
    },
    {
      "chain_index": 5,
      "finish_reason": "worker_terminated_unexpectedly",
      "completion_tokens": 5186,
      "completed_thought_count": 31,
      "full_text_len": 16542,
      "pruned_at_step": 33,
      "pruned_by_chain_id": "q22_c7",
      "initial_pruned_count": 0
    },
    {
      "chain_index": 6,
      "finish_reason": "worker_terminated_unexpectedly",
      "completion_tokens": 4652,
      "completed_thought_count": 44,
      "full_text_len": 16240,
      "pruned_at_step": 29,
      "pruned_by_chain_id": "q22_c7",
      "initial_pruned_count": 0
    },
    {
      "chain_index": 8,
      "finish_reason": "worker_terminated_unexpectedly",
      "completion_tokens": 4490,
      "completed_thought_count": 27,
      "full_text_len": 13883,
      "pruned_at_step": 27,
      "pruned_by_chain_id": "q22_c3",
      "initial_pruned_count": 0
    }
  ],
  "error_chain_details": []
}