{
  "iteration": 29,
  "question_id": "index_28",
  "status": "SUCCESS",
  "n_chains_start": 8,
  "n_chains_completed_stream_for_voting": 2,
  "n_chains_pruned": 6,
  "n_chains_error": 0,
  "similarity_threshold": 0.92,
  "num_steps_to_delay_pruning": 20,
  "correct_answer_reference": "14+4\\sqrt{37}",
  "individual_answers_final": [
    "14 + 4\\sqrt{37}",
    "26"
  ],
  "voted_answer": "26",
  "final_score": 0,
  "processing_duration_sec": 415.5359160900116,
  "total_analysis_intervals": 71,
  "avg_kv_cache_usage": 0.1109760732503026,
  "max_kv_cache_usage": 0.2863334080549952,
  "usage_aggregated": {
    "prompt_tokens": 29679,
    "total_completion_tokens_across_all_started_chains": 79033
  },
  "chains_for_voting_details": [
    {
      "chain_index": 5,
      "finish_reason": "stop",
      "extracted_answer": "14 + 4\\sqrt{37}",
      "prompt_tokens": 134,
      "completion_tokens": 10457,
      "completed_thought_count": 20,
      "final_mean_pairwise_similarity": 0.4454721510410309,
      "final_internal_similarity": 0.022273607552051544,
      "pruned_count": 0
    },
    {
      "chain_index": 8,
      "finish_reason": "stop",
      "extracted_answer": "26",
      "prompt_tokens": 134,
      "completion_tokens": 18885,
      "completed_thought_count": 30,
      "final_mean_pairwise_similarity": 0.40961378812789917,
      "final_internal_similarity": 0.013653792937596639,
      "pruned_count": 6
    }
  ],
  "pruned_chain_details": [
    {
      "chain_index": 1,
      "finish_reason": "worker_terminated_unexpectedly",
      "completion_tokens": 7517,
      "completed_thought_count": 14,
      "full_text_len": 16890,
      "pruned_at_step": 48,
      "pruned_by_chain_id": "q29_c2",
      "initial_pruned_count": 0
    },
    {
      "chain_index": 2,
      "finish_reason": "worker_terminated_unexpectedly",
      "completion_tokens": 7669,
      "completed_thought_count": 29,
      "full_text_len": 20189,
      "pruned_at_step": 50,
      "pruned_by_chain_id": "q29_c8",
      "initial_pruned_count": 2
    },
    {
      "chain_index": 3,
      "finish_reason": "worker_terminated_unexpectedly",
      "completion_tokens": 9125,
      "completed_thought_count": 21,
      "full_text_len": 20287,
      "pruned_at_step": 63,
      "pruned_by_chain_id": "q29_c4",
      "initial_pruned_count": 0
    },
    {
      "chain_index": 4,
      "finish_reason": "worker_terminated_unexpectedly",
      "completion_tokens": 9508,
      "completed_thought_count": 23,
      "full_text_len": 21162,
      "pruned_at_step": 67,
      "pruned_by_chain_id": "q29_c8",
      "initial_pruned_count": 1
    },
    {
      "chain_index": 6,
      "finish_reason": "worker_terminated_unexpectedly",
      "completion_tokens": 7818,
      "completed_thought_count": 31,
      "full_text_len": 19496,
      "pruned_at_step": 52,
      "pruned_by_chain_id": "q29_c8",
      "initial_pruned_count": 0
    },
    {
      "chain_index": 7,
      "finish_reason": "worker_terminated_unexpectedly",
      "completion_tokens": 7668,
      "completed_thought_count": 20,
      "full_text_len": 18756,
      "pruned_at_step": 50,
      "pruned_by_chain_id": "q29_c2",
      "initial_pruned_count": 0
    }
  ],
  "error_chain_details": [],
  "llm_tie_break_performed": true,
  "llm_tie_break_prompt_tokens": 29545,
  "llm_tie_break_completion_tokens": 386,
  "llm_tie_break_response_text": "\n\nThe length of \\( AB \\) is \\(\\boxed{26}\\)."
}