{
  "iteration": 10,
  "question_id": "index_9",
  "status": "SUCCESS",
  "n_chains_start": 8,
  "n_chains_completed_stream_for_voting": 1,
  "n_chains_pruned": 7,
  "n_chains_error": 0,
  "similarity_threshold": 0.92,
  "num_steps_to_delay_pruning": 20,
  "correct_answer_reference": "\\frac{-1+\\sqrt{17}}{2}, \\frac{-1-\\sqrt{17}}{2}",
  "individual_answers_final": [
    "-5"
  ],
  "voted_answer": "-5",
  "final_score": 0,
  "processing_duration_sec": 613.0232045650482,
  "total_analysis_intervals": 76,
  "avg_kv_cache_usage": 0.09218748902492548,
  "max_kv_cache_usage": 0.1757453485765523,
  "usage_aggregated": {
    "prompt_tokens": 141,
    "total_completion_tokens_across_all_started_chains": 71980
  },
  "chains_for_voting_details": [
    {
      "chain_index": 8,
      "finish_reason": "stop",
      "extracted_answer": "-5",
      "prompt_tokens": 141,
      "completion_tokens": 27562,
      "completed_thought_count": 32,
      "final_mean_pairwise_similarity": 0.4852439761161804,
      "final_internal_similarity": 0.015163874253630638,
      "pruned_count": 7
    }
  ],
  "pruned_chain_details": [
    {
      "chain_index": 1,
      "finish_reason": "worker_terminated_unexpectedly",
      "completion_tokens": 4554,
      "completed_thought_count": 24,
      "full_text_len": 11619,
      "pruned_at_step": 28,
      "pruned_by_chain_id": "q10_c8",
      "initial_pruned_count": 0
    },
    {
      "chain_index": 2,
      "finish_reason": "worker_terminated_unexpectedly",
      "completion_tokens": 7102,
      "completed_thought_count": 34,
      "full_text_len": 18802,
      "pruned_at_step": 49,
      "pruned_by_chain_id": "q10_c8",
      "initial_pruned_count": 1
    },
    {
      "chain_index": 3,
      "finish_reason": "worker_terminated_unexpectedly",
      "completion_tokens": 6276,
      "completed_thought_count": 33,
      "full_text_len": 16300,
      "pruned_at_step": 43,
      "pruned_by_chain_id": "q10_c8",
      "initial_pruned_count": 2
    },
    {
      "chain_index": 4,
      "finish_reason": "worker_terminated_unexpectedly",
      "completion_tokens": 10489,
      "completed_thought_count": 20,
      "full_text_len": 21138,
      "pruned_at_step": 75,
      "pruned_by_chain_id": "q10_c8",
      "initial_pruned_count": 0
    },
    {
      "chain_index": 5,
      "finish_reason": "worker_terminated_unexpectedly",
      "completion_tokens": 6110,
      "completed_thought_count": 15,
      "full_text_len": 14180,
      "pruned_at_step": 41,
      "pruned_by_chain_id": "q10_c2",
      "initial_pruned_count": 0
    },
    {
      "chain_index": 6,
      "finish_reason": "worker_terminated_unexpectedly",
      "completion_tokens": 5023,
      "completed_thought_count": 17,
      "full_text_len": 12194,
      "pruned_at_step": 33,
      "pruned_by_chain_id": "q10_c3",
      "initial_pruned_count": 0
    },
    {
      "chain_index": 7,
      "finish_reason": "worker_terminated_unexpectedly",
      "completion_tokens": 4864,
      "completed_thought_count": 26,
      "full_text_len": 12337,
      "pruned_at_step": 31,
      "pruned_by_chain_id": "q10_c3",
      "initial_pruned_count": 0
    }
  ],
  "error_chain_details": []
}