{
  "iteration": 14,
  "question_id": "index_13",
  "status": "SUCCESS",
  "n_chains_start": 8,
  "n_chains_completed_stream_for_voting": 1,
  "n_chains_pruned": 7,
  "n_chains_error": 0,
  "similarity_threshold": 0.92,
  "num_steps_to_delay_pruning": 20,
  "correct_answer_reference": "2304",
  "individual_answers_final": [
    "20"
  ],
  "voted_answer": "20",
  "final_score": 0,
  "processing_duration_sec": 182.17020344734192,
  "total_analysis_intervals": 29,
  "avg_kv_cache_usage": 0.04924844793536949,
  "max_kv_cache_usage": 0.1368900844354779,
  "usage_aggregated": {
    "prompt_tokens": 183,
    "total_completion_tokens_across_all_started_chains": 35724
  },
  "chains_for_voting_details": [
    {
      "chain_index": 7,
      "finish_reason": "stop",
      "extracted_answer": "20",
      "prompt_tokens": 183,
      "completion_tokens": 9773,
      "completed_thought_count": 13,
      "final_mean_pairwise_similarity": 0.5081769227981567,
      "final_internal_similarity": 0.03909053252293514,
      "pruned_count": 7
    }
  ],
  "pruned_chain_details": [
    {
      "chain_index": 1,
      "finish_reason": "worker_terminated_unexpectedly",
      "completion_tokens": 3462,
      "completed_thought_count": 22,
      "full_text_len": 11610,
      "pruned_at_step": 21,
      "pruned_by_chain_id": "q14_c8",
      "initial_pruned_count": 0
    },
    {
      "chain_index": 2,
      "finish_reason": "worker_terminated_unexpectedly",
      "completion_tokens": 3628,
      "completed_thought_count": 23,
      "full_text_len": 11698,
      "pruned_at_step": 23,
      "pruned_by_chain_id": "q14_c5",
      "initial_pruned_count": 0
    },
    {
      "chain_index": 3,
      "finish_reason": "worker_terminated_unexpectedly",
      "completion_tokens": 3629,
      "completed_thought_count": 19,
      "full_text_len": 12776,
      "pruned_at_step": 23,
      "pruned_by_chain_id": "q14_c5",
      "initial_pruned_count": 0
    },
    {
      "chain_index": 4,
      "finish_reason": "worker_terminated_unexpectedly",
      "completion_tokens": 3629,
      "completed_thought_count": 13,
      "full_text_len": 11142,
      "pruned_at_step": 23,
      "pruned_by_chain_id": "q14_c6",
      "initial_pruned_count": 0
    },
    {
      "chain_index": 5,
      "finish_reason": "worker_terminated_unexpectedly",
      "completion_tokens": 3811,
      "completed_thought_count": 39,
      "full_text_len": 14544,
      "pruned_at_step": 25,
      "pruned_by_chain_id": "q14_c6",
      "initial_pruned_count": 4
    },
    {
      "chain_index": 6,
      "finish_reason": "worker_terminated_unexpectedly",
      "completion_tokens": 4163,
      "completed_thought_count": 26,
      "full_text_len": 13437,
      "pruned_at_step": 28,
      "pruned_by_chain_id": "q14_c7",
      "initial_pruned_count": 6
    },
    {
      "chain_index": 8,
      "finish_reason": "worker_terminated_unexpectedly",
      "completion_tokens": 3629,
      "completed_thought_count": 35,
      "full_text_len": 12445,
      "pruned_at_step": 23,
      "pruned_by_chain_id": "q14_c5",
      "initial_pruned_count": 1
    }
  ],
  "error_chain_details": []
}