{
  "iteration": 21,
  "question_id": "index_20",
  "status": "SUCCESS",
  "n_chains_start": 8,
  "n_chains_completed_stream_for_voting": 8,
  "n_chains_pruned": 0,
  "n_chains_error": 0,
  "similarity_threshold": 0.92,
  "num_steps_to_delay_pruning": 20,
  "correct_answer_reference": "26",
  "individual_answers_final": [
    "26",
    "26",
    "26",
    "26",
    "26",
    "26",
    "26",
    "26"
  ],
  "voted_answer": "26",
  "final_score": 1,
  "processing_duration_sec": 45.935394525527954,
  "total_analysis_intervals": 15,
  "avg_kv_cache_usage": 0.03946122453121378,
  "max_kv_cache_usage": 0.0771127549876709,
  "usage_aggregated": {
    "prompt_tokens": 134,
    "total_completion_tokens_across_all_started_chains": 17534
  },
  "chains_for_voting_details": [
    {
      "chain_index": 1,
      "finish_reason": "stop",
      "extracted_answer": "26",
      "prompt_tokens": 134,
      "completion_tokens": 1931,
      "completed_thought_count": 3,
      "final_mean_pairwise_similarity": 0.7873117327690125,
      "final_internal_similarity": 0.26243724425633747,
      "pruned_count": 0
    },
    {
      "chain_index": 2,
      "finish_reason": "stop",
      "extracted_answer": "26",
      "prompt_tokens": 134,
      "completion_tokens": 2433,
      "completed_thought_count": 9,
      "final_mean_pairwise_similarity": 0.5458271503448486,
      "final_internal_similarity": 0.06064746114942762,
      "pruned_count": 0
    },
    {
      "chain_index": 3,
      "finish_reason": "stop",
      "extracted_answer": "26",
      "prompt_tokens": 134,
      "completion_tokens": 2240,
      "completed_thought_count": 4,
      "final_mean_pairwise_similarity": 0.7789621949195862,
      "final_internal_similarity": 0.19474054872989655,
      "pruned_count": 0
    },
    {
      "chain_index": 4,
      "finish_reason": "stop",
      "extracted_answer": "26",
      "prompt_tokens": 134,
      "completion_tokens": 2293,
      "completed_thought_count": 7,
      "final_mean_pairwise_similarity": 0.6671155095100403,
      "final_internal_similarity": 0.09530221564429146,
      "pruned_count": 0
    },
    {
      "chain_index": 5,
      "finish_reason": "stop",
      "extracted_answer": "26",
      "prompt_tokens": 134,
      "completion_tokens": 2591,
      "completed_thought_count": 10,
      "final_mean_pairwise_similarity": 0.6248642206192017,
      "final_internal_similarity": 0.06248642206192016,
      "pruned_count": 0
    },
    {
      "chain_index": 6,
      "finish_reason": "stop",
      "extracted_answer": "26",
      "prompt_tokens": 134,
      "completion_tokens": 1930,
      "completed_thought_count": 5,
      "final_mean_pairwise_similarity": 0.7382341623306274,
      "final_internal_similarity": 0.14764683246612548,
      "pruned_count": 0
    },
    {
      "chain_index": 7,
      "finish_reason": "stop",
      "extracted_answer": "26",
      "prompt_tokens": 134,
      "completion_tokens": 2173,
      "completed_thought_count": 7,
      "final_mean_pairwise_similarity": 0.6437913775444031,
      "final_internal_similarity": 0.09197019679205758,
      "pruned_count": 0
    },
    {
      "chain_index": 8,
      "finish_reason": "stop",
      "extracted_answer": "26",
      "prompt_tokens": 134,
      "completion_tokens": 1943,
      "completed_thought_count": 5,
      "final_mean_pairwise_similarity": 0.7049902081489563,
      "final_internal_similarity": 0.14099804162979127,
      "pruned_count": 0
    }
  ],
  "pruned_chain_details": [],
  "error_chain_details": []
}