{
  "iteration": 12,
  "question_id": "index_11",
  "status": "SUCCESS",
  "n_chains_start": 8,
  "n_chains_completed_stream_for_voting": 1,
  "n_chains_pruned": 7,
  "n_chains_error": 0,
  "similarity_threshold": 0.92,
  "num_steps_to_delay_pruning": 20,
  "correct_answer_reference": "29",
  "individual_answers_final": [
    "23"
  ],
  "voted_answer": "23",
  "final_score": 0,
  "processing_duration_sec": 266.17755246162415,
  "total_analysis_intervals": 34,
  "avg_kv_cache_usage": 0.06491684990622482,
  "max_kv_cache_usage": 0.1877008144661137,
  "usage_aggregated": {
    "prompt_tokens": 142,
    "total_completion_tokens_across_all_started_chains": 48368
  },
  "chains_for_voting_details": [
    {
      "chain_index": 3,
      "finish_reason": "stop",
      "extracted_answer": "23",
      "prompt_tokens": 142,
      "completion_tokens": 13158,
      "completed_thought_count": 57,
      "final_mean_pairwise_similarity": 0.45271068811416626,
      "final_internal_similarity": 0.007942292773932741,
      "pruned_count": 7
    }
  ],
  "pruned_chain_details": [
    {
      "chain_index": 1,
      "finish_reason": "worker_terminated_unexpectedly",
      "completion_tokens": 5028,
      "completed_thought_count": 58,
      "full_text_len": 18987,
      "pruned_at_step": 31,
      "pruned_by_chain_id": "q12_c4",
      "initial_pruned_count": 0
    },
    {
      "chain_index": 2,
      "finish_reason": "worker_terminated_unexpectedly",
      "completion_tokens": 5027,
      "completed_thought_count": 39,
      "full_text_len": 17398,
      "pruned_at_step": 31,
      "pruned_by_chain_id": "q12_c4",
      "initial_pruned_count": 0
    },
    {
      "chain_index": 4,
      "finish_reason": "worker_terminated_unexpectedly",
      "completion_tokens": 5027,
      "completed_thought_count": 68,
      "full_text_len": 18896,
      "pruned_at_step": 31,
      "pruned_by_chain_id": "q12_c3",
      "initial_pruned_count": 3
    },
    {
      "chain_index": 5,
      "finish_reason": "worker_terminated_unexpectedly",
      "completion_tokens": 5027,
      "completed_thought_count": 45,
      "full_text_len": 16896,
      "pruned_at_step": 31,
      "pruned_by_chain_id": "q12_c3",
      "initial_pruned_count": 0
    },
    {
      "chain_index": 6,
      "finish_reason": "worker_terminated_unexpectedly",
      "completion_tokens": 5027,
      "completed_thought_count": 57,
      "full_text_len": 18693,
      "pruned_at_step": 31,
      "pruned_by_chain_id": "q12_c3",
      "initial_pruned_count": 0
    },
    {
      "chain_index": 7,
      "finish_reason": "worker_terminated_unexpectedly",
      "completion_tokens": 5217,
      "completed_thought_count": 42,
      "full_text_len": 17072,
      "pruned_at_step": 33,
      "pruned_by_chain_id": "q12_c3",
      "initial_pruned_count": 0
    },
    {
      "chain_index": 8,
      "finish_reason": "worker_terminated_unexpectedly",
      "completion_tokens": 4857,
      "completed_thought_count": 38,
      "full_text_len": 14738,
      "pruned_at_step": 29,
      "pruned_by_chain_id": "q12_c4",
      "initial_pruned_count": 0
    }
  ],
  "error_chain_details": []
}