{
  "iteration": 6,
  "question_id": "index_5",
  "status": "SUCCESS",
  "n_chains_start": 8,
  "n_chains_completed_stream_for_voting": 1,
  "n_chains_pruned": 7,
  "n_chains_error": 0,
  "similarity_threshold": 0.92,
  "num_steps_to_delay_pruning": 20,
  "correct_answer_reference": "\\frac{1311}{2017}",
  "individual_answers_final": [
    "\\dfrac{2016}{2025!}"
  ],
  "voted_answer": "\\dfrac{2016}{2025!}",
  "final_score": 0,
  "processing_duration_sec": 219.1350381374359,
  "total_analysis_intervals": 37,
  "avg_kv_cache_usage": 0.0601766533966847,
  "max_kv_cache_usage": 0.1637898826869909,
  "usage_aggregated": {
    "prompt_tokens": 108,
    "total_completion_tokens_across_all_started_chains": 43961
  },
  "chains_for_voting_details": [
    {
      "chain_index": 5,
      "finish_reason": "stop",
      "extracted_answer": "\\dfrac{2016}{2025!}",
      "prompt_tokens": 108,
      "completion_tokens": 11337,
      "completed_thought_count": 25,
      "final_mean_pairwise_similarity": 0.6500308513641357,
      "final_internal_similarity": 0.02600123405456543,
      "pruned_count": 7
    }
  ],
  "pruned_chain_details": [
    {
      "chain_index": 1,
      "finish_reason": "worker_terminated_unexpectedly",
      "completion_tokens": 4414,
      "completed_thought_count": 32,
      "full_text_len": 11520,
      "pruned_at_step": 28,
      "pruned_by_chain_id": "q6_c3",
      "initial_pruned_count": 2
    },
    {
      "chain_index": 2,
      "finish_reason": "worker_terminated_unexpectedly",
      "completion_tokens": 4414,
      "completed_thought_count": 20,
      "full_text_len": 10872,
      "pruned_at_step": 28,
      "pruned_by_chain_id": "q6_c1",
      "initial_pruned_count": 0
    },
    {
      "chain_index": 3,
      "finish_reason": "worker_terminated_unexpectedly",
      "completion_tokens": 5268,
      "completed_thought_count": 39,
      "full_text_len": 13521,
      "pruned_at_step": 36,
      "pruned_by_chain_id": "q6_c5",
      "initial_pruned_count": 5
    },
    {
      "chain_index": 4,
      "finish_reason": "worker_terminated_unexpectedly",
      "completion_tokens": 5091,
      "completed_thought_count": 21,
      "full_text_len": 11333,
      "pruned_at_step": 34,
      "pruned_by_chain_id": "q6_c5",
      "initial_pruned_count": 0
    },
    {
      "chain_index": 6,
      "finish_reason": "worker_terminated_unexpectedly",
      "completion_tokens": 4260,
      "completed_thought_count": 22,
      "full_text_len": 10024,
      "pruned_at_step": 26,
      "pruned_by_chain_id": "q6_c1",
      "initial_pruned_count": 0
    },
    {
      "chain_index": 7,
      "finish_reason": "worker_terminated_unexpectedly",
      "completion_tokens": 4917,
      "completed_thought_count": 31,
      "full_text_len": 11318,
      "pruned_at_step": 32,
      "pruned_by_chain_id": "q6_c3",
      "initial_pruned_count": 1
    },
    {
      "chain_index": 8,
      "finish_reason": "worker_terminated_unexpectedly",
      "completion_tokens": 4260,
      "completed_thought_count": 23,
      "full_text_len": 9647,
      "pruned_at_step": 26,
      "pruned_by_chain_id": "q6_c7",
      "initial_pruned_count": 0
    }
  ],
  "error_chain_details": []
}