{
  "iteration": 3,
  "question_id": "index_2",
  "status": "SUCCESS",
  "n_chains_start": 8,
  "n_chains_completed_stream_for_voting": 3,
  "n_chains_pruned": 5,
  "n_chains_error": 0,
  "similarity_threshold": 0.92,
  "num_steps_to_delay_pruning": 20,
  "correct_answer_reference": "\\frac{1}{576}",
  "individual_answers_final": [
    "\\dfrac{1}{576}",
    "32",
    "\\dfrac{1}{576}"
  ],
  "voted_answer": "\\dfrac{1}{576}",
  "final_score": 1,
  "processing_duration_sec": 443.372789144516,
  "total_analysis_intervals": 91,
  "avg_kv_cache_usage": 0.13275370834094247,
  "max_kv_cache_usage": 0.3093476798924008,
  "usage_aggregated": {
    "prompt_tokens": 167,
    "total_completion_tokens_across_all_started_chains": 87176
  },
  "chains_for_voting_details": [
    {
      "chain_index": 2,
      "finish_reason": "stop",
      "extracted_answer": "\\dfrac{1}{576}",
      "prompt_tokens": 167,
      "completion_tokens": 5254,
      "completed_thought_count": 18,
      "final_mean_pairwise_similarity": 0.555045485496521,
      "final_internal_similarity": 0.030835860305362277,
      "pruned_count": 0
    },
    {
      "chain_index": 3,
      "finish_reason": "stop",
      "extracted_answer": "32",
      "prompt_tokens": 167,
      "completion_tokens": 19855,
      "completed_thought_count": 62,
      "final_mean_pairwise_similarity": 0.44533297419548035,
      "final_internal_similarity": 0.007182789906378715,
      "pruned_count": 5
    },
    {
      "chain_index": 4,
      "finish_reason": "stop",
      "extracted_answer": "\\dfrac{1}{576}",
      "prompt_tokens": 167,
      "completion_tokens": 5177,
      "completed_thought_count": 21,
      "final_mean_pairwise_similarity": 0.456352174282074,
      "final_internal_similarity": 0.021731055918194,
      "pruned_count": 0
    }
  ],
  "pruned_chain_details": [
    {
      "chain_index": 1,
      "finish_reason": "worker_terminated_unexpectedly",
      "completion_tokens": 11510,
      "completed_thought_count": 40,
      "full_text_len": 26605,
      "pruned_at_step": 81,
      "pruned_by_chain_id": "q3_c3",
      "initial_pruned_count": 0
    },
    {
      "chain_index": 5,
      "finish_reason": "worker_terminated_unexpectedly",
      "completion_tokens": 12540,
      "completed_thought_count": 51,
      "full_text_len": 30823,
      "pruned_at_step": 90,
      "pruned_by_chain_id": "q3_c3",
      "initial_pruned_count": 2
    },
    {
      "chain_index": 6,
      "finish_reason": "worker_terminated_unexpectedly",
      "completion_tokens": 10862,
      "completed_thought_count": 39,
      "full_text_len": 26350,
      "pruned_at_step": 74,
      "pruned_by_chain_id": "q3_c5",
      "initial_pruned_count": 0
    },
    {
      "chain_index": 7,
      "finish_reason": "worker_terminated_unexpectedly",
      "completion_tokens": 10989,
      "completed_thought_count": 41,
      "full_text_len": 27461,
      "pruned_at_step": 76,
      "pruned_by_chain_id": "q3_c3",
      "initial_pruned_count": 0
    },
    {
      "chain_index": 8,
      "finish_reason": "worker_terminated_unexpectedly",
      "completion_tokens": 10989,
      "completed_thought_count": 45,
      "full_text_len": 25521,
      "pruned_at_step": 76,
      "pruned_by_chain_id": "q3_c5",
      "initial_pruned_count": 0
    }
  ],
  "error_chain_details": []
}