{
  "iteration": 17,
  "question_id": "index_16",
  "status": "SUCCESS",
  "n_chains_start": 8,
  "n_chains_completed_stream_for_voting": 1,
  "n_chains_pruned": 7,
  "n_chains_error": 0,
  "similarity_threshold": 0.92,
  "num_steps_to_delay_pruning": 20,
  "correct_answer_reference": "2^{25} \\cdot 26!",
  "individual_answers_final": [
    "26!"
  ],
  "voted_answer": "26!",
  "final_score": 0,
  "processing_duration_sec": 101.08646988868713,
  "total_analysis_intervals": 27,
  "avg_kv_cache_usage": 0.059718347796587384,
  "max_kv_cache_usage": 0.1416722707913024,
  "usage_aggregated": {
    "prompt_tokens": 142,
    "total_completion_tokens_across_all_started_chains": 32238
  },
  "chains_for_voting_details": [
    {
      "chain_index": 8,
      "finish_reason": "stop",
      "extracted_answer": "26!",
      "prompt_tokens": 142,
      "completion_tokens": 5596,
      "completed_thought_count": 42,
      "final_mean_pairwise_similarity": 0.5622255802154541,
      "final_internal_similarity": 0.013386323338463194,
      "pruned_count": 7
    }
  ],
  "pruned_chain_details": [
    {
      "chain_index": 1,
      "finish_reason": "worker_terminated_unexpectedly",
      "completion_tokens": 3804,
      "completed_thought_count": 36,
      "full_text_len": 14324,
      "pruned_at_step": 24,
      "pruned_by_chain_id": "q17_c4",
      "initial_pruned_count": 1
    },
    {
      "chain_index": 2,
      "finish_reason": "worker_terminated_unexpectedly",
      "completion_tokens": 3986,
      "completed_thought_count": 48,
      "full_text_len": 15948,
      "pruned_at_step": 26,
      "pruned_by_chain_id": "q17_c4",
      "initial_pruned_count": 2
    },
    {
      "chain_index": 3,
      "finish_reason": "worker_terminated_unexpectedly",
      "completion_tokens": 3630,
      "completed_thought_count": 37,
      "full_text_len": 15950,
      "pruned_at_step": 22,
      "pruned_by_chain_id": "q17_c4",
      "initial_pruned_count": 0
    },
    {
      "chain_index": 4,
      "finish_reason": "worker_terminated_unexpectedly",
      "completion_tokens": 3986,
      "completed_thought_count": 46,
      "full_text_len": 16925,
      "pruned_at_step": 26,
      "pruned_by_chain_id": "q17_c8",
      "initial_pruned_count": 6
    },
    {
      "chain_index": 5,
      "finish_reason": "worker_terminated_unexpectedly",
      "completion_tokens": 3803,
      "completed_thought_count": 29,
      "full_text_len": 16052,
      "pruned_at_step": 24,
      "pruned_by_chain_id": "q17_c1",
      "initial_pruned_count": 0
    },
    {
      "chain_index": 6,
      "finish_reason": "worker_terminated_unexpectedly",
      "completion_tokens": 3630,
      "completed_thought_count": 25,
      "full_text_len": 15008,
      "pruned_at_step": 22,
      "pruned_by_chain_id": "q17_c2",
      "initial_pruned_count": 0
    },
    {
      "chain_index": 7,
      "finish_reason": "worker_terminated_unexpectedly",
      "completion_tokens": 3803,
      "completed_thought_count": 34,
      "full_text_len": 15736,
      "pruned_at_step": 24,
      "pruned_by_chain_id": "q17_c2",
      "initial_pruned_count": 0
    }
  ],
  "error_chain_details": []
}