{
  "iteration": 7,
  "question_id": "index_6",
  "status": "SUCCESS",
  "n_chains_start": 8,
  "n_chains_completed_stream_for_voting": 2,
  "n_chains_pruned": 6,
  "n_chains_error": 0,
  "similarity_threshold": 0.92,
  "num_steps_to_delay_pruning": 20,
  "correct_answer_reference": "\\frac{9 \\sqrt{23}}{23}",
  "individual_answers_final": [
    "2",
    "\\dfrac{9\\sqrt{23}}{23}"
  ],
  "voted_answer": "\\dfrac{9\\sqrt{23}}{23}",
  "final_score": 1,
  "processing_duration_sec": 504.5694694519043,
  "total_analysis_intervals": 48,
  "avg_kv_cache_usage": 0.08847228009919993,
  "max_kv_cache_usage": 0.2510647836807891,
  "usage_aggregated": {
    "prompt_tokens": 30337,
    "total_completion_tokens_across_all_started_chains": 71724
  },
  "chains_for_voting_details": [
    {
      "chain_index": 2,
      "finish_reason": "stop",
      "extracted_answer": "2",
      "prompt_tokens": 138,
      "completion_tokens": 23241,
      "completed_thought_count": 45,
      "final_mean_pairwise_similarity": 0.45365872979164124,
      "final_internal_similarity": 0.010081305106480917,
      "pruned_count": 6
    },
    {
      "chain_index": 4,
      "finish_reason": "stop",
      "extracted_answer": "\\dfrac{9\\sqrt{23}}{23}",
      "prompt_tokens": 138,
      "completion_tokens": 6753,
      "completed_thought_count": 9,
      "final_mean_pairwise_similarity": 0.518614649772644,
      "final_internal_similarity": 0.057623849974738225,
      "pruned_count": 0
    }
  ],
  "pruned_chain_details": [
    {
      "chain_index": 1,
      "finish_reason": "worker_terminated_unexpectedly",
      "completion_tokens": 7102,
      "completed_thought_count": 30,
      "full_text_len": 16256,
      "pruned_at_step": 47,
      "pruned_by_chain_id": "q7_c2",
      "initial_pruned_count": 0
    },
    {
      "chain_index": 3,
      "finish_reason": "worker_terminated_unexpectedly",
      "completion_tokens": 6714,
      "completed_thought_count": 28,
      "full_text_len": 15130,
      "pruned_at_step": 43,
      "pruned_by_chain_id": "q7_c2",
      "initial_pruned_count": 1
    },
    {
      "chain_index": 5,
      "finish_reason": "worker_terminated_unexpectedly",
      "completion_tokens": 6563,
      "completed_thought_count": 27,
      "full_text_len": 14671,
      "pruned_at_step": 41,
      "pruned_by_chain_id": "q7_c3",
      "initial_pruned_count": 0
    },
    {
      "chain_index": 6,
      "finish_reason": "worker_terminated_unexpectedly",
      "completion_tokens": 6714,
      "completed_thought_count": 23,
      "full_text_len": 15147,
      "pruned_at_step": 43,
      "pruned_by_chain_id": "q7_c2",
      "initial_pruned_count": 0
    },
    {
      "chain_index": 7,
      "finish_reason": "worker_terminated_unexpectedly",
      "completion_tokens": 6714,
      "completed_thought_count": 24,
      "full_text_len": 16042,
      "pruned_at_step": 43,
      "pruned_by_chain_id": "q7_c8",
      "initial_pruned_count": 0
    },
    {
      "chain_index": 8,
      "finish_reason": "worker_terminated_unexpectedly",
      "completion_tokens": 6714,
      "completed_thought_count": 25,
      "full_text_len": 14122,
      "pruned_at_step": 43,
      "pruned_by_chain_id": "q7_c2",
      "initial_pruned_count": 1
    }
  ],
  "error_chain_details": [],
  "llm_tie_break_performed": true,
  "llm_tie_break_prompt_tokens": 30199,
  "llm_tie_break_completion_tokens": 1209,
  "llm_tie_break_response_text": "\n\nTo solve the problem, we start by setting all expressions equal to a common value \\( k \\). This gives us the equations:\n\n\\[\n2(a^2 + 1) = 3(b^2 + 1) = 4(c^2 + 1) = k\n\\]\n\nFrom these, we express \\( a^2 \\), \\( b^2 \\), and \\( c^2 \\) in terms of \\( k \\):\n\n\\[\na^2 = \\frac{k}{2} - 1, \\quad b^2 = \\frac{k}{3} - 1, \\quad c^2 = \\frac{k}{4} - 1\n\\]\n\nSince \\( a, b, c \\) are positive real numbers, \\( k > 4 \\). We then express \\( a, b, c \\) as:\n\n\\[\na = \\sqrt{\\frac{k}{2} - 1}, \\quad b = \\sqrt{\\frac{k}{3} - 1}, \\quad c = \\sqrt{\\frac{k}{4} - 1}\n\\]\n\nSubstituting these into the second equation \\( ab + bc + ca = 1 \\), we denote \\( x = \\sqrt{\\frac{k}{2} - 1} \\), \\( y = \\sqrt{\\frac{k}{3} - 1} \\), \\( z = \\sqrt{\\frac{k}{4} - 1} \\), leading to:\n\n\\[\nxy + yz + zx = 1\n\\]\n\nWe also know:\n\n\\[\nx^2 = \\frac{k}{2} - 1, \\quad y^2 = \\frac{k}{3} - 1, \\quad z^2 = \\frac{k}{4} - 1\n\\]\n\nSumming these gives:\n\n\\[\nx^2 + y^2 + z^2 = \\frac{13k}{12} - 3\n\\]\n\nUsing the identity \\( (x + y + z)^2 = x^2 + y^2 + z^2 + 2(xy + yz + zx) \\), we find:\n\n\\[\n(x + y + z)^2 = \\frac{13k}{12} - 1\n\\]\n\nWe solve for \\( k \\) by equating and simplifying the expanded forms of the products and sums, leading to:\n\n\\[\nk = \\frac{96}{23}\n\\]\n\nSubstituting \\( k \\) back, we find:\n\n\\[\na = \\frac{5}{\\sqrt{23}}, \\quad b = \\frac{3}{\\sqrt{23}}, \\quad c = \\frac{1}{\\sqrt{23}}\n\\]\n\nThus, the sum \\( a + b + c \\) is:\n\n\\[\na + b + c = \\frac{9}{\\sqrt{23}} = \\frac{9\\sqrt{23}}{23}\n\\]\n\n\\[\n\\boxed{\\dfrac{9\\sqrt{23}}{23}}\n\\]"
}