{
  "iteration": 19,
  "question_id": "index_18",
  "status": "SUCCESS",
  "n_chains_start": 8,
  "n_chains_completed_stream_for_voting": 1,
  "n_chains_pruned": 7,
  "n_chains_error": 0,
  "similarity_threshold": 0.92,
  "num_steps_to_delay_pruning": 20,
  "correct_answer_reference": "\\frac{4}{9}",
  "individual_answers_final": [
    "\\dfrac{1}{2}"
  ],
  "voted_answer": "\\dfrac{1}{2}",
  "final_score": 0,
  "processing_duration_sec": 243.70632147789001,
  "total_analysis_intervals": 26,
  "avg_kv_cache_usage": 0.047359097532161235,
  "max_kv_cache_usage": 0.1356945378465217,
  "usage_aggregated": {
    "prompt_tokens": 90,
    "total_completion_tokens_across_all_started_chains": 37359
  },
  "chains_for_voting_details": [
    {
      "chain_index": 8,
      "finish_reason": "stop",
      "extracted_answer": "\\dfrac{1}{2}",
      "prompt_tokens": 90,
      "completion_tokens": 12142,
      "completed_thought_count": 45,
      "final_mean_pairwise_similarity": 0.4909285008907318,
      "final_internal_similarity": 0.010909522242016263,
      "pruned_count": 7
    }
  ],
  "pruned_chain_details": [
    {
      "chain_index": 1,
      "finish_reason": "worker_terminated_unexpectedly",
      "completion_tokens": 3709,
      "completed_thought_count": 40,
      "full_text_len": 16271,
      "pruned_at_step": 25,
      "pruned_by_chain_id": "q19_c6",
      "initial_pruned_count": 0
    },
    {
      "chain_index": 2,
      "finish_reason": "worker_terminated_unexpectedly",
      "completion_tokens": 3709,
      "completed_thought_count": 52,
      "full_text_len": 16966,
      "pruned_at_step": 25,
      "pruned_by_chain_id": "q19_c6",
      "initial_pruned_count": 3
    },
    {
      "chain_index": 3,
      "finish_reason": "worker_terminated_unexpectedly",
      "completion_tokens": 3515,
      "completed_thought_count": 38,
      "full_text_len": 16294,
      "pruned_at_step": 21,
      "pruned_by_chain_id": "q19_c8",
      "initial_pruned_count": 0
    },
    {
      "chain_index": 4,
      "finish_reason": "worker_terminated_unexpectedly",
      "completion_tokens": 3531,
      "completed_thought_count": 51,
      "full_text_len": 15189,
      "pruned_at_step": 22,
      "pruned_by_chain_id": "q19_c2",
      "initial_pruned_count": 0
    },
    {
      "chain_index": 5,
      "finish_reason": "worker_terminated_unexpectedly",
      "completion_tokens": 3531,
      "completed_thought_count": 41,
      "full_text_len": 15356,
      "pruned_at_step": 23,
      "pruned_by_chain_id": "q19_c2",
      "initial_pruned_count": 0
    },
    {
      "chain_index": 6,
      "finish_reason": "worker_terminated_unexpectedly",
      "completion_tokens": 3708,
      "completed_thought_count": 46,
      "full_text_len": 16913,
      "pruned_at_step": 25,
      "pruned_by_chain_id": "q19_c8",
      "initial_pruned_count": 5
    },
    {
      "chain_index": 7,
      "finish_reason": "worker_terminated_unexpectedly",
      "completion_tokens": 3514,
      "completed_thought_count": 34,
      "full_text_len": 15678,
      "pruned_at_step": 21,
      "pruned_by_chain_id": "q19_c2",
      "initial_pruned_count": 0
    }
  ],
  "error_chain_details": []
}