{
  "iteration": 27,
  "question_id": "index_26",
  "status": "SUCCESS",
  "n_chains_start": 8,
  "n_chains_completed_stream_for_voting": 1,
  "n_chains_pruned": 7,
  "n_chains_error": 0,
  "similarity_threshold": 0.92,
  "num_steps_to_delay_pruning": 20,
  "correct_answer_reference": "\\frac{7}{18}",
  "individual_answers_final": [
    "\\dfrac{2}{5}"
  ],
  "voted_answer": "\\dfrac{2}{5}",
  "final_score": 0,
  "processing_duration_sec": 360.1057765483856,
  "total_analysis_intervals": 44,
  "avg_kv_cache_usage": 0.07486962514762192,
  "max_kv_cache_usage": 0.2092206530673241,
  "usage_aggregated": {
    "prompt_tokens": 151,
    "total_completion_tokens_across_all_started_chains": 57657
  },
  "chains_for_voting_details": [
    {
      "chain_index": 8,
      "finish_reason": "stop",
      "extracted_answer": "\\dfrac{2}{5}",
      "prompt_tokens": 151,
      "completion_tokens": 16963,
      "completed_thought_count": 38,
      "final_mean_pairwise_similarity": 0.5182910561561584,
      "final_internal_similarity": 0.013639238319898906,
      "pruned_count": 7
    }
  ],
  "pruned_chain_details": [
    {
      "chain_index": 1,
      "finish_reason": "worker_terminated_unexpectedly",
      "completion_tokens": 6103,
      "completed_thought_count": 53,
      "full_text_len": 18824,
      "pruned_at_step": 41,
      "pruned_by_chain_id": "q27_c8",
      "initial_pruned_count": 5
    },
    {
      "chain_index": 2,
      "finish_reason": "worker_terminated_unexpectedly",
      "completion_tokens": 5431,
      "completed_thought_count": 26,
      "full_text_len": 14371,
      "pruned_at_step": 33,
      "pruned_by_chain_id": "q27_c3",
      "initial_pruned_count": 0
    },
    {
      "chain_index": 3,
      "finish_reason": "worker_terminated_unexpectedly",
      "completion_tokens": 5760,
      "completed_thought_count": 44,
      "full_text_len": 16717,
      "pruned_at_step": 37,
      "pruned_by_chain_id": "q27_c7",
      "initial_pruned_count": 1
    },
    {
      "chain_index": 4,
      "finish_reason": "worker_terminated_unexpectedly",
      "completion_tokens": 6280,
      "completed_thought_count": 23,
      "full_text_len": 18243,
      "pruned_at_step": 43,
      "pruned_by_chain_id": "q27_c8",
      "initial_pruned_count": 0
    },
    {
      "chain_index": 5,
      "finish_reason": "worker_terminated_unexpectedly",
      "completion_tokens": 5596,
      "completed_thought_count": 50,
      "full_text_len": 16289,
      "pruned_at_step": 35,
      "pruned_by_chain_id": "q27_c1",
      "initial_pruned_count": 0
    },
    {
      "chain_index": 6,
      "finish_reason": "worker_terminated_unexpectedly",
      "completion_tokens": 5596,
      "completed_thought_count": 29,
      "full_text_len": 15366,
      "pruned_at_step": 35,
      "pruned_by_chain_id": "q27_c1",
      "initial_pruned_count": 0
    },
    {
      "chain_index": 7,
      "finish_reason": "worker_terminated_unexpectedly",
      "completion_tokens": 5928,
      "completed_thought_count": 41,
      "full_text_len": 16611,
      "pruned_at_step": 39,
      "pruned_by_chain_id": "q27_c1",
      "initial_pruned_count": 2
    }
  ],
  "error_chain_details": []
}