{
  "iteration": 15,
  "question_id": "index_14",
  "status": "SUCCESS",
  "n_chains_start": 8,
  "n_chains_completed_stream_for_voting": 3,
  "n_chains_pruned": 5,
  "n_chains_error": 0,
  "similarity_threshold": 0.92,
  "num_steps_to_delay_pruning": 20,
  "correct_answer_reference": "200",
  "individual_answers_final": [
    "120",
    "202",
    "120"
  ],
  "voted_answer": "120",
  "final_score": 0,
  "processing_duration_sec": 90.15140223503113,
  "total_analysis_intervals": 26,
  "avg_kv_cache_usage": 0.058762076213326984,
  "max_kv_cache_usage": 0.1153702458342673,
  "usage_aggregated": {
    "prompt_tokens": 144,
    "total_completion_tokens_across_all_started_chains": 30183
  },
  "chains_for_voting_details": [
    {
      "chain_index": 4,
      "finish_reason": "stop",
      "extracted_answer": "120",
      "prompt_tokens": 144,
      "completion_tokens": 2941,
      "completed_thought_count": 25,
      "final_mean_pairwise_similarity": 0.5332427620887756,
      "final_internal_similarity": 0.021329710483551024,
      "pruned_count": 0
    },
    {
      "chain_index": 7,
      "finish_reason": "stop",
      "extracted_answer": "202",
      "prompt_tokens": 144,
      "completion_tokens": 3031,
      "completed_thought_count": 30,
      "final_mean_pairwise_similarity": 0.4622068703174591,
      "final_internal_similarity": 0.015406895677248638,
      "pruned_count": 0
    },
    {
      "chain_index": 8,
      "finish_reason": "stop",
      "extracted_answer": "120",
      "prompt_tokens": 144,
      "completion_tokens": 5020,
      "completed_thought_count": 48,
      "final_mean_pairwise_similarity": 0.4444510340690613,
      "final_internal_similarity": 0.009259396543105444,
      "pruned_count": 5
    }
  ],
  "pruned_chain_details": [
    {
      "chain_index": 1,
      "finish_reason": "worker_terminated_unexpectedly",
      "completion_tokens": 3873,
      "completed_thought_count": 41,
      "full_text_len": 15573,
      "pruned_at_step": 25,
      "pruned_by_chain_id": "q15_c8",
      "initial_pruned_count": 3
    },
    {
      "chain_index": 2,
      "finish_reason": "worker_terminated_unexpectedly",
      "completion_tokens": 3873,
      "completed_thought_count": 42,
      "full_text_len": 15444,
      "pruned_at_step": 25,
      "pruned_by_chain_id": "q15_c8",
      "initial_pruned_count": 0
    },
    {
      "chain_index": 3,
      "finish_reason": "worker_terminated_unexpectedly",
      "completion_tokens": 3873,
      "completed_thought_count": 44,
      "full_text_len": 15686,
      "pruned_at_step": 25,
      "pruned_by_chain_id": "q15_c1",
      "initial_pruned_count": 1
    },
    {
      "chain_index": 5,
      "finish_reason": "worker_terminated_unexpectedly",
      "completion_tokens": 3700,
      "completed_thought_count": 38,
      "full_text_len": 14981,
      "pruned_at_step": 23,
      "pruned_by_chain_id": "q15_c3",
      "initial_pruned_count": 0
    },
    {
      "chain_index": 6,
      "finish_reason": "worker_terminated_unexpectedly",
      "completion_tokens": 3872,
      "completed_thought_count": 42,
      "full_text_len": 15871,
      "pruned_at_step": 25,
      "pruned_by_chain_id": "q15_c1",
      "initial_pruned_count": 0
    }
  ],
  "error_chain_details": []
}