{
  "iteration": 25,
  "question_id": "index_24",
  "status": "SUCCESS",
  "n_chains_start": 8,
  "n_chains_completed_stream_for_voting": 1,
  "n_chains_pruned": 7,
  "n_chains_error": 0,
  "similarity_threshold": 0.92,
  "num_steps_to_delay_pruning": 20,
  "correct_answer_reference": "\\sqrt{23}-2 \\sqrt{3}",
  "individual_answers_final": [
    "5"
  ],
  "voted_answer": "5",
  "final_score": 0,
  "processing_duration_sec": 592.5952410697937,
  "total_analysis_intervals": 45,
  "avg_kv_cache_usage": 0.08367368973908297,
  "max_kv_cache_usage": 0.2026451468280654,
  "usage_aggregated": {
    "prompt_tokens": 146,
    "total_completion_tokens_across_all_started_chains": 66220
  },
  "chains_for_voting_details": [
    {
      "chain_index": 7,
      "finish_reason": "stop",
      "extracted_answer": "5",
      "prompt_tokens": 146,
      "completion_tokens": 26413,
      "completed_thought_count": 53,
      "final_mean_pairwise_similarity": 0.4577395021915436,
      "final_internal_similarity": 0.00863659438097252,
      "pruned_count": 7
    }
  ],
  "pruned_chain_details": [
    {
      "chain_index": 1,
      "finish_reason": "worker_terminated_unexpectedly",
      "completion_tokens": 5267,
      "completed_thought_count": 28,
      "full_text_len": 15312,
      "pruned_at_step": 32,
      "pruned_by_chain_id": "q25_c8",
      "initial_pruned_count": 0
    },
    {
      "chain_index": 2,
      "finish_reason": "worker_terminated_unexpectedly",
      "completion_tokens": 5423,
      "completed_thought_count": 36,
      "full_text_len": 15795,
      "pruned_at_step": 34,
      "pruned_by_chain_id": "q25_c3",
      "initial_pruned_count": 0
    },
    {
      "chain_index": 3,
      "finish_reason": "worker_terminated_unexpectedly",
      "completion_tokens": 5581,
      "completed_thought_count": 35,
      "full_text_len": 16333,
      "pruned_at_step": 36,
      "pruned_by_chain_id": "q25_c7",
      "initial_pruned_count": 1
    },
    {
      "chain_index": 4,
      "finish_reason": "worker_terminated_unexpectedly",
      "completion_tokens": 5581,
      "completed_thought_count": 52,
      "full_text_len": 19460,
      "pruned_at_step": 36,
      "pruned_by_chain_id": "q25_c8",
      "initial_pruned_count": 0
    },
    {
      "chain_index": 5,
      "finish_reason": "worker_terminated_unexpectedly",
      "completion_tokens": 5581,
      "completed_thought_count": 22,
      "full_text_len": 14900,
      "pruned_at_step": 36,
      "pruned_by_chain_id": "q25_c8",
      "initial_pruned_count": 0
    },
    {
      "chain_index": 6,
      "finish_reason": "worker_terminated_unexpectedly",
      "completion_tokens": 5581,
      "completed_thought_count": 41,
      "full_text_len": 17136,
      "pruned_at_step": 36,
      "pruned_by_chain_id": "q25_c8",
      "initial_pruned_count": 0
    },
    {
      "chain_index": 8,
      "finish_reason": "worker_terminated_unexpectedly",
      "completion_tokens": 6793,
      "completed_thought_count": 48,
      "full_text_len": 19463,
      "pruned_at_step": 44,
      "pruned_by_chain_id": "q25_c7",
      "initial_pruned_count": 4
    }
  ],
  "error_chain_details": []
}