{
  "iteration": 4,
  "question_id": "index_3",
  "status": "SUCCESS",
  "n_chains_start": 8,
  "n_chains_completed_stream_for_voting": 1,
  "n_chains_pruned": 7,
  "n_chains_error": 0,
  "similarity_threshold": 0.92,
  "num_steps_to_delay_pruning": 20,
  "correct_answer_reference": "-984",
  "individual_answers_final": [
    "-984"
  ],
  "voted_answer": "-984",
  "final_score": 1,
  "processing_duration_sec": 216.7040286064148,
  "total_analysis_intervals": 37,
  "avg_kv_cache_usage": 0.05230187098352956,
  "max_kv_cache_usage": 0.1344989912575656,
  "usage_aggregated": {
    "prompt_tokens": 118,
    "total_completion_tokens_across_all_started_chains": 39420
  },
  "chains_for_voting_details": [
    {
      "chain_index": 6,
      "finish_reason": "stop",
      "extracted_answer": "-984",
      "prompt_tokens": 118,
      "completion_tokens": 11347,
      "completed_thought_count": 37,
      "final_mean_pairwise_similarity": 0.5355148315429688,
      "final_internal_similarity": 0.014473373825485641,
      "pruned_count": 7
    }
  ],
  "pruned_chain_details": [
    {
      "chain_index": 1,
      "finish_reason": "worker_terminated_unexpectedly",
      "completion_tokens": 3805,
      "completed_thought_count": 22,
      "full_text_len": 9164,
      "pruned_at_step": 24,
      "pruned_by_chain_id": "q4_c6",
      "initial_pruned_count": 0
    },
    {
      "chain_index": 2,
      "finish_reason": "worker_terminated_unexpectedly",
      "completion_tokens": 4152,
      "completed_thought_count": 20,
      "full_text_len": 9835,
      "pruned_at_step": 28,
      "pruned_by_chain_id": "q4_c6",
      "initial_pruned_count": 0
    },
    {
      "chain_index": 3,
      "finish_reason": "worker_terminated_unexpectedly",
      "completion_tokens": 3472,
      "completed_thought_count": 28,
      "full_text_len": 8941,
      "pruned_at_step": 21,
      "pruned_by_chain_id": "q4_c7",
      "initial_pruned_count": 0
    },
    {
      "chain_index": 4,
      "finish_reason": "worker_terminated_unexpectedly",
      "completion_tokens": 5390,
      "completed_thought_count": 26,
      "full_text_len": 12525,
      "pruned_at_step": 36,
      "pruned_by_chain_id": "q4_c6",
      "initial_pruned_count": 0
    },
    {
      "chain_index": 5,
      "finish_reason": "worker_terminated_unexpectedly",
      "completion_tokens": 3804,
      "completed_thought_count": 21,
      "full_text_len": 10069,
      "pruned_at_step": 24,
      "pruned_by_chain_id": "q4_c8",
      "initial_pruned_count": 0
    },
    {
      "chain_index": 7,
      "finish_reason": "worker_terminated_unexpectedly",
      "completion_tokens": 3472,
      "completed_thought_count": 25,
      "full_text_len": 8121,
      "pruned_at_step": 21,
      "pruned_by_chain_id": "q4_c8",
      "initial_pruned_count": 1
    },
    {
      "chain_index": 8,
      "finish_reason": "worker_terminated_unexpectedly",
      "completion_tokens": 3978,
      "completed_thought_count": 25,
      "full_text_len": 10282,
      "pruned_at_step": 26,
      "pruned_by_chain_id": "q4_c6",
      "initial_pruned_count": 3
    }
  ],
  "error_chain_details": []
}