{
  "iteration": 9,
  "question_id": "index_8",
  "status": "SUCCESS",
  "n_chains_start": 8,
  "n_chains_completed_stream_for_voting": 1,
  "n_chains_pruned": 7,
  "n_chains_error": 0,
  "similarity_threshold": 0.92,
  "num_steps_to_delay_pruning": 20,
  "correct_answer_reference": "1037",
  "individual_answers_final": [
    "992"
  ],
  "voted_answer": "992",
  "final_score": 0,
  "processing_duration_sec": 585.1314463615417,
  "total_analysis_intervals": 66,
  "avg_kv_cache_usage": 0.08339143691902749,
  "max_kv_cache_usage": 0.1631921093925129,
  "usage_aggregated": {
    "prompt_tokens": 238,
    "total_completion_tokens_across_all_started_chains": 62791
  },
  "chains_for_voting_details": [
    {
      "chain_index": 4,
      "finish_reason": "stop",
      "extracted_answer": "992",
      "prompt_tokens": 238,
      "completion_tokens": 26448,
      "completed_thought_count": 81,
      "final_mean_pairwise_similarity": 0.434310644865036,
      "final_internal_similarity": 0.005361859813148593,
      "pruned_count": 7
    }
  ],
  "pruned_chain_details": [
    {
      "chain_index": 1,
      "finish_reason": "worker_terminated_unexpectedly",
      "completion_tokens": 4285,
      "completed_thought_count": 22,
      "full_text_len": 10859,
      "pruned_at_step": 27,
      "pruned_by_chain_id": "q9_c2",
      "initial_pruned_count": 0
    },
    {
      "chain_index": 2,
      "finish_reason": "worker_terminated_unexpectedly",
      "completion_tokens": 4457,
      "completed_thought_count": 42,
      "full_text_len": 14803,
      "pruned_at_step": 29,
      "pruned_by_chain_id": "q9_c7",
      "initial_pruned_count": 3
    },
    {
      "chain_index": 3,
      "finish_reason": "worker_terminated_unexpectedly",
      "completion_tokens": 4284,
      "completed_thought_count": 29,
      "full_text_len": 12133,
      "pruned_at_step": 27,
      "pruned_by_chain_id": "q9_c2",
      "initial_pruned_count": 0
    },
    {
      "chain_index": 5,
      "finish_reason": "worker_terminated_unexpectedly",
      "completion_tokens": 4284,
      "completed_thought_count": 40,
      "full_text_len": 13596,
      "pruned_at_step": 27,
      "pruned_by_chain_id": "q9_c4",
      "initial_pruned_count": 0
    },
    {
      "chain_index": 6,
      "finish_reason": "worker_terminated_unexpectedly",
      "completion_tokens": 9774,
      "completed_thought_count": 42,
      "full_text_len": 22960,
      "pruned_at_step": 65,
      "pruned_by_chain_id": "q9_c4",
      "initial_pruned_count": 0
    },
    {
      "chain_index": 7,
      "finish_reason": "worker_terminated_unexpectedly",
      "completion_tokens": 5140,
      "completed_thought_count": 32,
      "full_text_len": 15134,
      "pruned_at_step": 34,
      "pruned_by_chain_id": "q9_c4",
      "initial_pruned_count": 4
    },
    {
      "chain_index": 8,
      "finish_reason": "worker_terminated_unexpectedly",
      "completion_tokens": 4119,
      "completed_thought_count": 22,
      "full_text_len": 10746,
      "pruned_at_step": 25,
      "pruned_by_chain_id": "q9_c2",
      "initial_pruned_count": 0
    }
  ],
  "error_chain_details": []
}