{
  "iteration": 11,
  "question_id": "index_10",
  "status": "SUCCESS",
  "n_chains_start": 8,
  "n_chains_completed_stream_for_voting": 1,
  "n_chains_pruned": 7,
  "n_chains_error": 0,
  "similarity_threshold": 0.92,
  "num_steps_to_delay_pruning": 20,
  "correct_answer_reference": "56",
  "individual_answers_final": [
    "8"
  ],
  "voted_answer": "8",
  "final_score": 0,
  "processing_duration_sec": 277.8733608722687,
  "total_analysis_intervals": 41,
  "avg_kv_cache_usage": 0.06857652245819039,
  "max_kv_cache_usage": 0.1936785474108944,
  "usage_aggregated": {
    "prompt_tokens": 111,
    "total_completion_tokens_across_all_started_chains": 51387
  },
  "chains_for_voting_details": [
    {
      "chain_index": 8,
      "finish_reason": "stop",
      "extracted_answer": "8",
      "prompt_tokens": 111,
      "completion_tokens": 13801,
      "completed_thought_count": 39,
      "final_mean_pairwise_similarity": 0.5743433833122253,
      "final_internal_similarity": 0.014726753418262187,
      "pruned_count": 7
    }
  ],
  "pruned_chain_details": [
    {
      "chain_index": 1,
      "finish_reason": "worker_terminated_unexpectedly",
      "completion_tokens": 5064,
      "completed_thought_count": 30,
      "full_text_len": 14415,
      "pruned_at_step": 31,
      "pruned_by_chain_id": "q11_c6",
      "initial_pruned_count": 0
    },
    {
      "chain_index": 2,
      "finish_reason": "worker_terminated_unexpectedly",
      "completion_tokens": 5221,
      "completed_thought_count": 26,
      "full_text_len": 14660,
      "pruned_at_step": 33,
      "pruned_by_chain_id": "q11_c4",
      "initial_pruned_count": 0
    },
    {
      "chain_index": 3,
      "finish_reason": "worker_terminated_unexpectedly",
      "completion_tokens": 5221,
      "completed_thought_count": 36,
      "full_text_len": 18288,
      "pruned_at_step": 33,
      "pruned_by_chain_id": "q11_c7",
      "initial_pruned_count": 0
    },
    {
      "chain_index": 4,
      "finish_reason": "worker_terminated_unexpectedly",
      "completion_tokens": 5392,
      "completed_thought_count": 31,
      "full_text_len": 14996,
      "pruned_at_step": 35,
      "pruned_by_chain_id": "q11_c8",
      "initial_pruned_count": 1
    },
    {
      "chain_index": 5,
      "finish_reason": "worker_terminated_unexpectedly",
      "completion_tokens": 5907,
      "completed_thought_count": 18,
      "full_text_len": 16977,
      "pruned_at_step": 40,
      "pruned_by_chain_id": "q11_c8",
      "initial_pruned_count": 0
    },
    {
      "chain_index": 6,
      "finish_reason": "worker_terminated_unexpectedly",
      "completion_tokens": 5560,
      "completed_thought_count": 29,
      "full_text_len": 16369,
      "pruned_at_step": 37,
      "pruned_by_chain_id": "q11_c8",
      "initial_pruned_count": 1
    },
    {
      "chain_index": 7,
      "finish_reason": "worker_terminated_unexpectedly",
      "completion_tokens": 5221,
      "completed_thought_count": 33,
      "full_text_len": 14894,
      "pruned_at_step": 33,
      "pruned_by_chain_id": "q11_c8",
      "initial_pruned_count": 1
    }
  ],
  "error_chain_details": []
}