{
  "iteration": 8,
  "question_id": "index_7",
  "status": "SUCCESS",
  "n_chains_start": 8,
  "n_chains_completed_stream_for_voting": 1,
  "n_chains_pruned": 7,
  "n_chains_error": 0,
  "similarity_threshold": 0.92,
  "num_steps_to_delay_pruning": 20,
  "correct_answer_reference": "1-\\frac{2}{\\pi}",
  "individual_answers_final": [
    "\\dfrac{\\sqrt{3} - 1}{2}"
  ],
  "voted_answer": "\\dfrac{\\sqrt{3} - 1}{2}",
  "final_score": 0,
  "processing_duration_sec": 317.2625894546509,
  "total_analysis_intervals": 44,
  "avg_kv_cache_usage": 0.07159303916652907,
  "max_kv_cache_usage": 0.2002540536501531,
  "usage_aggregated": {
    "prompt_tokens": 151,
    "total_completion_tokens_across_all_started_chains": 53951
  },
  "chains_for_voting_details": [
    {
      "chain_index": 8,
      "finish_reason": "stop",
      "extracted_answer": "\\dfrac{\\sqrt{3} - 1}{2}",
      "prompt_tokens": 151,
      "completion_tokens": 15048,
      "completed_thought_count": 34,
      "final_mean_pairwise_similarity": 0.4627683460712433,
      "final_internal_similarity": 0.013610833707977743,
      "pruned_count": 7
    }
  ],
  "pruned_chain_details": [
    {
      "chain_index": 1,
      "finish_reason": "worker_terminated_unexpectedly",
      "completion_tokens": 5357,
      "completed_thought_count": 27,
      "full_text_len": 12562,
      "pruned_at_step": 34,
      "pruned_by_chain_id": "q8_c2",
      "initial_pruned_count": 0
    },
    {
      "chain_index": 2,
      "finish_reason": "worker_terminated_unexpectedly",
      "completion_tokens": 5703,
      "completed_thought_count": 29,
      "full_text_len": 12460,
      "pruned_at_step": 38,
      "pruned_by_chain_id": "q8_c8",
      "initial_pruned_count": 4
    },
    {
      "chain_index": 3,
      "finish_reason": "worker_terminated_unexpectedly",
      "completion_tokens": 6403,
      "completed_thought_count": 26,
      "full_text_len": 14716,
      "pruned_at_step": 43,
      "pruned_by_chain_id": "q8_c8",
      "initial_pruned_count": 0
    },
    {
      "chain_index": 4,
      "finish_reason": "worker_terminated_unexpectedly",
      "completion_tokens": 5356,
      "completed_thought_count": 39,
      "full_text_len": 15292,
      "pruned_at_step": 34,
      "pruned_by_chain_id": "q8_c2",
      "initial_pruned_count": 1
    },
    {
      "chain_index": 5,
      "finish_reason": "worker_terminated_unexpectedly",
      "completion_tokens": 5356,
      "completed_thought_count": 27,
      "full_text_len": 11562,
      "pruned_at_step": 34,
      "pruned_by_chain_id": "q8_c2",
      "initial_pruned_count": 0
    },
    {
      "chain_index": 6,
      "finish_reason": "worker_terminated_unexpectedly",
      "completion_tokens": 5197,
      "completed_thought_count": 26,
      "full_text_len": 12889,
      "pruned_at_step": 32,
      "pruned_by_chain_id": "q8_c4",
      "initial_pruned_count": 0
    },
    {
      "chain_index": 7,
      "finish_reason": "worker_terminated_unexpectedly",
      "completion_tokens": 5531,
      "completed_thought_count": 29,
      "full_text_len": 11927,
      "pruned_at_step": 36,
      "pruned_by_chain_id": "q8_c8",
      "initial_pruned_count": 0
    }
  ],
  "error_chain_details": []
}