{
  "iteration": 3,
  "question_id": "index_2",
  "status": "SUCCESS",
  "n_chains_requested": 2,
  "n_chains_completed_stream_with_content": 2,
  "n_chains_completed_stream_for_voting": 2,
  "error_chains_count": 0,
  "prompt_len": 510,
  "correct_answer_reference": "\\frac{1}{576}",
  "individual_answers": [
    "576",
    "576"
  ],
  "voted_answer": "576",
  "final_score": 0,
  "avg_kv_cache_usage": 0.06433608309460678,
  "max_kv_cache_usage": 0.1087146096157199,
  "processing_duration_sec": 707.1769316196442,
  "usage_aggregated": {
    "prompt_tokens": 172,
    "total_completion_tokens_across_all_requested_chains": 41444,
    "total_reasoning_tokens_counted": 40058,
    "total_non_reasoning_tokens_counted": 1382,
    "total_tokens_usage": 41616
  },
  "chains_for_voting_details": [
    {
      "chain_index": 1,
      "finish_reason": "stop",
      "extracted_answer": "576",
      "prompt_tokens": 172,
      "completion_tokens": 14779,
      "reasoning_tokens_counted": 14112,
      "non_reasoning_tokens_counted": 665
    },
    {
      "chain_index": 2,
      "finish_reason": "stop",
      "extracted_answer": "576",
      "prompt_tokens": 172,
      "completion_tokens": 26665,
      "reasoning_tokens_counted": 25946,
      "non_reasoning_tokens_counted": 717
    }
  ],
  "error_chain_details": []
}