{
  "iteration": 21,
  "question_id": "index_20",
  "status": "SUCCESS",
  "n_chains_requested": 2,
  "n_chains_completed_stream_with_content": 2,
  "n_chains_completed_stream_for_voting": 2,
  "error_chains_count": 0,
  "prompt_len": 487,
  "correct_answer_reference": "26",
  "individual_answers": [
    "26",
    "26"
  ],
  "voted_answer": "26",
  "final_score": 1,
  "avg_kv_cache_usage": 0.010191267949537768,
  "max_kv_cache_usage": 0.019068658798907,
  "processing_duration_sec": 61.878984689712524,
  "usage_aggregated": {
    "prompt_tokens": 139,
    "total_completion_tokens_across_all_requested_chains": 5580,
    "total_reasoning_tokens_counted": 4239,
    "total_non_reasoning_tokens_counted": 1337,
    "total_tokens_usage": 5719
  },
  "chains_for_voting_details": [
    {
      "chain_index": 1,
      "finish_reason": "stop",
      "extracted_answer": "26",
      "prompt_tokens": 139,
      "completion_tokens": 3100,
      "reasoning_tokens_counted": 2373,
      "non_reasoning_tokens_counted": 725
    },
    {
      "chain_index": 2,
      "finish_reason": "stop",
      "extracted_answer": "26",
      "prompt_tokens": 139,
      "completion_tokens": 2480,
      "reasoning_tokens_counted": 1866,
      "non_reasoning_tokens_counted": 612
    }
  ],
  "error_chain_details": []
}