{
  "iteration": 22,
  "question_id": "index_21",
  "status": "SUCCESS",
  "n_chains_requested": 2,
  "n_chains_completed_stream_with_content": 2,
  "n_chains_completed_stream_for_voting": 2,
  "error_chains_count": 0,
  "prompt_len": 586,
  "correct_answer_reference": "63",
  "individual_answers": [
    "63",
    "63"
  ],
  "voted_answer": "63",
  "final_score": 1,
  "avg_kv_cache_usage": 0.04755679928679643,
  "max_kv_cache_usage": 0.0940642985872914,
  "processing_duration_sec": 303.3972501754761,
  "usage_aggregated": {
    "prompt_tokens": 140,
    "total_completion_tokens_across_all_requested_chains": 25813,
    "total_reasoning_tokens_counted": 24596,
    "total_non_reasoning_tokens_counted": 1213,
    "total_tokens_usage": 25953
  },
  "chains_for_voting_details": [
    {
      "chain_index": 1,
      "finish_reason": "stop",
      "extracted_answer": "63",
      "prompt_tokens": 140,
      "completion_tokens": 13018,
      "reasoning_tokens_counted": 12333,
      "non_reasoning_tokens_counted": 683
    },
    {
      "chain_index": 2,
      "finish_reason": "stop",
      "extracted_answer": "63",
      "prompt_tokens": 140,
      "completion_tokens": 12795,
      "reasoning_tokens_counted": 12263,
      "non_reasoning_tokens_counted": 530
    }
  ],
  "error_chain_details": []
}