{
  "iteration": 27,
  "question_id": "index_26",
  "status": "SUCCESS",
  "n_chains_requested": 2,
  "n_chains_completed_stream_with_content": 2,
  "n_chains_completed_stream_for_voting": 2,
  "error_chains_count": 0,
  "prompt_len": 494,
  "correct_answer_reference": "\\frac{7}{18}",
  "individual_answers": [
    "\\dfrac{7}{18}",
    "\\dfrac{7}{20}"
  ],
  "voted_answer": "\\dfrac{7}{20}",
  "final_score": 0,
  "avg_kv_cache_usage": 0.05911409035852028,
  "max_kv_cache_usage": 0.0987151909772687,
  "processing_duration_sec": 709.5154492855072,
  "usage_aggregated": {
    "prompt_tokens": 156,
    "total_completion_tokens_across_all_requested_chains": 38701,
    "total_reasoning_tokens_counted": 37511,
    "total_non_reasoning_tokens_counted": 1186,
    "total_tokens_usage": 38857
  },
  "chains_for_voting_details": [
    {
      "chain_index": 1,
      "finish_reason": "stop",
      "extracted_answer": "\\dfrac{7}{18}",
      "prompt_tokens": 156,
      "completion_tokens": 11703,
      "reasoning_tokens_counted": 11114,
      "non_reasoning_tokens_counted": 587
    },
    {
      "chain_index": 2,
      "finish_reason": "stop",
      "extracted_answer": "\\dfrac{7}{20}",
      "prompt_tokens": 156,
      "completion_tokens": 26998,
      "reasoning_tokens_counted": 26397,
      "non_reasoning_tokens_counted": 599
    }
  ],
  "error_chain_details": []
}