{
  "iteration": 12,
  "question_id": "index_11",
  "status": "SUCCESS",
  "n_chains_requested": 2,
  "n_chains_completed_stream_with_content": 2,
  "n_chains_completed_stream_for_voting": 2,
  "error_chains_count": 0,
  "prompt_len": 604,
  "correct_answer_reference": "29",
  "individual_answers": [
    "31",
    "8"
  ],
  "voted_answer": "31",
  "final_score": 0,
  "avg_kv_cache_usage": 0.08256774773002157,
  "max_kv_cache_usage": 0.1639439567467008,
  "processing_duration_sec": 604.5437750816345,
  "usage_aggregated": {
    "prompt_tokens": 147,
    "total_completion_tokens_across_all_requested_chains": 45664,
    "total_reasoning_tokens_counted": 44593,
    "total_non_reasoning_tokens_counted": 1067,
    "total_tokens_usage": 45811
  },
  "chains_for_voting_details": [
    {
      "chain_index": 1,
      "finish_reason": "stop",
      "extracted_answer": "31",
      "prompt_tokens": 147,
      "completion_tokens": 22406,
      "reasoning_tokens_counted": 21941,
      "non_reasoning_tokens_counted": 463
    },
    {
      "chain_index": 2,
      "finish_reason": "stop",
      "extracted_answer": "8",
      "prompt_tokens": 147,
      "completion_tokens": 23258,
      "reasoning_tokens_counted": 22652,
      "non_reasoning_tokens_counted": 604
    }
  ],
  "error_chain_details": []
}