{
  "iteration": 1,
  "question_id": "index_0",
  "status": "SUCCESS",
  "n_chains_requested": 2,
  "n_chains_completed_stream_with_content": 2,
  "n_chains_completed_stream_for_voting": 2,
  "error_chains_count": 0,
  "prompt_len": 338,
  "correct_answer_reference": "103",
  "individual_answers": [
    "103",
    "103"
  ],
  "voted_answer": "103",
  "final_score": 1,
  "avg_kv_cache_usage": 0.019128621972773183,
  "max_kv_cache_usage": 0.0374396837393175,
  "processing_duration_sec": 110.56832981109619,
  "usage_aggregated": {
    "prompt_tokens": 84,
    "total_completion_tokens_across_all_requested_chains": 10724,
    "total_reasoning_tokens_counted": 9509,
    "total_non_reasoning_tokens_counted": 1211,
    "total_tokens_usage": 10808
  },
  "chains_for_voting_details": [
    {
      "chain_index": 1,
      "finish_reason": "stop",
      "extracted_answer": "103",
      "prompt_tokens": 84,
      "completion_tokens": 5664,
      "reasoning_tokens_counted": 5034,
      "non_reasoning_tokens_counted": 628
    },
    {
      "chain_index": 2,
      "finish_reason": "stop",
      "extracted_answer": "103",
      "prompt_tokens": 84,
      "completion_tokens": 5060,
      "reasoning_tokens_counted": 4475,
      "non_reasoning_tokens_counted": 583
    }
  ],
  "error_chain_details": []
}