{
  "iteration": 25,
  "question_id": "index_24",
  "status": "SUCCESS",
  "n_chains_requested": 2,
  "n_chains_completed_stream_with_content": 2,
  "n_chains_completed_stream_for_voting": 2,
  "error_chains_count": 0,
  "prompt_len": 550,
  "correct_answer_reference": "\\sqrt{23}-2 \\sqrt{3}",
  "individual_answers": [
    "\\sqrt{23}",
    "\\sqrt{11}"
  ],
  "voted_answer": "\\sqrt{23}",
  "final_score": 0,
  "avg_kv_cache_usage": 0.07198820506669948,
  "max_kv_cache_usage": 0.13743387012383,
  "processing_duration_sec": 650.8300909996033,
  "usage_aggregated": {
    "prompt_tokens": 151,
    "total_completion_tokens_across_all_requested_chains": 43751,
    "total_reasoning_tokens_counted": 42830,
    "total_non_reasoning_tokens_counted": 917,
    "total_tokens_usage": 43902
  },
  "chains_for_voting_details": [
    {
      "chain_index": 1,
      "finish_reason": "stop",
      "extracted_answer": "\\sqrt{23}",
      "prompt_tokens": 151,
      "completion_tokens": 18758,
      "reasoning_tokens_counted": 18269,
      "non_reasoning_tokens_counted": 487
    },
    {
      "chain_index": 2,
      "finish_reason": "stop",
      "extracted_answer": "\\sqrt{11}",
      "prompt_tokens": 151,
      "completion_tokens": 24993,
      "reasoning_tokens_counted": 24561,
      "non_reasoning_tokens_counted": 430
    }
  ],
  "error_chain_details": []
}