{
  "iteration": 8,
  "question_id": "index_7",
  "status": "PARTIAL_SUCCESS (1_failed)",
  "n_chains_requested": 2,
  "n_chains_completed_stream_with_content": 2,
  "n_chains_completed_stream_for_voting": 1,
  "error_chains_count": 1,
  "prompt_len": 504,
  "correct_answer_reference": "1-\\frac{2}{\\pi}",
  "individual_answers": [
    "1 - \\dfrac{2}{\\pi}"
  ],
  "voted_answer": "1 - \\dfrac{2}{\\pi}",
  "final_score": 1,
  "avg_kv_cache_usage": 0.06329097318674237,
  "max_kv_cache_usage": 0.1196442067321666,
  "processing_duration_sec": 880.8002393245697,
  "usage_aggregated": {
    "prompt_tokens": 156,
    "total_completion_tokens_across_all_requested_chains": 40165,
    "total_reasoning_tokens_counted": 6795,
    "total_non_reasoning_tokens_counted": 600,
    "total_tokens_usage": 40321
  },
  "chains_for_voting_details": [
    {
      "chain_index": 2,
      "finish_reason": "stop",
      "extracted_answer": "1 - \\dfrac{2}{\\pi}",
      "prompt_tokens": 156,
      "completion_tokens": 7397,
      "reasoning_tokens_counted": 6795,
      "non_reasoning_tokens_counted": 600
    }
  ],
  "error_chain_details": [
    {
      "chain_index": 1,
      "finish_reason": "length",
      "error": "Content generated but no answer extracted",
      "full_content": "Okay, so I have this problem here where I need to compute the infinite sum of sgn(sin(2^n)) divided by 2^n, starting from n=1 to infinity. The arguments for sine are in radians. Hmm, the sgn function is the sign function, right? So it gives 1 if the argument is positive, -1 if negative, and 0 if zero. But since we're dealing with sin(2^n), which is a sine of an exponential function, I need to figure out whether sin(2^n) is positive or negative for each n, then assign the sign accordingly, and sum those divided by 2^n. \n\nFirst, let me recall that the sine function is positive in the first and second quadrants (between 0 and \u03c0 radians) and negative in the third and fourth quadrants (between \u03c0 and 2\u03c0). Since 2^n grows exponentially, the angle 2^n radians is going to be a very large number as n increases, so the sine of such a large angle might be hard to compute directly. But maybe there's a pattern or some periodicity we can exploit?\n\nWait, sine has a period of 2\u03c0. So sin(2^n) is the same as sin(2^n mod 2\u03c0). But 2^n is going to cycle modulo 2\u03c0 in some way? Hmm, but 2 and 2\u03c0 are incommensurate, right? Since \u03c0 is irrational, so 2 and 2\u03c0 don't have a common period. Therefore, the fractional parts of 2^n / (2\u03c0) are going to be distributed uniformly in [0,1) due to equidistribution theorem? Wait, but I'm not sure if 2 is a base here. Let me think again.\n\nAlternatively, maybe the key is that sin(2^n) alternates sign in some pattern? If so, perhaps the terms will alternate between positive and negative, but given that 2^n grows so quickly, maybe the sign changes can be considered random? But how can we sum this?\n\nAlternatively, perhaps the terms become so small so quickly that the series converges absolutely? Let me check: the terms are bounded by 1/2^n, so the series converges absolutely by comparison to a geometric series with ratio 1/2. Therefore, the sum exists. But we need to compute its exact value?\n\nHmm, maybe there's some trick here. Let me compute the first few terms manually to see if a pattern emerges.\n\nLet me start calculating sin(2^n) for n starting at 1:\n\nn=1: 2^1 = 2 radians. Let me compute sin(2). Since \u03c0 is approximately 3.1416, so 2 radians is less than \u03c0 (~3.14), so sin(2) is positive. Therefore, sgn(sin(2)) = 1. So the first term is 1/2.\n\nn=2: 2^2 = 4 radians. 4 radians is between \u03c0 (~3.14) and 2\u03c0 (~6.28), so in the third quadrant (between \u03c0 and 3\u03c0/2?) Wait, 4 radians is \u03c0 + (4 - \u03c0) \u2248 3.14 + 0.86 \u2248 4, so between \u03c0 and 3\u03c0/2 (~4.712). Wait, actually \u03c0 is ~3.14, 3\u03c0/2 is ~4.712, so 4 is between \u03c0 and 3\u03c0/2. In that interval, sine is negative. Therefore, sin(4) is negative, so sgn is -1. The second term is -1/4.\n\nn=3: 2^3 = 8 radians. Let's see, 8 radians. Since 2\u03c0 is ~6.28, so subtract 2\u03c0 once: 8 - 6.28 \u2248 1.72 radians. So 8 mod 2\u03c0 is ~1.72, which is between 0 and \u03c0, so sine is positive. Therefore, sgn(sin(8)) is 1. Third term is 1/8.\n\nn=4: 2^4 = 16 radians. Let's compute mod 2\u03c0: 16 divided by 2\u03c0 is about 16/(6.283) \u2248 2.546. So subtract 2*2\u03c0 = ~12.566 from 16: 16 - 12.566 \u2248 3.434 radians. 3.434 is between \u03c0 (~3.14) and 2\u03c0 (~6.28). Wait, actually between \u03c0 and 2\u03c0. Specifically, between \u03c0 and 2\u03c0. To see the exact quadrant: 3.434 is between \u03c0 (~3.14) and 3\u03c0/2 (~4.712)? Wait, 3.434 is between \u03c0 and 3\u03c0/2? Wait, 3\u03c0/2 is ~4.712, so yes. 3.434 is between \u03c0 and 3\u03c0/2, so sine is negative there. Therefore, sgn(sin(16)) = -1. Term is -1/16.\n\nn=5: 2^5 = 32 radians. Let's compute mod 2\u03c0. 32 divided by 2\u03c0 is approximately 32/6.283 \u2248 5.093. So subtract 5*2\u03c0 \u2248 31.415 from 32, giving 32 - 31.415 \u2248 0.585 radians. So 0.585 is between 0 and \u03c0, so sine is positive. Therefore, sgn(sin(32)) = 1. Term is 1/32.\n\nn=6: 2^6 = 64 radians. 64/(2\u03c0) \u2248 10.206, so subtract 10*2\u03c0\u224862.832 from 64, giving 64 - 62.832\u22481.168 radians. Still between 0 and \u03c0, so sine positive. Term is 1/64.\n\nWait, but let me check again: 64 radians. 2\u03c0 is ~6.283, so 64 divided by 2\u03c0 is about 10.206, so the fractional part is 0.206 of 2\u03c0? Wait, perhaps better to compute 64 mod 2\u03c0 directly.\n\nAlternatively, maybe I made an error here. Let me recalculate:\n\nFor n=5: 32 radians.\n\n32 divided by 2\u03c0: 2\u03c0\u22486.283, so 6.283*5=31.415, so 32-31.415\u22480.585. So yes, that is correct.\n\nn=6: 64 radians. Let's divide by 2\u03c0: 64/(2\u03c0) \u224810.1906. So subtract 10*2\u03c0\u224862.8319, so 64 -62.8319\u22481.168 radians. So that's between 0 and \u03c0, so sine positive. So term is 1/64.\n\nn=7: 128 radians. Let's see 128/(2\u03c0)\u224820.372. Subtract 20*2\u03c0\u2248125.664, so 128 -125.664\u22482.336 radians. 2.336 is between \u03c0 (~3.14) no, wait 2.336 is less than \u03c0 (~3.14), so between 0 and \u03c0, so sine positive. Thus sgn(sin(128))=1. Term is 1/128.\n\nWait, hold on. 2.336 is less than \u03c0 (\u22483.14), so yes, in first quadrant. So positive.\n\nn=8: 256 radians. Let me compute 256/(2\u03c0)\u224840.742. Subtract 40*2\u03c0\u2248251.327, so 256-251.327\u22484.673 radians. 4.673 is between \u03c0 (~3.14) and 2\u03c0 (~6.28). Specifically, between \u03c0 and 3\u03c0/2 (\u22484.712). Wait, 4.673 is just slightly less than 4.712. So it's just below 3\u03c0/2. Wait, 3\u03c0/2 is ~4.712, so 4.673 is just before that. So between \u03c0 and 3\u03c0/2, so sine is negative. Therefore, sgn(sin(256))=-1. Term is -1/256.\n\nHmm, so let's list the terms we have so far up to n=8:\n\nn : term\n1: 1/2\n2: -1/4\n3: 1/8\n4: -1/16\n5: 1/32\n6: 1/64\n7: 1/128\n8: -1/256\n\nWait, hold on, n=6 was 64 radians, which gave us 1/64, and n=7 was 128 radians, which gave 1/128. The next term at n=8 gave -1/256. Hmm. Let me see if there is a pattern here.\n\nLooking at the terms:\n\n1/2 -1/4 +1/8 -1/16 +1/32 +1/64 +1/128 -1/256...\n\nWait, not sure yet. Let me compute a few more terms.\n\nn=9: 512 radians. 512/(2\u03c0)\u224881.484. Subtract 81*2\u03c0\u2248254.469*2? Wait, actually 2\u03c0*81\u2248508.938. So 512 - 508.938\u22483.062 radians. 3.062 is between \u03c0 (~3.14) and 3\u03c0/2 (~4.712)? Wait, 3.062 is actually less than \u03c0 (~3.14), since 3.14 is ~3.1416. So 3.062 is just below \u03c0? Wait, 3.062 < \u03c0? Let me compute \u03c0 is approximately 3.14159, so 3.062 is less than \u03c0, so between 0 and \u03c0. Therefore, sine is positive. So term is +1/512.\n\nWait a second, 3.062 is less than \u03c0, so yes. So positive.\n\nn=9 term is +1/512.\n\nn=10: 1024 radians. Let's compute 1024/(2\u03c0)\u2248163. So 2\u03c0*163 = approx 1024? Let me check. 2\u03c0\u22486.283, so 6.283*163 \u2248 6.283*160=1005.28 + 6.283*3\u224818.85, total \u22481024.13. So 1024 radians is slightly less than 2\u03c0*163 \u22481024.13. Therefore, 1024 mod 2\u03c0 \u2248 1024 - (163)*(2\u03c0). Wait, but if 2\u03c0*163\u22481024.13, then 1024 - 1024.13\u2248-0.13, which can't be. Hmm, maybe better to compute 1024 divided by 2\u03c0:\n\n1024/(2\u03c0) \u2248 1024 /6.283 \u2248162.968. So approximately 162.968, so the integer part is 162. So subtract 162*(2\u03c0)=162*6.283\u22481019. So 1024 -1019\u22485 radians. Wait, 162*2\u03c0 is 162*6.283\u22481019. So 1024-1019\u22485 radians. So 5 radians is between \u03c0 (~3.14) and 2\u03c0 (~6.28). Specifically, between \u03c0 and 3\u03c0/2 (\u22484.712)? Wait, 5 is greater than 3\u03c0/2 (\u22484.712). So 5 is between 3\u03c0/2 and 2\u03c0. In that interval, sine is negative. So sin(5 radians) is negative? Wait, let's see:\n\nWait, \u03c0 is ~3.14, 3\u03c0/2 is ~4.712, 2\u03c0 is ~6.28. So 5 radians is between 3\u03c0/2 and 2\u03c0, so in the fourth quadrant where sine is negative. Therefore, sgn(sin(1024)) is -1. The term is -1/1024.\n\nHmm. Let's note that:\n\nn=10 term is -1/1024.\n\nContinuing to n=11: 2048 radians.\n\n2048/(2\u03c0) \u2248 2048/6.283\u2248325.856. So the integer part is 325. So subtract 325*(2\u03c0) \u2248325*6.283\u22482043. So 2048 - 2043 \u22485 radians. Wait, same as n=10? Wait, no, wait 2048 is double of 1024. Hmm, but mod 2\u03c0, perhaps it's similar?\n\nWait 2048 mod 2\u03c0: Let me compute more precisely. 2\u03c0\u22486.283185307.\n\n2048 divided by 2\u03c0: Let me do this step by step. Let me compute 2048 divided by 6.283185307.\n\nFirst, 6.283185307 * 325 = ?\n\n6.283185307 * 300 = 1884.9555921\n\n6.283185307 * 25 = 157.079632675\n\nTotal 1884.9555921 + 157.079632675 \u2248 2042.035224775.\n\n2048 - 2042.035224775 \u22485.964775225 radians. So that's approximately 5.9648 radians.\n\nWhich is between 3\u03c0/2 (~4.712) and 2\u03c0 (~6.283). So in the fourth quadrant, sine is negative. Therefore, sgn(sin(2048)) is -1. Term is -1/2048.\n\nWait, but 5.9648 is close to 2\u03c0 (~6.283), so just a bit less. So sine is negative in that quadrant. So term is -1/2048.\n\nHmm, so n=11 term is -1/2048.\n\nn=12: 4096 radians.\n\nCompute 4096/(2\u03c0) \u22484096/6.283\u2248651.712. So integer part 651. 651 * 2\u03c0\u2248651*6.283\u22484094. So 4096 -4094\u22482 radians. So 2 radians is between 0 and \u03c0, so sine positive. Therefore term is +1/4096.\n\nHmm, so term is +1/4096.\n\nOkay, so let me list the terms up to n=12:\n\nn term\n1: 1/2\n2: -1/4\n3: 1/8\n4: -1/16\n5: 1/32\n6: 1/64\n7: 1/128\n8: -1/256\n9: 1/512\n10: -1/1024\n11: -1/2048\n12: 1/4096\n\nHmm, trying to see a pattern here. The signs go +, -, +, -, +, +, +, -, +, -, -, +... Not obvious. Maybe it's random? But the problem is asking for the exact value of the sum. So perhaps there's a trick here.\n\nAlternatively, maybe the series can be related to a base-2 expansion or something?\n\nAlternatively, since 2^n mod 2\u03c0 is involved, and 2 is irrational with respect to 2\u03c0 (since \u03c0 is irrational), perhaps by equidistribution theorem, the fractional parts of (2^n)/(2\u03c0) are uniformly distributed in [0,1). If that's the case, then the probability that sin(2^n) is positive is 1/2, and negative is 1/2, so the terms would be +1/2^n with probability 1/2 and -1/2^n with probability 1/2. Then the expected value of the sum would be zero. But since the problem is to compute the exact sum, not an expectation, maybe it converges to zero?\n\nBut wait, equidistribution says that the average of the signs would approach zero, but does the sum itself converge?\n\nAlternatively, maybe the partial sums are bounded? Let me check the partial sums up to n=12:\n\nS1 = 1/2 \u22480.5\n\nS2 = 0.5 -0.25 =0.25\n\nS3 =0.25 +0.125 =0.375\n\nS4 =0.375 -0.0625=0.3125\n\nS5 =0.3125 +0.03125=0.34375\n\nS6 =0.34375 +0.015625=0.359375\n\nS7 =0.359375 +0.0078125\u22480.3671875\n\nS8 =0.3671875 -0.00390625\u22480.36328125\n\nS9 =0.36328125 +0.001953125\u22480.365234375\n\nS10=0.365234375 -0.0009765625\u22480.3642578125\n\nS11=0.3642578125 -0.00048828125\u22480.36376953125\n\nS12\u22480.36376953125 +0.000244140625\u22480.364013671875\n\nHmm, so the partial sums are oscillating around approximately 0.364. Maybe converging to a number around 0.364? Not sure yet. Let me compute a few more terms.\n\nn=13: 8192 radians. Let's compute mod 2\u03c0.\n\n8192/(2\u03c0)\u22488192/6.283\u22481303.712. So integer part 1303. 1303*2\u03c0\u22481303*6.283\u22488192? Let me compute 1303*6.283:\n\nWell, 1300*6.283 = 1300*6 +1300*0.283=7800 + 367.9=8167.9\n\n3*6.283\u224818.849, so total \u22488167.9+18.849\u22488186.749.\n\nTherefore, 8192 -8186.749\u22485.251 radians. Which is between \u03c0 (~3.14) and 2\u03c0 (~6.28). 5.251 is between 3\u03c0/2 (~4.712) and 2\u03c0. So sine is negative here, so sgn(sin(8192))=-1. Term is -1/8192\u2248-0.0001220703125.\n\nThus, S13\u22480.364013671875 -0.0001220703125\u22480.3638916015625\n\nn=14: 16384 radians.\n\n16384/(2\u03c0)\u224816384/6.283\u22482607.424. So integer part 2607. 2607*2\u03c0\u22482607*6.283.\n\nAgain, let me approximate:\n\n2600*6.283=2600*6 +2600*0.283=15,600 + 735.8=16,335.8\n\n7*6.283\u224843.981, so total\u224816,335.8 +43.981\u224816,379.781.\n\n16384 -16379.781\u22484.219 radians. Between \u03c0 (~3.14) and 3\u03c0/2 (~4.712). So between \u03c0 and 3\u03c0/2, so sine negative. Term is -1/16384\u2248-0.00006103515625.\n\nThus S14\u22480.3638916015625 -0.00006103515625\u22480.36383056640625\n\nn=15: 32768 radians.\n\n32768/(2\u03c0)\u224832768/6.283\u22485214.848. So integer part 5214. 5214*2\u03c0\u22485214*6.283.\n\nThis is getting tedious, but let's see:\n\n5214 * 6 = 31,284\n\n5214 *0.283\u22485214*(0.2 +0.08 +0.003)=5214*0.2=1042.8; 5214*0.08=417.12; 5214*0.003\u224815.642. So total\u22481042.8+417.12=1459.92 +15.642\u22481475.562\n\nSo total 5214*6.283\u224831,284 +1,475.562\u224832,759.562\n\n32768 -32,759.562\u22488.438 radians. Which is between 0 and 2\u03c0. 8.438 radians. Let's subtract 2\u03c0 once: 8.438 -6.283\u22482.155 radians. Which is between 0 and \u03c0, so sine positive. Therefore, sgn(sin(32768))=+1. Term is +1/32768\u22480.000030517578125.\n\nThus S15\u22480.36383056640625 +0.000030517578125\u22480.363861083984375\n\nHmm, so partial sums are hovering around 0.3638...\n\nWait, perhaps this is converging to 0.364... which is roughly 0.3636... which is 4/11\u22480.3636... or maybe something else?\n\nAlternatively, 0.364 is close to 0.366, which is 1/(sqrt(7.5)) or something? Not sure. Alternatively, maybe the sum is 1/2?\n\nWait, the partial sums are around 0.36, which is less than 1/2. Alternatively, perhaps it's a known constant?\n\nAlternatively, maybe there's a clever way to compute it by considering properties of the sine function and the exponents.\n\nAlternatively, since the terms are sgn(sin(2^n))/2^n, perhaps grouping terms where the sign is positive or negative?\n\nAlternatively, maybe the series telescopes? Not sure.\n\nAlternatively, notice that 2^{n} mod 2\u03c0 cycles in some way, but since 2 and 2\u03c0 are incommensurate, the fractional parts are dense in [0,1). So perhaps the sequence sgn(sin(2^n)) is a random \u00b11 sequence? But the problem is to compute the exact sum, so unless there's some hidden structure, maybe it's zero? But the partial sums aren't approaching zero.\n\nAlternatively, maybe the series can be related to a binary expansion?\n\nAlternatively, perhaps considering that each term is 1 or -1, so the partial sums can be represented as a binary expansion with coefficients \u00b11, but scaled by 1/2^n.\n\nAlternatively, maybe the signs form a pattern similar to a Thue-Morse sequence? The Thue-Morse sequence has alternating signs but avoiding overlaps, but not sure.\n\nAlternatively, think of the binary expansion of some number? Wait, the terms are 1/2^n, so the sum is like a base-2 expansion with digits +1 or -1 instead of 0 or 1. So the total would be a number between -1 and +1. But how?\n\nAlternatively, maybe the series relates to a known function or constant? Hmm.\n\nAlternatively, perhaps the series can be expressed as the real part of some complex series involving 2^n, but I don't see how.\n\nAlternatively, let me think of the problem in terms of binary expansions. Since each term is divided by 2^n, the total sum is a binary-like fraction with coefficients sgn(sin(2^n)). But to compute the exact value, maybe there's a recursive relation?\n\nAlternatively, let me consider writing the sum as S = sum_{n=1}^\\infty s_n / 2^n where s_n = sgn(sin(2^n)).\n\nSuppose I write S = s_1/2 + s_2/4 + s_3/8 + s_4/16 + ... \n\nIf I could find a relation between the terms, maybe express S in terms of itself?\n\nAlternatively, note that 2^{n+1} is double of 2^n, but since sine of double angle is 2 sin\u03b8 cos\u03b8, but that might not help here.\n\nAlternatively, perhaps the terms s_n have some recursive relation?\n\nAlternatively, since 2^{n} mod 2\u03c0 is involved, perhaps considering the fractional parts:\n\nLet me denote \u03b8_n = 2^n mod 2\u03c0. Then s_n = sgn(sin \u03b8_n). So the problem is to compute sum_{n=1}^\\infty sgn(sin \u03b8_n)/2^n where \u03b8_{n+1} \u2261 2\u03b8_n mod 2\u03c0.\n\nWait, this recurrence is \u03b8_{n+1} = 2\u03b8_n mod 2\u03c0. Because 2^{n+1} = 2*2^n, so mod 2\u03c0, it's 2*(2^n mod 2\u03c0) mod 2\u03c0. So yes, the angle doubles each time modulo 2\u03c0.\n\nAh, that's a key insight! The sequence \u03b8_n is generated by doubling the previous angle modulo 2\u03c0. This is exactly the dynamics of the angle doubling map, which is a well-known chaotic system. The doubling map on the circle. So the angles \u03b8_n are generated by \u03b8_{n} = (2^n * \u03b8_0) mod 2\u03c0, where \u03b8_0 is 2 radians (since \u03b8_1 = 2^1 mod 2\u03c0 = 2 mod 2\u03c0 = 2 radians).\n\nWait, actually \u03b8_1 is 2 mod 2\u03c0, which is 2. Then \u03b8_2 = 2*\u03b8_1 mod 2\u03c0 = 4 mod 2\u03c0 =4, \u03b8_3= 2*\u03b8_2 mod 2\u03c0 =8 mod 2\u03c0=8-2\u03c0\u22488-6.283\u22481.717, etc. So each term is doubling the previous angle modulo 2\u03c0.\n\nTherefore, the sequence \u03b8_n is the orbit of the doubling map starting at \u03b8_0 = 2 radians.\n\nNow, the function s_n = sgn(sin \u03b8_n). Since sin \u03b8 is positive when \u03b8 is in (0, \u03c0) and negative in (\u03c0, 2\u03c0), so s_n = 1 if \u03b8_n mod 2\u03c0 is in (0, \u03c0), else -1.\n\nTherefore, the sequence s_n is determined by whether \u03b8_n is in the first half or the second half of the circle.\n\nSo the problem reduces to computing the sum over n of s_n / 2^n, where s_n is 1 if \u03b8_n is in (0, \u03c0) and -1 otherwise, and \u03b8_{n} = 2^n * \u03b8_0 mod 2\u03c0, with \u03b8_0 =2 radians.\n\nHmm, perhaps this can be modeled as a binary expansion with some properties?\n\nAlternatively, since the doubling map is chaotic, the sequence s_n is a Bernoulli sequence (i.e., each term is independent with 50% chance of +1 or -1), but actually, the doubling map is deterministic. However, for irrational starting angles, the orbit is dense and equidistributed. Since \u03b8_0 =2 radians, which is not a rational multiple of \u03c0, so the doubling map will generate angles that are dense in [0,2\u03c0). Therefore, according to the equidistribution theorem, the proportion of times \u03b8_n lands in (0, \u03c0) is 1/2, and similarly for (\u03c0, 2\u03c0). However, the sum is a weighted sum with weights 1/2^n, so even if the terms are balanced in the long run, the weights decay so quickly that maybe the sum converges to some specific value?\n\nAlternatively, perhaps the series can be related to a known function evaluated at a particular point?\n\nAlternatively, maybe there's a recursive formula here. Let me consider S = sum_{n=1}^\\infty s_n / 2^n. Notice that S can be written as s_1/2 + sum_{n=2}^\\infty s_n /2^n.\n\nBut s_2 is determined by \u03b8_2 =2\u03b8_1 mod 2\u03c0, which is 2*2 mod 2\u03c0 =4 mod 2\u03c0. Similarly, \u03b8_3=2\u03b8_2 mod 2\u03c0, etc. But I don't see an obvious recursion.\n\nAlternatively, think of the sum S as:\n\nS = (1/2)s_1 + (1/4)s_2 + (1/8)s_3 + ... \n\nLet me try to relate S to a shifted version. Let me consider 2S:\n\n2S = s_1 + (1/2)s_2 + (1/4)s_3 + ... \n\nThen 2S - s_1 = (1/2)s_2 + (1/4)s_3 + ... = (S - s_1/2)*2 ?\n\nWait, maybe:\n\nLet me denote S = s_1/2 + s_2/4 + s_3/8 + s_4/16 + ... \n\nThen 2S = s_1 + s_2/2 + s_3/4 + s_4/8 + ... \n\nSubtract s_1: 2S - s_1 = s_2/2 + s_3/4 + s_4/8 + ... \n\nBut notice that the terms on the right are similar to S but shifted. Let me see:\n\nLet me define S' = s_2/2 + s_3/4 + s_4/8 + ... \n\nSo 2S - s_1 = S'\n\nSimilarly, S' = (s_2)/2 + (s_3)/4 + (s_4)/8 + ... \n\nBut s_2 is determined by \u03b8_2, which is 2\u03b8_1 mod 2\u03c0. Similarly, s_3 is determined by \u03b8_3 = 2\u03b8_2 mod 2\u03c0, so it's as if S' is a version of S starting from n=2 instead of n=1. So if we can relate S' to S somehow.\n\nSuppose we can write S' = some function of S. If the sequence s_n had a recursive relation, perhaps?\n\nAlternatively, note that the sequence \u03b8_n satisfies \u03b8_{n} = 2\u03b8_{n-1} mod 2\u03c0. So if we think of the sign s_n is determined by \u03b8_n, then maybe the sequence of s_n has some relation.\n\nAlternatively, perhaps the entire sequence can be considered as a binary expansion with digits depending on the angle doubling. Since the doubling map is chaotic, the signs might form a Bernoulli process, but again, since we need an exact value, this line of thought might not help.\n\nAlternatively, perhaps the sum can be represented as a base-2 expansion with coefficients \u00b11, but we have to compute the exact value.\n\nAlternatively, perhaps the sum telescopes when considering the sine terms?\n\nAlternatively, let me think of the partial sums and see if there's a pattern.\n\nLooking back at the partial sums we calculated:\n\nAfter n=12, it was around ~0.364, then after n=15, still around ~0.364. Maybe it converges to something like 0.366..., which is 1/ (sqrt(7.5)) or something? Let me compute 1/\u221a7.5 \u22480.3651. Close.\n\nAlternatively, maybe it's 1/\u221a(something). Let me see: 0.364 is approximately 0.364, which is roughly 0.366, which is 1/2.732, which is about 1/(sqrt(7.464)), not sure.\n\nAlternatively, maybe 0.366 is 2 - sqrt(3). sqrt(3)\u22481.732, so 2 -1.732\u22480.267. No, that's too small. Alternatively, sqrt(2)/2\u22480.707, too big. Maybe 0.5 - something?\n\nAlternatively, perhaps the limit is 1/phi, where phi is the golden ratio (~1.618), so 1/phi\u22480.618, no. Not close.\n\nAlternatively, perhaps the sum is 1/2 * (something). Wait, the partial sums are hovering around ~0.363, which is roughly 0.363 \u2248 0.364, which is 1/(2.75). 2.75 is 11/4, so 4/11\u22480.3636. Hmm, 4/11 is approximately 0.3636, which is very close to the partial sums I calculated. Let me check 4/11: 4 divided by 11 is 0.363636..., which is very close to 0.3638. Could this be the answer?\n\nBut why would it be 4/11? Let me see if there's a possible pattern leading to 4/11.\n\nLet me see:\n\nSuppose the sum S = 4/11. Let me see if that makes sense.\n\nLooking at the partial sums:\n\nAfter n=12, S\u22480.364, which is 4/11\u22480.3636, very close.\n\nAfter n=15, S\u22480.36386, which is also close. So that's a good sign.\n\nBut how could we get 4/11?\n\nAlternatively, maybe the sum is 1/2 - 1/4 +1/8 -1/16 +1/32 + ... but the problem is the signs don't follow a simple pattern.\n\nWait, let me consider that if the signs were alternating every term, then the sum would be a geometric series with ratio -1/2, but that's not the case here.\n\nAlternatively, maybe the signs follow a pattern with period 3 or something?\n\nLooking back at the first few terms:\n\ns1=1, s2=-1, s3=1, s4=-1, s5=1, s6=1, s7=1, s8=-1, s9=1, s10=-1, s11=-1, s12=1,...\n\nHmm, not obvious.\n\nAlternatively, is there a relation between the sign at step n and the sign at step n-1?\n\nLooking at s1=1, s2=-1 (opposite), s3=1 (opposite of s2), s4=-1 (opposite of s3), s5=1 (opposite of s4), s6=1 (same as s5?), but s6 is +1, s5 was +1, so same. Hmm, then breaks the alternation. So no.\n\nAlternatively, maybe there's a pattern in the binary representation?\n\nWait, the terms are defined via the angle doubling. Since each term is doubling the angle modulo 2\u03c0, the binary expansion of the initial angle's fractional part might be involved?\n\nWait, let me think of the angle \u03b8_0 =2 radians. Let me represent \u03b8_0 in terms of 2\u03c0. Let me compute \u03b8_0/(2\u03c0) = 2/(2\u03c0)=1/\u03c0\u22480.31830988618...\n\nSo the fractional part is 1/\u03c0 - 0 = 0.31830988618...\n\nThen each subsequent \u03b8_n is 2^n * \u03b8_0 mod 2\u03c0, so the fractional part of (2^n * \u03b8_0)/(2\u03c0) = fractional part of 2^n*(1/\u03c0). So fractional parts of 2^n*(1/\u03c0).\n\nTherefore, the sign s_n is 1 if fractional part of 2^n*(1/\u03c0) is less than 1/2 (since \u03b8_n =2\u03c0 * fractional part, so less than \u03c0 corresponds to less than 1/2 in fractional terms). Otherwise, if the fractional part is \u22651/2, then it's in the second half, so s_n=-1.\n\nTherefore, the sequence s_n is determined by whether the fractional part of 2^n*(1/\u03c0) is in [0, 1/2) or [1/2,1).\n\nTherefore, the problem reduces to evaluating the sum over n of s_n /2^n, where s_n=1 if the nth iterate of the doubling map starting from x0=1/\u03c0 has fractional part in [0,1/2), else -1.\n\nNow, this is similar to a binary expansion where each bit is determined by a doubling map, but with weights 1/2^n.\n\nThis resembles a binary expansion of a number where each bit is determined by the orbit of the doubling map, but scaled by 1/2^n.\n\nHowever, this seems quite abstract, but maybe there's a way to express this sum as a function evaluated at some point?\n\nAlternatively, perhaps the sum can be represented as an integral or expectation?\n\nWait, since the doubling map is ergodic with respect to the Lebesgue measure, but I'm not sure how that helps here.\n\nAlternatively, since the sequence s_n is 1 when the nth iterate is in the first half, and -1 otherwise, the average of s_n over n would be 0 (since the measure of [0,1/2) is equal to the measure of [1/2,1)). However, the weighted sum here is with weights 1/2^n, which decay exponentially. So maybe the sum converges to some specific value.\n\nAlternatively, if the process were a martingale, perhaps?\n\nAlternatively, thinking recursively, let me denote S(x) as the sum starting from initial fractional point x, so S(x) = sum_{n=1}^\\infty s_n(x)/2^n, where s_n(x) is 1 if 2^{n}x mod 1 is in [0,0.5), else -1.\n\nThen, perhaps S(x) can be expressed recursively.\n\nLet me see:\n\nS(x) = s_1(x)/2 + S(2x mod 1)/2,\n\nbecause the first term is s_1(x)/2, and the rest of the terms starting from n=2 are equivalent to S(2x mod 1) scaled by 1/2, since each term from n\u22652 corresponds to the sequence starting at 2x mod 1.\n\nTherefore, the recursion is S(x) = s_1(x)/2 + (1/2) S(2x mod 1).\n\nThis is a functional equation for S(x).\n\nNow, our initial x is 1/\u03c0 \u22480.3183...\n\nWe need to compute S(1/\u03c0).\n\nThis functional equation might allow us to compute S(x) in terms of itself.\n\nLet me see if we can solve this functional equation.\n\nFirst, note that s_1(x) is 1 if x \u2208 [0, 0.5), else -1.\n\nTherefore, for x \u2208 [0,0.5), S(x) = (1)/2 + (1/2) S(2x).\n\nFor x \u2208 [0.5,1), S(x) = (-1)/2 + (1/2) S(2x -1), since 2x mod 1 = 2x -1 in this interval.\n\nWait, actually, when x \u2208 [0.5,1), then 2x mod1 = 2x -1, so S(2x mod1)=S(2x -1).\n\nTherefore, the equations are:\n\nFor x \u2208 [0, 0.5):\n\nS(x) = 1/2 + (1/2) S(2x)\n\nFor x \u2208 [0.5,1):\n\nS(x) = -1/2 + (1/2) S(2x -1)\n\nThis is a recursive equation.\n\nAssuming that S is continuous (though not sure), perhaps we can find a solution.\n\nLet me try to compute S(1/\u03c0). Since 1/\u03c0 \u22480.3183 <0.5, so we use the first equation:\n\nS(1/\u03c0) = 1/2 + (1/2) S(2*(1/\u03c0)) = 1/2 + (1/2) S(2/\u03c0)\n\nNow, 2/\u03c0 \u22480.6366, which is in [0.5,1). So compute S(2/\u03c0):\n\nS(2/\u03c0) = -1/2 + (1/2) S(2*(2/\u03c0) -1) = -1/2 + (1/2) S(4/\u03c0 -1)\n\nCompute 4/\u03c0 \u22481.2732, so 4/\u03c0 -1\u22480.2732, which is in [0,0.5). Therefore:\n\nS(4/\u03c0 -1) = S(0.2732) =1/2 + (1/2) S(2*(0.2732)) =1/2 + (1/2) S(0.5464)\n\n0.5464 is in [0.5,1), so:\n\nS(0.5464)= -1/2 + (1/2) S(2*0.5464 -1)= -1/2 + (1/2) S(1.0928 -1)= -1/2 + (1/2) S(0.0928)\n\n0.0928 is in [0,0.5):\n\nS(0.0928)=1/2 + (1/2) S(0.1856)\n\n0.1856 \u2208 [0,0.5):\n\nS(0.1856)=1/2 + (1/2) S(0.3712)\n\n0.3712 \u2208 [0,0.5):\n\nS(0.3712)=1/2 + (1/2) S(0.7424)\n\n0.7424 \u2208 [0.5,1):\n\nS(0.7424)= -1/2 + (1/2) S(2*0.7424 -1)= -1/2 + (1/2) S(1.4848-1)= -1/2 + (1/2) S(0.4848)\n\n0.4848 \u2208 [0,0.5):\n\nS(0.4848)=1/2 + (1/2) S(0.9696)\n\n0.9696 \u2208 [0.5,1):\n\nS(0.9696)= -1/2 + (1/2) S(2*0.9696 -1)= -1/2 + (1/2) S(1.9392-1)= -1/2 + (1/2) S(0.9392)\n\n0.9392 \u2208 [0.5,1):\n\nS(0.9392)= -1/2 + (1/2) S(2*0.9392 -1)= -1/2 + (1/2) S(1.8784-1)= -1/2 + (1/2) S(0.8784)\n\n0.8784 \u2208 [0.5,1):\n\nS(0.8784)= -1/2 + (1/2) S(2*0.8784 -1)= -1/2 + (1/2) S(1.7568-1)= -1/2 + (1/2) S(0.7568)\n\n0.7568 \u2208 [0.5,1):\n\nS(0.7568)= -1/2 + (1/2) S(2*0.7568 -1)= -1/2 + (1/2) S(1.5136-1)= -1/2 + (1/2) S(0.5136)\n\n0.5136 \u2208 [0.5,1):\n\nS(0.5136)= -1/2 + (1/2) S(2*0.5136 -1)= -1/2 + (1/2) S(1.0272-1)= -1/2 + (1/2) S(0.0272)\n\n0.0272 \u2208 [0,0.5):\n\nS(0.0272)=1/2 + (1/2) S(0.0544)\n\n0.0544 \u2208 [0,0.5):\n\nS(0.0544)=1/2 + (1/2) S(0.1088)\n\n0.1088 \u2208 [0,0.5):\n\nS(0.1088)=1/2 + (1/2) S(0.2176)\n\n0.2176 \u2208 [0,0.5):\n\nS(0.2176)=1/2 + (1/2) S(0.4352)\n\n0.4352 \u2208 [0,0.5):\n\nS(0.4352)=1/2 + (1/2) S(0.8704)\n\n0.8704 \u2208 [0.5,1):\n\nS(0.8704)= -1/2 + (1/2) S(2*0.8704 -1)= -1/2 + (1/2) S(0.7408)\n\n0.7408 \u2208 [0.5,1):\n\nS(0.7408)= -1/2 + (1/2) S(2*0.7408 -1)= -1/2 + (1/2) S(0.4816)\n\n0.4816 \u2208 [0,0.5):\n\nS(0.4816)=1/2 + (1/2) S(0.9632)\n\n0.9632 \u2208 [0.5,1):\n\nS(0.9632)= -1/2 + (1/2) S(2*0.9632 -1)= -1/2 + (1/2) S(0.9264)\n\n0.9264 \u2208 [0.5,1):\n\nS(0.9264)= -1/2 + (1/2) S(2*0.9264 -1)= -1/2 + (1/2) S(0.8528)\n\n0.8528 \u2208 [0.5,1):\n\nS(0.8528)= -1/2 + (1/2) S(2*0.8528 -1)= -1/2 + (1/2) S(0.7056)\n\n0.7056 \u2208 [0.5,1):\n\nS(0.7056)= -1/2 + (1/2) S(2*0.7056 -1)= -1/2 + (1/2) S(0.4112)\n\n0.4112 \u2208 [0,0.5):\n\nS(0.4112)=1/2 + (1/2) S(0.8224)\n\n0.8224 \u2208 [0.5,1):\n\nS(0.8224)= -1/2 + (1/2) S(2*0.8224 -1)= -1/2 + (1/2) S(0.6448)\n\n0.6448 \u2208 [0.5,1):\n\nS(0.6448)= -1/2 + (1/2) S(2*0.6448 -1)= -1/2 + (1/2) S(0.2896)\n\n0.2896 \u2208 [0,0.5):\n\nS(0.2896)=1/2 + (1/2) S(0.5792)\n\n0.5792 \u2208 [0.5,1):\n\nS(0.5792)= -1/2 + (1/2) S(2*0.5792 -1)= -1/2 + (1/2) S(0.1584)\n\n0.1584 \u2208 [0,0.5):\n\nS(0.1584)=1/2 + (1/2) S(0.3168)\n\n0.3168 \u2208 [0,0.5):\n\nS(0.3168)=1/2 + (1/2) S(0.6336)\n\n0.6336 \u2208 [0.5,1):\n\nS(0.6336)= -1/2 + (1/2) S(2*0.6336 -1)= -1/2 + (1/2) S(0.2672)\n\n0.2672 \u2208 [0,0.5):\n\nS(0.2672)=1/2 + (1/2) S(0.5344)\n\n0.5344 \u2208 [0.5,1):\n\nS(0.5344)= -1/2 + (1/2) S(2*0.5344 -1)= -1/2 + (1/2) S(0.0688)\n\n0.0688 \u2208 [0,0.5):\n\nS(0.0688)=1/2 + (1/2) S(0.1376)\n\n0.1376 \u2208 [0,0.5):\n\nS(0.1376)=1/2 + (1/2) S(0.2752)\n\n0.2752 \u2208 [0,0.5):\n\nS(0.2752)=1/2 + (1/2) S(0.5504)\n\n0.5504 \u2208 [0.5,1):\n\nS(0.5504)= -1/2 + (1/2) S(2*0.5504 -1)= -1/2 + (1/2) S(0.1008)\n\n0.1008 \u2208 [0,0.5):\n\nS(0.1008)=1/2 + (1/2) S(0.2016)\n\n0.2016 \u2208 [0,0.5):\n\nS(0.2016)=1/2 + (1/2) S(0.4032)\n\n0.4032 \u2208 [0,0.5):\n\nS(0.4032)=1/2 + (1/2) S(0.8064)\n\n0.8064 \u2208 [0.5,1):\n\nS(0.8064)= -1/2 + (1/2) S(2*0.8064 -1)= -1/2 + (1/2) S(0.6128)\n\n0.6128 \u2208 [0.5,1):\n\nS(0.6128)= -1/2 + (1/2) S(2*0.6128 -1)= -1/2 + (1/2) S(0.2256)\n\n0.2256 \u2208 [0,0.5):\n\nS(0.2256)=1/2 + (1/2) S(0.4512)\n\n0.4512 \u2208 [0,0.5):\n\nS(0.4512)=1/2 + (1/2) S(0.9024)\n\n0.9024 \u2208 [0.5,1):\n\nS(0.9024)= -1/2 + (1/2) S(2*0.9024 -1)= -1/2 + (1/2) S(0.8048)\n\n0.8048 \u2208 [0.5,1):\n\nS(0.8048)= -1/2 + (1/2) S(2*0.8048 -1)= -1/2 + (1/2) S(0.6096)\n\n0.6096 \u2208 [0.5,1):\n\nS(0.6096)= -1/2 + (1/2) S(2*0.6096 -1)= -1/2 + (1/2) S(0.2192)\n\n0.2192 \u2208 [0,0.5):\n\nS(0.2192)=1/2 + (1/2) S(0.4384)\n\n0.4384 \u2208 [0,0.5):\n\nS(0.4384)=1/2 + (1/2) S(0.8768)\n\n0.8768 \u2208 [0.5,1):\n\nS(0.8768)= -1/2 + (1/2) S(2*0.8768 -1)= -1/2 + (1/2) S(0.7536)\n\n0.7536 \u2208 [0.5,1):\n\nS(0.7536)= -1/2 + (1/2) S(2*0.7536 -1)= -1/2 + (1/2) S(0.5072)\n\n0.5072 \u2208 [0.5,1):\n\nS(0.5072)= -1/2 + (1/2) S(2*0.5072 -1)= -1/2 + (1/2) S(0.0144)\n\n0.0144 \u2208 [0,0.5):\n\nS(0.0144)=1/2 + (1/2) S(0.0288)\n\n0.0288 \u2208 [0,0.5):\n\nS(0.0288)=1/2 + (1/2) S(0.0576)\n\n0.0576 \u2208 [0,0.5):\n\nS(0.0576)=1/2 + (1/2) S(0.1152)\n\n0.1152 \u2208 [0,0.5):\n\nS(0.1152)=1/2 + (1/2) S(0.2304)\n\n0.2304 \u2208 [0,0.5):\n\nS(0.2304)=1/2 + (1/2) S(0.4608)\n\n0.4608 \u2208 [0,0.5):\n\nS(0.4608)=1/2 + (1/2) S(0.9216)\n\n0.9216 \u2208 [0.5,1):\n\nS(0.9216)= -1/2 + (1/2) S(2*0.9216 -1)= -1/2 + (1/2) S(0.8432)\n\n0.8432 \u2208 [0.5,1):\n\nS(0.8432)= -1/2 + (1/2) S(2*0.8432 -1)= -1/2 + (1/2) S(0.6864)\n\n0.6864 \u2208 [0.5,1):\n\nS(0.6864)= -1/2 + (1/2) S(2*0.6864 -1)= -1/2 + (1/2) S(0.3728)\n\n0.3728 \u2208 [0,0.5):\n\nS(0.3728)=1/2 + (1/2) S(0.7456)\n\n0.7456 \u2208 [0.5,1):\n\nS(0.7456)= -1/2 + (1/2) S(2*0.7456 -1)= -1/2 + (1/2) S(0.4912)\n\n0.4912 \u2208 [0.5,1):\n\nS(0.4912)= -1/2 + (1/2) S(2*0.4912 -1)= -1/2 + (1/2) S(0.9824)\n\n0.9824 \u2208 [0.5,1):\n\nS(0.9824)= -1/2 + (1/2) S(2*0.9824 -1)= -1/2 + (1/2) S(0.9648)\n\n0.9648 \u2208 [0.5,1):\n\nS(0.9648)= -1/2 + (1/2) S(2*0.9648 -1)= -1/2 + (1/2) S(0.9296)\n\n0.9296 \u2208 [0.5,1):\n\nS(0.9296)= -1/2 + (1/2) S(2*0.9296 -1)= -1/2 + (1/2) S(0.8592)\n\n0.8592 \u2208 [0.5,1):\n\nS(0.8592)= -1/2 + (1/2) S(2*0.8592 -1)= -1/2 + (1/2) S(0.7184)\n\n0.7184 \u2208 [0.5,1):\n\nS(0.7184)= -1/2 + (1/2) S(2*0.7184 -1)= -1/2 + (1/2) S(0.4368)\n\n0.4368 \u2208 [0,0.5):\n\nS(0.4368)=1/2 + (1/2) S(0.8736)\n\n0.8736 \u2208 [0.5,1):\n\nS(0.8736)= -1/2 + (1/2) S(2*0.8736 -1)= -1/2 + (1/2) S(0.7472)\n\n0.7472 \u2208 [0.5,1):\n\nS(0.7472)= -1/2 + (1/2) S(2*0.7472 -1)= -1/2 + (1/2) S(0.4944)\n\n0.4944 \u2208 [0.5,1):\n\nS(0.4944)= -1/2 + (1/2) S(2*0.4944 -1)= -1/2 + (1/2) S(0.9888)\n\n0.9888 \u2208 [0.5,1):\n\nS(0.9888)= -1/2 + (1/2) S(2*0.9888 -1)= -1/2 + (1/2) S(0.9776)\n\n0.9776 \u2208 [0.5,1):\n\nS(0.9776)= -1/2 + (1/2) S(2*0.9776 -1)= -1/2 + (1/2) S(0.9552)\n\n0.9552 \u2208 [0.5,1):\n\nS(0.9552)= -1/2 + (1/2) S(2*0.9552 -1)= -1/2 + (1/2) S(0.9104)\n\n0.9104 \u2208 [0.5,1):\n\nS(0.9104)= -1/2 + (1/2) S(2*0.9104 -1)= -1/2 + (1/2) S(0.8208)\n\n0.8208 \u2208 [0.5,1):\n\nS(0.8208)= -1/2 + (1/2) S(2*0.8208 -1)= -1/2 + (1/2) S(0.6416)\n\n0.6416 \u2208 [0.5,1):\n\nS(0.6416)= -1/2 + (1/2) S(2*0.6416 -1)= -1/2 + (1/2) S(0.2832)\n\n0.2832 \u2208 [0,0.5):\n\nS(0.2832)=1/2 + (1/2) S(0.5664)\n\n0.5664 \u2208 [0.5,1):\n\nS(0.5664)= -1/2 + (1/2) S(2*0.5664 -1)= -1/2 + (1/2) S(0.1328)\n\n0.1328 \u2208 [0,0.5):\n\nS(0.1328)=1/2 + (1/2) S(0.2656)\n\n0.2656 \u2208 [0,0.5):\n\nS(0.2656)=1/2 + (1/2) S(0.5312)\n\n0.5312 \u2208 [0.5,1):\n\nS(0.5312)= -1/2 + (1/2) S(2*0.5312 -1)= -1/2 + (1/2) S(0.0624)\n\n0.0624 \u2208 [0,0.5):\n\nS(0.0624)=1/2 + (1/2) S(0.1248)\n\n0.1248 \u2208 [0,0.5):\n\nS(0.1248)=1/2 + (1/2) S(0.2496)\n\n0.2496 \u2208 [0,0.5):\n\nS(0.2496)=1/2 + (1/2) S(0.4992)\n\n0.4992 \u2208 [0.5,1):\n\nS(0.4992)= -1/2 + (1/2) S(2*0.4992 -1)= -1/2 + (1/2) S(0.9984)\n\n0.9984 \u2208 [0.5,1):\n\nS(0.9984)= -1/2 + (1/2) S(2*0.9984 -1)= -1/2 + (1/2) S(0.9968)\n\n0.9968 \u2208 [0.5,1):\n\nS(0.9968)= -1/2 + (1/2) S(2*0.9968 -1)= -1/2 + (1/2) S(0.9936)\n\n0.9936 \u2208 [0.5,1):\n\nS(0.9936)= -1/2 + (1/2) S(2*0.9936 -1)= -1/2 + (1/2) S(0.9872)\n\n0.9872 \u2208 [0.5,1):\n\nS(0.9872)= -1/2 + (1/2) S(2*0.9872 -1)= -1/2 + (1/2) S(0.9744)\n\n0.9744 \u2208 [0.5,1):\n\nS(0.9744)= -1/2 + (1/2) S(2*0.9744 -1)= -1/2 + (1/2) S(0.9488)\n\n0.9488 \u2208 [0.5,1):\n\nS(0.9488)= -1/2 + (1/2) S(2*0.9488 -1)= -1/2 + (1/2) S(0.8976)\n\n0.8976 \u2208 [0.5,1):\n\nS(0.8976)= -1/2 + (1/2) S(2*0.8976 -1)= -1/2 + (1/2) S(0.7952)\n\n0.7952 \u2208 [0.5,1):\n\nS(0.7952)= -1/2 + (1/2) S(2*0.7952 -1)= -1/2 + (1/2) S(0.5904)\n\n0.5904 \u2208 [0.5,1):\n\nS(0.5904)= -1/2 + (1/2) S(2*0.5904 -1)= -1/2 + (1/2) S(0.1808)\n\n0.1808 \u2208 [0,0.5):\n\nS(0.1808)=1/2 + (1/2) S(0.3616)\n\n0.3616 \u2208 [0,0.5):\n\nS(0.3616)=1/2 + (1/2) S(0.7232)\n\n0.7232 \u2208 [0.5,1):\n\nS(0.7232)= -1/2 + (1/2) S(2*0.7232 -1)= -1/2 + (1/2) S(0.4464)\n\n0.4464 \u2208 [0,0.5):\n\nS(0.4464)=1/2 + (1/2) S(0.8928)\n\n0.8928 \u2208 [0.5,1):\n\nS(0.8928)= -1/2 + (1/2) S(2*0.8928 -1)= -1/2 + (1/2) S(0.7856)\n\n0.7856 \u2208 [0.5,1):\n\nS(0.7856)= -1/2 + (1/2) S(2*0.7856 -1)= -1/2 + (1/2) S(0.5712)\n\n0.5712 \u2208 [0.5,1):\n\nS(0.5712)= -1/2 + (1/2) S(2*0.5712 -1)= -1/2 + (1/2) S(0.1424)\n\n0.1424 \u2208 [0,0.5):\n\nS(0.1424)=1/2 + (1/2) S(0.2848)\n\n0.2848 \u2208 [0,0.5):\n\nS(0.2848)=1/2 + (1/2) S(0.5696)\n\n0.5696 \u2208 [0.5,1):\n\nS(0.5696)= -1/2 + (1/2) S(2*0.5696 -1)= -1/2 + (1/2) S(0.1392)\n\n0.1392 \u2208 [0,0.5):\n\nS(0.1392)=1/2 + (1/2) S(0.2784)\n\n0.2784 \u2208 [0,0.5):\n\nS(0.2784)=1/2 + (1/2) S(0.5568)\n\n0.5568 \u2208 [0.5,1):\n\nS(0.5568)= -1/2 + (1/2) S(2*0.5568 -1)= -1/2 + (1/2) S(0.1136)\n\n0.1136 \u2208 [0,0.5):\n\nS(0.1136)=1/2 + (1/2) S(0.2272)\n\n0.2272 \u2208 [0,0.5):\n\nS(0.2272)=1/2 + (1/2) S(0.4544)\n\n0.4544 \u2208 [0,0.5):\n\nS(0.4544)=1/2 + (1/2) S(0.9088)\n\n0.9088 \u2208 [0.5,1):\n\nS(0.9088)= -1/2 + (1/2) S(2*0.9088 -1)= -1/2 + (1/2) S(0.8176)\n\n0.8176 \u2208 [0.5,1):\n\nS(0.8176)= -1/2 + (1/2) S(2*0.8176 -1)= -1/2 + (1/2) S(0.6352)\n\n0.6352 \u2208 [0.5,1):\n\nS(0.6352)= -1/2 + (1/2) S(2*0.6352 -1)= -1/2 + (1/2) S(0.2704)\n\n0.2704 \u2208 [0,0.5):\n\nS(0.2704)=1/2 + (1/2) S(0.5408)\n\n0.5408 \u2208 [0.5,1):\n\nS(0.5408)= -1/2 + (1/2) S(2*0.5408 -1)= -1/2 + (1/2) S(0.0816)\n\n0.0816 \u2208 [0,0.5):\n\nS(0.0816)=1/2 + (1/2) S(0.1632)\n\n0.1632 \u2208 [0,0.5):\n\nS(0.1632)=1/2 + (1/2) S(0.3264)\n\n0.3264 \u2208 [0,0.5):\n\nS(0.3264)=1/2 + (1/2) S(0.6528)\n\n0.6528 \u2208 [0.5,1):\n\nS(0.6528)= -1/2 + (1/2) S(2*0.6528 -1)= -1/2 + (1/2) S(0.3056)\n\n0.3056 \u2208 [0,0.5):\n\nS(0.3056)=1/2 + (1/2) S(0.6112)\n\n0.6112 \u2208 [0.5,1):\n\nS(0.6112)= -1/2 + (1/2) S(2*0.6112 -1)= -1/2 + (1/2) S(0.2224)\n\n0.2224 \u2208 [0,0.5):\n\nS(0.2224)=1/2 + (1/2) S(0.4448)\n\n0.4448 \u2208 [0,0.5):\n\nS(0.4448)=1/2 + (1/2) S(0.8896)\n\n0.8896 \u2208 [0.5,1):\n\nS(0.8896)= -1/2 + (1/2) S(2*0.8896 -1)= -1/2 + (1/2) S(0.7792)\n\n0.7792 \u2208 [0.5,1):\n\nS(0.7792)= -1/2 + (1/2) S(2*0.7792 -1)= -1/2 + (1/2) S(0.5584)\n\n0.5584 \u2208 [0.5,1):\n\nS(0.5584)= -1/2 + (1/2) S(2*0.5584 -1)= -1/2 + (1/2) S(0.1168)\n\n0.1168 \u2208 [0,0.5):\n\nS(0.1168)=1/2 + (1/2) S(0.2336)\n\n0.2336 \u2208 [0,0.5):\n\nS(0.2336)=1/2 + (1/2) S(0.4672)\n\n0.4672 \u2208 [0,0.5):\n\nS(0.4672)=1/2 + (1/2) S(0.9344)\n\n0.9344 \u2208 [0.5,1):\n\nS(0.9344)= -1/2 + (1/2) S(2*0.9344 -1)= -1/2 + (1/2) S(0.8688)\n\n0.8688 \u2208 [0.5,1):\n\nS(0.8688)= -1/2 + (1/2) S(2*0.8688 -1)= -1/2 + (1/2) S(0.7376)\n\n0.7376 \u2208 [0.5,1):\n\nS(0.7376)= -1/2 + (1/2) S(2*0.7376 -1)= -1/2 + (1/2) S(0.4752)\n\n0.4752 \u2208 [0,0.5):\n\nS(0.4752)=1/2 + (1/2) S(0.9504)\n\n0.9504 \u2208 [0.5,1):\n\nS(0.9504)= -1/2 + (1/2) S(2*0.9504 -1)= -1/2 + (1/2) S(0.9008)\n\n0.9008 \u2208 [0.5,1):\n\nS(0.9008)= -1/2 + (1/2) S(2*0.9008 -1)= -1/2 + (1/2) S(0.8016)\n\n0.8016 \u2208 [0.5,1):\n\nS(0.8016)= -1/2 + (1/2) S(2*0.8016 -1)= -1/2 + (1/2) S(0.6032)\n\n0.6032 \u2208 [0.5,1):\n\nS(0.6032)= -1/2 + (1/2) S(2*0.6032 -1)= -1/2 + (1/2) S(0.2064)\n\n0.2064 \u2208 [0,0.5):\n\nS(0.2064)=1/2 + (1/2) S(0.4128)\n\n0.4128 \u2208 [0,0.5):\n\nS(0.4128)=1/2 + (1/2) S(0.8256)\n\n0.8256 \u2208 [0.5,1):\n\nS(0.8256)= -1/2 + (1/2) S(2*0.8256 -1)= -1/2 + (1/2) S(0.6512)\n\n0.6512 \u2208 [0.5,1):\n\nS(0.6512)= -1/2 + (1/2) S(2*0.6512 -1)= -1/2 + (1/2) S(0.3024)\n\n0.3024 \u2208 [0,0.5):\n\nS(0.3024)=1/2 + (1/2) S(0.6048)\n\n0.6048 \u2208 [0.5,1):\n\nS(0.6048)= -1/2 + (1/2) S(2*0.6048 -1)= -1/2 + (1/2) S(0.2096)\n\n0.2096 \u2208 [0,0.5):\n\nS(0.2096)=1/2 + (1/2) S(0.4192)\n\n0.4192 \u2208 [0,0.5):\n\nS(0.4192)=1/2 + (1/2) S(0.8384)\n\n0.8384 \u2208 [0.5,1):\n\nS(0.8384)= -1/2 + (1/2) S(2*0.8384 -1)= -1/2 + (1/2) S(0.6768)\n\n0.6768 \u2208 [0.5,1):\n\nS(0.6768)= -1/2 + (1/2) S(2*0.6768 -1)= -1/2 + (1/2) S(0.3536)\n\n0.3536 \u2208 [0,0.5):\n\nS(0.3536)=1/2 + (1/2) S(0.7072)\n\n0.7072 \u2208 [0.5,1):\n\nS(0.7072)= -1/2 + (1/2) S(2*0.7072 -1)= -1/2 + (1/2) S(0.4144)\n\n0.4144 \u2208 [0,0.5):\n\nS(0.4144)=1/2 + (1/2) S(0.8288)\n\n0.8288 \u2208 [0.5,1):\n\nS(0.8288)= -1/2 + (1/2) S(2*0.8288 -1)= -1/2 + (1/2) S(0.6576)\n\n0.6576 \u2208 [0.5,1):\n\nS(0.6576)= -1/2 + (1/2) S(2*0.6576 -1)= -1/2 + (1/2) S(0.3152)\n\n0.3152 \u2208 [0,0.5):\n\nS(0.3152)=1/2 + (1/2) S(0.6304)\n\n0.6304 \u2208 [0.5,1):\n\nS(0.6304)= -1/2 + (1/2) S(2*0.6304 -1)= -1/2 + (1/2) S(0.2608)\n\n0.2608 \u2208 [0,0.5):\n\nS(0.2608)=1/2 + (1/2) S(0.5216)\n\n0.5216 \u2208 [0.5,1):\n\nS(0.5216)= -1/2 + (1/2) S(2*0.5216 -1)= -1/2 + (1/2) S(0.0432)\n\n0.0432 \u2208 [0,0.5):\n\nS(0.0432)=1/2 + (1/2) S(0.0864)\n\n0.0864 \u2208 [0,0.5):\n\nS(0.0864)=1/2 + (1/2) S(0.1728)\n\n0.1728 \u2208 [0,0.5):\n\nS(0.1728)=1/2 + (1/2) S(0.3456)\n\n0.3456 \u2208 [0,0.5):\n\nS(0.3456)=1/2 + (1/2) S(0.6912)\n\n0.6912 \u2208 [0.5,1):\n\nS(0.6912)= -1/2 + (1/2) S(2*0.6912 -1)= -1/2 + (1/2) S(0.3824)\n\n0.3824 \u2208 [0,0.5):\n\nS(0.3824)=1/2 + (1/2) S(0.7648)\n\n0.7648 \u2208 [0.5,1):\n\nS(0.7648)= -1/2 + (1/2) S(2*0.7648 -1)= -1/2 + (1/2) S(0.5296)\n\n0.5296 \u2208 [0.5,1):\n\nS(0.5296)= -1/2 + (1/2) S(2*0.5296 -1)= -1/2 + (1/2) S(0.0592)\n\n0.0592 \u2208 [0,0.5):\n\nS(0.0592)=1/2 + (1/2) S(0.1184)\n\n0.1184 \u2208 [0,0.5):\n\nS(0.1184)=1/2 + (1/2) S(0.2368)\n\n0.2368 \u2208 [0,0.5):\n\nS(0.2368)=1/2 + (1/2) S(0.4736)\n\n0.4736 \u2208 [0,0.5):\n\nS(0.4736)=1/2 + (1/2) S(0.9472)\n\n0.9472 \u2208 [0.5,1):\n\nS(0.9472)= -1/2 + (1/2) S(2*0.9472 -1)= -1/2 + (1/2) S(0.8944)\n\n0.8944 \u2208 [0.5,1):\n\nS(0.8944)= -1/2 + (1/2) S(2*0.8944 -1)= -1/2 + (1/2) S(0.7888)\n\n0.7888 \u2208 [0.5,1):\n\nS(0.7888)= -1/2 + (1/2) S(2*0.7888 -1)= -1/2 + (1/2) S(0.5776)\n\n0.5776 \u2208 [0.5,1):\n\nS(0.5776)= -1/2 + (1/2) S(2*0.5776 -1)= -1/2 + (1/2) S(0.1552)\n\n0.1552 \u2208 [0,0.5):\n\nS(0.1552)=1/2 + (1/2) S(0.3104)\n\n0.3104 \u2208 [0,0.5):\n\nS(0.3104)=1/2 + (1/2) S(0.6208)\n\n0.6208 \u2208 [0.5,1):\n\nS(0.6208)= -1/2 + (1/2) S(2*0.6208 -1)= -1/2 + (1/2) S(0.2416)\n\n0.2416 \u2208 [0,0.5):\n\nS(0.2416)=1/2 + (1/2) S(0.4832)\n\n0.4832 \u2208 [0,0.5):\n\nS(0.4832)=1/2 + (1/2) S(0.9664)\n\n0.9664 \u2208 [0.5,1):\n\nS(0.9664)= -1/2 + (1/2) S(2*0.9664 -1)= -1/2 + (1/2) S(0.9328)\n\n0.9328 \u2208 [0.5,1):\n\nS(0.9328)= -1/2 + (1/2) S(2*0.9328 -1)= -1/2 + (1/2) S(0.8656)\n\n0.8656 \u2208 [0.5,1):\n\nS(0.8656)= -1/2 + (1/2) S(2*0.8656 -1)= -1/2 + (1/2) S(0.7312)\n\n0.7312 \u2208 [0.5,1):\n\nS(0.7312)= -1/2 + (1/2) S(2*0.7312 -1)= -1/2 + (1/2) S(0.4624)\n\n0.4624 \u2208 [0,0.5):\n\nS(0.4624)=1/2 + (1/2) S(0.9248)\n\n0.9248 \u2208 [0.5,1):\n\nS(0.9248)= -1/2 + (1/2) S(2*0.9248 -1)= -1/2 + (1/2) S(0.8496)\n\n0.8496 \u2208 [0.5,1):\n\nS(0.8496)= -1/2 + (1/2) S(2*0.8496 -1)= -1/2 + (1/2) S(0.6992)\n\n0.6992 \u2208 [0.5,1):\n\nS(0.6992)= -1/2 + (1/2) S(2*0.6992 -1)= -1/2 + (1/2) S(0.3984)\n\n0.3984 \u2208 [0,0.5):\n\nS(0.3984)=1/2 + (1/2) S(0.7968)\n\n0.7968 \u2208 [0.5,1):\n\nS(0.7968)= -1/2 + (1/2) S(2*0.7968 -1)= -1/2 + (1/2) S(0.5936)\n\n0.5936 \u2208 [0.5,1):\n\nS(0.5936)= -1/2 + (1/2) S(2*0.5936 -1)= -1/2 + (1/2) S(0.1872)\n\n0.1872 \u2208 [0,0.5):\n\nS(0.1872)=1/2 + (1/2) S(0.3744)\n\n0.3744 \u2208 [0,0.5):\n\nS(0.3744)=1/2 + (1/2) S(0.7488)\n\n0.7488 \u2208 [0.5,1):\n\nS(0.7488)= -1/2 + (1/2) S(2*0.7488 -1)= -1/2 + (1/2) S(0.4976)\n\n0.4976 \u2208 [0.5,1):\n\nS(0.4976)= -1/2 + (1/2) S(2*0.4976 -1)= -1/2 + (1/2) S(0.9952)\n\n0.9952 \u2208 [0.5,1):\n\nS(0.9952)= -1/2 + (1/2) S(2*0.9952 -1)= -1/2 + (1/2) S(0.9904)\n\n0.9904 \u2208 [0.5,1):\n\nS(0.9904)= -1/2 + (1/2) S(2*0.9904 -1)= -1/2 + (1/2) S(0.9808)\n\n0.9808 \u2208 [0.5,1):\n\nS(0.9808)= -1/2 + (1/2) S(2*0.9808 -1)= -1/2 + (1/2) S(0.9616)\n\n0.9616 \u2208 [0.5,1):\n\nS(0.9616)= -1/2 + (1/2) S(2*0.9616 -1)= -1/2 + (1/2) S(0.9232)\n\n0.9232 \u2208 [0.5,1):\n\nS(0.9232)= -1/2 + (1/2) S(2*0.9232 -1)= -1/2 + (1/2) S(0.8464)\n\n0.8464 \u2208 [0.5,1):\n\nS(0.8464)= -1/2 + (1/2) S(2*0.8464 -1)= -1/2 + (1/2) S(0.6928)\n\n0.6928 \u2208 [0.5,1):\n\nS(0.6928)= -1/2 + (1/2) S(2*0.6928 -1)= -1/2 + (1/2) S(0.3856)\n\n0.3856 \u2208 [0,0.5):\n\nS(0.3856)=1/2 + (1/2) S(0.7712)\n\n0.7712 \u2208 [0.5,1):\n\nS(0.7712)= -1/2 + (1/2) S(2*0.7712 -1)= -1/2 + (1/2) S(0.5424)\n\n0.5424 \u2208 [0.5,1):\n\nS(0.5424)= -1/2 + (1/2) S(2*0.5424 -1)= -1/2 + (1/2) S(0.0848)\n\n0.0848 \u2208 [0,0.5):\n\nS(0.0848)=1/2 + (1/2) S(0.1696)\n\n0.1696 \u2208 [0,0.5):\n\nS(0.1696)=1/2 + (1/2) S(0.3392)\n\n0.3392 \u2208 [0,0.5):\n\nS(0.3392)=1/2 + (1/2) S(0.6784)\n\n0.6784 \u2208 [0.5,1):\n\nS(0.6784)= -1/2 + (1/2) S(2*0.6784 -1)= -1/2 + (1/2) S(0.3568)\n\n0.3568 \u2208 [0,0.5):\n\nS(0.3568)=1/2 + (1/2) S(0.7136)\n\n0.7136 \u2208 [0.5,1):\n\nS(0.7136)= -1/2 + (1/2) S(2*0.7136 -1)= -1/2 + (1/2) S(0.4272)\n\n0.4272 \u2208 [0,0.5):\n\nS(0.4272)=1/2 + (1/2) S(0.8544)\n\n0.8544 \u2208 [0.5,1):\n\nS(0.8544)= -1/2 + (1/2) S(2*0.8544 -1)= -1/2 + (1/2) S(0.7088)\n\n0.7088 \u2208 [0.5,1):\n\nS(0.7088)= -1/2 + (1/2) S(2*0.7088 -1)= -1/2 + (1/2) S(0.4176)\n\n0.4176 \u2208 [0,0.5):\n\nS(0.4176)=1/2 + (1/2) S(0.8352)\n\n0.8352 \u2208 [0.5,1):\n\nS(0.8352)= -1/2 + (1/2) S(2*0.8352 -1)= -1/2 + (1/2) S(0.6704)\n\n0.6704 \u2208 [0.5,1):\n\nS(0.6704)= -1/2 + (1/2) S(2*0.6704 -1)= -1/2 + (1/2) S(0.3408)\n\n0.3408 \u2208 [0,0.5):\n\nS(0.3408)=1/2 + (1/2) S(0.6816)\n\n0.6816 \u2208 [0.5,1):\n\nS(0.6816)= -1/2 + (1/2) S(2*0.6816 -1)= -1/2 + (1/2) S(0.3632)\n\n0.3632 \u2208 [0,0.5):\n\nS(0.3632)=1/2 + (1/2) S(0.7264)\n\n0.7264 \u2208 [0.5,1):\n\nS(0.7264)= -1/2 + (1/2) S(2*0.7264 -1)= -1/2 + (1/2) S(0.4528)\n\n0.4528 \u2208 [0,0.5):\n\nS(0.4528)=1/2 + (1/2) S(0.9056)\n\n0.9056 \u2208 [0.5,1):\n\nS(0.9056)= -1/2 + (1/2) S(2*0.9056 -1)= -1/2 + (1/2) S(0.8112)\n\n0.8112 \u2208 [0.5,1):\n\nS(0.8112)= -1/2 + (1/2) S(2*0.8112 -1)= -1/2 + (1/2) S(0.6224)\n\n0.6224 \u2208 [0.5,1):\n\nS(0.6224)= -1/2 + (1/2) S(2*0.6224 -1)= -1/2 + (1/2) S(0.2448)\n\n0.2448 \u2208 [0,0.5):\n\nS(0.2448)=1/2 + (1/2) S(0.4896)\n\n0.4896 \u2208 [0,0.5):\n\nS(0.4896)=1/2 + (1/2) S(0.9792)\n\n0.9792 \u2208 [0.5,1):\n\nS(0.9792)= -1/2 + (1/2) S(2*0.9792 -1)= -1/2 + (1/2) S(0.9584)\n\n0.9584 \u2208 [0.5,1):\n\nS(0.9584)= -1/2 + (1/2) S(2*0.9584 -1)= -1/2 + (1/2) S(0.9168)\n\n0.9168 \u2208 [0.5,1):\n\nS(0.9168)= -1/2 + (1/2) S(2*0.9168 -1)= -1/2 + (1/2) S(0.8336)\n\n0.8336 \u2208 [0.5,1):\n\nS(0.8336)= -1/2 + (1/2) S(2*0.8336 -1)= -1/2 + (1/2) S(0.6672)\n\n0.6672 \u2208 [0.5,1):\n\nS(0.6672)= -1/2 + (1/2) S(2*0.6672 -1)= -1/2 + (1/2) S(0.3344)\n\n0.3344 \u2208 [0,0.5):\n\nS(0.3344)=1/2 + (1/2) S(0.6688)\n\n0.6688 \u2208 [0.5,1):\n\nS(0.6688)= -1/2 + (1/2) S(2*0.6688 -1)= -1/2 + (1/2) S(0.3376)\n\n0.3376 \u2208 [0,0.5):\n\nS(0.3376)=1/2 + (1/2) S(0.6752)\n\n0.6752 \u2208 [0.5,1):\n\nS(0.6752)= -1/2 + (1/2) S(2*0.6752 -1)= -1/2 + (1/2) S(0.3504)\n\n0.3504 \u2208 [0,0.5):\n\nS(0.3504)=1/2 + (1/2) S(0.7008)\n\n0.7008 \u2208 [0.5,1):\n\nS(0.7008)= -1/2 + (1/2) S(2*0.7008 -1)= -1/2 + (1/2) S(0.4016)\n\n0.4016 \u2208 [0,0.5):\n\nS(0.4016)=1/2 + (1/2) S(0.8032)\n\n0.8032 \u2208 [0.5,1):\n\nS(0.8032)= -1/2 + (1/2) S(2*0.8032 -1)= -1/2 + (1/2) S(0.6064)\n\n0.6064 \u2208 [0.5,1):\n\nS(0.6064)= -1/2 + (1/2) S(2*0.6064 -1)= -1/2 + (1/2) S(0.2128)\n\n0.2128 \u2208 [0,0.5):\n\nS(0.2128)=1/2 + (1/2) S(0.4256)\n\n0.4256 \u2208 [0,0.5):\n\nS(0.4256)=1/2 + (1/2) S(0.8512)\n\n0.8512 \u2208 [0.5,1):\n\nS(0.8512)= -1/2 + (1/2) S(2*0.8512 -1)= -1/2 + (1/2) S(0.7024)\n\n0.7024 \u2208 [0.5,1):\n\nS(0.7024)= -1/2 + (1/2) S(2*0.7024 -1)= -1/2 + (1/2) S(0.4048)\n\n0.4048 \u2208 [0,0.5):\n\nS(0.4048)=1/2 + (1/2) S(0.8096)\n\n0.8096 \u2208 [0.5,1):\n\nS(0.8096)= -1/2 + (1/2) S(2*0.8096 -1)= -1/2 + (1/2) S(0.6192)\n\n0.6192 \u2208 [0.5,1):\n\nS(0.6192)= -1/2 + (1/2) S(2*0.6192 -1)= -1/2 + (1/2) S(0.2384)\n\n0.2384 \u2208 [0,0.5):\n\nS(0.2384)=1/2 + (1/2) S(0.4768)\n\n0.4768 \u2208 [0,0.5):\n\nS(0.4768)=1/2 + (1/2) S(0.9536)\n\n0.9536 \u2208 [0.5,1):\n\nS(0.9536)= -1/2 + (1/2) S(2*0.9536 -1)= -1/2 + (1/2) S(0.9072)\n\n0.9072 \u2208 [0.5,1):\n\nS(0.9072)= -1/2 + (1/2) S(2*0.9072 -1)= -1/2 + (1/2) S(0.8144)\n\n0.8144 \u2208 [0.5,1):\n\nS(0.8144)= -1/2 + (1/2) S(2*0.8144 -1)= -1/2 + (1/2) S(0.6288)\n\n0.6288 \u2208 [0.5,1):\n\nS(0.6288)= -1/2 + (1/2) S(2*0.6288 -1)= -1/2 + (1/2) S(0.2576)\n\n0.2576 \u2208 [0,0.5):\n\nS(0.2576)=1/2 + (1/2) S(0.5152)\n\n0.5152 \u2208 [0.5,1):\n\nS(0.5152)= -1/2 + (1/2) S(2*0.5152 -1)= -1/2 + (1/2) S(0.0304)\n\n0.0304 \u2208 [0,0.5):\n\nS(0.0304)=1/2 + (1/2) S(0.0608)\n\n0.0608 \u2208 [0,0.5):\n\nS(0.0608)=1/2 + (1/2) S(0.1216)\n\n0.1216 \u2208 [0,0.5):\n\nS(0.1216)=1/2 + (1/2) S(0.2432)\n\n0.2432 \u2208 [0,0.5):\n\nS(0.2432)=1/2 + (1/2) S(0.4864)\n\n0.4864 \u2208 [0,0.5):\n\nS(0.4864)=1/2 + (1/2) S(0.9728)\n\n0.9728 \u2208 [0.5,1):\n\nS(0.9728)= -1/2 + (1/2) S(2*0.9728 -1)= -1/2 + (1/2) S(0.9456)\n\n0.9456 \u2208 [0.5,1):\n\nS(0.9456)= -1/2 + (1/2) S(2*0.9456 -1)= -1/2 + (1/2) S(0.8912)\n\n0.8912 \u2208 [0.5,1):\n\nS(0.8912)= -1/2 + (1/2) S(2*0.8912 -1)= -1/2 + (1/2) S(0.7824)\n\n0.7824 \u2208 [0.5,1):\n\nS(0.7824)= -1/2 + (1/2) S(2*0.7824 -1)= -1/2 + (1/2) S(0.5648)\n\n0.5648 \u2208 [0.5,1):\n\nS(0.5648)= -1/2 + (1/2) S(2*0.5648 -1)= -1/2 + (1/2) S(0.1296)\n\n0.1296 \u2208 [0,0.5):\n\nS(0.1296)=1/2 + (1/2) S(0.2592)\n\n0.2592 \u2208 [0,0.5):\n\nS(0.2592)=1/2 + (1/2) S(0.5184)\n\n0.5184 \u2208 [0.5,1):\n\nS(0.5184)= -1/2 + (1/2) S(2*0.5184 -1)= -1/2 + (1/2) S(0.0368)\n\n0.0368 \u2208 [0,0.5):\n\nS(0.0368)=1/2 + (1/2) S(0.0736)\n\n0.0736 \u2208 [0,0.5):\n\nS(0.0736)=1/2 + (1/2) S(0.1472)\n\n0.1472 \u2208 [0,0.5):\n\nS(0.1472)=1/2 + (1/2) S(0.2944)\n\n0.2944 \u2208 [0,0.5):\n\nS(0.2944)=1/2 + (1/2) S(0.5888)\n\n0.5888 \u2208 [0.5,1):\n\nS(0.5888)= -1/2 + (1/2) S(2*0.5888 -1)= -1/2 + (1/2) S(0.1776)\n\n0.1776 \u2208 [0,0.5):\n\nS(0.1776)=1/2 + (1/2) S(0.3552)\n\n0.3552 \u2208 [0,0.5):\n\nS(0.3552)=1/2 + (1/2) S(0.7104)\n\n0.7104 \u2208 [0.5,1):\n\nS(0.7104)= -1/2 + (1/2) S(2*0.7104 -1)= -1/2 + (1/2) S(0.4208)\n\n0.4208 \u2208 [0,0.5):\n\nS(0.4208)=1/2 + (1/2) S(0.8416)\n\n0.8416 \u2208 [0.5,1):\n\nS(0.8416)= -1/2 + (1/2) S(2*0.8416 -1)= -1/2 + (1/2) S(0.6832)\n\n0.6832 \u2208 [0.5,1):\n\nS(0.6832)= -1/2 + (1/2) S(2*0.6832 -1)= -1/2 + (1/2) S(0.3664)\n\n0.3664 \u2208 [0,0.5):\n\nS(0.3664)=1/2 + (1/2) S(0.7328)\n\n0.7328 \u2208 [0.5,1):\n\nS(0.7328)= -1/2 + (1/2) S(2*0.7328 -1)= -1/2 + (1/2) S(0.4656)\n\n0.4656 \u2208 [0,0.5):\n\nS(0.4656)=1/2 + (1/2) S(0.9312)\n\n0.9312 \u2208 [0.5,1):\n\nS(0.9312)= -1/2 + (1/2) S(2*0.9312 -1)= -1/2 + (1/2) S(0.8624)\n\n0.8624 \u2208 [0.5,1):\n\nS(0.8624)= -1/2 + (1/2) S(2*0.8624 -1)= -1/2 + (1/2) S(0.7248)\n\n0.7248 \u2208 [0.5,1):\n\nS(0.7248)= -1/2 + (1/2) S(2*0.7248 -1)= -1/2 + (1/2) S(0.4496)\n\n0.4496 \u2208 [0,0.5):\n\nS(0.4496)=1/2 + (1/2) S(0.8992)\n\n0.8992 \u2208 [0.5,1):\n\nS(0.8992)= -1/2 + (1/2) S(2*0.8992 -1)= -1/2 + (1/2) S(0.7984)\n\n0.7984 \u2208 [0.5,1):\n\nS(0.7984)= -1/2 + (1/2) S(2*0.7984 -1)= -1/2 + (1/2) S(0.5968)\n\n0.5968 \u2208 [0.5,1):\n\nS(0.5968)= -1/2 + (1/2) S(2*0.5968 -1)= -1/2 + (1/2) S(0.1936)\n\n0.1936 \u2208 [0,0.5):\n\nS(0.1936)=1/2 + (1/2) S(0.3872)\n\n0.3872 \u2208 [0,0.5):\n\nS(0.3872)=1/2 + (1/2) S(0.7744)\n\n0.7744 \u2208 [0.5,1):\n\nS(0.7744)= -1/2 + (1/2) S(2*0.7744 -1)= -1/2 + (1/2) S(0.5488)\n\n0.5488 \u2208 [0.5,1):\n\nS(0.5488)= -1/2 + (1/2) S(2*0.5488 -1)= -1/2 + (1/2) S(0.0976)\n\n0.0976 \u2208 [0,0.5):\n\nS(0.0976)=1/2 + (1/2) S(0.1952)\n\n0.1952 \u2208 [0,0.5):\n\nS(0.1952)=1/2 + (1/2) S(0.3904)\n\n0.3904 \u2208 [0,0.5):\n\nS(0.3904)=1/2 + (1/2) S(0.7808)\n\n0.7808 \u2208 [0.5,1):\n\nS(0.7808)= -1/2 + (1/2) S(2*0.7808 -1)= -1/2 + (1/2) S(0.5616)\n\n0.5616 \u2208 [0.5,1):\n\nS(0.5616)= -1/2 + (1/2) S(2*0.5616 -1)= -1/2 + (1/2) S(0.1232)\n\n0.1232 \u2208 [0,0.5):\n\nS(0.1232)=1/2 + (1/2) S(0.2464)\n\n0.2464 \u2208 [0,0.5):\n\nS(0.2464)=1/2 + (1/2) S(0.4928)\n\n0.4928 \u2208 [0,0.5):\n\nS(0.4928)=1/2 + (1/2) S(0.9856)\n\n0.9856 \u2208 [0.5,1):\n\nS(0.9856)= -1/2 + (1/2) S(2*0.9856 -1)= -1/2 + (1/2) S(0.9712)\n\n0.9712 \u2208 [0.5,1):\n\nS(0.9712)= -1/2 + (1/2) S(2*0.9712 -1)= -1/2 + (1/2) S(0.9424)\n\n0.9424 \u2208 [0.5,1):\n\nS(0.9424)= -1/2 + (1/2) S(2*0.9424 -1)= -1/2 + (1/2) S(0.8848)\n\n0.8848 \u2208 [0.5,1):\n\nS(0.8848)= -1/2 + (1/2) S(2*0.8848 -1)= -1/2 + (1/2) S(0.7696)\n\n0.7696 \u2208 [0.5,1):\n\nS(0.7696)= -1/2 + (1/2) S(2*0.7696 -1)= -1/2 + (1/2) S(0.5392)\n\n0.5392 \u2208 [0.5,1):\n\nS(0.5392)= -1/2 + (1/2) S(2*0.5392 -1)= -1/2 + (1/2) S(0.0784)\n\n0.0784 \u2208 [0,0.5):\n\nS(0.0784)=1/2 + (1/2) S(0.1568)\n\n0.1568 \u2208 [0,0.5):\n\nS(0.1568)=1/2 + (1/2) S(0.3136)\n\n0.3136 \u2208 [0,0.5):\n\nS(0.3136)=1/2 + (1/2) S(0.6272)\n\n0.6272 \u2208 [0.5,1):\n\nS(0.6272)= -1/2 + (1/2) S(2*0.6272 -1)= -1/2 + (1/2) S(0.2544)\n\n0.2544 \u2208 [0,0.5):\n\nS(0.2544)=1/2 + (1/2) S(0.5088)\n\n0.5088 \u2208 [0.5,1):\n\nS(0.5088)= -1/2 + (1/2) S(2*0.5088 -1)= -1/2 + (1/2) S(0.0176)\n\n0.0176 \u2208 [0,0.5):\n\nS(0.0176)=1/2 + (1/2) S(0.0352)\n\n0.0352 \u2208 [0,0.5):\n\nS(0.0352)=1/2 + (1/2) S(0.0704)\n\n0.0704 \u2208 [0,0.5):\n\nS(0.0704)=1/2 + (1/2) S(0.1408)\n\n0.1408 \u2208 [0,0.5):\n\nS(0.1408)=1/2 + (1/2) S(0.2816)\n\n0.2816 \u2208 [0,0.5):\n\nS(0.2816)=1/2 + (1/2) S(0.5632)\n\n0.5632 \u2208 [0.5,1):\n\nS(0.5632)= -1/2 + (1/2) S(2*0.5632 -1)= -1/2 + (1/2) S(0.1264)\n\n0.1264 \u2208 [0,0.5):\n\nS(0.1264)=1/2 + (1/2) S(0.2528)\n\n0.2528 \u2208 [0,0.5):\n\nS(0.2528)=1/2 + (1/2) S(0.5056)\n\n0.5056 \u2208 [0.5,1):\n\nS(0.5056)= -1/2 + (1/2) S(2*0.5056 -1)= -1/2 + (1/2) S(0.0112)\n\n0.0112 \u2208 [0,0.5):\n\nS(0.0112)=1/2 + (1/2) S(0.0224)\n\n0.0224 \u2208 [0,0.5):\n\nS(0.0224)=1/2 + (1/2) S(0.0448)\n\n0.0448 \u2208 [0,0.5):\n\nS(0.0448)=1/2 + (1/2) S(0.0896)\n\n0.0896 \u2208 [0,0.5):\n\nS(0.0896)=1/2 + (1/2) S(0.1792)\n\n0.1792 \u2208 [0,0.5):\n\nS(0.1792)=1/2 + (1/2) S(0.3584)\n\n0.3584 \u2208 [0,0.5):\n\nS(0.3584)=1/2 + (1/2) S(0.7168)\n\n0.7168 \u2208 [0.5,1):\n\nS(0.7168)= -1/2 + (1/2) S(2*0.7168 -1)= -1/2 + (1/2) S(0.4336)\n\n0.4336 \u2208 [0,0.5):\n\nS(0.4336)=1/2 + (1/2) S(0.8672)\n\n0.8672 \u2208 [0.5,1):\n\nS(0.8672)= -1/2 + (1/2) S(2*0.8672 -1)= -1/2 + (1/2) S(0.7344)\n\n0.7344 \u2208 [0.5,1):\n\nS(0.7344)= -1/2 + (1/2) S(2*0.7344 -1)= -1/2 + (1/2) S(0.4688)\n\n0.4688 \u2208 [0,0.5):\n\nS(0.4688)=1/2 + (1/2) S(0.9376)\n\n0.9376 \u2208 [0.5,1):\n\nS(0.9376)= -1/2 + (1/2) S(2*0.9376 -1)= -1/2 + (1/2) S(0.8752)\n\n0.8752 \u2208 [0.5,1):\n\nS(0.8752)= -1/2 + (1/2) S(2*0.8752 -1)= -1/2 + (1/2) S(0.7504)\n\n0.7504 \u2208 [0.5,1):\n\nS(0.7504)= -1/2 + (1/2) S(2*0.7504 -1)= -1/2 + (1/2) S(0.5008)\n\n0.5008 \u2208 [0.5,1):\n\nS(0.5008)= -1/2 + (1/2) S(2*0.5008 -1)= -1/2 + (1/2) S(0.0016)\n\n0.0016 \u2208 [0,0.5):\n\nS(0.0016)=1/2 + (1/2) S(0.0032)\n\n0.0032 \u2208 [0,0.5):\n\nS(0.0032)=1/2 + (1/2) S(0.0064)\n\n0.0064 \u2208 [0,0.5):\n\nS(0.0064)=1/2 + (1/2) S(0.0128)\n\n0.0128 \u2208 [0,0.5):\n\nS(0.0128)=1/2 + (1/2) S(0.0256)\n\n0.0256 \u2208 [0,0.5):\n\nS(0.0256)=1/2 + (1/2) S(0.0512)\n\n0.0512 \u2208 [0,0.5):\n\nS(0.0512)=1/2 + (1/2) S(0.1024)\n\n0.1024 \u2208 [0,0.5):\n\nS(0.1024)=1/2 + (1/2) S(0.2048)\n\n0.2048 \u2208 [0,0.5):\n\nS(0.2048)=1/2 + (1/2) S(0.4096)\n\n0.4096 \u2208 [0,0.5):\n\nS(0.4096)=1/2 + (1/2) S(0.8192)\n\n0.8192 \u2208 [0.5,1):\n\nS(0.8192)= -1/2 + (1/2) S(2*0.8192 -1)= -1/2 + (1/2) S(0.6384)\n\n0.6384 \u2208 [0.5,1):\n\nS(0.6384)= -1/2 + (1/2) S(2*0.6384 -1)= -1/2 + (1/2) S(0.2768)\n\n0.2768 \u2208 [0,0.5):\n\nS(0.2768)=1/2 + (1/2) S(0.5536)\n\n0.5536 \u2208 [0.5,1):\n\nS(0.5536)= -1/2 + (1/2) S(2*0.5536 -1)= -1/2 + (1/2) S(0.1072)\n\n0.1072 \u2208 [0,0.5):\n\nS(0.1072)=1/2 + (1/2) S(0.2144)\n\n0.2144 \u2208 [0,0.5):\n\nS(0.2144)=1/2 + (1/2) S(0.4288)\n\n0.4288 \u2208 [0,0.5):\n\nS(0.4288)=1/2 + (1/2) S(0.8576)\n\n0.8576 \u2208 [0.5,1):\n\nS(0.8576)= -1/2 + (1/2) S(2*0.8576 -1)= -1/2 + (1/2) S(0.7152)\n\n0.7152 \u2208 [0.5,1):\n\nS(0.7152)= -1/2 + (1/2) S(2*0.7152 -1)= -1/2 + (1/2) S(0.4304)\n\n0.4304 \u2208 [0,0.5):\n\nS(0.4304)=1/2 + (1/2) S(0.8608)\n\n0.8608 \u2208 [0.5,1):\n\nS(0.8608)= -1/2 + (1/2) S(2*0.8608 -1)= -1/2 + (1/2) S(0.7216)\n\n0.7216 \u2208 [0.5,1):\n\nS(0.7216)= -1/2 + (1/2) S(2*0.7216 -1)= -1/2 + (1/2) S(0.4432)\n\n0.4432 \u2208 [0,0.5):\n\nS(0.4432)=1/2 + (1/2) S(0.8864)\n\n0.8864 \u2208 [0.5,1):\n\nS(0.8864)= -1/2 + (1/2) S(2*0.8864 -1)= -1/2 + (1/2) S(0.7728)\n\n0.7728 \u2208 [0.5,1):\n\nS(0.7728)= -1/2 + (1/2) S(2*0.7728 -1)= -1/2 + (1/2) S(0.5456)\n\n0.5456 \u2208 [0.5,1):\n\nS(0.5456)= -1/2 + (1/2) S(2*0.5456 -1)= -1/2 + (1/2) S(0.0912)\n\n0.0912 \u2208 [0,0.5):\n\nS(0.0912)=1/2 + (1/2) S(0.1824)\n\n0.1824 \u2208 [0,0.5):\n\nS(0.1824)=1/2 + (1/2) S(0.3648)\n\n0.3648 \u2208 [0,0.5):\n\nS(0.3648)=1/2 + (1/2) S(0.7296)\n\n0.7296 \u2208 [0.5,1):\n\nS(0.7296)= -1/2 + (1/2) S(2*0.7296 -1)= -1/2 + (1/2) S(0.4592)\n\n0.4592 \u2208 [0,0.5):\n\nS(0.4592)=1/2 + (1/2) S(0.9184)\n\n0.9184 \u2208 [0.5,1):\n\nS(0.9184)= -1/2 + (1/2) S(2*0.9184 -1)= -1/2 + (1/2) S(0.8368)\n\n0.8368 \u2208 [0.5,1):\n\nS(0.8368)= -1/2 + (1/2) S(2*0.8368 -1)= -1/2 + (1/2) S(0.6736)\n\n0.6736 \u2208 [0.5,1):\n\nS(0.6736)= -1/2 + (1/2) S(2*0.6736 -1)= -1/2 + (1/2) S(0.3472)\n\n0.3472 \u2208 [0,0.5):\n\nS(0.3472)=1/2 + (1/2) S(0.6944)\n\n0.6944 \u2208 [0.5,1):\n\nS(0.6944)= -1/2 + (1/2) S(2*0.6944 -1)= -1/2 + (1/2) S(0.3888)\n\n0.3888 \u2208 [0,0.5):\n\nS(0.3888)=1/2 + (1/2) S(0.7776)\n\n0.7776 \u2208 [0.5,1):\n\nS(0.7776)= -1/2 + (1/2) S(2*0.7776 -1)= -1/2 + (1/2) S(0.5552)\n\n0.5552 \u2208 [0.5,1):\n\nS(0.5552)= -1/2 + (1/2) S(2*0.5552 -1)= -1/2 + (1/2) S(0.1104)\n\n0.1104 \u2208 [0,0.5):\n\nS(0.1104)=1/2 + (1/2) S(0.2208)\n\n0.2208 \u2208 [0,0.5):\n\nS(0.2208)=1/2 + (1/2) S(0.4416)\n\n0.4416 \u2208 [0,0.5):\n\nS(0.4416)=1/2 + (1/2) S(0.8832)\n\n0.8832 \u2208 [0.5,1):\n\nS(0.8832)= -1/2 + (1/2) S(2*0.8832 -1)= -1/2 + (1/2) S(0.7664)\n\n0.7664 \u2208 [0.5,1):\n\nS(0.7664)= -1/2 + (1/2) S(2*0.7664 -1)= -1/2 + (1/2) S(0.5328)\n\n0.5328 \u2208 [0.5,1):\n\nS(0.5328)= -1/2 + (1/2) S(2*0.5328 -1)= -1/2 + (1/2) S(0.0656)\n\n0.0656 \u2208 [0,0.5):\n\nS(0.0656)=1/2 + (1/2) S(0.1312)\n\n0.1312 \u2208 [0,0.5):\n\nS(0.1312)=1/2 + (1/2) S(0.2624)\n\n0.2624 \u2208 [0,0.5):\n\nS(0.2624)=1/2 + (1/2) S(0.5248)\n\n0.5248 \u2208 [0.5,1):\n\nS(0.5248)= -1/2 + (1/2) S(2*0.5248 -1)= -1/2 + (1/2) S(0.0496)\n\n0.0496 \u2208 [0,0.5):\n\nS(0.0496)=1/2 + (1/2) S(0.0992)\n\n0.0992 \u2208 [0,0.5):\n\nS(0.0992)=1/2 + (1/2) S(0.1984)\n\n0.1984 \u2208 [0,0.5):\n\nS(0.1984)=1/2 + (1/2) S(0.3968)\n\n0.3968 \u2208 [0,0.5):\n\nS(0.3968)=1/2 + (1/2) S(0.7936)\n\n0.7936 \u2208 [0.5,1):\n\nS(0.7936)= -1/2 + (1/2) S(2*0.7936 -1)= -1/2 + (1/2) S(0.5872)\n\n0.5872 \u2208 [0.5,1):\n\nS(0.5872)= -1/2 + (1/2) S(2*0.5872 -1)= -1/2 + (1/2) S(0.1744)\n\n0.1744 \u2208 [0,0.5):\n\nS(0.1744)=1/2 + (1/2) S(0.3488)\n\n0.3488 \u2208 [0,0.5):\n\nS(0.3488)=1/2 + (1/2) S(0.6976)\n\n0.6976 \u2208 [0.5,1):\n\nS(0.6976)= -1/2 + (1/2) S(2*0.6976 -1)= -1/2 + (1/2) S(0.3952)\n\n0.3952 \u2208 [0,0.5):\n\nS(0.3952)=1/2 + (1/2) S(0.7904)\n\n0.7904 \u2208 [0.5,1):\n\nS(0.7904)= -1/2 + (1/2) S(2*0.7904 -1)= -1/2 + (1/2) S(0.5808)\n\n0.5808 \u2208 [0.5,1):\n\nS(0.5808)= -1/2 + (1/2) S(2*0.5808 -1)= -1/2 + (1/2) S(0.1616)\n\n0.1616 \u2208 [0,0.5):\n\nS(0.1616)=1/2 + (1/2) S(0.3232)\n\n0.3232 \u2208 [0,0.5):\n\nS(0.3232)=1/2 + (1/2) S(0.6464)\n\n0.6464 \u2208 [0.5,1):\n\nS(0.6464)= -1/2 + (1/2) S(2*0.6464 -1)= -1/2 + (1/2) S(0.2928)\n\n0.2928 \u2208 [0,0.5):\n\nS(0.2928)=1/2 + (1/2) S(0.5856)\n\n0.5856 \u2208 [0.5,1):\n\nS(0.5856)= -1/2 + (1/2) S(2*0.5856 -1)= -1/2 + (1/2) S(0.1712)\n\n0.1712 \u2208 [0,0.5):\n\nS(0.1712)=1/2 + (1/2) S(0.3424)\n\n0.3424 \u2208 [0,0.5):\n\nS(0.3424)=1/2 + (1/2) S(0.6848)\n\n0.6848 \u2208 [0.5,1):\n\nS(0.6848)= -1/2 + (1/2) S(2*0.6848 -1)= -1/2 + (1/2) S(0.3696)\n\n0.3696 \u2208 [0,0.5):\n\nS(0.3696)=1/2 + (1/2) S(0.7392)\n\n0.7392 \u2208 [0.5,1):\n\nS(0.7392)= -1/2 + (1/2) S(2*0.7392 -1)= -1/2 + (1/2) S(0.4784)\n\n0.4784 \u2208 [0,0.5):\n\nS(0.4784)=1/2 + (1/2) S(0.9568)\n\n0.9568 \u2208 [0.5,1):\n\nS(0.9568)= -1/2 + (1/2) S(2*0.9568 -1)= -1/2 + (1/2) S(0.9136)\n\n0.9136 \u2208 [0.5,1):\n\nS(0.9136)= -1/2 + (1/2) S(2*0.9136 -1)= -1/2 + (1/2) S(0.8272)\n\n0.8272 \u2208 [0.5,1):\n\nS(0.8272)= -1/2 + (1/2) S(2*0.8272 -1)= -1/2 + (1/2) S(0.6544)\n\n0.6544 \u2208 [0.5,1):\n\nS(0.6544)= -1/2 + (1/2) S(2*0.6544 -1)= -1/2 + (1/2) S(0.3088)\n\n0.3088 \u2208 [0,0.5):\n\nS(0.3088)=1/2 + (1/2) S(0.6176)\n\n0.6176 \u2208 [0.5,1):\n\nS(0.6176)= -1/2 + (1/2) S(2*0.6176 -1)= -1/2 + (1/2) S(0.2352)\n\n0.2352 \u2208 [0,0.5):\n\nS(0.2352)=1/2 + (1/2) S(0.4704)\n\n0.4704 \u2208 [0,0.5):\n\nS(0.4704)=1/2 + (1/2) S(0.9408)\n\n0.9408 \u2208 [0.5,1):\n\nS(0.9408)= -1/2 + (1/2) S(2*0.9408 -1)= -1/2 + (1/2) S(0.8816)\n\n0.8816 \u2208 [0.5,1):\n\nS(0.8816)= -1/2 + (1/2) S(2*0.8816 -1)= -1/2 + (1/2) S(0.7632)\n\n0.7632 \u2208 [0.5,1):\n\nS(0.7632)= -1/2 + (1/2) S(2*0.7632 -1)= -1/2 + (1/2) S(0.5264)\n\n0.5264 \u2208 [0.5,1):\n\nS(0.5264)= -1/2 + (1/2) S(2*0.5264 -1)= -1/2 + (1",
      "prompt_tokens": 156,
      "completion_tokens": 32768
    }
  ]
}