{
  "iteration": 5,
  "question_id": "index_4",
  "status": "SUCCESS",
  "n_chains_requested": 2,
  "n_chains_completed_stream_with_content": 2,
  "n_chains_completed_stream_for_voting": 2,
  "error_chains_count": 0,
  "prompt_len": 509,
  "correct_answer_reference": "890",
  "individual_answers": [
    "890",
    "890"
  ],
  "voted_answer": "890",
  "final_score": 1,
  "avg_kv_cache_usage": 0.02079100009235919,
  "max_kv_cache_usage": 0.0379047729783151,
  "processing_duration_sec": 149.5775911808014,
  "usage_aggregated": {
    "prompt_tokens": 143,
    "total_completion_tokens_across_all_requested_chains": 12615,
    "total_reasoning_tokens_counted": 11494,
    "total_non_reasoning_tokens_counted": 1117,
    "total_tokens_usage": 12758
  },
  "chains_for_voting_details": [
    {
      "chain_index": 1,
      "finish_reason": "stop",
      "extracted_answer": "890",
      "prompt_tokens": 143,
      "completion_tokens": 7556,
      "reasoning_tokens_counted": 6920,
      "non_reasoning_tokens_counted": 634
    },
    {
      "chain_index": 2,
      "finish_reason": "stop",
      "extracted_answer": "890",
      "prompt_tokens": 143,
      "completion_tokens": 5059,
      "reasoning_tokens_counted": 4574,
      "non_reasoning_tokens_counted": 483
    }
  ],
  "error_chain_details": []
}