{
  "iteration": 11,
  "question_id": "index_10",
  "status": "SUCCESS",
  "n_chains_requested": 2,
  "n_chains_completed_stream_with_content": 2,
  "n_chains_completed_stream_for_voting": 2,
  "error_chains_count": 0,
  "prompt_len": 481,
  "correct_answer_reference": "56",
  "individual_answers": [
    "56",
    "56"
  ],
  "voted_answer": "56",
  "final_score": 1,
  "avg_kv_cache_usage": 0.050386528291061015,
  "max_kv_cache_usage": 0.0998779140747631,
  "processing_duration_sec": 335.01431679725647,
  "usage_aggregated": {
    "prompt_tokens": 116,
    "total_completion_tokens_across_all_requested_chains": 27637,
    "total_reasoning_tokens_counted": 26695,
    "total_non_reasoning_tokens_counted": 938,
    "total_tokens_usage": 27753
  },
  "chains_for_voting_details": [
    {
      "chain_index": 1,
      "finish_reason": "stop",
      "extracted_answer": "56",
      "prompt_tokens": 116,
      "completion_tokens": 13619,
      "reasoning_tokens_counted": 13140,
      "non_reasoning_tokens_counted": 477
    },
    {
      "chain_index": 2,
      "finish_reason": "stop",
      "extracted_answer": "56",
      "prompt_tokens": 116,
      "completion_tokens": 14018,
      "reasoning_tokens_counted": 13555,
      "non_reasoning_tokens_counted": 461
    }
  ],
  "error_chain_details": []
}