{
  "iteration": 18,
  "question_id": "index_17",
  "status": "SUCCESS",
  "n_chains_requested": 2,
  "n_chains_completed_stream_with_content": 2,
  "n_chains_completed_stream_for_voting": 2,
  "error_chains_count": 0,
  "prompt_len": 716,
  "correct_answer_reference": "\\frac{2025}{101}",
  "individual_answers": [
    "\\dfrac{675}{67}",
    "1825"
  ],
  "voted_answer": "1825",
  "final_score": 0,
  "avg_kv_cache_usage": 0.06091184911528966,
  "max_kv_cache_usage": 0.1197604790419161,
  "processing_duration_sec": 444.69174575805664,
  "usage_aggregated": {
    "prompt_tokens": 222,
    "total_completion_tokens_across_all_requested_chains": 34095,
    "total_reasoning_tokens_counted": 33352,
    "total_non_reasoning_tokens_counted": 739,
    "total_tokens_usage": 34317
  },
  "chains_for_voting_details": [
    {
      "chain_index": 1,
      "finish_reason": "stop",
      "extracted_answer": "\\dfrac{675}{67}",
      "prompt_tokens": 222,
      "completion_tokens": 16256,
      "reasoning_tokens_counted": 15892,
      "non_reasoning_tokens_counted": 362
    },
    {
      "chain_index": 2,
      "finish_reason": "stop",
      "extracted_answer": "1825",
      "prompt_tokens": 222,
      "completion_tokens": 17839,
      "reasoning_tokens_counted": 17460,
      "non_reasoning_tokens_counted": 377
    }
  ],
  "error_chain_details": []
}