{
  "iteration": 13,
  "question_id": "index_12",
  "status": "SUCCESS",
  "n_chains_requested": 2,
  "n_chains_completed_stream_with_content": 2,
  "n_chains_completed_stream_for_voting": 2,
  "error_chains_count": 0,
  "prompt_len": 592,
  "correct_answer_reference": "105",
  "individual_answers": [
    "8",
    "2"
  ],
  "voted_answer": "2",
  "final_score": 0,
  "avg_kv_cache_usage": 0.07053030213586577,
  "max_kv_cache_usage": 0.139061682460322,
  "processing_duration_sec": 548.3421714305878,
  "usage_aggregated": {
    "prompt_tokens": 154,
    "total_completion_tokens_across_all_requested_chains": 40365,
    "total_reasoning_tokens_counted": 39508,
    "total_non_reasoning_tokens_counted": 853,
    "total_tokens_usage": 40519
  },
  "chains_for_voting_details": [
    {
      "chain_index": 1,
      "finish_reason": "stop",
      "extracted_answer": "8",
      "prompt_tokens": 154,
      "completion_tokens": 18971,
      "reasoning_tokens_counted": 18594,
      "non_reasoning_tokens_counted": 375
    },
    {
      "chain_index": 2,
      "finish_reason": "stop",
      "extracted_answer": "2",
      "prompt_tokens": 154,
      "completion_tokens": 21394,
      "reasoning_tokens_counted": 20914,
      "non_reasoning_tokens_counted": 478
    }
  ],
  "error_chain_details": []
}