{
  "iteration": 6,
  "question_id": "index_5",
  "status": "SUCCESS",
  "n_chains_requested": 2,
  "n_chains_completed_stream_with_content": 2,
  "n_chains_completed_stream_for_voting": 2,
  "error_chains_count": 0,
  "prompt_len": 370,
  "correct_answer_reference": "\\frac{1311}{2017}",
  "individual_answers": [
    "\\dfrac{1311}{2017}",
    "\\dfrac{1311}{2017}"
  ],
  "voted_answer": "\\dfrac{1311}{2017}",
  "final_score": 1,
  "avg_kv_cache_usage": 0.03090801208210901,
  "max_kv_cache_usage": 0.060926690308703,
  "processing_duration_sec": 173.26001906394958,
  "usage_aggregated": {
    "prompt_tokens": 113,
    "total_completion_tokens_across_all_requested_chains": 16716,
    "total_reasoning_tokens_counted": 15210,
    "total_non_reasoning_tokens_counted": 1502,
    "total_tokens_usage": 16829
  },
  "chains_for_voting_details": [
    {
      "chain_index": 1,
      "finish_reason": "stop",
      "extracted_answer": "\\dfrac{1311}{2017}",
      "prompt_tokens": 113,
      "completion_tokens": 8449,
      "reasoning_tokens_counted": 7647,
      "non_reasoning_tokens_counted": 800
    },
    {
      "chain_index": 2,
      "finish_reason": "stop",
      "extracted_answer": "\\dfrac{1311}{2017}",
      "prompt_tokens": 113,
      "completion_tokens": 8267,
      "reasoning_tokens_counted": 7563,
      "non_reasoning_tokens_counted": 702
    }
  ],
  "error_chain_details": []
}