{
  "iteration": 4,
  "question_id": "index_3",
  "status": "SUCCESS",
  "n_chains_requested": 2,
  "n_chains_completed_stream_with_content": 2,
  "n_chains_completed_stream_for_voting": 2,
  "error_chains_count": 0,
  "prompt_len": 404,
  "correct_answer_reference": "-984",
  "individual_answers": [
    "-984",
    "-984"
  ],
  "voted_answer": "-984",
  "final_score": 1,
  "avg_kv_cache_usage": 0.061521590356217314,
  "max_kv_cache_usage": 0.100517411778385,
  "processing_duration_sec": 733.8493654727936,
  "usage_aggregated": {
    "prompt_tokens": 123,
    "total_completion_tokens_across_all_requested_chains": 40332,
    "total_reasoning_tokens_counted": 38839,
    "total_non_reasoning_tokens_counted": 1489,
    "total_tokens_usage": 40455
  },
  "chains_for_voting_details": [
    {
      "chain_index": 1,
      "finish_reason": "stop",
      "extracted_answer": "-984",
      "prompt_tokens": 123,
      "completion_tokens": 12798,
      "reasoning_tokens_counted": 11883,
      "non_reasoning_tokens_counted": 913
    },
    {
      "chain_index": 2,
      "finish_reason": "stop",
      "extracted_answer": "-984",
      "prompt_tokens": 123,
      "completion_tokens": 27534,
      "reasoning_tokens_counted": 26956,
      "non_reasoning_tokens_counted": 576
    }
  ],
  "error_chain_details": []
}