{
  "iteration": 15,
  "question_id": "index_14",
  "status": "SUCCESS",
  "n_chains_requested": 2,
  "n_chains_completed_stream_with_content": 2,
  "n_chains_completed_stream_for_voting": 2,
  "error_chains_count": 0,
  "prompt_len": 610,
  "correct_answer_reference": "200",
  "individual_answers": [
    "202",
    "202"
  ],
  "voted_answer": "202",
  "final_score": 0,
  "avg_kv_cache_usage": 0.018746325110256847,
  "max_kv_cache_usage": 0.0348816929248299,
  "processing_duration_sec": 126.83524417877197,
  "usage_aggregated": {
    "prompt_tokens": 149,
    "total_completion_tokens_across_all_requested_chains": 11058,
    "total_reasoning_tokens_counted": 10173,
    "total_non_reasoning_tokens_counted": 881,
    "total_tokens_usage": 11207
  },
  "chains_for_voting_details": [
    {
      "chain_index": 1,
      "finish_reason": "stop",
      "extracted_answer": "202",
      "prompt_tokens": 149,
      "completion_tokens": 4648,
      "reasoning_tokens_counted": 4280,
      "non_reasoning_tokens_counted": 366
    },
    {
      "chain_index": 2,
      "finish_reason": "stop",
      "extracted_answer": "202",
      "prompt_tokens": 149,
      "completion_tokens": 6410,
      "reasoning_tokens_counted": 5893,
      "non_reasoning_tokens_counted": 515
    }
  ],
  "error_chain_details": []
}