{
  "iteration": 26,
  "question_id": "index_25",
  "status": "SUCCESS",
  "n_chains_requested": 2,
  "n_chains_completed_stream_with_content": 2,
  "n_chains_completed_stream_for_voting": 2,
  "error_chains_count": 0,
  "prompt_len": 504,
  "correct_answer_reference": "9\\sqrt{15}",
  "individual_answers": [
    "9\\sqrt{15}",
    "9\\sqrt{15}"
  ],
  "voted_answer": "9\\sqrt{15}",
  "final_score": 1,
  "avg_kv_cache_usage": 0.04394183091127824,
  "max_kv_cache_usage": 0.0867391430730771,
  "processing_duration_sec": 275.7542049884796,
  "usage_aggregated": {
    "prompt_tokens": 144,
    "total_completion_tokens_across_all_requested_chains": 23838,
    "total_reasoning_tokens_counted": 21615,
    "total_non_reasoning_tokens_counted": 2219,
    "total_tokens_usage": 23982
  },
  "chains_for_voting_details": [
    {
      "chain_index": 1,
      "finish_reason": "stop",
      "extracted_answer": "9\\sqrt{15}",
      "prompt_tokens": 144,
      "completion_tokens": 11792,
      "reasoning_tokens_counted": 10687,
      "non_reasoning_tokens_counted": 1103
    },
    {
      "chain_index": 2,
      "finish_reason": "stop",
      "extracted_answer": "9\\sqrt{15}",
      "prompt_tokens": 144,
      "completion_tokens": 12046,
      "reasoning_tokens_counted": 10928,
      "non_reasoning_tokens_counted": 1116
    }
  ],
  "error_chain_details": []
}