{
  "iteration": 19,
  "question_id": "index_18",
  "status": "SUCCESS",
  "n_chains_requested": 2,
  "n_chains_completed_stream_with_content": 2,
  "n_chains_completed_stream_for_voting": 2,
  "error_chains_count": 0,
  "prompt_len": 457,
  "correct_answer_reference": "\\frac{4}{9}",
  "individual_answers": [
    "\\dfrac{1}{2}",
    "\\dfrac{1}{2}"
  ],
  "voted_answer": "\\dfrac{1}{2}",
  "final_score": 0,
  "avg_kv_cache_usage": 0.04981761719279883,
  "max_kv_cache_usage": 0.0935992093482936,
  "processing_duration_sec": 446.6752259731293,
  "usage_aggregated": {
    "prompt_tokens": 95,
    "total_completion_tokens_across_all_requested_chains": 30779,
    "total_reasoning_tokens_counted": 30096,
    "total_non_reasoning_tokens_counted": 679,
    "total_tokens_usage": 30874
  },
  "chains_for_voting_details": [
    {
      "chain_index": 1,
      "finish_reason": "stop",
      "extracted_answer": "\\dfrac{1}{2}",
      "prompt_tokens": 95,
      "completion_tokens": 18000,
      "reasoning_tokens_counted": 17687,
      "non_reasoning_tokens_counted": 311
    },
    {
      "chain_index": 2,
      "finish_reason": "stop",
      "extracted_answer": "\\dfrac{1}{2}",
      "prompt_tokens": 95,
      "completion_tokens": 12779,
      "reasoning_tokens_counted": 12409,
      "non_reasoning_tokens_counted": 368
    }
  ],
  "error_chain_details": []
}