{
  "iteration": 20,
  "question_id": "index_19",
  "status": "SUCCESS",
  "n_chains_requested": 2,
  "n_chains_completed_stream_with_content": 2,
  "n_chains_completed_stream_for_voting": 2,
  "error_chains_count": 0,
  "prompt_len": 751,
  "correct_answer_reference": "\\frac{448}{3}",
  "individual_answers": [
    "45",
    "\\dfrac{675}{2}"
  ],
  "voted_answer": "\\dfrac{675}{2}",
  "final_score": 0,
  "avg_kv_cache_usage": 0.0807549112766504,
  "max_kv_cache_usage": 0.159176792046974,
  "processing_duration_sec": 642.5570397377014,
  "usage_aggregated": {
    "prompt_tokens": 171,
    "total_completion_tokens_across_all_requested_chains": 46340,
    "total_reasoning_tokens_counted": 45524,
    "total_non_reasoning_tokens_counted": 809,
    "total_tokens_usage": 46511
  },
  "chains_for_voting_details": [
    {
      "chain_index": 1,
      "finish_reason": "stop",
      "extracted_answer": "45",
      "prompt_tokens": 171,
      "completion_tokens": 24621,
      "reasoning_tokens_counted": 24247,
      "non_reasoning_tokens_counted": 369
    },
    {
      "chain_index": 2,
      "finish_reason": "stop",
      "extracted_answer": "\\dfrac{675}{2}",
      "prompt_tokens": 171,
      "completion_tokens": 21719,
      "reasoning_tokens_counted": 21277,
      "non_reasoning_tokens_counted": 440
    }
  ],
  "error_chain_details": []
}