{
  "iteration": 14,
  "question_id": "index_13",
  "status": "SUCCESS",
  "n_chains_requested": 2,
  "n_chains_completed_stream_with_content": 2,
  "n_chains_completed_stream_for_voting": 2,
  "error_chains_count": 0,
  "prompt_len": 638,
  "correct_answer_reference": "2304",
  "individual_answers": [
    "76",
    "70"
  ],
  "voted_answer": "76",
  "final_score": 0,
  "avg_kv_cache_usage": 0.06169642617646204,
  "max_kv_cache_usage": 0.1218533806174059,
  "processing_duration_sec": 434.68392062187195,
  "usage_aggregated": {
    "prompt_tokens": 188,
    "total_completion_tokens_across_all_requested_chains": 34048,
    "total_reasoning_tokens_counted": 33478,
    "total_non_reasoning_tokens_counted": 566,
    "total_tokens_usage": 34236
  },
  "chains_for_voting_details": [
    {
      "chain_index": 1,
      "finish_reason": "stop",
      "extracted_answer": "76",
      "prompt_tokens": 188,
      "completion_tokens": 16578,
      "reasoning_tokens_counted": 16216,
      "non_reasoning_tokens_counted": 360
    },
    {
      "chain_index": 2,
      "finish_reason": "stop",
      "extracted_answer": "70",
      "prompt_tokens": 188,
      "completion_tokens": 17470,
      "reasoning_tokens_counted": 17262,
      "non_reasoning_tokens_counted": 206
    }
  ],
  "error_chain_details": []
}