{
  "iteration": 24,
  "question_id": "index_23",
  "status": "SUCCESS",
  "n_chains_requested": 2,
  "n_chains_completed_stream_with_content": 2,
  "n_chains_completed_stream_for_voting": 2,
  "error_chains_count": 0,
  "prompt_len": 1759,
  "correct_answer_reference": "20",
  "individual_answers": [
    "28",
    "80"
  ],
  "voted_answer": "80",
  "final_score": 0,
  "avg_kv_cache_usage": 0.04132461738561064,
  "max_kv_cache_usage": 0.0715074704959014,
  "processing_duration_sec": 363.1249523162842,
  "usage_aggregated": {
    "prompt_tokens": 682,
    "total_completion_tokens_across_all_requested_chains": 24065,
    "total_reasoning_tokens_counted": 22751,
    "total_non_reasoning_tokens_counted": 1310,
    "total_tokens_usage": 24747
  },
  "chains_for_voting_details": [
    {
      "chain_index": 1,
      "finish_reason": "stop",
      "extracted_answer": "28",
      "prompt_tokens": 682,
      "completion_tokens": 9145,
      "reasoning_tokens_counted": 8512,
      "non_reasoning_tokens_counted": 631
    },
    {
      "chain_index": 2,
      "finish_reason": "stop",
      "extracted_answer": "80",
      "prompt_tokens": 682,
      "completion_tokens": 14920,
      "reasoning_tokens_counted": 14239,
      "non_reasoning_tokens_counted": 679
    }
  ],
  "error_chain_details": []
}