{
  "iteration": 2,
  "question_id": "index_1",
  "status": "SUCCESS",
  "n_chains_requested": 2,
  "n_chains_completed_stream_with_content": 2,
  "n_chains_completed_stream_for_voting": 2,
  "error_chains_count": 0,
  "prompt_len": 600,
  "correct_answer_reference": "3375",
  "individual_answers": [
    "3375",
    "3375"
  ],
  "voted_answer": "3375",
  "final_score": 1,
  "avg_kv_cache_usage": 0.011352350326200654,
  "max_kv_cache_usage": 0.0210452880646474,
  "processing_duration_sec": 72.02151489257812,
  "usage_aggregated": {
    "prompt_tokens": 153,
    "total_completion_tokens_across_all_requested_chains": 6370,
    "total_reasoning_tokens_counted": 5283,
    "total_non_reasoning_tokens_counted": 1083,
    "total_tokens_usage": 6523
  },
  "chains_for_voting_details": [
    {
      "chain_index": 1,
      "finish_reason": "stop",
      "extracted_answer": "3375",
      "prompt_tokens": 153,
      "completion_tokens": 2731,
      "reasoning_tokens_counted": 2192,
      "non_reasoning_tokens_counted": 537
    },
    {
      "chain_index": 2,
      "finish_reason": "stop",
      "extracted_answer": "3375",
      "prompt_tokens": 153,
      "completion_tokens": 3639,
      "reasoning_tokens_counted": 3091,
      "non_reasoning_tokens_counted": 546
    }
  ],
  "error_chain_details": []
}