{
  "iteration": 16,
  "question_id": "index_15",
  "status": "SUCCESS",
  "n_chains_requested": 2,
  "n_chains_completed_stream_with_content": 2,
  "n_chains_completed_stream_for_voting": 2,
  "error_chains_count": 0,
  "prompt_len": 533,
  "correct_answer_reference": "6300",
  "individual_answers": [
    "6720",
    "13300"
  ],
  "voted_answer": "13300",
  "final_score": 0,
  "avg_kv_cache_usage": 0.051180141012262655,
  "max_kv_cache_usage": 0.0992384163711411,
  "processing_duration_sec": 418.00435876846313,
  "usage_aggregated": {
    "prompt_tokens": 119,
    "total_completion_tokens_across_all_requested_chains": 30389,
    "total_reasoning_tokens_counted": 29364,
    "total_non_reasoning_tokens_counted": 1021,
    "total_tokens_usage": 30508
  },
  "chains_for_voting_details": [
    {
      "chain_index": 1,
      "finish_reason": "stop",
      "extracted_answer": "6720",
      "prompt_tokens": 119,
      "completion_tokens": 13531,
      "reasoning_tokens_counted": 13013,
      "non_reasoning_tokens_counted": 516
    },
    {
      "chain_index": 2,
      "finish_reason": "stop",
      "extracted_answer": "13300",
      "prompt_tokens": 119,
      "completion_tokens": 16858,
      "reasoning_tokens_counted": 16351,
      "non_reasoning_tokens_counted": 505
    }
  ],
  "error_chain_details": []
}