{
  "iteration": 9,
  "question_id": "index_8",
  "status": "SUCCESS",
  "n_chains_requested": 2,
  "n_chains_completed_stream_with_content": 2,
  "n_chains_completed_stream_for_voting": 2,
  "error_chains_count": 0,
  "prompt_len": 743,
  "correct_answer_reference": "1037",
  "individual_answers": [
    "1037",
    "1037"
  ],
  "voted_answer": "1037",
  "final_score": 1,
  "avg_kv_cache_usage": 0.040804580646455646,
  "max_kv_cache_usage": 0.0745305505493866,
  "processing_duration_sec": 361.48278737068176,
  "usage_aggregated": {
    "prompt_tokens": 243,
    "total_completion_tokens_across_all_requested_chains": 24904,
    "total_reasoning_tokens_counted": 23511,
    "total_non_reasoning_tokens_counted": 1389,
    "total_tokens_usage": 25147
  },
  "chains_for_voting_details": [
    {
      "chain_index": 1,
      "finish_reason": "stop",
      "extracted_answer": "1037",
      "prompt_tokens": 243,
      "completion_tokens": 14891,
      "reasoning_tokens_counted": 14329,
      "non_reasoning_tokens_counted": 560
    },
    {
      "chain_index": 2,
      "finish_reason": "stop",
      "extracted_answer": "1037",
      "prompt_tokens": 243,
      "completion_tokens": 10013,
      "reasoning_tokens_counted": 9182,
      "non_reasoning_tokens_counted": 829
    }
  ],
  "error_chain_details": []
}