{
  "iteration": 17,
  "question_id": "index_16",
  "status": "SUCCESS",
  "n_chains_requested": 2,
  "n_chains_completed_stream_with_content": 2,
  "n_chains_completed_stream_for_voting": 2,
  "error_chains_count": 0,
  "prompt_len": 579,
  "correct_answer_reference": "2^{25} \\cdot 26!",
  "individual_answers": [
    "26!",
    "2 \\times 26!"
  ],
  "voted_answer": "2 \\times 26!",
  "final_score": 0,
  "avg_kv_cache_usage": 0.03299150512045177,
  "max_kv_cache_usage": 0.0645311319109354,
  "processing_duration_sec": 213.1287477016449,
  "usage_aggregated": {
    "prompt_tokens": 147,
    "total_completion_tokens_across_all_requested_chains": 18559,
    "total_reasoning_tokens_counted": 17837,
    "total_non_reasoning_tokens_counted": 718,
    "total_tokens_usage": 18706
  },
  "chains_for_voting_details": [
    {
      "chain_index": 1,
      "finish_reason": "stop",
      "extracted_answer": "26!",
      "prompt_tokens": 147,
      "completion_tokens": 9832,
      "reasoning_tokens_counted": 9477,
      "non_reasoning_tokens_counted": 353
    },
    {
      "chain_index": 2,
      "finish_reason": "stop",
      "extracted_answer": "2 \\times 26!",
      "prompt_tokens": 147,
      "completion_tokens": 8727,
      "reasoning_tokens_counted": 8360,
      "non_reasoning_tokens_counted": 365
    }
  ],
  "error_chain_details": []
}