{
  "iteration": 23,
  "question_id": "index_22",
  "status": "SUCCESS",
  "n_chains_requested": 2,
  "n_chains_completed_stream_with_content": 2,
  "n_chains_completed_stream_for_voting": 2,
  "error_chains_count": 0,
  "prompt_len": 466,
  "correct_answer_reference": "8\\sqrt{10}",
  "individual_answers": [
    "8\\sqrt{10}",
    "8\\sqrt{10}"
  ],
  "voted_answer": "8\\sqrt{10}",
  "final_score": 1,
  "avg_kv_cache_usage": 0.03499941499887557,
  "max_kv_cache_usage": 0.0689494796814138,
  "processing_duration_sec": 204.52989625930786,
  "usage_aggregated": {
    "prompt_tokens": 135,
    "total_completion_tokens_across_all_requested_chains": 18933,
    "total_reasoning_tokens_counted": 17741,
    "total_non_reasoning_tokens_counted": 1188,
    "total_tokens_usage": 19068
  },
  "chains_for_voting_details": [
    {
      "chain_index": 1,
      "finish_reason": "stop",
      "extracted_answer": "8\\sqrt{10}",
      "prompt_tokens": 135,
      "completion_tokens": 9349,
      "reasoning_tokens_counted": 8811,
      "non_reasoning_tokens_counted": 536
    },
    {
      "chain_index": 2,
      "finish_reason": "stop",
      "extracted_answer": "8\\sqrt{10}",
      "prompt_tokens": 135,
      "completion_tokens": 9584,
      "reasoning_tokens_counted": 8930,
      "non_reasoning_tokens_counted": 652
    }
  ],
  "error_chain_details": []
}