{
  "iteration": 26,
  "question_id": "index_25",
  "status": "SUCCESS",
  "n_chains_start": 8,
  "n_chains_completed_stream_for_voting": 1,
  "n_chains_pruned": 7,
  "n_chains_error": 0,
  "similarity_threshold": 0.0,
  "num_steps_to_delay_pruning": 20,
  "correct_answer_reference": "113",
  "individual_answers_final": [
    "113"
  ],
  "voted_answer": "113",
  "final_score": 1,
  "processing_duration_sec": 456.8206388950348,
  "total_analysis_intervals": 28,
  "avg_kv_cache_usage": 0.041839547986533415,
  "max_kv_cache_usage": 0.0958083832335329,
  "usage_aggregated": {
    "prompt_tokens": 402,
    "total_completion_tokens_across_all_started_chains": 38291
  },
  "chains_for_voting_details": [
    {
      "chain_index": 7,
      "finish_reason": "stop",
      "extracted_answer": "113",
      "prompt_tokens": 402,
      "completion_tokens": 18052,
      "completed_thought_count": 0,
      "final_mean_pairwise_similarity": 0.0,
      "final_internal_similarity": 0.0,
      "pruned_count": 0
    }
  ],
  "pruned_chain_details": [
    {
      "chain_index": 1,
      "finish_reason": "pruned",
      "completion_tokens": 2892,
      "completed_thought_count": 0,
      "full_text_len": 9797,
      "pruned_at_step": 25,
      "pruned_by_chain_id": "random_system",
      "initial_pruned_count": 0
    },
    {
      "chain_index": 2,
      "finish_reason": "pruned",
      "completion_tokens": 2892,
      "completed_thought_count": 0,
      "full_text_len": 7797,
      "pruned_at_step": 27,
      "pruned_by_chain_id": "random_system",
      "initial_pruned_count": 0
    },
    {
      "chain_index": 3,
      "finish_reason": "pruned",
      "completion_tokens": 2891,
      "completed_thought_count": 0,
      "full_text_len": 8539,
      "pruned_at_step": 21,
      "pruned_by_chain_id": "random_system",
      "initial_pruned_count": 0
    },
    {
      "chain_index": 4,
      "finish_reason": "pruned",
      "completion_tokens": 2891,
      "completed_thought_count": 0,
      "full_text_len": 8890,
      "pruned_at_step": 22,
      "pruned_by_chain_id": "random_system",
      "initial_pruned_count": 0
    },
    {
      "chain_index": 5,
      "finish_reason": "pruned",
      "completion_tokens": 2891,
      "completed_thought_count": 0,
      "full_text_len": 10307,
      "pruned_at_step": 24,
      "pruned_by_chain_id": "random_system",
      "initial_pruned_count": 0
    },
    {
      "chain_index": 6,
      "finish_reason": "pruned",
      "completion_tokens": 2891,
      "completed_thought_count": 0,
      "full_text_len": 7310,
      "pruned_at_step": 23,
      "pruned_by_chain_id": "random_system",
      "initial_pruned_count": 0
    },
    {
      "chain_index": 8,
      "finish_reason": "pruned",
      "completion_tokens": 2891,
      "completed_thought_count": 0,
      "full_text_len": 9910,
      "pruned_at_step": 26,
      "pruned_by_chain_id": "random_system",
      "initial_pruned_count": 0
    }
  ],
  "error_chain_details": []
}