{
  "iteration": 17,
  "question_id": "index_16",
  "status": "SUCCESS",
  "n_chains_start": 8,
  "n_chains_completed_stream_for_voting": 1,
  "n_chains_pruned": 7,
  "n_chains_error": 0,
  "similarity_threshold": 0.0,
  "num_steps_to_delay_pruning": 20,
  "correct_answer_reference": "721",
  "individual_answers_final": [
    "721"
  ],
  "voted_answer": "721",
  "final_score": 1,
  "processing_duration_sec": 212.76285815238953,
  "total_analysis_intervals": 28,
  "avg_kv_cache_usage": 0.030521024944262825,
  "max_kv_cache_usage": 0.0892971338875646,
  "usage_aggregated": {
    "prompt_tokens": 145,
    "total_completion_tokens_across_all_started_chains": 30193
  },
  "chains_for_voting_details": [
    {
      "chain_index": 2,
      "finish_reason": "stop",
      "extracted_answer": "721",
      "prompt_tokens": 145,
      "completion_tokens": 9808,
      "completed_thought_count": 0,
      "final_mean_pairwise_similarity": 0.0,
      "final_internal_similarity": 0.0,
      "pruned_count": 0
    }
  ],
  "pruned_chain_details": [
    {
      "chain_index": 1,
      "finish_reason": "pruned",
      "completion_tokens": 2913,
      "completed_thought_count": 0,
      "full_text_len": 9287,
      "pruned_at_step": 23,
      "pruned_by_chain_id": "random_system",
      "initial_pruned_count": 0
    },
    {
      "chain_index": 3,
      "finish_reason": "pruned",
      "completion_tokens": 2912,
      "completed_thought_count": 0,
      "full_text_len": 7301,
      "pruned_at_step": 27,
      "pruned_by_chain_id": "random_system",
      "initial_pruned_count": 0
    },
    {
      "chain_index": 4,
      "finish_reason": "pruned",
      "completion_tokens": 2912,
      "completed_thought_count": 0,
      "full_text_len": 9011,
      "pruned_at_step": 25,
      "pruned_by_chain_id": "random_system",
      "initial_pruned_count": 0
    },
    {
      "chain_index": 5,
      "finish_reason": "pruned",
      "completion_tokens": 2912,
      "completed_thought_count": 0,
      "full_text_len": 8716,
      "pruned_at_step": 21,
      "pruned_by_chain_id": "random_system",
      "initial_pruned_count": 0
    },
    {
      "chain_index": 6,
      "finish_reason": "pruned",
      "completion_tokens": 2912,
      "completed_thought_count": 0,
      "full_text_len": 9159,
      "pruned_at_step": 24,
      "pruned_by_chain_id": "random_system",
      "initial_pruned_count": 0
    },
    {
      "chain_index": 7,
      "finish_reason": "pruned",
      "completion_tokens": 2912,
      "completed_thought_count": 0,
      "full_text_len": 8691,
      "pruned_at_step": 22,
      "pruned_by_chain_id": "random_system",
      "initial_pruned_count": 0
    },
    {
      "chain_index": 8,
      "finish_reason": "pruned",
      "completion_tokens": 2912,
      "completed_thought_count": 0,
      "full_text_len": 8122,
      "pruned_at_step": 26,
      "pruned_by_chain_id": "random_system",
      "initial_pruned_count": 0
    }
  ],
  "error_chain_details": []
}