{
  "iteration": 10,
  "question_id": "index_9",
  "status": "SUCCESS",
  "n_chains_start": 8,
  "n_chains_completed_stream_for_voting": 1,
  "n_chains_pruned": 7,
  "n_chains_error": 0,
  "similarity_threshold": 0.0,
  "num_steps_to_delay_pruning": 20,
  "correct_answer_reference": "55",
  "individual_answers_final": [
    "55"
  ],
  "voted_answer": "55",
  "final_score": 1,
  "processing_duration_sec": 68.39771246910095,
  "total_analysis_intervals": 28,
  "avg_kv_cache_usage": 0.04112508570885282,
  "max_kv_cache_usage": 0.0874367769315737,
  "usage_aggregated": {
    "prompt_tokens": 108,
    "total_completion_tokens_across_all_started_chains": 23598
  },
  "chains_for_voting_details": [
    {
      "chain_index": 2,
      "finish_reason": "stop",
      "extracted_answer": "55",
      "prompt_tokens": 108,
      "completion_tokens": 3324,
      "completed_thought_count": 0,
      "final_mean_pairwise_similarity": 0.0,
      "final_internal_similarity": 0.0,
      "pruned_count": 0
    }
  ],
  "pruned_chain_details": [
    {
      "chain_index": 1,
      "finish_reason": "pruned",
      "completion_tokens": 2897,
      "completed_thought_count": 0,
      "full_text_len": 7761,
      "pruned_at_step": 24,
      "pruned_by_chain_id": "random_system",
      "initial_pruned_count": 0
    },
    {
      "chain_index": 3,
      "finish_reason": "pruned",
      "completion_tokens": 2897,
      "completed_thought_count": 0,
      "full_text_len": 8903,
      "pruned_at_step": 26,
      "pruned_by_chain_id": "random_system",
      "initial_pruned_count": 0
    },
    {
      "chain_index": 4,
      "finish_reason": "pruned",
      "completion_tokens": 2896,
      "completed_thought_count": 0,
      "full_text_len": 7224,
      "pruned_at_step": 21,
      "pruned_by_chain_id": "random_system",
      "initial_pruned_count": 0
    },
    {
      "chain_index": 5,
      "finish_reason": "pruned",
      "completion_tokens": 2896,
      "completed_thought_count": 0,
      "full_text_len": 8087,
      "pruned_at_step": 25,
      "pruned_by_chain_id": "random_system",
      "initial_pruned_count": 0
    },
    {
      "chain_index": 6,
      "finish_reason": "pruned",
      "completion_tokens": 2896,
      "completed_thought_count": 0,
      "full_text_len": 7678,
      "pruned_at_step": 23,
      "pruned_by_chain_id": "random_system",
      "initial_pruned_count": 0
    },
    {
      "chain_index": 7,
      "finish_reason": "pruned",
      "completion_tokens": 2896,
      "completed_thought_count": 0,
      "full_text_len": 8182,
      "pruned_at_step": 22,
      "pruned_by_chain_id": "random_system",
      "initial_pruned_count": 0
    },
    {
      "chain_index": 8,
      "finish_reason": "pruned",
      "completion_tokens": 2896,
      "completed_thought_count": 0,
      "full_text_len": 9414,
      "pruned_at_step": 27,
      "pruned_by_chain_id": "random_system",
      "initial_pruned_count": 0
    }
  ],
  "error_chain_details": []
}