{
  "iteration": 27,
  "question_id": "index_26",
  "status": "SUCCESS",
  "n_chains_start": 8,
  "n_chains_completed_stream_for_voting": 1,
  "n_chains_pruned": 7,
  "n_chains_error": 0,
  "similarity_threshold": 0.0,
  "num_steps_to_delay_pruning": 20,
  "correct_answer_reference": "127",
  "individual_answers_final": [
    "7"
  ],
  "voted_answer": "7",
  "final_score": 0,
  "processing_duration_sec": 814.5678341388702,
  "total_analysis_intervals": 28,
  "avg_kv_cache_usage": 0.059569999856918146,
  "max_kv_cache_usage": 0.1102261496424626,
  "usage_aggregated": {
    "prompt_tokens": 208,
    "total_completion_tokens_across_all_started_chains": 50408
  },
  "chains_for_voting_details": [
    {
      "chain_index": 4,
      "finish_reason": "stop",
      "extracted_answer": "7",
      "prompt_tokens": 208,
      "completion_tokens": 30115,
      "completed_thought_count": 0,
      "final_mean_pairwise_similarity": 0.0,
      "final_internal_similarity": 0.0,
      "pruned_count": 0
    }
  ],
  "pruned_chain_details": [
    {
      "chain_index": 1,
      "finish_reason": "pruned",
      "completion_tokens": 2900,
      "completed_thought_count": 0,
      "full_text_len": 10334,
      "pruned_at_step": 25,
      "pruned_by_chain_id": "random_system",
      "initial_pruned_count": 0
    },
    {
      "chain_index": 2,
      "finish_reason": "pruned",
      "completion_tokens": 2900,
      "completed_thought_count": 0,
      "full_text_len": 10845,
      "pruned_at_step": 24,
      "pruned_by_chain_id": "random_system",
      "initial_pruned_count": 0
    },
    {
      "chain_index": 3,
      "finish_reason": "pruned",
      "completion_tokens": 2899,
      "completed_thought_count": 0,
      "full_text_len": 11292,
      "pruned_at_step": 21,
      "pruned_by_chain_id": "random_system",
      "initial_pruned_count": 0
    },
    {
      "chain_index": 5,
      "finish_reason": "pruned",
      "completion_tokens": 2898,
      "completed_thought_count": 0,
      "full_text_len": 10719,
      "pruned_at_step": 23,
      "pruned_by_chain_id": "random_system",
      "initial_pruned_count": 0
    },
    {
      "chain_index": 6,
      "finish_reason": "pruned",
      "completion_tokens": 2898,
      "completed_thought_count": 0,
      "full_text_len": 11298,
      "pruned_at_step": 22,
      "pruned_by_chain_id": "random_system",
      "initial_pruned_count": 0
    },
    {
      "chain_index": 7,
      "finish_reason": "pruned",
      "completion_tokens": 2899,
      "completed_thought_count": 0,
      "full_text_len": 11440,
      "pruned_at_step": 26,
      "pruned_by_chain_id": "random_system",
      "initial_pruned_count": 0
    },
    {
      "chain_index": 8,
      "finish_reason": "pruned",
      "completion_tokens": 2899,
      "completed_thought_count": 0,
      "full_text_len": 11640,
      "pruned_at_step": 27,
      "pruned_by_chain_id": "random_system",
      "initial_pruned_count": 0
    }
  ],
  "error_chain_details": []
}