{
  "iteration": 11,
  "question_id": "index_10",
  "status": "SUCCESS",
  "n_chains_start": 8,
  "n_chains_completed_stream_for_voting": 1,
  "n_chains_pruned": 7,
  "n_chains_error": 0,
  "similarity_threshold": 0.0,
  "num_steps_to_delay_pruning": 20,
  "correct_answer_reference": "540",
  "individual_answers_final": [
    "540"
  ],
  "voted_answer": "540",
  "final_score": 1,
  "processing_duration_sec": 110.35580921173096,
  "total_analysis_intervals": 28,
  "avg_kv_cache_usage": 0.03146342290986611,
  "max_kv_cache_usage": 0.0879018661705715,
  "usage_aggregated": {
    "prompt_tokens": 96,
    "total_completion_tokens_across_all_started_chains": 25881
  },
  "chains_for_voting_details": [
    {
      "chain_index": 7,
      "finish_reason": "stop",
      "extracted_answer": "540",
      "prompt_tokens": 96,
      "completion_tokens": 5475,
      "completed_thought_count": 0,
      "final_mean_pairwise_similarity": 0.0,
      "final_internal_similarity": 0.0,
      "pruned_count": 0
    }
  ],
  "pruned_chain_details": [
    {
      "chain_index": 1,
      "finish_reason": "pruned",
      "completion_tokens": 2916,
      "completed_thought_count": 0,
      "full_text_len": 7284,
      "pruned_at_step": 21,
      "pruned_by_chain_id": "random_system",
      "initial_pruned_count": 0
    },
    {
      "chain_index": 2,
      "finish_reason": "pruned",
      "completion_tokens": 2915,
      "completed_thought_count": 0,
      "full_text_len": 7131,
      "pruned_at_step": 26,
      "pruned_by_chain_id": "random_system",
      "initial_pruned_count": 0
    },
    {
      "chain_index": 3,
      "finish_reason": "pruned",
      "completion_tokens": 2915,
      "completed_thought_count": 0,
      "full_text_len": 6632,
      "pruned_at_step": 24,
      "pruned_by_chain_id": "random_system",
      "initial_pruned_count": 0
    },
    {
      "chain_index": 4,
      "finish_reason": "pruned",
      "completion_tokens": 2915,
      "completed_thought_count": 0,
      "full_text_len": 6805,
      "pruned_at_step": 22,
      "pruned_by_chain_id": "random_system",
      "initial_pruned_count": 0
    },
    {
      "chain_index": 5,
      "finish_reason": "pruned",
      "completion_tokens": 2915,
      "completed_thought_count": 0,
      "full_text_len": 7284,
      "pruned_at_step": 27,
      "pruned_by_chain_id": "random_system",
      "initial_pruned_count": 0
    },
    {
      "chain_index": 6,
      "finish_reason": "pruned",
      "completion_tokens": 2915,
      "completed_thought_count": 0,
      "full_text_len": 7223,
      "pruned_at_step": 25,
      "pruned_by_chain_id": "random_system",
      "initial_pruned_count": 0
    },
    {
      "chain_index": 8,
      "finish_reason": "pruned",
      "completion_tokens": 2915,
      "completed_thought_count": 0,
      "full_text_len": 7407,
      "pruned_at_step": 23,
      "pruned_by_chain_id": "random_system",
      "initial_pruned_count": 0
    }
  ],
  "error_chain_details": []
}