{
  "iteration": 23,
  "question_id": "index_22",
  "status": "SUCCESS",
  "n_chains_start": 8,
  "n_chains_completed_stream_for_voting": 1,
  "n_chains_pruned": 7,
  "n_chains_error": 0,
  "similarity_threshold": 0.0,
  "num_steps_to_delay_pruning": 20,
  "correct_answer_reference": "480",
  "individual_answers_final": [
    "480"
  ],
  "voted_answer": "480",
  "final_score": 1,
  "processing_duration_sec": 230.6198766231537,
  "total_analysis_intervals": 28,
  "avg_kv_cache_usage": 0.03069226256141445,
  "max_kv_cache_usage": 0.0883669554095691,
  "usage_aggregated": {
    "prompt_tokens": 131,
    "total_completion_tokens_across_all_started_chains": 30721
  },
  "chains_for_voting_details": [
    {
      "chain_index": 8,
      "finish_reason": "stop",
      "extracted_answer": "480",
      "prompt_tokens": 131,
      "completion_tokens": 10385,
      "completed_thought_count": 0,
      "final_mean_pairwise_similarity": 0.0,
      "final_internal_similarity": 0.0,
      "pruned_count": 0
    }
  ],
  "pruned_chain_details": [
    {
      "chain_index": 1,
      "finish_reason": "pruned",
      "completion_tokens": 2906,
      "completed_thought_count": 0,
      "full_text_len": 9512,
      "pruned_at_step": 26,
      "pruned_by_chain_id": "random_system",
      "initial_pruned_count": 0
    },
    {
      "chain_index": 2,
      "finish_reason": "pruned",
      "completion_tokens": 2905,
      "completed_thought_count": 0,
      "full_text_len": 9469,
      "pruned_at_step": 25,
      "pruned_by_chain_id": "random_system",
      "initial_pruned_count": 0
    },
    {
      "chain_index": 3,
      "finish_reason": "pruned",
      "completion_tokens": 2905,
      "completed_thought_count": 0,
      "full_text_len": 9393,
      "pruned_at_step": 24,
      "pruned_by_chain_id": "random_system",
      "initial_pruned_count": 0
    },
    {
      "chain_index": 4,
      "finish_reason": "pruned",
      "completion_tokens": 2905,
      "completed_thought_count": 0,
      "full_text_len": 8797,
      "pruned_at_step": 27,
      "pruned_by_chain_id": "random_system",
      "initial_pruned_count": 0
    },
    {
      "chain_index": 5,
      "finish_reason": "pruned",
      "completion_tokens": 2905,
      "completed_thought_count": 0,
      "full_text_len": 8000,
      "pruned_at_step": 22,
      "pruned_by_chain_id": "random_system",
      "initial_pruned_count": 0
    },
    {
      "chain_index": 6,
      "finish_reason": "pruned",
      "completion_tokens": 2905,
      "completed_thought_count": 0,
      "full_text_len": 9687,
      "pruned_at_step": 21,
      "pruned_by_chain_id": "random_system",
      "initial_pruned_count": 0
    },
    {
      "chain_index": 7,
      "finish_reason": "pruned",
      "completion_tokens": 2905,
      "completed_thought_count": 0,
      "full_text_len": 9978,
      "pruned_at_step": 23,
      "pruned_by_chain_id": "random_system",
      "initial_pruned_count": 0
    }
  ],
  "error_chain_details": []
}