{
  "iteration": 13,
  "question_id": "index_12",
  "status": "SUCCESS",
  "n_chains_start": 8,
  "n_chains_completed_stream_for_voting": 2,
  "n_chains_pruned": 6,
  "n_chains_error": 0,
  "similarity_threshold": 0.0,
  "num_steps_to_delay_pruning": 20,
  "correct_answer_reference": "204",
  "individual_answers_final": [
    "204",
    "204"
  ],
  "voted_answer": "204",
  "final_score": 1,
  "processing_duration_sec": 64.887197971344,
  "total_analysis_intervals": 27,
  "avg_kv_cache_usage": 0.043648127559752815,
  "max_kv_cache_usage": 0.0813906168246032,
  "usage_aggregated": {
    "prompt_tokens": 181,
    "total_completion_tokens_across_all_started_chains": 23135
  },
  "chains_for_voting_details": [
    {
      "chain_index": 2,
      "finish_reason": "stop",
      "extracted_answer": "204",
      "prompt_tokens": 181,
      "completion_tokens": 3154,
      "completed_thought_count": 0,
      "final_mean_pairwise_similarity": 0.0,
      "final_internal_similarity": 0.0,
      "pruned_count": 0
    },
    {
      "chain_index": 5,
      "finish_reason": "stop",
      "extracted_answer": "204",
      "prompt_tokens": 181,
      "completion_tokens": 2610,
      "completed_thought_count": 0,
      "final_mean_pairwise_similarity": 0.0,
      "final_internal_similarity": 0.0,
      "pruned_count": 0
    }
  ],
  "pruned_chain_details": [
    {
      "chain_index": 1,
      "finish_reason": "pruned",
      "completion_tokens": 2896,
      "completed_thought_count": 0,
      "full_text_len": 7678,
      "pruned_at_step": 21,
      "pruned_by_chain_id": "random_system",
      "initial_pruned_count": 0
    },
    {
      "chain_index": 3,
      "finish_reason": "pruned",
      "completion_tokens": 2895,
      "completed_thought_count": 0,
      "full_text_len": 7503,
      "pruned_at_step": 22,
      "pruned_by_chain_id": "random_system",
      "initial_pruned_count": 0
    },
    {
      "chain_index": 4,
      "finish_reason": "pruned",
      "completion_tokens": 2895,
      "completed_thought_count": 0,
      "full_text_len": 8572,
      "pruned_at_step": 24,
      "pruned_by_chain_id": "random_system",
      "initial_pruned_count": 0
    },
    {
      "chain_index": 6,
      "finish_reason": "pruned",
      "completion_tokens": 2895,
      "completed_thought_count": 0,
      "full_text_len": 8183,
      "pruned_at_step": 26,
      "pruned_by_chain_id": "random_system",
      "initial_pruned_count": 0
    },
    {
      "chain_index": 7,
      "finish_reason": "pruned",
      "completion_tokens": 2895,
      "completed_thought_count": 0,
      "full_text_len": 7798,
      "pruned_at_step": 23,
      "pruned_by_chain_id": "random_system",
      "initial_pruned_count": 0
    },
    {
      "chain_index": 8,
      "finish_reason": "pruned",
      "completion_tokens": 2895,
      "completed_thought_count": 0,
      "full_text_len": 8522,
      "pruned_at_step": 25,
      "pruned_by_chain_id": "random_system",
      "initial_pruned_count": 0
    }
  ],
  "error_chain_details": []
}