{
  "iteration": 18,
  "question_id": "index_17",
  "status": "SUCCESS",
  "n_chains_start": 8,
  "n_chains_completed_stream_for_voting": 1,
  "n_chains_pruned": 7,
  "n_chains_error": 0,
  "similarity_threshold": 0.92,
  "num_steps_to_delay_pruning": 20,
  "correct_answer_reference": "315",
  "individual_answers_final": [
    "27"
  ],
  "voted_answer": "27",
  "final_score": 0,
  "processing_duration_sec": 769.7882471084595,
  "total_analysis_intervals": 16,
  "avg_kv_cache_usage": 0.05373705955949081,
  "max_kv_cache_usage": 0.1063310272658566,
  "usage_aggregated": {
    "prompt_tokens": 100,
    "total_completion_tokens_across_all_started_chains": 34512
  },
  "chains_for_voting_details": [
    {
      "chain_index": 7,
      "finish_reason": "stop",
      "extracted_answer": "27",
      "prompt_tokens": 100,
      "completion_tokens": 29160,
      "completed_thought_count": 8,
      "final_mean_pairwise_similarity": 0.6767774820327759,
      "final_internal_similarity": 0.08459718525409698,
      "pruned_count": 0
    }
  ],
  "pruned_chain_details": [
    {
      "chain_index": 1,
      "finish_reason": "pruned",
      "completion_tokens": 765,
      "completed_thought_count": 6,
      "full_text_len": 3301,
      "pruned_at_step": 9,
      "pruned_by_chain_id": null,
      "initial_pruned_count": 0
    },
    {
      "chain_index": 2,
      "finish_reason": "pruned",
      "completion_tokens": 607,
      "completed_thought_count": 4,
      "full_text_len": 2701,
      "pruned_at_step": 7,
      "pruned_by_chain_id": null,
      "initial_pruned_count": 0
    },
    {
      "chain_index": 3,
      "finish_reason": "pruned",
      "completion_tokens": 296,
      "completed_thought_count": 1,
      "full_text_len": 1364,
      "pruned_at_step": 3,
      "pruned_by_chain_id": null,
      "initial_pruned_count": 0
    },
    {
      "chain_index": 4,
      "finish_reason": "pruned",
      "completion_tokens": 451,
      "completed_thought_count": 2,
      "full_text_len": 2038,
      "pruned_at_step": 5,
      "pruned_by_chain_id": null,
      "initial_pruned_count": 0
    },
    {
      "chain_index": 5,
      "finish_reason": "pruned",
      "completion_tokens": 920,
      "completed_thought_count": 4,
      "full_text_len": 3797,
      "pruned_at_step": 11,
      "pruned_by_chain_id": null,
      "initial_pruned_count": 0
    },
    {
      "chain_index": 6,
      "finish_reason": "pruned",
      "completion_tokens": 1077,
      "completed_thought_count": 7,
      "full_text_len": 4080,
      "pruned_at_step": 13,
      "pruned_by_chain_id": null,
      "initial_pruned_count": 0
    },
    {
      "chain_index": 8,
      "finish_reason": "pruned",
      "completion_tokens": 1236,
      "completed_thought_count": 9,
      "full_text_len": 5380,
      "pruned_at_step": 15,
      "pruned_by_chain_id": null,
      "initial_pruned_count": 0
    }
  ],
  "error_chain_details": []
}