{
  "iteration": 4,
  "question_id": "index_3",
  "status": "SUCCESS",
  "n_chains_start": 8,
  "n_chains_completed_stream_for_voting": 1,
  "n_chains_pruned": 7,
  "n_chains_error": 0,
  "similarity_threshold": 0.92,
  "num_steps_to_delay_pruning": 20,
  "correct_answer_reference": "809",
  "individual_answers_final": [
    "809"
  ],
  "voted_answer": "809",
  "final_score": 1,
  "processing_duration_sec": 143.08745980262756,
  "total_analysis_intervals": 16,
  "avg_kv_cache_usage": 0.015475062362697177,
  "max_kv_cache_usage": 0.0270333120167431,
  "usage_aggregated": {
    "prompt_tokens": 145,
    "total_completion_tokens_across_all_started_chains": 12743
  },
  "chains_for_voting_details": [
    {
      "chain_index": 1,
      "finish_reason": "stop",
      "extracted_answer": "809",
      "prompt_tokens": 145,
      "completion_tokens": 7285,
      "completed_thought_count": 13,
      "final_mean_pairwise_similarity": 0.7070217728614807,
      "final_internal_similarity": 0.0543862902201139,
      "pruned_count": 0
    }
  ],
  "pruned_chain_details": [
    {
      "chain_index": 2,
      "finish_reason": "pruned",
      "completion_tokens": 781,
      "completed_thought_count": 8,
      "full_text_len": 2994,
      "pruned_at_step": 9,
      "pruned_by_chain_id": null,
      "initial_pruned_count": 0
    },
    {
      "chain_index": 3,
      "finish_reason": "pruned",
      "completion_tokens": 619,
      "completed_thought_count": 4,
      "full_text_len": 2502,
      "pruned_at_step": 7,
      "pruned_by_chain_id": null,
      "initial_pruned_count": 0
    },
    {
      "chain_index": 4,
      "finish_reason": "pruned",
      "completion_tokens": 454,
      "completed_thought_count": 3,
      "full_text_len": 1772,
      "pruned_at_step": 5,
      "pruned_by_chain_id": null,
      "initial_pruned_count": 0
    },
    {
      "chain_index": 5,
      "finish_reason": "pruned",
      "completion_tokens": 294,
      "completed_thought_count": 1,
      "full_text_len": 1205,
      "pruned_at_step": 3,
      "pruned_by_chain_id": null,
      "initial_pruned_count": 0
    },
    {
      "chain_index": 6,
      "finish_reason": "pruned",
      "completion_tokens": 1103,
      "completed_thought_count": 12,
      "full_text_len": 4214,
      "pruned_at_step": 13,
      "pruned_by_chain_id": null,
      "initial_pruned_count": 0
    },
    {
      "chain_index": 7,
      "finish_reason": "pruned",
      "completion_tokens": 1265,
      "completed_thought_count": 13,
      "full_text_len": 4724,
      "pruned_at_step": 15,
      "pruned_by_chain_id": null,
      "initial_pruned_count": 0
    },
    {
      "chain_index": 8,
      "finish_reason": "pruned",
      "completion_tokens": 942,
      "completed_thought_count": 9,
      "full_text_len": 3754,
      "pruned_at_step": 11,
      "pruned_by_chain_id": null,
      "initial_pruned_count": 0
    }
  ],
  "error_chain_details": []
}