{
  "iteration": 16,
  "question_id": "index_15",
  "status": "SUCCESS",
  "n_chains_start": 8,
  "n_chains_completed_stream_for_voting": 1,
  "n_chains_pruned": 7,
  "n_chains_error": 0,
  "similarity_threshold": 0.92,
  "num_steps_to_delay_pruning": 20,
  "correct_answer_reference": "110",
  "individual_answers_final": [
    "155"
  ],
  "voted_answer": "155",
  "final_score": 0,
  "processing_duration_sec": 162.57380151748657,
  "total_analysis_intervals": 17,
  "avg_kv_cache_usage": 0.01682663272161567,
  "max_kv_cache_usage": 0.030347072844602,
  "usage_aggregated": {
    "prompt_tokens": 112,
    "total_completion_tokens_across_all_started_chains": 13738
  },
  "chains_for_voting_details": [
    {
      "chain_index": 3,
      "finish_reason": "stop",
      "extracted_answer": "155",
      "prompt_tokens": 112,
      "completion_tokens": 8226,
      "completed_thought_count": 2,
      "final_mean_pairwise_similarity": 0.41518688201904297,
      "final_internal_similarity": 0.20759344100952148,
      "pruned_count": 0
    }
  ],
  "pruned_chain_details": [
    {
      "chain_index": 1,
      "finish_reason": "pruned",
      "completion_tokens": 1081,
      "completed_thought_count": 2,
      "full_text_len": 2790,
      "pruned_at_step": 13,
      "pruned_by_chain_id": null,
      "initial_pruned_count": 0
    },
    {
      "chain_index": 2,
      "finish_reason": "pruned",
      "completion_tokens": 923,
      "completed_thought_count": 5,
      "full_text_len": 2885,
      "pruned_at_step": 11,
      "pruned_by_chain_id": null,
      "initial_pruned_count": 0
    },
    {
      "chain_index": 4,
      "finish_reason": "pruned",
      "completion_tokens": 764,
      "completed_thought_count": 3,
      "full_text_len": 2580,
      "pruned_at_step": 9,
      "pruned_by_chain_id": null,
      "initial_pruned_count": 0
    },
    {
      "chain_index": 5,
      "finish_reason": "pruned",
      "completion_tokens": 1396,
      "completed_thought_count": 8,
      "full_text_len": 3805,
      "pruned_at_step": 16,
      "pruned_by_chain_id": null,
      "initial_pruned_count": 0
    },
    {
      "chain_index": 6,
      "finish_reason": "pruned",
      "completion_tokens": 449,
      "completed_thought_count": 1,
      "full_text_len": 1597,
      "pruned_at_step": 5,
      "pruned_by_chain_id": null,
      "initial_pruned_count": 0
    },
    {
      "chain_index": 7,
      "finish_reason": "pruned",
      "completion_tokens": 295,
      "completed_thought_count": 2,
      "full_text_len": 1072,
      "pruned_at_step": 3,
      "pruned_by_chain_id": null,
      "initial_pruned_count": 0
    },
    {
      "chain_index": 8,
      "finish_reason": "pruned",
      "completion_tokens": 604,
      "completed_thought_count": 3,
      "full_text_len": 1946,
      "pruned_at_step": 7,
      "pruned_by_chain_id": null,
      "initial_pruned_count": 0
    }
  ],
  "error_chain_details": []
}