{
  "iteration": 29,
  "question_id": "index_28",
  "status": "SUCCESS",
  "n_chains_start": 8,
  "n_chains_completed_stream_for_voting": 1,
  "n_chains_pruned": 7,
  "n_chains_error": 0,
  "similarity_threshold": 0.92,
  "num_steps_to_delay_pruning": 20,
  "correct_answer_reference": "104",
  "individual_answers_final": [
    "104"
  ],
  "voted_answer": "104",
  "final_score": 1,
  "processing_duration_sec": 274.8986394405365,
  "total_analysis_intervals": 16,
  "avg_kv_cache_usage": 0.023473645461497335,
  "max_kv_cache_usage": 0.0445322946340328,
  "usage_aggregated": {
    "prompt_tokens": 124,
    "total_completion_tokens_across_all_started_chains": 17548
  },
  "chains_for_voting_details": [
    {
      "chain_index": 2,
      "finish_reason": "stop",
      "extracted_answer": "104",
      "prompt_tokens": 124,
      "completion_tokens": 12131,
      "completed_thought_count": 9,
      "final_mean_pairwise_similarity": 0.7522956728935242,
      "final_internal_similarity": 0.08358840809928046,
      "pruned_count": 0
    }
  ],
  "pruned_chain_details": [
    {
      "chain_index": 1,
      "finish_reason": "pruned",
      "completion_tokens": 774,
      "completed_thought_count": 6,
      "full_text_len": 2403,
      "pruned_at_step": 9,
      "pruned_by_chain_id": null,
      "initial_pruned_count": 0
    },
    {
      "chain_index": 3,
      "finish_reason": "pruned",
      "completion_tokens": 455,
      "completed_thought_count": 3,
      "full_text_len": 1487,
      "pruned_at_step": 5,
      "pruned_by_chain_id": null,
      "initial_pruned_count": 0
    },
    {
      "chain_index": 4,
      "finish_reason": "pruned",
      "completion_tokens": 1253,
      "completed_thought_count": 7,
      "full_text_len": 4041,
      "pruned_at_step": 15,
      "pruned_by_chain_id": null,
      "initial_pruned_count": 0
    },
    {
      "chain_index": 5,
      "finish_reason": "pruned",
      "completion_tokens": 297,
      "completed_thought_count": 3,
      "full_text_len": 959,
      "pruned_at_step": 3,
      "pruned_by_chain_id": null,
      "initial_pruned_count": 0
    },
    {
      "chain_index": 6,
      "finish_reason": "pruned",
      "completion_tokens": 934,
      "completed_thought_count": 6,
      "full_text_len": 3063,
      "pruned_at_step": 11,
      "pruned_by_chain_id": null,
      "initial_pruned_count": 0
    },
    {
      "chain_index": 7,
      "finish_reason": "pruned",
      "completion_tokens": 1091,
      "completed_thought_count": 4,
      "full_text_len": 3344,
      "pruned_at_step": 13,
      "pruned_by_chain_id": null,
      "initial_pruned_count": 0
    },
    {
      "chain_index": 8,
      "finish_reason": "pruned",
      "completion_tokens": 613,
      "completed_thought_count": 4,
      "full_text_len": 2012,
      "pruned_at_step": 7,
      "pruned_by_chain_id": null,
      "initial_pruned_count": 0
    }
  ],
  "error_chain_details": []
}