{
  "iteration": 28,
  "question_id": "index_27",
  "status": "SUCCESS",
  "n_chains_start": 8,
  "n_chains_completed_stream_for_voting": 1,
  "n_chains_pruned": 7,
  "n_chains_error": 0,
  "similarity_threshold": 0.92,
  "num_steps_to_delay_pruning": 20,
  "correct_answer_reference": "104",
  "individual_answers_final": [
    "104"
  ],
  "voted_answer": "104",
  "final_score": 1,
  "processing_duration_sec": 150.69566822052002,
  "total_analysis_intervals": 17,
  "avg_kv_cache_usage": 0.016450747580309334,
  "max_kv_cache_usage": 0.0285448520434858,
  "usage_aggregated": {
    "prompt_tokens": 199,
    "total_completion_tokens_across_all_started_chains": 13169
  },
  "chains_for_voting_details": [
    {
      "chain_index": 8,
      "finish_reason": "stop",
      "extracted_answer": "104",
      "prompt_tokens": 199,
      "completion_tokens": 7656,
      "completed_thought_count": 7,
      "final_mean_pairwise_similarity": 0.465344101190567,
      "final_internal_similarity": 0.06647772874150958,
      "pruned_count": 0
    }
  ],
  "pruned_chain_details": [
    {
      "chain_index": 1,
      "finish_reason": "pruned",
      "completion_tokens": 925,
      "completed_thought_count": 6,
      "full_text_len": 3351,
      "pruned_at_step": 11,
      "pruned_by_chain_id": null,
      "initial_pruned_count": 0
    },
    {
      "chain_index": 2,
      "finish_reason": "pruned",
      "completion_tokens": 450,
      "completed_thought_count": 3,
      "full_text_len": 1572,
      "pruned_at_step": 5,
      "pruned_by_chain_id": null,
      "initial_pruned_count": 0
    },
    {
      "chain_index": 3,
      "finish_reason": "pruned",
      "completion_tokens": 1396,
      "completed_thought_count": 10,
      "full_text_len": 5039,
      "pruned_at_step": 16,
      "pruned_by_chain_id": null,
      "initial_pruned_count": 0
    },
    {
      "chain_index": 4,
      "finish_reason": "pruned",
      "completion_tokens": 1080,
      "completed_thought_count": 5,
      "full_text_len": 3837,
      "pruned_at_step": 13,
      "pruned_by_chain_id": null,
      "initial_pruned_count": 0
    },
    {
      "chain_index": 5,
      "finish_reason": "pruned",
      "completion_tokens": 604,
      "completed_thought_count": 5,
      "full_text_len": 2344,
      "pruned_at_step": 7,
      "pruned_by_chain_id": null,
      "initial_pruned_count": 0
    },
    {
      "chain_index": 6,
      "finish_reason": "pruned",
      "completion_tokens": 294,
      "completed_thought_count": 1,
      "full_text_len": 1072,
      "pruned_at_step": 3,
      "pruned_by_chain_id": null,
      "initial_pruned_count": 0
    },
    {
      "chain_index": 7,
      "finish_reason": "pruned",
      "completion_tokens": 764,
      "completed_thought_count": 6,
      "full_text_len": 2949,
      "pruned_at_step": 9,
      "pruned_by_chain_id": null,
      "initial_pruned_count": 0
    }
  ],
  "error_chain_details": []
}