{
  "iteration": 11,
  "question_id": "index_10",
  "status": "SUCCESS",
  "n_chains_start": 8,
  "n_chains_completed_stream_for_voting": 1,
  "n_chains_pruned": 7,
  "n_chains_error": 0,
  "similarity_threshold": 0.92,
  "num_steps_to_delay_pruning": 20,
  "correct_answer_reference": "540",
  "individual_answers_final": [
    "540"
  ],
  "voted_answer": "540",
  "final_score": 1,
  "processing_duration_sec": 89.31836700439453,
  "total_analysis_intervals": 19,
  "avg_kv_cache_usage": 0.01191207386252763,
  "max_kv_cache_usage": 0.0177896633916633,
  "usage_aggregated": {
    "prompt_tokens": 96,
    "total_completion_tokens_across_all_started_chains": 10317
  },
  "chains_for_voting_details": [
    {
      "chain_index": 8,
      "finish_reason": "stop",
      "extracted_answer": "540",
      "prompt_tokens": 96,
      "completion_tokens": 4550,
      "completed_thought_count": 2,
      "final_mean_pairwise_similarity": 0.5471756458282471,
      "final_internal_similarity": 0.27358782291412354,
      "pruned_count": 0
    }
  ],
  "pruned_chain_details": [
    {
      "chain_index": 1,
      "finish_reason": "pruned",
      "completion_tokens": 602,
      "completed_thought_count": 1,
      "full_text_len": 1698,
      "pruned_at_step": 8,
      "pruned_by_chain_id": null,
      "initial_pruned_count": 0
    },
    {
      "chain_index": 2,
      "finish_reason": "pruned",
      "completion_tokens": 1061,
      "completed_thought_count": 4,
      "full_text_len": 2816,
      "pruned_at_step": 12,
      "pruned_by_chain_id": null,
      "initial_pruned_count": 0
    },
    {
      "chain_index": 3,
      "finish_reason": "pruned",
      "completion_tokens": 145,
      "completed_thought_count": 1,
      "full_text_len": 440,
      "pruned_at_step": 2,
      "pruned_by_chain_id": null,
      "initial_pruned_count": 0
    },
    {
      "chain_index": 4,
      "finish_reason": "pruned",
      "completion_tokens": 1684,
      "completed_thought_count": 4,
      "full_text_len": 3818,
      "pruned_at_step": 18,
      "pruned_by_chain_id": null,
      "initial_pruned_count": 0
    },
    {
      "chain_index": 5,
      "finish_reason": "pruned",
      "completion_tokens": 1529,
      "completed_thought_count": 3,
      "full_text_len": 3851,
      "pruned_at_step": 16,
      "pruned_by_chain_id": null,
      "initial_pruned_count": 0
    },
    {
      "chain_index": 6,
      "finish_reason": "pruned",
      "completion_tokens": 297,
      "completed_thought_count": 1,
      "full_text_len": 885,
      "pruned_at_step": 4,
      "pruned_by_chain_id": null,
      "initial_pruned_count": 0
    },
    {
      "chain_index": 7,
      "finish_reason": "pruned",
      "completion_tokens": 449,
      "completed_thought_count": 2,
      "full_text_len": 1358,
      "pruned_at_step": 6,
      "pruned_by_chain_id": null,
      "initial_pruned_count": 0
    }
  ],
  "error_chain_details": []
}