{
  "iteration": 13,
  "question_id": "index_12",
  "status": "SUCCESS",
  "n_chains_start": 8,
  "n_chains_completed_stream_for_voting": 1,
  "n_chains_pruned": 7,
  "n_chains_error": 0,
  "similarity_threshold": 0.92,
  "num_steps_to_delay_pruning": 20,
  "correct_answer_reference": "204",
  "individual_answers_final": [
    "204"
  ],
  "voted_answer": "204",
  "final_score": 1,
  "processing_duration_sec": 47.56151866912842,
  "total_analysis_intervals": 22,
  "avg_kv_cache_usage": 0.014577495736278876,
  "max_kv_cache_usage": 0.0205801988256496,
  "usage_aggregated": {
    "prompt_tokens": 181,
    "total_completion_tokens_across_all_started_chains": 9433
  },
  "chains_for_voting_details": [
    {
      "chain_index": 8,
      "finish_reason": "stop",
      "extracted_answer": "204",
      "prompt_tokens": 181,
      "completion_tokens": 2403,
      "completed_thought_count": 4,
      "final_mean_pairwise_similarity": 0.6809341311454773,
      "final_internal_similarity": 0.17023353278636932,
      "pruned_count": 0
    }
  ],
  "pruned_chain_details": [
    {
      "chain_index": 1,
      "finish_reason": "pruned",
      "completion_tokens": 760,
      "completed_thought_count": 1,
      "full_text_len": 2411,
      "pruned_at_step": 9,
      "pruned_by_chain_id": null,
      "initial_pruned_count": 0
    },
    {
      "chain_index": 2,
      "finish_reason": "pruned",
      "completion_tokens": 451,
      "completed_thought_count": 2,
      "full_text_len": 1643,
      "pruned_at_step": 5,
      "pruned_by_chain_id": null,
      "initial_pruned_count": 0
    },
    {
      "chain_index": 3,
      "finish_reason": "pruned",
      "completion_tokens": 606,
      "completed_thought_count": 3,
      "full_text_len": 2459,
      "pruned_at_step": 7,
      "pruned_by_chain_id": null,
      "initial_pruned_count": 0
    },
    {
      "chain_index": 4,
      "finish_reason": "pruned",
      "completion_tokens": 1068,
      "completed_thought_count": 4,
      "full_text_len": 3489,
      "pruned_at_step": 12,
      "pruned_by_chain_id": null,
      "initial_pruned_count": 0
    },
    {
      "chain_index": 5,
      "finish_reason": "pruned",
      "completion_tokens": 1692,
      "completed_thought_count": 1,
      "full_text_len": 4798,
      "pruned_at_step": 17,
      "pruned_by_chain_id": null,
      "initial_pruned_count": 0
    },
    {
      "chain_index": 6,
      "finish_reason": "pruned",
      "completion_tokens": 293,
      "completed_thought_count": 3,
      "full_text_len": 1011,
      "pruned_at_step": 3,
      "pruned_by_chain_id": null,
      "initial_pruned_count": 0
    },
    {
      "chain_index": 7,
      "finish_reason": "pruned",
      "completion_tokens": 2160,
      "completed_thought_count": 10,
      "full_text_len": 6377,
      "pruned_at_step": 21,
      "pruned_by_chain_id": null,
      "initial_pruned_count": 0
    }
  ],
  "error_chain_details": []
}