{
  "iteration": 5,
  "question_id": "index_4",
  "status": "SUCCESS",
  "n_chains_start": 8,
  "n_chains_completed_stream_for_voting": 1,
  "n_chains_pruned": 7,
  "n_chains_error": 0,
  "similarity_threshold": 0.92,
  "num_steps_to_delay_pruning": 20,
  "correct_answer_reference": "197",
  "individual_answers_final": [
    "611"
  ],
  "voted_answer": "611",
  "final_score": 0,
  "processing_duration_sec": 751.7657301425934,
  "total_analysis_intervals": 15,
  "avg_kv_cache_usage": 0.05250868259855125,
  "max_kv_cache_usage": 0.1038893087611185,
  "usage_aggregated": {
    "prompt_tokens": 141,
    "total_completion_tokens_across_all_started_chains": 32764
  },
  "chains_for_voting_details": [
    {
      "chain_index": 6,
      "finish_reason": "stop",
      "extracted_answer": "611",
      "prompt_tokens": 141,
      "completion_tokens": 28441,
      "completed_thought_count": 10,
      "final_mean_pairwise_similarity": 0.5762284398078918,
      "final_internal_similarity": 0.057622843980789186,
      "pruned_count": 0
    }
  ],
  "pruned_chain_details": [
    {
      "chain_index": 1,
      "finish_reason": "pruned",
      "completion_tokens": 780,
      "completed_thought_count": 8,
      "full_text_len": 3520,
      "pruned_at_step": 10,
      "pruned_by_chain_id": null,
      "initial_pruned_count": 0
    },
    {
      "chain_index": 2,
      "finish_reason": "pruned",
      "completion_tokens": 936,
      "completed_thought_count": 10,
      "full_text_len": 4067,
      "pruned_at_step": 12,
      "pruned_by_chain_id": null,
      "initial_pruned_count": 0
    },
    {
      "chain_index": 3,
      "finish_reason": "pruned",
      "completion_tokens": 456,
      "completed_thought_count": 3,
      "full_text_len": 2039,
      "pruned_at_step": 6,
      "pruned_by_chain_id": null,
      "initial_pruned_count": 0
    },
    {
      "chain_index": 4,
      "finish_reason": "pruned",
      "completion_tokens": 1095,
      "completed_thought_count": 6,
      "full_text_len": 4613,
      "pruned_at_step": 14,
      "pruned_by_chain_id": null,
      "initial_pruned_count": 0
    },
    {
      "chain_index": 5,
      "finish_reason": "pruned",
      "completion_tokens": 296,
      "completed_thought_count": 2,
      "full_text_len": 1316,
      "pruned_at_step": 4,
      "pruned_by_chain_id": null,
      "initial_pruned_count": 0
    },
    {
      "chain_index": 7,
      "finish_reason": "pruned",
      "completion_tokens": 617,
      "completed_thought_count": 5,
      "full_text_len": 2832,
      "pruned_at_step": 8,
      "pruned_by_chain_id": null,
      "initial_pruned_count": 0
    },
    {
      "chain_index": 8,
      "finish_reason": "pruned",
      "completion_tokens": 143,
      "completed_thought_count": 1,
      "full_text_len": 621,
      "pruned_at_step": 2,
      "pruned_by_chain_id": null,
      "initial_pruned_count": 0
    }
  ],
  "error_chain_details": []
}