{
  "iteration": 2,
  "question_id": "index_1",
  "status": "SUCCESS",
  "n_chains_start": 8,
  "n_chains_completed_stream_for_voting": 1,
  "n_chains_pruned": 7,
  "n_chains_error": 0,
  "similarity_threshold": 0.92,
  "num_steps_to_delay_pruning": 20,
  "correct_answer_reference": "23",
  "individual_answers_final": [
    "23"
  ],
  "voted_answer": "23",
  "final_score": 1,
  "processing_duration_sec": 212.72828078269958,
  "total_analysis_intervals": 17,
  "avg_kv_cache_usage": 0.02045031655585876,
  "max_kv_cache_usage": 0.0368001860356955,
  "usage_aggregated": {
    "prompt_tokens": 226,
    "total_completion_tokens_across_all_started_chains": 15827
  },
  "chains_for_voting_details": [
    {
      "chain_index": 7,
      "finish_reason": "stop",
      "extracted_answer": "23",
      "prompt_tokens": 226,
      "completion_tokens": 9892,
      "completed_thought_count": 6,
      "final_mean_pairwise_similarity": 0.5804012417793274,
      "final_internal_similarity": 0.09673354029655457,
      "pruned_count": 0
    }
  ],
  "pruned_chain_details": [
    {
      "chain_index": 1,
      "finish_reason": "pruned",
      "completion_tokens": 1229,
      "completed_thought_count": 3,
      "full_text_len": 4125,
      "pruned_at_step": 14,
      "pruned_by_chain_id": null,
      "initial_pruned_count": 0
    },
    {
      "chain_index": 2,
      "finish_reason": "pruned",
      "completion_tokens": 603,
      "completed_thought_count": 3,
      "full_text_len": 1963,
      "pruned_at_step": 7,
      "pruned_by_chain_id": null,
      "initial_pruned_count": 0
    },
    {
      "chain_index": 3,
      "finish_reason": "pruned",
      "completion_tokens": 446,
      "completed_thought_count": 1,
      "full_text_len": 1557,
      "pruned_at_step": 5,
      "pruned_by_chain_id": null,
      "initial_pruned_count": 0
    },
    {
      "chain_index": 4,
      "finish_reason": "pruned",
      "completion_tokens": 291,
      "completed_thought_count": 1,
      "full_text_len": 1108,
      "pruned_at_step": 3,
      "pruned_by_chain_id": null,
      "initial_pruned_count": 0
    },
    {
      "chain_index": 5,
      "finish_reason": "pruned",
      "completion_tokens": 1384,
      "completed_thought_count": 5,
      "full_text_len": 4708,
      "pruned_at_step": 16,
      "pruned_by_chain_id": null,
      "initial_pruned_count": 0
    },
    {
      "chain_index": 6,
      "finish_reason": "pruned",
      "completion_tokens": 1071,
      "completed_thought_count": 5,
      "full_text_len": 3277,
      "pruned_at_step": 12,
      "pruned_by_chain_id": null,
      "initial_pruned_count": 0
    },
    {
      "chain_index": 8,
      "finish_reason": "pruned",
      "completion_tokens": 911,
      "completed_thought_count": 2,
      "full_text_len": 3025,
      "pruned_at_step": 10,
      "pruned_by_chain_id": null,
      "initial_pruned_count": 0
    }
  ],
  "error_chain_details": []
}