{
  "iteration": 30,
  "question_id": "index_29",
  "status": "SUCCESS",
  "n_chains_start": 8,
  "n_chains_completed_stream_for_voting": 1,
  "n_chains_pruned": 7,
  "n_chains_error": 0,
  "similarity_threshold": 0.92,
  "num_steps_to_delay_pruning": 20,
  "correct_answer_reference": "321",
  "individual_answers_final": [
    "321"
  ],
  "voted_answer": "321",
  "final_score": 1,
  "processing_duration_sec": 207.25934267044067,
  "total_analysis_intervals": 16,
  "avg_kv_cache_usage": 0.019261734069955256,
  "max_kv_cache_usage": 0.0358118714028253,
  "usage_aggregated": {
    "prompt_tokens": 109,
    "total_completion_tokens_across_all_started_chains": 15102
  },
  "chains_for_voting_details": [
    {
      "chain_index": 8,
      "finish_reason": "stop",
      "extracted_answer": "321",
      "prompt_tokens": 109,
      "completion_tokens": 9744,
      "completed_thought_count": 7,
      "final_mean_pairwise_similarity": 0.6063889265060425,
      "final_internal_similarity": 0.08662698950086321,
      "pruned_count": 0
    }
  ],
  "pruned_chain_details": [
    {
      "chain_index": 1,
      "finish_reason": "pruned",
      "completion_tokens": 451,
      "completed_thought_count": 3,
      "full_text_len": 1422,
      "pruned_at_step": 5,
      "pruned_by_chain_id": null,
      "initial_pruned_count": 0
    },
    {
      "chain_index": 2,
      "finish_reason": "pruned",
      "completion_tokens": 296,
      "completed_thought_count": 1,
      "full_text_len": 884,
      "pruned_at_step": 3,
      "pruned_by_chain_id": null,
      "initial_pruned_count": 0
    },
    {
      "chain_index": 3,
      "finish_reason": "pruned",
      "completion_tokens": 607,
      "completed_thought_count": 2,
      "full_text_len": 1766,
      "pruned_at_step": 7,
      "pruned_by_chain_id": null,
      "initial_pruned_count": 0
    },
    {
      "chain_index": 4,
      "finish_reason": "pruned",
      "completion_tokens": 761,
      "completed_thought_count": 5,
      "full_text_len": 2540,
      "pruned_at_step": 9,
      "pruned_by_chain_id": null,
      "initial_pruned_count": 0
    },
    {
      "chain_index": 5,
      "finish_reason": "pruned",
      "completion_tokens": 920,
      "completed_thought_count": 6,
      "full_text_len": 2882,
      "pruned_at_step": 11,
      "pruned_by_chain_id": null,
      "initial_pruned_count": 0
    },
    {
      "chain_index": 6,
      "finish_reason": "pruned",
      "completion_tokens": 1242,
      "completed_thought_count": 8,
      "full_text_len": 4062,
      "pruned_at_step": 15,
      "pruned_by_chain_id": null,
      "initial_pruned_count": 0
    },
    {
      "chain_index": 7,
      "finish_reason": "pruned",
      "completion_tokens": 1081,
      "completed_thought_count": 7,
      "full_text_len": 3475,
      "pruned_at_step": 13,
      "pruned_by_chain_id": null,
      "initial_pruned_count": 0
    }
  ],
  "error_chain_details": []
}