{
  "iteration": 21,
  "question_id": "index_20",
  "status": "SUCCESS",
  "n_chains_start": 8,
  "n_chains_completed_stream_for_voting": 1,
  "n_chains_pruned": 7,
  "n_chains_error": 0,
  "similarity_threshold": 0.92,
  "num_steps_to_delay_pruning": 20,
  "correct_answer_reference": "211",
  "individual_answers_final": [
    "211"
  ],
  "voted_answer": "211",
  "final_score": 1,
  "processing_duration_sec": 749.3774499893188,
  "total_analysis_intervals": 18,
  "avg_kv_cache_usage": 0.05281782486531046,
  "max_kv_cache_usage": 0.1038311726062438,
  "usage_aggregated": {
    "prompt_tokens": 170,
    "total_completion_tokens_across_all_started_chains": 34901
  },
  "chains_for_voting_details": [
    {
      "chain_index": 5,
      "finish_reason": "stop",
      "extracted_answer": "211",
      "prompt_tokens": 170,
      "completion_tokens": 28393,
      "completed_thought_count": 6,
      "final_mean_pairwise_similarity": 0.570898175239563,
      "final_internal_similarity": 0.0951496958732605,
      "pruned_count": 0
    }
  ],
  "pruned_chain_details": [
    {
      "chain_index": 1,
      "finish_reason": "pruned",
      "completion_tokens": 751,
      "completed_thought_count": 1,
      "full_text_len": 2277,
      "pruned_at_step": 8,
      "pruned_by_chain_id": null,
      "initial_pruned_count": 0
    },
    {
      "chain_index": 2,
      "finish_reason": "pruned",
      "completion_tokens": 1063,
      "completed_thought_count": 3,
      "full_text_len": 3628,
      "pruned_at_step": 12,
      "pruned_by_chain_id": null,
      "initial_pruned_count": 0
    },
    {
      "chain_index": 3,
      "finish_reason": "pruned",
      "completion_tokens": 1220,
      "completed_thought_count": 6,
      "full_text_len": 4212,
      "pruned_at_step": 14,
      "pruned_by_chain_id": null,
      "initial_pruned_count": 0
    },
    {
      "chain_index": 4,
      "finish_reason": "pruned",
      "completion_tokens": 905,
      "completed_thought_count": 2,
      "full_text_len": 2916,
      "pruned_at_step": 10,
      "pruned_by_chain_id": null,
      "initial_pruned_count": 0
    },
    {
      "chain_index": 6,
      "finish_reason": "pruned",
      "completion_tokens": 595,
      "completed_thought_count": 2,
      "full_text_len": 1936,
      "pruned_at_step": 6,
      "pruned_by_chain_id": null,
      "initial_pruned_count": 0
    },
    {
      "chain_index": 7,
      "finish_reason": "pruned",
      "completion_tokens": 444,
      "completed_thought_count": 1,
      "full_text_len": 1558,
      "pruned_at_step": 4,
      "pruned_by_chain_id": null,
      "initial_pruned_count": 0
    },
    {
      "chain_index": 8,
      "finish_reason": "pruned",
      "completion_tokens": 1530,
      "completed_thought_count": 6,
      "full_text_len": 4815,
      "pruned_at_step": 17,
      "pruned_by_chain_id": null,
      "initial_pruned_count": 0
    }
  ],
  "error_chain_details": []
}