{
  "iteration": 9,
  "question_id": "index_8",
  "status": "SUCCESS",
  "n_chains_start": 8,
  "n_chains_completed_stream_for_voting": 1,
  "n_chains_pruned": 7,
  "n_chains_error": 0,
  "similarity_threshold": 0.92,
  "num_steps_to_delay_pruning": 20,
  "correct_answer_reference": "25",
  "individual_answers_final": [
    "25"
  ],
  "voted_answer": "25",
  "final_score": 1,
  "processing_duration_sec": 127.95657300949097,
  "total_analysis_intervals": 16,
  "avg_kv_cache_usage": 0.01385629824200868,
  "max_kv_cache_usage": 0.0240683681181326,
  "usage_aggregated": {
    "prompt_tokens": 97,
    "total_completion_tokens_across_all_started_chains": 11851
  },
  "chains_for_voting_details": [
    {
      "chain_index": 6,
      "finish_reason": "stop",
      "extracted_answer": "25",
      "prompt_tokens": 97,
      "completion_tokens": 6513,
      "completed_thought_count": 5,
      "final_mean_pairwise_similarity": 0.5928341150283813,
      "final_internal_similarity": 0.11856682300567627,
      "pruned_count": 0
    }
  ],
  "pruned_chain_details": [
    {
      "chain_index": 1,
      "finish_reason": "pruned",
      "completion_tokens": 454,
      "completed_thought_count": 3,
      "full_text_len": 1480,
      "pruned_at_step": 5,
      "pruned_by_chain_id": null,
      "initial_pruned_count": 0
    },
    {
      "chain_index": 2,
      "finish_reason": "pruned",
      "completion_tokens": 919,
      "completed_thought_count": 3,
      "full_text_len": 2772,
      "pruned_at_step": 11,
      "pruned_by_chain_id": null,
      "initial_pruned_count": 0
    },
    {
      "chain_index": 3,
      "finish_reason": "pruned",
      "completion_tokens": 764,
      "completed_thought_count": 2,
      "full_text_len": 2299,
      "pruned_at_step": 9,
      "pruned_by_chain_id": null,
      "initial_pruned_count": 0
    },
    {
      "chain_index": 4,
      "finish_reason": "pruned",
      "completion_tokens": 1070,
      "completed_thought_count": 5,
      "full_text_len": 3236,
      "pruned_at_step": 13,
      "pruned_by_chain_id": null,
      "initial_pruned_count": 0
    },
    {
      "chain_index": 5,
      "finish_reason": "pruned",
      "completion_tokens": 1227,
      "completed_thought_count": 3,
      "full_text_len": 3902,
      "pruned_at_step": 15,
      "pruned_by_chain_id": null,
      "initial_pruned_count": 0
    },
    {
      "chain_index": 7,
      "finish_reason": "pruned",
      "completion_tokens": 610,
      "completed_thought_count": 2,
      "full_text_len": 2068,
      "pruned_at_step": 7,
      "pruned_by_chain_id": null,
      "initial_pruned_count": 0
    },
    {
      "chain_index": 8,
      "finish_reason": "pruned",
      "completion_tokens": 294,
      "completed_thought_count": 2,
      "full_text_len": 1068,
      "pruned_at_step": 3,
      "pruned_by_chain_id": null,
      "initial_pruned_count": 0
    }
  ],
  "error_chain_details": []
}