{
  "iteration": 3,
  "question_id": "index_2",
  "status": "SUCCESS",
  "n_chains_start": 8,
  "n_chains_completed_stream_for_voting": 1,
  "n_chains_pruned": 7,
  "n_chains_error": 0,
  "similarity_threshold": 0.92,
  "num_steps_to_delay_pruning": 20,
  "correct_answer_reference": "116",
  "individual_answers_final": [
    "116"
  ],
  "voted_answer": "116",
  "final_score": 1,
  "processing_duration_sec": 119.22760558128357,
  "total_analysis_intervals": 17,
  "avg_kv_cache_usage": 0.014338319093936049,
  "max_kv_cache_usage": 0.0226731004011394,
  "usage_aggregated": {
    "prompt_tokens": 172,
    "total_completion_tokens_across_all_started_chains": 12461
  },
  "chains_for_voting_details": [
    {
      "chain_index": 4,
      "finish_reason": "stop",
      "extracted_answer": "116",
      "prompt_tokens": 172,
      "completion_tokens": 6066,
      "completed_thought_count": 7,
      "final_mean_pairwise_similarity": 0.6510766744613647,
      "final_internal_similarity": 0.09301095349448067,
      "pruned_count": 0
    }
  ],
  "pruned_chain_details": [
    {
      "chain_index": 1,
      "finish_reason": "pruned",
      "completion_tokens": 1071,
      "completed_thought_count": 3,
      "full_text_len": 3165,
      "pruned_at_step": 12,
      "pruned_by_chain_id": null,
      "initial_pruned_count": 0
    },
    {
      "chain_index": 2,
      "finish_reason": "pruned",
      "completion_tokens": 598,
      "completed_thought_count": 1,
      "full_text_len": 2305,
      "pruned_at_step": 6,
      "pruned_by_chain_id": null,
      "initial_pruned_count": 0
    },
    {
      "chain_index": 3,
      "finish_reason": "pruned",
      "completion_tokens": 1227,
      "completed_thought_count": 6,
      "full_text_len": 4072,
      "pruned_at_step": 14,
      "pruned_by_chain_id": null,
      "initial_pruned_count": 0
    },
    {
      "chain_index": 5,
      "finish_reason": "pruned",
      "completion_tokens": 912,
      "completed_thought_count": 3,
      "full_text_len": 3288,
      "pruned_at_step": 10,
      "pruned_by_chain_id": null,
      "initial_pruned_count": 0
    },
    {
      "chain_index": 6,
      "finish_reason": "pruned",
      "completion_tokens": 444,
      "completed_thought_count": 1,
      "full_text_len": 1737,
      "pruned_at_step": 4,
      "pruned_by_chain_id": null,
      "initial_pruned_count": 0
    },
    {
      "chain_index": 7,
      "finish_reason": "pruned",
      "completion_tokens": 756,
      "completed_thought_count": 2,
      "full_text_len": 2875,
      "pruned_at_step": 8,
      "pruned_by_chain_id": null,
      "initial_pruned_count": 0
    },
    {
      "chain_index": 8,
      "finish_reason": "pruned",
      "completion_tokens": 1387,
      "completed_thought_count": 4,
      "full_text_len": 4513,
      "pruned_at_step": 16,
      "pruned_by_chain_id": null,
      "initial_pruned_count": 0
    }
  ],
  "error_chain_details": []
}