{
  "iteration": 23,
  "question_id": "index_22",
  "status": "SUCCESS",
  "n_chains_start": 8,
  "n_chains_completed_stream_for_voting": 1,
  "n_chains_pruned": 7,
  "n_chains_error": 0,
  "similarity_threshold": 0.92,
  "num_steps_to_delay_pruning": 20,
  "correct_answer_reference": "480",
  "individual_answers_final": [
    "480"
  ],
  "voted_answer": "480",
  "final_score": 1,
  "processing_duration_sec": 162.00278282165527,
  "total_analysis_intervals": 15,
  "avg_kv_cache_usage": 0.01641474190953646,
  "max_kv_cache_usage": 0.0302889366897273,
  "usage_aggregated": {
    "prompt_tokens": 131,
    "total_completion_tokens_across_all_started_chains": 12531
  },
  "chains_for_voting_details": [
    {
      "chain_index": 4,
      "finish_reason": "stop",
      "extracted_answer": "480",
      "prompt_tokens": 131,
      "completion_tokens": 8191,
      "completed_thought_count": 6,
      "final_mean_pairwise_similarity": 0.5936139822006226,
      "final_internal_similarity": 0.09893566370010376,
      "pruned_count": 0
    }
  ],
  "pruned_chain_details": [
    {
      "chain_index": 1,
      "finish_reason": "pruned",
      "completion_tokens": 940,
      "completed_thought_count": 5,
      "full_text_len": 3616,
      "pruned_at_step": 12,
      "pruned_by_chain_id": null,
      "initial_pruned_count": 0
    },
    {
      "chain_index": 2,
      "finish_reason": "pruned",
      "completion_tokens": 458,
      "completed_thought_count": 4,
      "full_text_len": 1829,
      "pruned_at_step": 6,
      "pruned_by_chain_id": null,
      "initial_pruned_count": 0
    },
    {
      "chain_index": 3,
      "finish_reason": "pruned",
      "completion_tokens": 783,
      "completed_thought_count": 1,
      "full_text_len": 2489,
      "pruned_at_step": 10,
      "pruned_by_chain_id": null,
      "initial_pruned_count": 0
    },
    {
      "chain_index": 5,
      "finish_reason": "pruned",
      "completion_tokens": 1098,
      "completed_thought_count": 7,
      "full_text_len": 3535,
      "pruned_at_step": 14,
      "pruned_by_chain_id": null,
      "initial_pruned_count": 0
    },
    {
      "chain_index": 6,
      "finish_reason": "pruned",
      "completion_tokens": 144,
      "completed_thought_count": 3,
      "full_text_len": 576,
      "pruned_at_step": 2,
      "pruned_by_chain_id": null,
      "initial_pruned_count": 0
    },
    {
      "chain_index": 7,
      "finish_reason": "pruned",
      "completion_tokens": 618,
      "completed_thought_count": 4,
      "full_text_len": 2456,
      "pruned_at_step": 8,
      "pruned_by_chain_id": null,
      "initial_pruned_count": 0
    },
    {
      "chain_index": 8,
      "finish_reason": "pruned",
      "completion_tokens": 299,
      "completed_thought_count": 2,
      "full_text_len": 1106,
      "pruned_at_step": 4,
      "pruned_by_chain_id": null,
      "initial_pruned_count": 0
    }
  ],
  "error_chain_details": []
}