{
  "iteration": 25,
  "question_id": "index_24",
  "status": "SUCCESS",
  "n_chains_start": 8,
  "n_chains_completed_stream_for_voting": 1,
  "n_chains_pruned": 7,
  "n_chains_error": 0,
  "similarity_threshold": 0.92,
  "num_steps_to_delay_pruning": 20,
  "correct_answer_reference": "73",
  "individual_answers_final": [
    "73"
  ],
  "voted_answer": "73",
  "final_score": 1,
  "processing_duration_sec": 134.44675612449646,
  "total_analysis_intervals": 15,
  "avg_kv_cache_usage": 0.014305596328954446,
  "max_kv_cache_usage": 0.0254636358351258,
  "usage_aggregated": {
    "prompt_tokens": 159,
    "total_completion_tokens_across_all_started_chains": 11125
  },
  "chains_for_voting_details": [
    {
      "chain_index": 1,
      "finish_reason": "stop",
      "extracted_answer": "73",
      "prompt_tokens": 159,
      "completion_tokens": 6845,
      "completed_thought_count": 6,
      "final_mean_pairwise_similarity": 0.6757839322090149,
      "final_internal_similarity": 0.11263065536816914,
      "pruned_count": 0
    }
  ],
  "pruned_chain_details": [
    {
      "chain_index": 2,
      "finish_reason": "pruned",
      "completion_tokens": 298,
      "completed_thought_count": 2,
      "full_text_len": 1259,
      "pruned_at_step": 4,
      "pruned_by_chain_id": null,
      "initial_pruned_count": 0
    },
    {
      "chain_index": 3,
      "finish_reason": "pruned",
      "completion_tokens": 1083,
      "completed_thought_count": 5,
      "full_text_len": 3469,
      "pruned_at_step": 14,
      "pruned_by_chain_id": null,
      "initial_pruned_count": 0
    },
    {
      "chain_index": 4,
      "finish_reason": "pruned",
      "completion_tokens": 768,
      "completed_thought_count": 4,
      "full_text_len": 3120,
      "pruned_at_step": 10,
      "pruned_by_chain_id": null,
      "initial_pruned_count": 0
    },
    {
      "chain_index": 5,
      "finish_reason": "pruned",
      "completion_tokens": 611,
      "completed_thought_count": 3,
      "full_text_len": 2116,
      "pruned_at_step": 8,
      "pruned_by_chain_id": null,
      "initial_pruned_count": 0
    },
    {
      "chain_index": 6,
      "finish_reason": "pruned",
      "completion_tokens": 452,
      "completed_thought_count": 3,
      "full_text_len": 1830,
      "pruned_at_step": 6,
      "pruned_by_chain_id": null,
      "initial_pruned_count": 0
    },
    {
      "chain_index": 7,
      "finish_reason": "pruned",
      "completion_tokens": 144,
      "completed_thought_count": 1,
      "full_text_len": 534,
      "pruned_at_step": 2,
      "pruned_by_chain_id": null,
      "initial_pruned_count": 0
    },
    {
      "chain_index": 8,
      "finish_reason": "pruned",
      "completion_tokens": 924,
      "completed_thought_count": 7,
      "full_text_len": 3588,
      "pruned_at_step": 12,
      "pruned_by_chain_id": null,
      "initial_pruned_count": 0
    }
  ],
  "error_chain_details": []
}