{
  "iteration": 7,
  "question_id": "index_6",
  "status": "SUCCESS",
  "n_chains_start": 8,
  "n_chains_completed_stream_for_voting": 1,
  "n_chains_pruned": 7,
  "n_chains_error": 0,
  "similarity_threshold": 0.92,
  "num_steps_to_delay_pruning": 20,
  "correct_answer_reference": "371",
  "individual_answers_final": [
    "387"
  ],
  "voted_answer": "387",
  "final_score": 0,
  "processing_duration_sec": 661.7515804767609,
  "total_analysis_intervals": 16,
  "avg_kv_cache_usage": 0.04738055020145174,
  "max_kv_cache_usage": 0.0933666647287948,
  "usage_aggregated": {
    "prompt_tokens": 123,
    "total_completion_tokens_across_all_started_chains": 30973
  },
  "chains_for_voting_details": [
    {
      "chain_index": 6,
      "finish_reason": "stop",
      "extracted_answer": "387",
      "prompt_tokens": 123,
      "completion_tokens": 25572,
      "completed_thought_count": 11,
      "final_mean_pairwise_similarity": 0.5592811107635498,
      "final_internal_similarity": 0.05084373734214089,
      "pruned_count": 0
    }
  ],
  "pruned_chain_details": [
    {
      "chain_index": 1,
      "finish_reason": "pruned",
      "completion_tokens": 930,
      "completed_thought_count": 10,
      "full_text_len": 4355,
      "pruned_at_step": 11,
      "pruned_by_chain_id": null,
      "initial_pruned_count": 0
    },
    {
      "chain_index": 2,
      "finish_reason": "pruned",
      "completion_tokens": 456,
      "completed_thought_count": 5,
      "full_text_len": 2036,
      "pruned_at_step": 5,
      "pruned_by_chain_id": null,
      "initial_pruned_count": 0
    },
    {
      "chain_index": 3,
      "finish_reason": "pruned",
      "completion_tokens": 772,
      "completed_thought_count": 6,
      "full_text_len": 3377,
      "pruned_at_step": 9,
      "pruned_by_chain_id": null,
      "initial_pruned_count": 0
    },
    {
      "chain_index": 4,
      "finish_reason": "pruned",
      "completion_tokens": 614,
      "completed_thought_count": 4,
      "full_text_len": 2813,
      "pruned_at_step": 7,
      "pruned_by_chain_id": null,
      "initial_pruned_count": 0
    },
    {
      "chain_index": 5,
      "finish_reason": "pruned",
      "completion_tokens": 295,
      "completed_thought_count": 2,
      "full_text_len": 1326,
      "pruned_at_step": 3,
      "pruned_by_chain_id": null,
      "initial_pruned_count": 0
    },
    {
      "chain_index": 7,
      "finish_reason": "pruned",
      "completion_tokens": 1088,
      "completed_thought_count": 9,
      "full_text_len": 4662,
      "pruned_at_step": 13,
      "pruned_by_chain_id": null,
      "initial_pruned_count": 0
    },
    {
      "chain_index": 8,
      "finish_reason": "pruned",
      "completion_tokens": 1246,
      "completed_thought_count": 9,
      "full_text_len": 5616,
      "pruned_at_step": 15,
      "pruned_by_chain_id": null,
      "initial_pruned_count": 0
    }
  ],
  "error_chain_details": []
}