{
  "iteration": 17,
  "question_id": "index_16",
  "status": "SUCCESS",
  "n_chains_start": 8,
  "n_chains_completed_stream_for_voting": 1,
  "n_chains_pruned": 7,
  "n_chains_error": 0,
  "similarity_threshold": 0.92,
  "num_steps_to_delay_pruning": 20,
  "correct_answer_reference": "721",
  "individual_answers_final": [
    "721"
  ],
  "voted_answer": "721",
  "final_score": 1,
  "processing_duration_sec": 168.16373825073242,
  "total_analysis_intervals": 19,
  "avg_kv_cache_usage": 0.017505503013205866,
  "max_kv_cache_usage": 0.0310447067030986,
  "usage_aggregated": {
    "prompt_tokens": 145,
    "total_completion_tokens_across_all_started_chains": 14178
  },
  "chains_for_voting_details": [
    {
      "chain_index": 3,
      "finish_reason": "stop",
      "extracted_answer": "721",
      "prompt_tokens": 145,
      "completion_tokens": 8390,
      "completed_thought_count": 4,
      "final_mean_pairwise_similarity": 0.637835681438446,
      "final_internal_similarity": 0.1594589203596115,
      "pruned_count": 0
    }
  ],
  "pruned_chain_details": [
    {
      "chain_index": 1,
      "finish_reason": "pruned",
      "completion_tokens": 760,
      "completed_thought_count": 4,
      "full_text_len": 3071,
      "pruned_at_step": 9,
      "pruned_by_chain_id": null,
      "initial_pruned_count": 0
    },
    {
      "chain_index": 2,
      "finish_reason": "pruned",
      "completion_tokens": 451,
      "completed_thought_count": 3,
      "full_text_len": 1909,
      "pruned_at_step": 5,
      "pruned_by_chain_id": null,
      "initial_pruned_count": 0
    },
    {
      "chain_index": 4,
      "finish_reason": "pruned",
      "completion_tokens": 605,
      "completed_thought_count": 3,
      "full_text_len": 2299,
      "pruned_at_step": 7,
      "pruned_by_chain_id": null,
      "initial_pruned_count": 0
    },
    {
      "chain_index": 5,
      "finish_reason": "pruned",
      "completion_tokens": 296,
      "completed_thought_count": 1,
      "full_text_len": 1201,
      "pruned_at_step": 3,
      "pruned_by_chain_id": null,
      "initial_pruned_count": 0
    },
    {
      "chain_index": 6,
      "finish_reason": "pruned",
      "completion_tokens": 914,
      "completed_thought_count": 4,
      "full_text_len": 3342,
      "pruned_at_step": 11,
      "pruned_by_chain_id": null,
      "initial_pruned_count": 0
    },
    {
      "chain_index": 7,
      "finish_reason": "pruned",
      "completion_tokens": 1690,
      "completed_thought_count": 2,
      "full_text_len": 5017,
      "pruned_at_step": 18,
      "pruned_by_chain_id": null,
      "initial_pruned_count": 0
    },
    {
      "chain_index": 8,
      "finish_reason": "pruned",
      "completion_tokens": 1072,
      "completed_thought_count": 4,
      "full_text_len": 3785,
      "pruned_at_step": 13,
      "pruned_by_chain_id": null,
      "initial_pruned_count": 0
    }
  ],
  "error_chain_details": []
}