{
  "iteration": 12,
  "question_id": "index_11",
  "status": "SUCCESS",
  "n_chains_start": 8,
  "n_chains_completed_stream_for_voting": 1,
  "n_chains_pruned": 7,
  "n_chains_error": 0,
  "similarity_threshold": 0.92,
  "num_steps_to_delay_pruning": 20,
  "correct_answer_reference": "45",
  "individual_answers_final": [
    "45"
  ],
  "voted_answer": "45",
  "final_score": 1,
  "processing_duration_sec": 168.16776084899902,
  "total_analysis_intervals": 18,
  "avg_kv_cache_usage": 0.01772218306034076,
  "max_kv_cache_usage": 0.0312191151677228,
  "usage_aggregated": {
    "prompt_tokens": 186,
    "total_completion_tokens_across_all_started_chains": 14169
  },
  "chains_for_voting_details": [
    {
      "chain_index": 8,
      "finish_reason": "stop",
      "extracted_answer": "45",
      "prompt_tokens": 186,
      "completion_tokens": 8392,
      "completed_thought_count": 6,
      "final_mean_pairwise_similarity": 0.6654936671257019,
      "final_internal_similarity": 0.11091561118761699,
      "pruned_count": 0
    }
  ],
  "pruned_chain_details": [
    {
      "chain_index": 1,
      "finish_reason": "pruned",
      "completion_tokens": 604,
      "completed_thought_count": 2,
      "full_text_len": 1940,
      "pruned_at_step": 7,
      "pruned_by_chain_id": null,
      "initial_pruned_count": 0
    },
    {
      "chain_index": 2,
      "finish_reason": "pruned",
      "completion_tokens": 294,
      "completed_thought_count": 3,
      "full_text_len": 1034,
      "pruned_at_step": 3,
      "pruned_by_chain_id": null,
      "initial_pruned_count": 0
    },
    {
      "chain_index": 3,
      "finish_reason": "pruned",
      "completion_tokens": 1222,
      "completed_thought_count": 3,
      "full_text_len": 3136,
      "pruned_at_step": 14,
      "pruned_by_chain_id": null,
      "initial_pruned_count": 0
    },
    {
      "chain_index": 4,
      "finish_reason": "pruned",
      "completion_tokens": 450,
      "completed_thought_count": 2,
      "full_text_len": 1465,
      "pruned_at_step": 5,
      "pruned_by_chain_id": null,
      "initial_pruned_count": 0
    },
    {
      "chain_index": 5,
      "finish_reason": "pruned",
      "completion_tokens": 1535,
      "completed_thought_count": 4,
      "full_text_len": 4516,
      "pruned_at_step": 17,
      "pruned_by_chain_id": null,
      "initial_pruned_count": 0
    },
    {
      "chain_index": 6,
      "finish_reason": "pruned",
      "completion_tokens": 757,
      "completed_thought_count": 2,
      "full_text_len": 2154,
      "pruned_at_step": 9,
      "pruned_by_chain_id": null,
      "initial_pruned_count": 0
    },
    {
      "chain_index": 7,
      "finish_reason": "pruned",
      "completion_tokens": 915,
      "completed_thought_count": 2,
      "full_text_len": 2921,
      "pruned_at_step": 11,
      "pruned_by_chain_id": null,
      "initial_pruned_count": 0
    }
  ],
  "error_chain_details": []
}