{
  "iteration": 14,
  "question_id": "index_13",
  "status": "SUCCESS",
  "n_chains_start": 8,
  "n_chains_completed_stream_for_voting": 1,
  "n_chains_pruned": 7,
  "n_chains_error": 0,
  "similarity_threshold": 0.92,
  "num_steps_to_delay_pruning": 20,
  "correct_answer_reference": "699",
  "individual_answers_final": [
    "699"
  ],
  "voted_answer": "699",
  "final_score": 1,
  "processing_duration_sec": 484.6617498397827,
  "total_analysis_intervals": 17,
  "avg_kv_cache_usage": 0.03629815714949938,
  "max_kv_cache_usage": 0.0706354281727806,
  "usage_aggregated": {
    "prompt_tokens": 118,
    "total_completion_tokens_across_all_started_chains": 25547
  },
  "chains_for_voting_details": [
    {
      "chain_index": 3,
      "finish_reason": "stop",
      "extracted_answer": "699",
      "prompt_tokens": 118,
      "completion_tokens": 19316,
      "completed_thought_count": 3,
      "final_mean_pairwise_similarity": 0.7349032759666443,
      "final_internal_similarity": 0.2449677586555481,
      "pruned_count": 0
    }
  ],
  "pruned_chain_details": [
    {
      "chain_index": 1,
      "finish_reason": "pruned",
      "completion_tokens": 754,
      "completed_thought_count": 1,
      "full_text_len": 2100,
      "pruned_at_step": 8,
      "pruned_by_chain_id": null,
      "initial_pruned_count": 0
    },
    {
      "chain_index": 2,
      "finish_reason": "pruned",
      "completion_tokens": 600,
      "completed_thought_count": 1,
      "full_text_len": 1850,
      "pruned_at_step": 6,
      "pruned_by_chain_id": null,
      "initial_pruned_count": 0
    },
    {
      "chain_index": 4,
      "finish_reason": "pruned",
      "completion_tokens": 296,
      "completed_thought_count": 1,
      "full_text_len": 1096,
      "pruned_at_step": 3,
      "pruned_by_chain_id": null,
      "initial_pruned_count": 0
    },
    {
      "chain_index": 5,
      "finish_reason": "pruned",
      "completion_tokens": 1066,
      "completed_thought_count": 1,
      "full_text_len": 2660,
      "pruned_at_step": 12,
      "pruned_by_chain_id": null,
      "initial_pruned_count": 0
    },
    {
      "chain_index": 6,
      "finish_reason": "pruned",
      "completion_tokens": 908,
      "completed_thought_count": 1,
      "full_text_len": 2386,
      "pruned_at_step": 10,
      "pruned_by_chain_id": null,
      "initial_pruned_count": 0
    },
    {
      "chain_index": 7,
      "finish_reason": "pruned",
      "completion_tokens": 1224,
      "completed_thought_count": 2,
      "full_text_len": 3389,
      "pruned_at_step": 14,
      "pruned_by_chain_id": null,
      "initial_pruned_count": 0
    },
    {
      "chain_index": 8,
      "finish_reason": "pruned",
      "completion_tokens": 1383,
      "completed_thought_count": 4,
      "full_text_len": 4114,
      "pruned_at_step": 16,
      "pruned_by_chain_id": null,
      "initial_pruned_count": 0
    }
  ],
  "error_chain_details": []
}