{
  "iteration": 8,
  "question_id": "index_7",
  "status": "SUCCESS",
  "n_chains_start": 8,
  "n_chains_completed_stream_for_voting": 1,
  "n_chains_pruned": 7,
  "n_chains_error": 0,
  "similarity_threshold": 0.92,
  "num_steps_to_delay_pruning": 20,
  "correct_answer_reference": "601",
  "individual_answers_final": [
    "61"
  ],
  "voted_answer": "61",
  "final_score": 0,
  "processing_duration_sec": 814.982396364212,
  "total_analysis_intervals": 19,
  "avg_kv_cache_usage": 0.05694769777415344,
  "max_kv_cache_usage": 0.1125515958374513,
  "usage_aggregated": {
    "prompt_tokens": 119,
    "total_completion_tokens_across_all_started_chains": 36651
  },
  "chains_for_voting_details": [
    {
      "chain_index": 1,
      "finish_reason": "stop",
      "extracted_answer": "61",
      "prompt_tokens": 119,
      "completion_tokens": 30846,
      "completed_thought_count": 8,
      "final_mean_pairwise_similarity": 0.6363540887832642,
      "final_internal_similarity": 0.07954426109790802,
      "pruned_count": 0
    }
  ],
  "pruned_chain_details": [
    {
      "chain_index": 2,
      "finish_reason": "pruned",
      "completion_tokens": 1074,
      "completed_thought_count": 3,
      "full_text_len": 2781,
      "pruned_at_step": 13,
      "pruned_by_chain_id": null,
      "initial_pruned_count": 0
    },
    {
      "chain_index": 3,
      "finish_reason": "pruned",
      "completion_tokens": 452,
      "completed_thought_count": 2,
      "full_text_len": 1406,
      "pruned_at_step": 5,
      "pruned_by_chain_id": null,
      "initial_pruned_count": 0
    },
    {
      "chain_index": 4,
      "finish_reason": "pruned",
      "completion_tokens": 762,
      "completed_thought_count": 2,
      "full_text_len": 1853,
      "pruned_at_step": 9,
      "pruned_by_chain_id": null,
      "initial_pruned_count": 0
    },
    {
      "chain_index": 5,
      "finish_reason": "pruned",
      "completion_tokens": 1699,
      "completed_thought_count": 4,
      "full_text_len": 4405,
      "pruned_at_step": 18,
      "pruned_by_chain_id": null,
      "initial_pruned_count": 0
    },
    {
      "chain_index": 6,
      "finish_reason": "pruned",
      "completion_tokens": 604,
      "completed_thought_count": 2,
      "full_text_len": 1860,
      "pruned_at_step": 7,
      "pruned_by_chain_id": null,
      "initial_pruned_count": 0
    },
    {
      "chain_index": 7,
      "finish_reason": "pruned",
      "completion_tokens": 296,
      "completed_thought_count": 2,
      "full_text_len": 1056,
      "pruned_at_step": 3,
      "pruned_by_chain_id": null,
      "initial_pruned_count": 0
    },
    {
      "chain_index": 8,
      "finish_reason": "pruned",
      "completion_tokens": 918,
      "completed_thought_count": 3,
      "full_text_len": 2594,
      "pruned_at_step": 11,
      "pruned_by_chain_id": null,
      "initial_pruned_count": 0
    }
  ],
  "error_chain_details": []
}