{
  "iteration": 20,
  "question_id": "index_19",
  "status": "SUCCESS",
  "n_chains_start": 8,
  "n_chains_completed_stream_for_voting": 1,
  "n_chains_pruned": 7,
  "n_chains_error": 0,
  "similarity_threshold": 0.92,
  "num_steps_to_delay_pruning": 20,
  "correct_answer_reference": "902",
  "individual_answers_final": [
    "1024"
  ],
  "voted_answer": "1024",
  "final_score": 0,
  "processing_duration_sec": 624.0286827087402,
  "total_analysis_intervals": 16,
  "avg_kv_cache_usage": 0.04479793574470755,
  "max_kv_cache_usage": 0.0880181384803209,
  "usage_aggregated": {
    "prompt_tokens": 147,
    "total_completion_tokens_across_all_started_chains": 29466
  },
  "chains_for_voting_details": [
    {
      "chain_index": 3,
      "finish_reason": "stop",
      "extracted_answer": "1024",
      "prompt_tokens": 147,
      "completion_tokens": 24078,
      "completed_thought_count": 7,
      "final_mean_pairwise_similarity": 0.770832896232605,
      "final_internal_similarity": 0.11011898517608643,
      "pruned_count": 0
    }
  ],
  "pruned_chain_details": [
    {
      "chain_index": 1,
      "finish_reason": "pruned",
      "completion_tokens": 297,
      "completed_thought_count": 1,
      "full_text_len": 1336,
      "pruned_at_step": 3,
      "pruned_by_chain_id": null,
      "initial_pruned_count": 0
    },
    {
      "chain_index": 2,
      "finish_reason": "pruned",
      "completion_tokens": 613,
      "completed_thought_count": 4,
      "full_text_len": 2616,
      "pruned_at_step": 7,
      "pruned_by_chain_id": null,
      "initial_pruned_count": 0
    },
    {
      "chain_index": 4,
      "finish_reason": "pruned",
      "completion_tokens": 1243,
      "completed_thought_count": 13,
      "full_text_len": 5403,
      "pruned_at_step": 15,
      "pruned_by_chain_id": null,
      "initial_pruned_count": 0
    },
    {
      "chain_index": 5,
      "finish_reason": "pruned",
      "completion_tokens": 454,
      "completed_thought_count": 3,
      "full_text_len": 1972,
      "pruned_at_step": 5,
      "pruned_by_chain_id": null,
      "initial_pruned_count": 0
    },
    {
      "chain_index": 6,
      "finish_reason": "pruned",
      "completion_tokens": 1084,
      "completed_thought_count": 9,
      "full_text_len": 4727,
      "pruned_at_step": 13,
      "pruned_by_chain_id": null,
      "initial_pruned_count": 0
    },
    {
      "chain_index": 7,
      "finish_reason": "pruned",
      "completion_tokens": 769,
      "completed_thought_count": 5,
      "full_text_len": 3428,
      "pruned_at_step": 9,
      "pruned_by_chain_id": null,
      "initial_pruned_count": 0
    },
    {
      "chain_index": 8,
      "finish_reason": "pruned",
      "completion_tokens": 928,
      "completed_thought_count": 7,
      "full_text_len": 3951,
      "pruned_at_step": 11,
      "pruned_by_chain_id": null,
      "initial_pruned_count": 0
    }
  ],
  "error_chain_details": []
}