{
  "iteration": 15,
  "question_id": "index_14",
  "status": "SUCCESS",
  "n_chains_start": 8,
  "n_chains_completed_stream_for_voting": 1,
  "n_chains_pruned": 7,
  "n_chains_error": 0,
  "similarity_threshold": 0.92,
  "num_steps_to_delay_pruning": 20,
  "correct_answer_reference": "294",
  "individual_answers_final": [
    "294"
  ],
  "voted_answer": "294",
  "final_score": 1,
  "processing_duration_sec": 105.88187599182129,
  "total_analysis_intervals": 17,
  "avg_kv_cache_usage": 0.011967009750128694,
  "max_kv_cache_usage": 0.0200569734317772,
  "usage_aggregated": {
    "prompt_tokens": 101,
    "total_completion_tokens_across_all_started_chains": 10032
  },
  "chains_for_voting_details": [
    {
      "chain_index": 1,
      "finish_reason": "stop",
      "extracted_answer": "294",
      "prompt_tokens": 101,
      "completion_tokens": 5416,
      "completed_thought_count": 6,
      "final_mean_pairwise_similarity": 0.594041109085083,
      "final_internal_similarity": 0.0990068515141805,
      "pruned_count": 0
    }
  ],
  "pruned_chain_details": [
    {
      "chain_index": 2,
      "finish_reason": "pruned",
      "completion_tokens": 930,
      "completed_thought_count": 5,
      "full_text_len": 3661,
      "pruned_at_step": 12,
      "pruned_by_chain_id": null,
      "initial_pruned_count": 0
    },
    {
      "chain_index": 3,
      "finish_reason": "pruned",
      "completion_tokens": 454,
      "completed_thought_count": 4,
      "full_text_len": 1842,
      "pruned_at_step": 6,
      "pruned_by_chain_id": null,
      "initial_pruned_count": 0
    },
    {
      "chain_index": 4,
      "finish_reason": "pruned",
      "completion_tokens": 300,
      "completed_thought_count": 1,
      "full_text_len": 1240,
      "pruned_at_step": 4,
      "pruned_by_chain_id": null,
      "initial_pruned_count": 0
    },
    {
      "chain_index": 5,
      "finish_reason": "pruned",
      "completion_tokens": 1402,
      "completed_thought_count": 6,
      "full_text_len": 5176,
      "pruned_at_step": 16,
      "pruned_by_chain_id": null,
      "initial_pruned_count": 0
    },
    {
      "chain_index": 6,
      "finish_reason": "pruned",
      "completion_tokens": 772,
      "completed_thought_count": 4,
      "full_text_len": 3090,
      "pruned_at_step": 10,
      "pruned_by_chain_id": null,
      "initial_pruned_count": 0
    },
    {
      "chain_index": 7,
      "finish_reason": "pruned",
      "completion_tokens": 146,
      "completed_thought_count": 2,
      "full_text_len": 551,
      "pruned_at_step": 2,
      "pruned_by_chain_id": null,
      "initial_pruned_count": 0
    },
    {
      "chain_index": 8,
      "finish_reason": "pruned",
      "completion_tokens": 612,
      "completed_thought_count": 3,
      "full_text_len": 2487,
      "pruned_at_step": 8,
      "pruned_by_chain_id": null,
      "initial_pruned_count": 0
    }
  ],
  "error_chain_details": []
}