{
  "iteration": 10,
  "question_id": "index_9",
  "status": "SUCCESS",
  "n_chains_start": 8,
  "n_chains_completed_stream_for_voting": 1,
  "n_chains_pruned": 7,
  "n_chains_error": 0,
  "similarity_threshold": 0.92,
  "num_steps_to_delay_pruning": 20,
  "correct_answer_reference": "55",
  "individual_answers_final": [
    "55"
  ],
  "voted_answer": "55",
  "final_score": 1,
  "processing_duration_sec": 92.24264764785767,
  "total_analysis_intervals": 16,
  "avg_kv_cache_usage": 0.011267547590489273,
  "max_kv_cache_usage": 0.0174408464624149,
  "usage_aggregated": {
    "prompt_tokens": 108,
    "total_completion_tokens_across_all_started_chains": 10010
  },
  "chains_for_voting_details": [
    {
      "chain_index": 1,
      "finish_reason": "stop",
      "extracted_answer": "55",
      "prompt_tokens": 108,
      "completion_tokens": 4692,
      "completed_thought_count": 5,
      "final_mean_pairwise_similarity": 0.5244206786155701,
      "final_internal_similarity": 0.10488413572311402,
      "pruned_count": 0
    }
  ],
  "pruned_chain_details": [
    {
      "chain_index": 2,
      "finish_reason": "pruned",
      "completion_tokens": 760,
      "completed_thought_count": 3,
      "full_text_len": 2717,
      "pruned_at_step": 9,
      "pruned_by_chain_id": null,
      "initial_pruned_count": 0
    },
    {
      "chain_index": 3,
      "finish_reason": "pruned",
      "completion_tokens": 447,
      "completed_thought_count": 1,
      "full_text_len": 1674,
      "pruned_at_step": 5,
      "pruned_by_chain_id": null,
      "initial_pruned_count": 0
    },
    {
      "chain_index": 4,
      "finish_reason": "pruned",
      "completion_tokens": 1070,
      "completed_thought_count": 5,
      "full_text_len": 4255,
      "pruned_at_step": 13,
      "pruned_by_chain_id": null,
      "initial_pruned_count": 0
    },
    {
      "chain_index": 5,
      "finish_reason": "pruned",
      "completion_tokens": 602,
      "completed_thought_count": 2,
      "full_text_len": 2244,
      "pruned_at_step": 7,
      "pruned_by_chain_id": null,
      "initial_pruned_count": 0
    },
    {
      "chain_index": 6,
      "finish_reason": "pruned",
      "completion_tokens": 294,
      "completed_thought_count": 1,
      "full_text_len": 1225,
      "pruned_at_step": 3,
      "pruned_by_chain_id": null,
      "initial_pruned_count": 0
    },
    {
      "chain_index": 7,
      "finish_reason": "pruned",
      "completion_tokens": 1230,
      "completed_thought_count": 3,
      "full_text_len": 4582,
      "pruned_at_step": 15,
      "pruned_by_chain_id": null,
      "initial_pruned_count": 0
    },
    {
      "chain_index": 8,
      "finish_reason": "pruned",
      "completion_tokens": 915,
      "completed_thought_count": 4,
      "full_text_len": 3274,
      "pruned_at_step": 11,
      "pruned_by_chain_id": null,
      "initial_pruned_count": 0
    }
  ],
  "error_chain_details": []
}