{
  "iteration": 26,
  "question_id": "index_25",
  "status": "SUCCESS",
  "n_chains_start": 8,
  "n_chains_completed_stream_for_voting": 1,
  "n_chains_pruned": 7,
  "n_chains_error": 0,
  "similarity_threshold": 0.92,
  "num_steps_to_delay_pruning": 20,
  "correct_answer_reference": "113",
  "individual_answers_final": [
    "113"
  ],
  "voted_answer": "113",
  "final_score": 1,
  "processing_duration_sec": 340.93507647514343,
  "total_analysis_intervals": 16,
  "avg_kv_cache_usage": 0.028599878637465354,
  "max_kv_cache_usage": 0.0533108540201151,
  "usage_aggregated": {
    "prompt_tokens": 402,
    "total_completion_tokens_across_all_started_chains": 19652
  },
  "chains_for_voting_details": [
    {
      "chain_index": 8,
      "finish_reason": "stop",
      "extracted_answer": "113",
      "prompt_tokens": 402,
      "completion_tokens": 14264,
      "completed_thought_count": 8,
      "final_mean_pairwise_similarity": 0.41313883662223816,
      "final_internal_similarity": 0.05164235457777977,
      "pruned_count": 0
    }
  ],
  "pruned_chain_details": [
    {
      "chain_index": 1,
      "finish_reason": "pruned",
      "completion_tokens": 609,
      "completed_thought_count": 7,
      "full_text_len": 2521,
      "pruned_at_step": 7,
      "pruned_by_chain_id": null,
      "initial_pruned_count": 0
    },
    {
      "chain_index": 2,
      "finish_reason": "pruned",
      "completion_tokens": 284,
      "completed_thought_count": 3,
      "full_text_len": 1152,
      "pruned_at_step": 3,
      "pruned_by_chain_id": null,
      "initial_pruned_count": 0
    },
    {
      "chain_index": 3,
      "finish_reason": "pruned",
      "completion_tokens": 444,
      "completed_thought_count": 2,
      "full_text_len": 1678,
      "pruned_at_step": 5,
      "pruned_by_chain_id": null,
      "initial_pruned_count": 0
    },
    {
      "chain_index": 4,
      "finish_reason": "pruned",
      "completion_tokens": 770,
      "completed_thought_count": 7,
      "full_text_len": 3160,
      "pruned_at_step": 9,
      "pruned_by_chain_id": null,
      "initial_pruned_count": 0
    },
    {
      "chain_index": 5,
      "finish_reason": "pruned",
      "completion_tokens": 1253,
      "completed_thought_count": 16,
      "full_text_len": 4923,
      "pruned_at_step": 15,
      "pruned_by_chain_id": null,
      "initial_pruned_count": 0
    },
    {
      "chain_index": 6,
      "finish_reason": "pruned",
      "completion_tokens": 934,
      "completed_thought_count": 10,
      "full_text_len": 3677,
      "pruned_at_step": 11,
      "pruned_by_chain_id": null,
      "initial_pruned_count": 0
    },
    {
      "chain_index": 7,
      "finish_reason": "pruned",
      "completion_tokens": 1094,
      "completed_thought_count": 10,
      "full_text_len": 3686,
      "pruned_at_step": 13,
      "pruned_by_chain_id": null,
      "initial_pruned_count": 0
    }
  ],
  "error_chain_details": []
}