{
  "iteration": 24,
  "question_id": "index_23",
  "status": "SUCCESS",
  "n_chains_start": 8,
  "n_chains_completed_stream_for_voting": 1,
  "n_chains_pruned": 7,
  "n_chains_error": 0,
  "similarity_threshold": 0.92,
  "num_steps_to_delay_pruning": 20,
  "correct_answer_reference": "236",
  "individual_answers_final": [
    "236"
  ],
  "voted_answer": "236",
  "final_score": 1,
  "processing_duration_sec": 288.19215059280396,
  "total_analysis_intervals": 16,
  "avg_kv_cache_usage": 0.024167131098843057,
  "max_kv_cache_usage": 0.0461019708156502,
  "usage_aggregated": {
    "prompt_tokens": 118,
    "total_completion_tokens_across_all_started_chains": 17910
  },
  "chains_for_voting_details": [
    {
      "chain_index": 8,
      "finish_reason": "stop",
      "extracted_answer": "236",
      "prompt_tokens": 118,
      "completion_tokens": 12563,
      "completed_thought_count": 4,
      "final_mean_pairwise_similarity": 0.7259193062782288,
      "final_internal_similarity": 0.1814798265695572,
      "pruned_count": 0
    }
  ],
  "pruned_chain_details": [
    {
      "chain_index": 1,
      "finish_reason": "pruned",
      "completion_tokens": 297,
      "completed_thought_count": 2,
      "full_text_len": 1296,
      "pruned_at_step": 3,
      "pruned_by_chain_id": null,
      "initial_pruned_count": 0
    },
    {
      "chain_index": 2,
      "finish_reason": "pruned",
      "completion_tokens": 455,
      "completed_thought_count": 2,
      "full_text_len": 1949,
      "pruned_at_step": 5,
      "pruned_by_chain_id": null,
      "initial_pruned_count": 0
    },
    {
      "chain_index": 3,
      "finish_reason": "pruned",
      "completion_tokens": 1232,
      "completed_thought_count": 6,
      "full_text_len": 4377,
      "pruned_at_step": 15,
      "pruned_by_chain_id": null,
      "initial_pruned_count": 0
    },
    {
      "chain_index": 4,
      "finish_reason": "pruned",
      "completion_tokens": 916,
      "completed_thought_count": 4,
      "full_text_len": 3749,
      "pruned_at_step": 11,
      "pruned_by_chain_id": null,
      "initial_pruned_count": 0
    },
    {
      "chain_index": 5,
      "finish_reason": "pruned",
      "completion_tokens": 610,
      "completed_thought_count": 1,
      "full_text_len": 2537,
      "pruned_at_step": 7,
      "pruned_by_chain_id": null,
      "initial_pruned_count": 0
    },
    {
      "chain_index": 6,
      "finish_reason": "pruned",
      "completion_tokens": 763,
      "completed_thought_count": 4,
      "full_text_len": 3318,
      "pruned_at_step": 9,
      "pruned_by_chain_id": null,
      "initial_pruned_count": 0
    },
    {
      "chain_index": 7,
      "finish_reason": "pruned",
      "completion_tokens": 1074,
      "completed_thought_count": 8,
      "full_text_len": 4227,
      "pruned_at_step": 13,
      "pruned_by_chain_id": null,
      "initial_pruned_count": 0
    }
  ],
  "error_chain_details": []
}