{
  "iteration": 1,
  "question_id": "index_0",
  "status": "SUCCESS",
  "n_chains_start": 8,
  "n_chains_completed_stream_for_voting": 1,
  "n_chains_pruned": 7,
  "n_chains_error": 0,
  "similarity_threshold": 0.92,
  "num_steps_to_delay_pruning": 20,
  "correct_answer_reference": "33",
  "individual_answers_final": [
    "33"
  ],
  "voted_answer": "33",
  "final_score": 1,
  "processing_duration_sec": 68.81545233726501,
  "total_analysis_intervals": 17,
  "avg_kv_cache_usage": 0.012106995682916242,
  "max_kv_cache_usage": 0.0216266496133945,
  "usage_aggregated": {
    "prompt_tokens": 194,
    "total_completion_tokens_across_all_started_chains": 10081
  },
  "chains_for_voting_details": [
    {
      "chain_index": 3,
      "finish_reason": "stop",
      "extracted_answer": "33",
      "prompt_tokens": 194,
      "completion_tokens": 3493,
      "completed_thought_count": 4,
      "final_mean_pairwise_similarity": 0.6182643175125122,
      "final_internal_similarity": 0.15456607937812805,
      "pruned_count": 0
    }
  ],
  "pruned_chain_details": [
    {
      "chain_index": 1,
      "finish_reason": "pruned",
      "completion_tokens": 621,
      "completed_thought_count": 1,
      "full_text_len": 1927,
      "pruned_at_step": 6,
      "pruned_by_chain_id": null,
      "initial_pruned_count": 0
    },
    {
      "chain_index": 2,
      "finish_reason": "pruned",
      "completion_tokens": 1102,
      "completed_thought_count": 3,
      "full_text_len": 3200,
      "pruned_at_step": 12,
      "pruned_by_chain_id": null,
      "initial_pruned_count": 0
    },
    {
      "chain_index": 4,
      "finish_reason": "pruned",
      "completion_tokens": 1262,
      "completed_thought_count": 4,
      "full_text_len": 3644,
      "pruned_at_step": 14,
      "pruned_by_chain_id": null,
      "initial_pruned_count": 0
    },
    {
      "chain_index": 5,
      "finish_reason": "pruned",
      "completion_tokens": 1424,
      "completed_thought_count": 5,
      "full_text_len": 3568,
      "pruned_at_step": 16,
      "pruned_by_chain_id": null,
      "initial_pruned_count": 0
    },
    {
      "chain_index": 6,
      "finish_reason": "pruned",
      "completion_tokens": 457,
      "completed_thought_count": 1,
      "full_text_len": 1563,
      "pruned_at_step": 4,
      "pruned_by_chain_id": null,
      "initial_pruned_count": 0
    },
    {
      "chain_index": 7,
      "finish_reason": "pruned",
      "completion_tokens": 940,
      "completed_thought_count": 3,
      "full_text_len": 2558,
      "pruned_at_step": 10,
      "pruned_by_chain_id": null,
      "initial_pruned_count": 0
    },
    {
      "chain_index": 8,
      "finish_reason": "pruned",
      "completion_tokens": 782,
      "completed_thought_count": 3,
      "full_text_len": 2298,
      "pruned_at_step": 8,
      "pruned_by_chain_id": null,
      "initial_pruned_count": 0
    }
  ],
  "error_chain_details": []
}