{
  "iteration": 27,
  "question_id": "index_26",
  "status": "SUCCESS",
  "n_chains_start": 8,
  "n_chains_completed_stream_for_voting": 1,
  "n_chains_pruned": 7,
  "n_chains_error": 0,
  "similarity_threshold": 0.92,
  "num_steps_to_delay_pruning": 20,
  "correct_answer_reference": "127",
  "individual_answers_final": [
    "7"
  ],
  "voted_answer": "7",
  "final_score": 0,
  "processing_duration_sec": 867.1833388805389,
  "total_analysis_intervals": 17,
  "avg_kv_cache_usage": 0.06016787910088336,
  "max_kv_cache_usage": 0.1184814836346723,
  "usage_aggregated": {
    "prompt_tokens": 208,
    "total_completion_tokens_across_all_started_chains": 38779
  },
  "chains_for_voting_details": [
    {
      "chain_index": 7,
      "finish_reason": "stop",
      "extracted_answer": "7",
      "prompt_tokens": 208,
      "completion_tokens": 32401,
      "completed_thought_count": 7,
      "final_mean_pairwise_similarity": 0.7012652158737183,
      "final_internal_similarity": 0.1001807451248169,
      "pruned_count": 0
    }
  ],
  "pruned_chain_details": [
    {
      "chain_index": 1,
      "finish_reason": "pruned",
      "completion_tokens": 751,
      "completed_thought_count": 2,
      "full_text_len": 3098,
      "pruned_at_step": 8,
      "pruned_by_chain_id": null,
      "initial_pruned_count": 0
    },
    {
      "chain_index": 2,
      "finish_reason": "pruned",
      "completion_tokens": 1228,
      "completed_thought_count": 9,
      "full_text_len": 5071,
      "pruned_at_step": 14,
      "pruned_by_chain_id": null,
      "initial_pruned_count": 0
    },
    {
      "chain_index": 3,
      "finish_reason": "pruned",
      "completion_tokens": 1068,
      "completed_thought_count": 7,
      "full_text_len": 4419,
      "pruned_at_step": 12,
      "pruned_by_chain_id": null,
      "initial_pruned_count": 0
    },
    {
      "chain_index": 4,
      "finish_reason": "pruned",
      "completion_tokens": 1386,
      "completed_thought_count": 11,
      "full_text_len": 5776,
      "pruned_at_step": 16,
      "pruned_by_chain_id": null,
      "initial_pruned_count": 0
    },
    {
      "chain_index": 5,
      "finish_reason": "pruned",
      "completion_tokens": 594,
      "completed_thought_count": 1,
      "full_text_len": 2335,
      "pruned_at_step": 6,
      "pruned_by_chain_id": null,
      "initial_pruned_count": 0
    },
    {
      "chain_index": 6,
      "finish_reason": "pruned",
      "completion_tokens": 442,
      "completed_thought_count": 1,
      "full_text_len": 1891,
      "pruned_at_step": 4,
      "pruned_by_chain_id": null,
      "initial_pruned_count": 0
    },
    {
      "chain_index": 8,
      "finish_reason": "pruned",
      "completion_tokens": 909,
      "completed_thought_count": 3,
      "full_text_len": 3783,
      "pruned_at_step": 10,
      "pruned_by_chain_id": null,
      "initial_pruned_count": 0
    }
  ],
  "error_chain_details": []
}