{
  "iteration": 19,
  "question_id": "index_18",
  "status": "SUCCESS",
  "n_chains_start": 8,
  "n_chains_completed_stream_for_voting": 1,
  "n_chains_pruned": 7,
  "n_chains_error": 0,
  "similarity_threshold": 0.92,
  "num_steps_to_delay_pruning": 20,
  "correct_answer_reference": "468",
  "individual_answers_final": [
    "468"
  ],
  "voted_answer": "468",
  "final_score": 1,
  "processing_duration_sec": 188.38740229606628,
  "total_analysis_intervals": 16,
  "avg_kv_cache_usage": 0.018155953145456934,
  "max_kv_cache_usage": 0.033428289052962,
  "usage_aggregated": {
    "prompt_tokens": 100,
    "total_completion_tokens_across_all_started_chains": 14567
  },
  "chains_for_voting_details": [
    {
      "chain_index": 6,
      "finish_reason": "stop",
      "extracted_answer": "468",
      "prompt_tokens": 100,
      "completion_tokens": 9089,
      "completed_thought_count": 11,
      "final_mean_pairwise_similarity": 0.44713619351387024,
      "final_internal_similarity": 0.04064874486489729,
      "pruned_count": 0
    }
  ],
  "pruned_chain_details": [
    {
      "chain_index": 1,
      "finish_reason": "pruned",
      "completion_tokens": 1108,
      "completed_thought_count": 12,
      "full_text_len": 3850,
      "pruned_at_step": 13,
      "pruned_by_chain_id": null,
      "initial_pruned_count": 0
    },
    {
      "chain_index": 2,
      "finish_reason": "pruned",
      "completion_tokens": 621,
      "completed_thought_count": 9,
      "full_text_len": 2668,
      "pruned_at_step": 7,
      "pruned_by_chain_id": null,
      "initial_pruned_count": 0
    },
    {
      "chain_index": 3,
      "finish_reason": "pruned",
      "completion_tokens": 947,
      "completed_thought_count": 7,
      "full_text_len": 3720,
      "pruned_at_step": 11,
      "pruned_by_chain_id": null,
      "initial_pruned_count": 0
    },
    {
      "chain_index": 4,
      "finish_reason": "pruned",
      "completion_tokens": 296,
      "completed_thought_count": 3,
      "full_text_len": 1234,
      "pruned_at_step": 3,
      "pruned_by_chain_id": null,
      "initial_pruned_count": 0
    },
    {
      "chain_index": 5,
      "finish_reason": "pruned",
      "completion_tokens": 786,
      "completed_thought_count": 5,
      "full_text_len": 2922,
      "pruned_at_step": 9,
      "pruned_by_chain_id": null,
      "initial_pruned_count": 0
    },
    {
      "chain_index": 7,
      "finish_reason": "pruned",
      "completion_tokens": 1263,
      "completed_thought_count": 11,
      "full_text_len": 4817,
      "pruned_at_step": 15,
      "pruned_by_chain_id": null,
      "initial_pruned_count": 0
    },
    {
      "chain_index": 8,
      "finish_reason": "pruned",
      "completion_tokens": 457,
      "completed_thought_count": 4,
      "full_text_len": 1808,
      "pruned_at_step": 5,
      "pruned_by_chain_id": null,
      "initial_pruned_count": 0
    }
  ],
  "error_chain_details": []
}