{
  "dataset": "hmmt",
  "model_name": "QwQ-32B",
  "run_type": "Self-Consistency (Streaming)",
  "config": {
    "n_chains": 8,
    "tokenizer_path_provided": true,
    "iterations_selected_by": "range",
    "random_seed": null
  },
  "metrics": {
    "num_questions_processed": 30,
    "num_questions_with_score": 30,
    "overall_accuracy": "0.60",
    "mean_total_completion_tokens_per_question": "131364.7",
    "max_total_completion_tokens_per_question": "228497.0",
    "mean_max_kv_cache_usage_per_question_perc": "0.3496",
    "max_max_kv_cache_usage_across_all_questions_perc": "0.6759",
    "mean_processing_duration_sec_per_question": "640.85",
    "max_processing_duration_sec_per_question": "969.79",
    "mean_chains_requested_per_question": "8.00",
    "mean_chains_received_per_question": "8.00",
    "counted_tokens_aggregated": {
      "mean_total_reasoning_tokens_per_question": "120422.3",
      "max_total_reasoning_tokens_per_question": "202911.0",
      "mean_total_non_reasoning_tokens_per_question": "4373.0",
      "max_total_non_reasoning_tokens_per_question": "7718.0"
    }
  }
}