{
  "dataset": "hmmt",
  "model_name": "QwQ-32B",
  "run_type": "Similarity Pruning (Diversity)",
  "config": {
    "n_chains_start": 8,
    "similarity_threshold": 0.95,
    "threshold_schedule": "fixed",
    "pruning_strategy": "diversity",
    "iterations_selected_by": "range",
    "random_seed": null,
    "num_steps_to_delay_pruning": 20
  },
  "metrics": {
    "num_qns_processed": 30,
    "num_qns_with_score": 30,
    "overall_accuracy": 0.5,
    "mean_total_completion_tokens_per_question": 69586.66666666667,
    "max_total_completion_tokens_per_question": 147169.0,
    "mean_max_kv_cache_usage_per_question_perc": 0.18080344166036852,
    "max_max_kv_cache_usage_across_all_questions_perc": 0.3464914830533109,
    "mean_processing_duration_sec_per_question": 549.4883186896642,
    "max_processing_duration_sec_per_question": 1119.2853302955627,
    "mean_chains_started_per_question": 8.0,
    "mean_chains_completed_stream_for_voting_per_question": 3.2666666666666666,
    "mean_chains_error_per_question": 0.0,
    "max_chains_error_per_question": 0.0
  }
}