timestamp,gpu_cache_usage_perc
1746009485.7921183,0.0019427632070537
1746009485.980503,0.0097138160352686
1746009485.9996126,0.0097138160352686
1746009486.018433,0.0097138160352686
1746009486.036052,0.0097138160352686
1746009486.0536845,0.0097138160352686
1746009486.0713432,0.0097138160352686
1746009486.088724,0.0097138160352686
1746009486.106089,0.009863259358888
1746009486.1235096,0.0104610326533661
1746009486.1409934,0.0104610326533661
1746009486.1581886,0.0104610326533661
1746009486.175975,0.0104610326533661
1746009486.1938372,0.0104610326533661
1746009486.2114506,0.0104610326533661
1746009486.2286649,0.0104610326533661
1746009486.2463074,0.0104610326533661
1746009486.263926,0.0104610326533661
1746009486.2816384,0.0104610326533661
1746009486.2994485,0.0104610326533661
1746009486.316863,0.0104610326533661
1746009486.334607,0.0104610326533661
1746009486.352205,0.0104610326533661
1746009486.3697,0.0104610326533661
1746009486.3872714,0.0106104759769857
1746009486.404929,0.0112082492714638
1746009486.4222536,0.0112082492714638
1746009486.4393744,0.0112082492714638
1746009486.4568782,0.0112082492714638
1746009486.4741786,0.0112082492714638
1746009486.4919293,0.0112082492714638
1746009486.5090835,0.0112082492714638
1746009486.5267687,0.0112082492714638
1746009486.5443704,0.0112082492714638
1746009486.5618122,0.0112082492714638
1746009486.5794644,0.0112082492714638
1746009486.5967298,0.0112082492714638
1746009486.6142714,0.0112082492714638
1746009486.631764,0.0112082492714638
1746009486.6493435,0.0112082492714638
1746009486.6670394,0.0113576925950833
1746009486.684708,0.0119554658895614
1746009486.7019448,0.0119554658895614
1746009486.720045,0.0119554658895614
1746009486.73723,0.0119554658895614
1746009486.7544906,0.0119554658895614
1746009486.7717063,0.0119554658895614
1746009486.788904,0.0119554658895614
1746009486.8060884,0.0119554658895614
1746009486.823325,0.0119554658895614
1746009486.84051,0.0119554658895614
1746009486.8582935,0.0119554658895614
1746009486.8758547,0.0119554658895614
1746009486.8935406,0.0119554658895614
1746009486.9108896,0.0119554658895614
1746009486.9287784,0.0119554658895614
1746009486.946475,0.0121049092131808
1746009486.9645202,0.0127026825076589
1746009486.9821398,0.0127026825076589
1746009486.9996743,0.0127026825076589
1746009487.017239,0.0127026825076589
1746009487.0350082,0.0127026825076589
1746009487.052332,0.0127026825076589
1746009487.0698802,0.0127026825076589
1746009487.08728,0.0127026825076589
1746009487.1048963,0.0127026825076589
1746009487.1223547,0.0127026825076589
1746009487.140056,0.0127026825076589
1746009487.1575775,0.0127026825076589
1746009487.175296,0.0127026825076589
1746009487.1927288,0.0127026825076589
1746009487.2101002,0.0127026825076589
1746009487.2276175,0.0128521258312784
1746009487.2450786,0.0134498991257565
1746009487.262986,0.0134498991257565
1746009487.2802672,0.0134498991257565
1746009487.2976997,0.0134498991257565
1746009487.3152108,0.0134498991257565
1746009487.332842,0.0134498991257565
1746009487.350468,0.0134498991257565
1746009487.3680973,0.0134498991257565
1746009487.3855827,0.0134498991257565
1746009487.403062,0.0134498991257565
1746009487.4206707,0.0134498991257565
1746009487.4381578,0.0134498991257565
1746009487.4557586,0.0134498991257565
1746009487.4731166,0.0134498991257565
1746009487.490698,0.0134498991257565
1746009487.5084877,0.0135993424493761
1746009487.526585,0.0141971157438541
1746009487.5439565,0.0141971157438541
1746009487.5613124,0.0141971157438541
1746009487.5790443,0.0141971157438541
1746009487.5964477,0.0141971157438541
1746009487.613929,0.0141971157438541
1746009487.631505,0.0141971157438541
1746009487.6490262,0.0141971157438541
1746009487.6665227,0.0141971157438541
1746009487.684189,0.0141971157438541
1746009487.701849,0.0141971157438541
1746009487.7192135,0.0141971157438541
1746009487.7368152,0.0141971157438541
1746009487.7542346,0.0141971157438541
1746009487.7717595,0.0141971157438541
1746009487.7893164,0.0143465590674736
1746009487.8069525,0.0149443323619516
1746009487.8244824,0.0149443323619516
1746009487.8417826,0.0149443323619516
1746009487.8592534,0.0149443323619516
1746009487.876501,0.0149443323619516
1746009487.893961,0.0149443323619516
1746009487.9116874,0.0149443323619516
1746009487.9292226,0.0149443323619516
1746009487.9465473,0.0149443323619516
1746009487.9641902,0.0149443323619516
1746009487.9818876,0.0149443323619516
1746009487.999434,0.0149443323619516
1746009488.0168848,0.0149443323619516
1746009488.0345497,0.0149443323619516
1746009488.052395,0.0149443323619516
1746009488.0700357,0.0150937756855712
1746009488.0878365,0.0156915489800493
1746009488.1055796,0.0156915489800493
1746009488.1232915,0.0156915489800493
1746009488.1410816,0.0156915489800493
1746009488.158974,0.0156915489800493
1746009488.1765783,0.0156915489800493
1746009488.1941662,0.0156915489800493
1746009488.211682,0.0156915489800493
1746009488.2289674,0.0156915489800493
1746009488.2468843,0.0156915489800493
1746009488.2651608,0.0156915489800493
1746009488.282934,0.0156915489800493
1746009488.3002732,0.0156915489800493
1746009488.318157,0.0156915489800493
1746009488.3358402,0.0156915489800493
1746009488.3535156,0.0158409923036688
1746009488.3713014,0.0164387655981469
1746009488.388826,0.0164387655981469
1746009488.4065568,0.0164387655981469
1746009488.4241512,0.0164387655981469
1746009488.44188,0.0164387655981469
1746009488.4595692,0.0164387655981469
1746009488.4772546,0.0164387655981469
1746009488.495453,0.0164387655981469
1746009488.5128157,0.0164387655981469
1746009488.530223,0.0164387655981469
1746009488.5478342,0.0164387655981469
1746009488.565268,0.0164387655981469
1746009488.6887224,0.0164387655981469
1746009488.706185,0.0164387655981469
1746009488.7236578,0.0164387655981469
1746009488.7410686,0.0165882089217663
1746009488.7585356,0.0171859822162444
1746009488.7758849,0.0171859822162444
1746009488.7932518,0.0171859822162444
1746009488.8105588,0.0171859822162444
1746009488.827979,0.0171859822162444
1746009488.8452914,0.0171859822162444
1746009488.8626187,0.0171859822162444
1746009488.8799362,0.0171859822162444
1746009488.8973377,0.0171859822162444
1746009488.9152272,0.0171859822162444
1746009488.933216,0.0171859822162444
1746009488.9506488,0.0171859822162444
1746009488.9679978,0.0171859822162444
1746009488.98532,0.0171859822162444
1746009489.0034237,0.0171859822162444
1746009489.021355,0.017335425539864
1746009489.0392458,0.017933198834342
1746009489.056841,0.017933198834342
1746009489.0741775,0.017933198834342
1746009489.0917504,0.017933198834342
1746009489.109139,0.017933198834342
1746009489.126457,0.017933198834342
1746009489.143892,0.017933198834342
1746009489.1613886,0.017933198834342
1746009489.178799,0.017933198834342
1746009489.1963918,0.017933198834342
1746009489.2140565,0.017933198834342
1746009489.2316802,0.017933198834342
1746009489.249169,0.017933198834342
1746009489.2670398,0.017933198834342
1746009489.2849803,0.017933198834342
1746009489.3030572,0.0180826421579616
1746009489.3206809,0.0186804154524397
1746009489.3382318,0.0186804154524397
1746009489.3559716,0.0186804154524397
1746009489.3741734,0.0186804154524397
1746009489.3922038,0.0186804154524397
1746009489.409648,0.0186804154524397
1746009489.427179,0.0186804154524397
1746009489.444661,0.0186804154524397
1746009489.4624245,0.0186804154524397
1746009489.479907,0.0186804154524397
1746009489.49744,0.0186804154524397
1746009489.5155482,0.0186804154524397
1746009489.5331793,0.0186804154524397
1746009489.550773,0.0186804154524397
1746009489.568298,0.0186804154524397
1746009489.586227,0.0188298587760591
1746009489.603934,0.0194276320705372
1746009489.6214728,0.0194276320705372
1746009489.639253,0.0194276320705372
1746009489.6569278,0.0194276320705372
1746009489.6745813,0.0194276320705372
1746009489.692432,0.0194276320705372
1746009489.7100828,0.0194276320705372
1746009489.728111,0.0194276320705372
1746009489.7460318,0.0194276320705372
1746009489.7639658,0.0194276320705372
1746009489.7818556,0.0194276320705372
1746009489.799412,0.0194276320705372
1746009489.8171017,0.0194276320705372
1746009489.834937,0.0194276320705372
1746009489.8529732,0.0194276320705372
1746009489.8703575,0.0195770753941567
1746009489.8880885,0.0201748486886348
1746009489.90558,0.0201748486886348
1746009489.923455,0.0201748486886348
1746009489.9415135,0.0201748486886348
1746009489.9590704,0.0201748486886348
1746009489.977077,0.0201748486886348
1746009489.9949684,0.0201748486886348
1746009490.012839,0.0201748486886348
1746009490.0306542,0.0201748486886348
1746009490.048482,0.0201748486886348
1746009490.0661163,0.0201748486886348
1746009490.0837538,0.0201748486886348
1746009490.1015573,0.0201748486886348
1746009490.1189733,0.0201748486886348
1746009490.136768,0.0201748486886348
1746009490.1546097,0.0203242920122543
1746009490.1726086,0.0209220653067324
1746009490.1907284,0.0209220653067324
1746009490.2083955,0.0209220653067324
1746009490.2260242,0.0209220653067324
1746009490.2440023,0.0209220653067324
1746009490.2616107,0.0209220653067324
1746009490.279244,0.0209220653067324
1746009490.2969098,0.0209220653067324
1746009490.3147442,0.0209220653067324
1746009490.3323033,0.0209220653067324
1746009490.350052,0.0209220653067324
1746009490.3678088,0.0209220653067324
1746009490.3861194,0.0209220653067324
1746009490.404453,0.0209220653067324
1746009490.4223063,0.0209220653067324
1746009490.4398549,0.0210715086303519
1746009490.457864,0.0216692819248299
1746009490.4754426,0.0216692819248299
1746009490.4931605,0.0216692819248299
1746009490.5115848,0.0216692819248299
1746009490.5292726,0.0216692819248299
1746009490.5468884,0.0216692819248299
1746009490.564892,0.0216692819248299
1746009490.5825536,0.0216692819248299
1746009490.6001365,0.0216692819248299
1746009490.617875,0.0216692819248299
1746009490.6358292,0.0216692819248299
1746009490.653623,0.0216692819248299
1746009490.6714585,0.0216692819248299
1746009490.6898868,0.0216692819248299
1746009490.7078495,0.0216692819248299
1746009490.7254612,0.0218187252484495
1746009490.7430117,0.0224164985429276
1746009490.7603984,0.0224164985429276
1746009490.7779522,0.0224164985429276
1746009490.7957854,0.0224164985429276
1746009490.8131106,0.0224164985429276
1746009490.830956,0.0224164985429276
1746009490.8490536,0.0224164985429276
1746009490.8665369,0.0224164985429276
1746009490.8843849,0.0224164985429276
1746009490.902377,0.0224164985429276
1746009490.920393,0.0224164985429276
1746009490.9381013,0.0224164985429276
1746009490.956035,0.0224164985429276
1746009490.9733877,0.0224164985429276
1746009490.990973,0.0224164985429276
1746009491.008489,0.0225659418665471
1746009491.026034,0.0231637151610252
1746009491.0437212,0.0231637151610252
1746009491.061644,0.0231637151610252
1746009491.0791242,0.0231637151610252
1746009491.0966115,0.0231637151610252
1746009491.114055,0.0231637151610252
1746009491.131775,0.0231637151610252
1746009491.1496694,0.0231637151610252
1746009491.1676054,0.0231637151610252
1746009491.1852243,0.0231637151610252
1746009491.20294,0.0231637151610252
1746009491.2205882,0.0231637151610252
1746009491.2380157,0.0231637151610252
1746009491.2557547,0.0231637151610252
1746009491.2735972,0.0231637151610252
1746009491.2915337,0.0233131584846446
1746009491.3122609,0.0239109317791227
1746009491.3306324,0.0239109317791227
1746009491.3483784,0.0239109317791227
1746009491.36598,0.0239109317791227
1746009491.3837938,0.0239109317791227
1746009491.4014351,0.0239109317791227
1746009491.4190383,0.0239109317791227
1746009491.4366922,0.0239109317791227
1746009491.4543056,0.0239109317791227
1746009491.471916,0.0239109317791227
1746009491.48975,0.0239109317791227
1746009491.5077386,0.0239109317791227
1746009491.5258155,0.0239109317791227
1746009491.5435994,0.0239109317791227
1746009491.561493,0.0239109317791227
1746009491.5794702,0.0240603751027422
1746009491.597245,0.0246581483972203
1746009491.6148906,0.0246581483972203
1746009491.6328378,0.0246581483972203
1746009491.6509008,0.0246581483972203
1746009491.6683898,0.0246581483972203
1746009491.6860723,0.0246581483972203
1746009491.7038703,0.0246581483972203
1746009491.7214203,0.0246581483972203
1746009491.7391894,0.0246581483972203
1746009491.757018,0.0246581483972203
1746009491.7750816,0.0246581483972203
1746009491.792725,0.0246581483972203
1746009491.8101492,0.0246581483972203
1746009491.8277082,0.0246581483972203
1746009491.8456917,0.0246581483972203
1746009491.8632324,0.0248075917208399
1746009491.8807902,0.0254053650153179
1746009491.8988109,0.0254053650153179
1746009491.9167864,0.0254053650153179
1746009491.9343915,0.0254053650153179
1746009491.9520223,0.0254053650153179
1746009491.970144,0.0254053650153179
1746009491.9879131,0.0254053650153179
1746009492.0062697,0.0254053650153179
1746009492.0238822,0.0254053650153179
1746009492.041967,0.0254053650153179
1746009492.059968,0.0254053650153179
1746009492.077618,0.0254053650153179
1746009492.0956335,0.0254053650153179
1746009492.1132104,0.0254053650153179
1746009492.1312206,0.0254053650153179
1746009492.1487122,0.0255548083389374
1746009492.1663582,0.0261525816334154
1746009492.184358,0.0261525816334154
1746009492.2026114,0.0261525816334154
1746009492.2201607,0.0261525816334154
1746009492.2379062,0.0261525816334154
1746009492.255559,0.0261525816334154
1746009492.2731054,0.0261525816334154
1746009492.2906172,0.0261525816334154
1746009492.3082864,0.0261525816334154
1746009492.3261294,0.0261525816334154
1746009492.3439183,0.0261525816334154
1746009492.3614492,0.0261525816334154
1746009492.3789687,0.0261525816334154
1746009492.3966234,0.0261525816334154
1746009492.4146028,0.0261525816334154
1746009492.4321935,0.026302024957035
1746009492.4497478,0.0268997982515131
1746009492.467227,0.0268997982515131
1746009492.4846497,0.0268997982515131
1746009492.5021222,0.0268997982515131
1746009492.519634,0.0268997982515131
1746009492.5371828,0.0268997982515131
1746009492.5551112,0.0268997982515131
1746009492.5728686,0.0268997982515131
1746009492.590719,0.0268997982515131
1746009492.608851,0.0268997982515131
1746009492.6264212,0.0268997982515131
1746009492.644421,0.0268997982515131
1746009492.6626804,0.0268997982515131
1746009492.680606,0.0268997982515131
1746009492.698328,0.0268997982515131
1746009492.7164323,0.0270492415751326
1746009492.7339375,0.0276470148696107
1746009492.7520185,0.0276470148696107
1746009492.7700868,0.0276470148696107
1746009492.7880225,0.0276470148696107
1746009492.805592,0.0276470148696107
1746009492.823232,0.0276470148696107
1746009492.8409865,0.0276470148696107
1746009492.858918,0.0276470148696107
1746009492.8767655,0.0276470148696107
1746009492.8946836,0.0276470148696107
1746009492.9122963,0.0276470148696107
1746009492.9303458,0.0276470148696107
1746009492.9482677,0.0276470148696107
1746009492.966346,0.0276470148696107
1746009492.9842317,0.0276470148696107
1746009493.0017912,0.0277964581932301
1746009493.019582,0.0283942314877082
1746009493.037681,0.0283942314877082
1746009493.055195,0.0283942314877082
1746009493.0726376,0.0283942314877082
1746009493.0900953,0.0283942314877082
1746009493.1083932,0.0283942314877082
1746009493.1259923,0.0283942314877082
1746009493.1438806,0.0283942314877082
1746009493.1617374,0.0283942314877082
1746009493.1794665,0.0283942314877082
1746009493.197041,0.0283942314877082
1746009493.2157488,0.0283942314877082
1746009493.2335937,0.0283942314877082
1746009493.2514734,0.0283942314877082
1746009493.269025,0.0283942314877082
1746009493.2870998,0.0285436748113278
1746009493.3047843,0.0291414481058058
1746009493.3223898,0.0291414481058058
1746009493.3402188,0.0291414481058058
1746009493.3581626,0.0291414481058058
1746009493.376071,0.0291414481058058
1746009493.3938956,0.0291414481058058
1746009493.41189,0.0291414481058058
1746009493.4295204,0.0291414481058058
1746009493.4473162,0.0291414481058058
1746009493.4653423,0.0291414481058058
1746009493.482931,0.0291414481058058
1746009493.5009336,0.0291414481058058
1746009493.519187,0.0291414481058058
1746009493.5373716,0.0291414481058058
1746009493.5554266,0.0291414481058058
1746009493.5730486,0.0292908914294254
1746009493.5908878,0.0298886647239035
1746009493.6084664,0.0298886647239035
1746009493.6265917,0.0298886647239035
1746009493.6446648,0.0298886647239035
1746009493.6623545,0.0298886647239035
1746009493.680036,0.0298886647239035
1746009493.9791183,0.0298886647239035
1746009493.996696,0.0298886647239035
1746009494.0145264,0.0298886647239035
1746009494.0323164,0.0298886647239035
1746009494.05013,0.0298886647239035
1746009494.068244,0.0298886647239035
1746009494.0858202,0.0298886647239035
1746009494.1035802,0.0298886647239035
1746009494.1212351,0.0298886647239035
1746009494.1387346,0.0300381080475229
1746009494.1568809,0.030635881342001
1746009494.1747367,0.030635881342001
1746009494.1926343,0.030635881342001
1746009494.2104433,0.030635881342001
1746009494.2282095,0.030635881342001
1746009494.24595,0.030635881342001
1746009494.263841,0.030635881342001
1746009494.2817397,0.030635881342001
1746009494.299502,0.030635881342001
1746009494.317899,0.030635881342001
1746009494.3357675,0.030635881342001
1746009494.3534496,0.030635881342001
1746009494.3711777,0.030635881342001
1746009494.388801,0.030635881342001
1746009494.4065118,0.030635881342001
1746009494.4241917,0.0307853246656205
1746009494.4420528,0.0313830979600986
1746009494.4599056,0.0313830979600986
1746009494.477413,0.0313830979600986
1746009494.4952338,0.0313830979600986
1746009494.5133684,0.0313830979600986
1746009494.5315013,0.0313830979600986
1746009494.5493374,0.0313830979600986
1746009494.567152,0.0313830979600986
1746009494.5849743,0.0313830979600986
1746009494.602867,0.0313830979600986
1746009494.620782,0.0313830979600986
1746009494.638879,0.0313830979600986
1746009494.656567,0.0313830979600986
1746009494.6740155,0.0313830979600986
1746009494.6919029,0.0313830979600986
1746009494.7098656,0.0315325412837181
1746009494.727885,0.0321303145781962
1746009494.745979,0.0321303145781962
1746009494.7635834,0.0321303145781962
1746009494.7811496,0.0321303145781962
1746009494.7990165,0.0321303145781962
1746009494.816609,0.0321303145781962
1746009494.834036,0.0321303145781962
1746009494.8516638,0.0321303145781962
1746009494.8692758,0.0321303145781962
1746009494.886847,0.0321303145781962
1746009494.9044137,0.0321303145781962
1746009494.922326,0.0321303145781962
1746009494.9399524,0.0321303145781962
1746009494.9575849,0.0321303145781962
1746009494.975158,0.0321303145781962
1746009494.992731,0.0322797579018157
1746009495.0103877,0.0328775311962937
1746009495.0279014,0.0328775311962937
1746009495.045406,0.0328775311962937
1746009495.0629945,0.0328775311962937
1746009495.0805273,0.0328775311962937
1746009495.098113,0.0328775311962937
1746009495.1157413,0.0328775311962937
1746009495.133313,0.0328775311962937
1746009495.150995,0.0328775311962937
1746009495.168607,0.0328775311962937
1746009495.1862395,0.0328775311962937
1746009495.203899,0.0328775311962937
1746009495.2215526,0.0328775311962937
1746009495.239156,0.0328775311962937
1746009495.256849,0.0328775311962937
1746009495.274468,0.0330269745199133
1746009495.292203,0.0336247478143914
1746009495.3098369,0.0336247478143914
1746009495.3274355,0.0336247478143914
1746009495.3449862,0.0336247478143914
1746009495.3625736,0.0336247478143914
1746009495.3802264,0.0336247478143914
1746009495.3979468,0.0336247478143914
1746009495.4156744,0.0336247478143914
1746009495.4333932,0.0336247478143914
1746009495.450668,0.0067249495628782
1746009495.468068,0.0067249495628782
1746009495.4849331,0.0067249495628782
1746009495.501391,0.0067249495628782
1746009495.517609,0.0067249495628782
1746009495.534272,0.0067249495628782
1746009495.5509105,0.0067249495628782
1746009495.5676243,0.0068743928864978
1746009495.5837803,0.0068743928864978
1746009495.6003044,0.0068743928864978
1746009495.6168654,0.0068743928864978
1746009495.633446,0.0068743928864978
1746009495.6500845,0.0068743928864978
1746009495.6666706,0.0068743928864978
1746009495.6831408,0.0068743928864978
1746009495.699679,0.0068743928864978
1746009495.7159202,0.0068743928864978
1746009495.7324038,0.0068743928864978
1746009495.7490802,0.0068743928864978
1746009495.765279,0.0068743928864978
1746009495.7816403,0.0068743928864978
1746009495.7979774,0.0068743928864978
1746009495.8143764,0.0068743928864978
1746009495.830886,0.0070238362101172
1746009495.8477125,0.0070238362101172
1746009495.864277,0.0070238362101172
1746009495.880786,0.0070238362101172
1746009495.8970602,0.0070238362101172
1746009495.9135208,0.0070238362101172
1746009495.930066,0.0070238362101172
1746009495.9465706,0.0070238362101172
1746009495.9629557,0.0070238362101172
1746009495.9792306,0.0070238362101172
1746009495.9955986,0.0070238362101172
1746009496.0118923,0.0070238362101172
1746009496.0283582,0.0070238362101172
1746009496.0448723,0.0070238362101172
1746009496.061192,0.0070238362101172
1746009496.0776224,0.0070238362101172
1746009496.0939732,0.0071732795337368
1746009496.1102538,0.0071732795337368
1746009496.1266396,0.0071732795337368
1746009496.1430118,0.0071732795337368
1746009496.159573,0.0071732795337368
1746009496.1761703,0.0071732795337368
1746009496.1927228,0.0071732795337368
1746009496.2090957,0.0071732795337368
1746009496.2256465,0.0071732795337368
1746009496.2422974,0.0071732795337368
1746009496.258874,0.0071732795337368
1746009496.2751777,0.0071732795337368
1746009496.2916975,0.0071732795337368
1746009496.3083005,0.0071732795337368
1746009496.324946,0.0071732795337368
1746009496.3414054,0.0071732795337368
1746009496.3576422,0.0073227228573563
1746009496.37408,0.0073227228573563
1746009496.3903575,0.0073227228573563
1746009496.4067955,0.0073227228573563
1746009496.423181,0.0073227228573563
1746009496.4398663,0.0073227228573563
1746009496.4563625,0.0073227228573563
1746009496.4727314,0.0073227228573563
1746009496.489183,0.0073227228573563
1746009496.5101955,0.0073227228573563
1746009496.527392,0.0073227228573563
1746009496.5438015,0.0073227228573563
1746009496.5603733,0.0073227228573563
1746009496.5769928,0.0073227228573563
1746009496.5935144,0.0073227228573563
1746009496.6100423,0.0073227228573563
1746009496.626309,0.0074721661809759
1746009496.6426597,0.0074721661809759
1746009496.659032,0.0074721661809759
1746009496.6755624,0.0074721661809759
1746009496.6918516,0.0074721661809759
1746009496.7079833,0.0074721661809759
1746009496.7245264,0.0074721661809759
1746009496.7409456,0.0074721661809759
1746009496.7575312,0.0074721661809759
1746009496.773876,0.0074721661809759
1746009496.7901504,0.0074721661809759
1746009496.806327,0.0074721661809759
1746009496.822859,0.0074721661809759
1746009496.8389356,0.0074721661809759
1746009496.8551395,0.0074721661809759
1746009496.8716426,0.0074721661809759
1746009496.888085,0.0076216095045953
1746009496.904683,0.0076216095045953
1746009496.9210925,0.0076216095045953
1746009496.9372876,0.0076216095045953
1746009496.9533577,0.0076216095045953
1746009496.9694943,0.0076216095045953
1746009496.985809,0.0076216095045953
1746009497.0020108,0.0076216095045953
1746009497.0182035,0.0076216095045953
1746009497.0344703,0.0076216095045953
1746009497.0506773,0.0076216095045953
1746009497.0668771,0.0076216095045953
1746009497.0832157,0.0076216095045953
1746009497.0999258,0.0076216095045953
1746009497.1161633,0.0076216095045953
1746009497.1327252,0.0076216095045953
1746009497.1489058,0.0077710528282148
1746009497.1650722,0.0077710528282148
1746009497.1814194,0.0077710528282148
1746009497.198011,0.0077710528282148
1746009497.214818,0.0077710528282148
1746009497.2310324,0.0077710528282148
1746009497.247473,0.0077710528282148
1746009497.263707,0.0077710528282148
1746009497.2800052,0.0077710528282148
1746009497.2966392,0.0077710528282148
1746009497.3128269,0.0077710528282148
1746009497.329281,0.0077710528282148
1746009497.3454792,0.0077710528282148
1746009497.3619847,0.0077710528282148
1746009497.3782587,0.0077710528282148
1746009497.3949063,0.0077710528282148
1746009497.4111438,0.0079204961518344
1746009497.4277866,0.0079204961518344
1746009497.4439175,0.0079204961518344
1746009497.4602544,0.0079204961518344
1746009497.4764018,0.0079204961518344
1746009497.4927514,0.0079204961518344
1746009497.5091848,0.0079204961518344
1746009497.5260203,0.0079204961518344
1746009497.5422475,0.0079204961518344
1746009497.558672,0.0079204961518344
1746009497.5749848,0.0079204961518344
1746009497.5913694,0.0079204961518344
1746009497.608143,0.0079204961518344
1746009497.6244962,0.0079204961518344
1746009497.64088,0.0079204961518344
1746009497.6572125,0.0079204961518344
1746009497.6735122,0.0080699394754539
1746009497.6897385,0.0080699394754539
1746009497.706112,0.0080699394754539
1746009497.7224631,0.0080699394754539
1746009497.7390215,0.0080699394754539
1746009497.755148,0.0080699394754539
1746009497.7716713,0.0080699394754539
1746009497.7881515,0.0080699394754539
1746009497.8046591,0.0080699394754539
1746009497.8209734,0.0080699394754539
1746009497.837277,0.0080699394754539
1746009497.8536465,0.0080699394754539
1746009497.8699632,0.0080699394754539
1746009497.8861687,0.0080699394754539
1746009497.9026628,0.0080699394754539
1746009497.9190931,0.0080699394754539
1746009497.9357824,0.0082193827990734
1746009497.952066,0.0082193827990734
1746009497.9683309,0.0082193827990734
1746009497.984592,0.0082193827990734
1746009498.0009117,0.0082193827990734
1746009498.017275,0.0082193827990734
1746009498.033518,0.0082193827990734
1746009498.0498734,0.0082193827990734
1746009498.0666273,0.0082193827990734
1746009498.0833845,0.0082193827990734
1746009498.1001723,0.0082193827990734
1746009498.116669,0.0082193827990734
1746009498.1331484,0.0082193827990734
1746009498.1495967,0.0082193827990734
1746009498.1660588,0.0082193827990734
1746009498.1826332,0.0082193827990734
1746009498.1988182,0.0083688261226929
1746009498.2151654,0.0083688261226929
1746009498.2315085,0.0083688261226929
1746009498.2476048,0.0083688261226929
1746009498.2641647,0.0083688261226929
1746009498.2808192,0.0083688261226929
1746009498.297186,0.0083688261226929
1746009498.3136811,0.0083688261226929
1746009498.3303642,0.0083688261226929
1746009498.3465638,0.0083688261226929
1746009498.3628974,0.0083688261226929
1746009498.3799148,0.0083688261226929
1746009498.3969016,0.0083688261226929
1746009498.4135711,0.0083688261226929
1746009498.4302745,0.0083688261226929
1746009498.4466045,0.0083688261226929
1746009498.4633112,0.0085182694463125
1746009498.4798875,0.0085182694463125
1746009498.4967673,0.0085182694463125
1746009498.5133855,0.0085182694463125
1746009498.5302076,0.0042591347231561
1746009498.546249,0.0042591347231561
1746009498.5626156,0.0042591347231561
1746009498.578998,0.0042591347231561
1746009498.595351,0.0042591347231561
1746009498.6113932,0.0042591347231561
1746009498.6275775,0.0042591347231561
1746009498.6440527,0.0042591347231561
1746009498.6599774,0.0042591347231561
1746009498.6759553,0.0042591347231561
1746009498.6924813,0.0042591347231561
1746009498.708924,0.0042591347231561
1746009498.7252655,0.0043338563849659
1746009498.741681,0.0043338563849659
1746009498.7576523,0.0043338563849659
1746009498.773673,0.0043338563849659
1746009498.7899463,0.0043338563849659
1746009498.806353,0.0043338563849659
1746009498.822682,0.0043338563849659
1746009498.8389163,0.0043338563849659
1746009498.8548532,0.0043338563849659
1746009498.8707373,0.0043338563849659
1746009498.8870597,0.0043338563849659
1746009498.9029906,0.0043338563849659
1746009498.918938,0.0043338563849659
1746009498.9349627,0.0043338563849659
1746009498.951163,0.0043338563849659
1746009498.9673195,0.0043338563849659
1746009498.9833004,0.0044085780467757
1746009498.9991562,0.0044085780467757
1746009499.015797,0.0044085780467757
1746009499.0320385,0.0044085780467757
1746009499.0480986,0.0044085780467757
1746009499.0645216,0.0044085780467757
1746009499.0805416,0.0044085780467757
1746009499.0965784,0.0044085780467757
1746009499.1124437,0.0044085780467757
1746009499.128146,0.0044085780467757
1746009499.144233,0.0044085780467757
1746009499.1602857,0.0044085780467757
1746009499.1765163,0.0044085780467757
1746009499.193054,0.0044085780467757
1746009499.2093515,0.0044085780467757
1746009499.225357,0.0044085780467757
1746009499.241622,0.0044832997085855
1746009499.2579932,0.0044832997085855
1746009499.2742355,0.0044832997085855
1746009499.2904572,0.0044832997085855
1746009499.306693,0.0044832997085855
1746009499.355379,0.0044832997085855
1746009499.3715222,0.0044832997085855
1746009499.3879905,0.0044832997085855
1746009499.4040134,0.0044832997085855
1746009499.4202936,0.0044832997085855
1746009499.436521,0.0044832997085855
1746009499.45285,0.0044832997085855
1746009499.4690864,0.0044832997085855
1746009499.485516,0.0044832997085855
1746009499.5019495,0.0044832997085855
1746009499.5182426,0.0044832997085855
1746009499.5347133,0.0045580213703952
1746009499.5508244,0.0045580213703952
1746009499.5670776,0.0045580213703952
1746009499.583357,0.0045580213703952
1746009499.5998807,0.0045580213703952
1746009499.6163323,0.0045580213703952
1746009499.6326036,0.0045580213703952
1746009499.648919,0.0045580213703952
1746009499.665212,0.0045580213703952
1746009499.6814735,0.0045580213703952
1746009499.6976757,0.0045580213703952
1746009499.713857,0.0045580213703952
1746009499.7300093,0.0045580213703952
1746009499.7462654,0.0045580213703952
1746009499.7626483,0.0045580213703952
1746009499.7788713,0.0045580213703952
1746009499.795135,0.004632743032205
1746009499.8115113,0.004632743032205
1746009499.8278,0.004632743032205
1746009499.8439496,0.004632743032205
1746009499.8601377,0.004632743032205
1746009499.8763728,0.004632743032205
1746009499.8925855,0.004632743032205
1746009499.9088075,0.004632743032205
1746009499.925111,0.004632743032205
1746009499.9414096,0.004632743032205
1746009499.957769,0.004632743032205
1746009499.9739146,0.004632743032205
1746009499.990101,0.004632743032205
1746009500.0067408,0.004632743032205
1746009500.0232265,0.004632743032205
1746009500.0398233,0.004632743032205
1746009500.0560732,0.0047074646940148
1746009500.072231,0.0047074646940148
1746009500.088405,0.0047074646940148
1746009500.1045108,0.0047074646940148
1746009500.120967,0.0047074646940148
1746009500.1372497,0.0047074646940148
1746009500.1534123,0.0047074646940148
1746009500.1698089,0.0047074646940148
1746009500.1860633,0.0047074646940148
1746009500.2023757,0.0047074646940148
1746009500.2185802,0.0047074646940148
1746009500.234859,0.0047074646940148
1746009500.2513063,0.0047074646940148
1746009500.2675166,0.0047074646940148
1746009500.2838054,0.0047074646940148
1746009500.300243,0.0047074646940148
1746009500.3167777,0.0047821863558245
1746009500.3334856,0.0047821863558245
1746009500.349969,0.0047821863558245
1746009500.3665936,0.0047821863558245
1746009500.3827355,0.0047821863558245
1746009500.3989506,0.0047821863558245
1746009500.4154377,0.0047821863558245
1746009500.4316928,0.0047821863558245
1746009500.448039,0.0047821863558245
1746009500.464295,0.0047821863558245
1746009500.4808428,0.0047821863558245
1746009500.4970534,0.0047821863558245
1746009500.5131276,0.0047821863558245
1746009500.5292175,0.0047821863558245
1746009500.5452528,0.0047821863558245
1746009500.561402,0.0047821863558245
1746009500.577947,0.0048569080176342
1746009500.594265,0.0048569080176342
1746009500.6106896,0.0048569080176342
1746009500.6269107,0.0048569080176342
1746009500.64314,0.0048569080176342
1746009500.6596262,0.0048569080176342
1746009500.675825,0.0048569080176342
1746009500.69185,0.0048569080176342
1746009500.7080338,0.0048569080176342
1746009500.7244158,0.0048569080176342
1746009500.7406385,0.0048569080176342
1746009500.7571156,0.0048569080176342
1746009500.7732484,0.0048569080176342
1746009500.7895837,0.0048569080176342
1746009500.8059309,0.0048569080176342
1746009500.8220334,0.0048569080176342
1746009500.8382757,0.004931629679444
1746009500.8545654,0.004931629679444
1746009500.870922,0.004931629679444
1746009500.8875346,0.004931629679444
1746009500.9038503,0.004931629679444
1746009500.9200532,0.004931629679444
1746009500.9363303,0.004931629679444
1746009500.9525452,0.004931629679444
1746009500.9687624,0.004931629679444
1746009500.9849114,0.004931629679444
1746009501.001179,0.004931629679444
1746009501.01731,0.004931629679444
1746009501.0334313,0.004931629679444
1746009501.0498424,0.004931629679444
1746009501.0662367,0.004931629679444
1746009501.0823407,0.004931629679444
1746009501.098398,0.0050063513412538
1746009501.1151223,0.0050063513412538
1746009501.1311934,0.0050063513412538
1746009501.147348,0.0050063513412538
1746009501.1637745,0.0050063513412538
1746009501.1798525,0.0050063513412538
1746009501.196145,0.0050063513412538
1746009501.212461,0.0050063513412538
1746009501.2289042,0.0050063513412538
1746009501.2453227,0.0050063513412538
1746009501.2616658,0.0050063513412538
1746009501.2781382,0.0050063513412538
1746009501.29428,0.0050063513412538
1746009501.310637,0.0050063513412538
1746009501.327499,0.0050063513412538
1746009501.343796,0.0050063513412538
1746009501.3605149,0.0050810730030635
1746009501.3768775,0.0050810730030635
1746009501.3930366,0.0050810730030635
1746009501.409546,0.0050810730030635
1746009501.4259715,0.0050810730030635
1746009501.442219,0.0050810730030635
1746009501.458347,0.0050810730030635
1746009501.4746952,0.0050810730030635
1746009501.491169,0.0050810730030635
1746009501.50758,0.0050810730030635
1746009501.5239048,0.0050810730030635
1746009501.540049,0.0050810730030635
1746009501.5561132,0.0050810730030635
1746009501.5723832,0.0050810730030635
1746009501.588674,0.0050810730030635
1746009501.6048474,0.0050810730030635
1746009501.6210506,0.0051557946648733
1746009501.637121,0.0051557946648733
1746009501.6535394,0.0051557946648733
1746009501.67002,0.0051557946648733
1746009501.6864018,0.0051557946648733
1746009501.702795,0.0051557946648733
1746009501.71902,0.0051557946648733
1746009501.7353654,0.0051557946648733
1746009501.7513938,0.0051557946648733
1746009501.7675016,0.0051557946648733
1746009501.7837029,0.0051557946648733
1746009501.8001966,0.0051557946648733
1746009501.8165596,0.0051557946648733
1746009501.832634,0.0051557946648733
1746009501.848811,0.0051557946648733
1746009501.8650982,0.0051557946648733
1746009501.8814273,0.0052305163266831
1746009501.8977897,0.0052305163266831
1746009501.9141822,0.0052305163266831
1746009501.9304962,0.0052305163266831
1746009501.946797,0.0052305163266831
1746009501.9629543,0.0052305163266831
1746009501.9790657,0.0052305163266831
1746009501.9955108,0.0052305163266831
1746009502.011875,0.0052305163266831
1746009502.0281205,0.0052305163266831
1746009502.0442507,0.0052305163266831
1746009502.0605304,0.0052305163266831
1746009502.0767465,0.0052305163266831
1746009502.092921,0.0052305163266831
1746009502.109234,0.0052305163266831
1746009502.1253755,0.0052305163266831
1746009502.1417074,0.0053052379884929
1746009502.1578836,0.0053052379884929
1746009502.1744354,0.0053052379884929
1746009502.1910107,0.0053052379884929
1746009502.2072492,0.0053052379884929
1746009502.2234726,0.0053052379884929
1746009502.23966,0.0053052379884929
1746009502.2560215,0.0053052379884929
1746009502.2723968,0.0053052379884929
1746009502.288685,0.0053052379884929
1746009502.3047826,0.0053052379884929
1746009502.3210652,0.0053052379884929
1746009502.3372943,0.0053052379884929
1746009502.3535702,0.0053052379884929
1746009502.3697824,0.0053052379884929
1746009502.3864005,0.0053052379884929
1746009502.402912,0.0053799596503025
1746009502.419305,0.0053799596503025
1746009502.4355996,0.0053799596503025
1746009502.452005,0.0053799596503025
1746009502.468346,0.0053799596503025
1746009502.484646,0.0053799596503025
1746009502.5011551,0.0053799596503025
1746009502.5172443,0.0053799596503025
1746009502.533964,0.0053799596503025
1746009502.5503693,0.0053799596503025
1746009502.5666692,0.0053799596503025
1746009502.5830562,0.0053799596503025
1746009502.5993402,0.0053799596503025
1746009502.6156564,0.0053799596503025
1746009502.6320462,0.0053799596503025
1746009502.648235,0.0053799596503025
1746009502.6643412,0.0054546813121123
1746009502.6805248,0.0054546813121123
1746009502.6968534,0.0054546813121123
1746009502.7133822,0.0054546813121123
1746009502.729767,0.0054546813121123
1746009502.74604,0.0054546813121123
1746009502.7623608,0.0054546813121123
1746009502.7788131,0.0054546813121123
1746009502.7953043,0.0054546813121123
1746009502.8117874,0.0054546813121123
1746009502.8283927,0.0054546813121123
1746009502.844742,0.0054546813121123
1746009502.8613608,0.0054546813121123
1746009502.877679,0.0054546813121123
1746009502.8936772,0.0054546813121123
1746009502.9099452,0.0054546813121123
1746009502.9261672,0.0055294029739221
1746009502.9423482,0.0055294029739221
1746009502.9587204,0.0055294029739221
1746009502.9749677,0.0055294029739221
1746009502.9915266,0.0055294029739221
1746009503.0077417,0.0055294029739221
1746009503.0237665,0.0055294029739221
1746009503.0400574,0.0055294029739221
1746009503.056749,0.0055294029739221
1746009503.073068,0.0055294029739221
1746009503.089193,0.0055294029739221
1746009503.1053205,0.0055294029739221
1746009503.1218472,0.0055294029739221
1746009503.1381764,0.0055294029739221
1746009503.1545897,0.0055294029739221
1746009503.1707242,0.0055294029739221
1746009503.1869378,0.0056041246357319
1746009503.2032857,0.0056041246357319
1746009503.219469,0.0056041246357319
1746009503.2356462,0.0056041246357319
1746009503.2518983,0.0056041246357319
1746009503.2681377,0.0056041246357319
1746009503.284093,0.0056041246357319
1746009503.3002064,0.0056041246357319
1746009503.3165195,0.0056041246357319
1746009503.332765,0.0056041246357319
1746009503.3491652,0.0056041246357319
1746009503.365548,0.0056041246357319
1746009503.3818653,0.0056041246357319
1746009503.39808,0.0056041246357319
1746009503.414349,0.0056041246357319
1746009503.4307685,0.0056041246357319
1746009503.446959,0.0056788462975416
1746009503.4632232,0.0056788462975416
1746009503.4795237,0.0056788462975416
1746009503.4957786,0.0056788462975416
1746009503.5120444,0.0056788462975416
1746009503.5281217,0.0056788462975416
1746009503.544148,0.0056788462975416
1746009503.560484,0.0056788462975416
1746009503.5768132,0.0056788462975416
1746009503.5931923,0.0056788462975416
1746009503.609403,0.0056788462975416
1746009503.6255982,0.0056788462975416
1746009503.6418211,0.0056788462975416
1746009503.6581268,0.0056788462975416
1746009503.6741612,0.0056788462975416
1746009503.6903596,0.0056788462975416
1746009503.7064176,0.0057535679593514
1746009503.7228968,0.0057535679593514
1746009503.7391253,0.0057535679593514
1746009503.755217,0.0057535679593514
1746009503.7714236,0.0057535679593514
1746009503.787442,0.0057535679593514
1746009503.8037891,0.0057535679593514
1746009503.8198447,0.0057535679593514
1746009503.836127,0.0057535679593514
1746009503.8521905,0.0057535679593514
1746009503.868171,0.0057535679593514
1746009503.8845265,0.0057535679593514
1746009503.9006891,0.0057535679593514
1746009503.9169588,0.0057535679593514
1746009503.9331338,0.0057535679593514
1746009503.9495287,0.0057535679593514
1746009503.9661326,0.0058282896211612
1746009503.982123,0.0058282896211612
1746009503.9986477,0.0058282896211612
1746009504.0150254,0.0058282896211612
1746009504.031722,0.0058282896211612
1746009504.0480683,0.0058282896211612
1746009504.0642304,0.0058282896211612
1746009504.0806603,0.0058282896211612
1746009504.0970109,0.0058282896211612
1746009504.1130688,0.0058282896211612
1746009504.129229,0.0058282896211612
1746009504.145828,0.0058282896211612
1746009504.16207,0.0058282896211612
1746009504.1782155,0.0058282896211612
1746009504.1942515,0.0058282896211612
1746009504.2102768,0.0058282896211612
1746009504.2262597,0.0059030112829708
1746009504.2422438,0.0059030112829708
1746009504.2585206,0.0059030112829708
1746009504.2749228,0.0059030112829708
1746009504.2910242,0.0059030112829708
1746009504.3071692,0.0059030112829708
1746009504.323259,0.0059030112829708
1746009504.339825,0.0059030112829708
1746009504.3562129,0.0059030112829708
1746009504.3726678,0.0059030112829708
1746009504.388673,0.0059030112829708
1746009504.4048543,0.0059030112829708
1746009504.4212914,0.0059030112829708
1746009504.4377315,0.0059030112829708
1746009504.4825573,0.0059030112829708
1746009504.4987702,0.0059030112829708
1746009504.514941,0.0059777329447806
1746009504.5309467,0.0059777329447806
1746009504.5469978,0.0059777329447806
1746009504.5630286,0.0059777329447806
1746009504.5793924,0.0059777329447806
1746009504.595753,0.0059777329447806
1746009504.6118596,0.0059777329447806
1746009504.627899,0.0059777329447806
1746009504.6439395,0.0059777329447806
1746009504.6601074,0.0059777329447806
1746009504.676362,0.0059777329447806
1746009504.692853,0.0059777329447806
1746009504.709447,0.0059777329447806
1746009504.7256892,0.0059777329447806
1746009504.742014,0.0059777329447806
1746009504.7583814,0.0059777329447806
1746009504.7745974,0.0060524546065904
1746009504.7908273,0.0060524546065904
1746009504.8069968,0.0060524546065904
1746009504.8234172,0.0060524546065904
1746009504.8399324,0.0060524546065904
1746009504.856152,0.0060524546065904
1746009504.8726656,0.0060524546065904
1746009504.8887584,0.0060524546065904
1746009504.9051695,0.0060524546065904
1746009504.9216464,0.0060524546065904
1746009504.9377823,0.0060524546065904
1746009504.954298,0.0060524546065904
1746009504.970509,0.0060524546065904
1746009504.986882,0.0060524546065904
1746009505.0030649,0.0060524546065904
1746009505.0194638,0.0060524546065904
1746009505.0355527,0.0061271762684002
1746009505.0515418,0.0061271762684002
1746009505.0676963,0.0061271762684002
1746009505.083696,0.0061271762684002
1746009505.099704,0.0061271762684002
1746009505.1157193,0.0061271762684002
1746009505.1316538,0.0061271762684002
1746009505.1476314,0.0061271762684002
1746009505.163545,0.0061271762684002
1746009505.179603,0.0061271762684002
1746009505.1959465,0.0061271762684002
1746009505.2122662,0.0061271762684002
1746009505.228896,0.0061271762684002
1746009505.2454844,0.0061271762684002
1746009505.261902,0.0061271762684002
1746009505.278325,0.0061271762684002
1746009505.2947688,0.0062018979302099
1746009505.3111398,0.0062018979302099
1746009505.327282,0.0062018979302099
1746009505.3432944,0.0062018979302099
1746009505.3594816,0.0062018979302099
1746009505.3754854,0.0062018979302099
1746009505.391514,0.0062018979302099
1746009505.4075172,0.0062018979302099
1746009505.4236116,0.0062018979302099
1746009505.4396555,0.0062018979302099
1746009505.4557116,0.0062018979302099
1746009505.4717877,0.0062018979302099
1746009505.4877665,0.0062018979302099
1746009505.5038157,0.0062018979302099
1746009505.5198576,0.0062018979302099
1746009505.5359368,0.0062018979302099
1746009505.551994,0.0062766195920197
1746009505.5680645,0.0062766195920197
1746009505.5846522,0.0062766195920197
1746009505.6007874,0.0062766195920197
1746009505.617274,0.0062766195920197
1746009505.6333604,0.0062766195920197
1746009505.6494071,0.0062766195920197
1746009505.6661563,0.0062766195920197
1746009505.6826365,0.0062766195920197
1746009505.6990726,0.0062766195920197
1746009505.7153928,0.0062766195920197
1746009505.7320678,0.0062766195920197
1746009505.748611,0.0062766195920197
1746009505.7648015,0.0062766195920197
1746009505.7811513,0.0062766195920197
1746009505.797459,0.0062766195920197
1746009505.8135178,0.0063513412538295
1746009505.8299754,0.0063513412538295
1746009505.84626,0.0063513412538295
1746009505.86281,0.0063513412538295
1746009505.879074,0.0063513412538295
1746009505.8950498,0.0063513412538295
1746009505.9110403,0.0063513412538295
1746009505.9270089,0.0063513412538295
1746009505.943545,0.0063513412538295
1746009505.9598603,0.0063513412538295
1746009505.9763348,0.0063513412538295
1746009505.9928486,0.0063513412538295
1746009506.0088544,0.0063513412538295
1746009506.0249338,0.0063513412538295
1746009506.041149,0.0063513412538295
1746009506.0574818,0.0063513412538295
1746009506.073728,0.0064260629156392
1746009506.0901732,0.0064260629156392
1746009506.106494,0.0064260629156392
1746009506.1229377,0.0064260629156392
1746009506.139173,0.0064260629156392
1746009506.155176,0.0064260629156392
1746009506.1716216,0.0064260629156392
1746009506.1877646,0.0064260629156392
1746009506.203751,0.0064260629156392
1746009506.2197654,0.0064260629156392
1746009506.2358766,0.0064260629156392
1746009506.2521124,0.0064260629156392
1746009506.268086,0.0064260629156392
1746009506.284053,0.0064260629156392
1746009506.3000803,0.0064260629156392
1746009506.3160503,0.0064260629156392
1746009506.3321786,0.0065007845774489
1746009506.3481078,0.0065007845774489
1746009506.364116,0.0065007845774489
1746009506.380247,0.0065007845774489
1746009506.3965156,0.0065007845774489
1746009506.4128072,0.0065007845774489
1746009506.429057,0.0065007845774489
1746009506.445552,0.0065007845774489
1746009506.4617746,0.0065007845774489
1746009506.4783,0.0065007845774489
1746009506.494281,0.0065007845774489
1746009506.510459,0.0065007845774489
1746009506.5269504,0.0065007845774489
1746009506.5432131,0.0065007845774489
1746009506.5596204,0.0065007845774489
1746009506.575778,0.0065007845774489
1746009506.5922222,0.0065755062392587
1746009506.6085858,0.0065755062392587
1746009506.624706,0.0065755062392587
1746009506.641068,0.0065755062392587
1746009506.657104,0.0065755062392587
1746009506.6732197,0.0065755062392587
1746009506.689302,0.0065755062392587
1746009506.705855,0.0065755062392587
1746009506.7222233,0.0065755062392587
1746009506.738436,0.0065755062392587
1746009506.7546244,0.0065755062392587
1746009506.770756,0.0065755062392587
1746009506.7869806,0.0065755062392587
1746009506.803385,0.0065755062392587
1746009506.8196218,0.0065755062392587
1746009506.835836,0.0065755062392587
1746009506.8522136,0.0066502279010685
1746009506.8682775,0.0066502279010685
1746009506.884554,0.0066502279010685
1746009506.900757,0.0066502279010685
1746009506.9169154,0.0066502279010685
1746009506.9331555,0.0066502279010685
1746009506.9495552,0.0066502279010685
1746009506.965845,0.0066502279010685
1746009506.98173,0.0066502279010685
1746009506.9982383,0.0066502279010685
1746009507.014543,0.0066502279010685
1746009507.0307417,0.0066502279010685
1746009507.0468235,0.0066502279010685
1746009507.064891,0.0066502279010685
1746009507.0814507,0.0066502279010685
1746009507.0978813,0.0066502279010685
1746009507.1140163,0.0067249495628782
1746009507.1302755,0.0067249495628782
1746009507.1465852,0.0067249495628782
1746009507.1628177,0.0067249495628782
1746009507.1789827,0.0067249495628782
1746009507.1950147,0.0067249495628782
1746009507.2110257,0.0067249495628782
1746009507.2269857,0.0067249495628782
1746009507.2429702,0.0067249495628782
1746009507.2590115,0.0067249495628782
1746009507.275039,0.0067249495628782
1746009507.2910414,0.0067249495628782
1746009507.306987,0.0067249495628782
1746009507.3230364,0.0067249495628782
1746009507.339052,0.0067249495628782
1746009507.3551068,0.0067249495628782
1746009507.3711188,0.006799671224688
1746009507.387177,0.006799671224688
1746009507.4036713,0.006799671224688
1746009507.4202695,0.006799671224688
1746009507.4362843,0.006799671224688
1746009507.452391,0.006799671224688
1746009507.4684682,0.006799671224688
1746009507.4850657,0.006799671224688
1746009507.5011034,0.006799671224688
1746009507.517153,0.006799671224688
1746009507.533214,0.006799671224688
1746009507.549481,0.006799671224688
1746009507.5654273,0.006799671224688
1746009507.5813816,0.006799671224688
1746009507.5973492,0.006799671224688
1746009507.6132982,0.006799671224688
1746009507.6293535,0.0068743928864978
1746009507.6454408,0.0068743928864978
1746009507.6615453,0.0068743928864978
1746009507.6776128,0.0068743928864978
1746009507.6940656,0.0068743928864978
1746009507.710481,0.0068743928864978
1746009507.7267978,0.0068743928864978
1746009507.743235,0.0068743928864978
1746009507.759456,0.0068743928864978
1746009507.7757678,0.0068743928864978
1746009507.7924943,0.0068743928864978
1746009507.8088572,0.0068743928864978
1746009507.8250306,0.0068743928864978
1746009507.8413074,0.0068743928864978
1746009507.8580518,0.0068743928864978
1746009507.8744476,0.0068743928864978
1746009507.890694,0.0069491145483076
1746009507.9071083,0.0069491145483076
1746009507.9235623,0.0069491145483076
1746009507.9396882,0.0069491145483076
1746009507.955905,0.0069491145483076
1746009507.971991,0.0069491145483076
1746009507.9881847,0.0069491145483076
1746009508.0046835,0.0069491145483076
1746009508.020764,0.0069491145483076
1746009508.0372334,0.0069491145483076
1746009508.0533006,0.0069491145483076
1746009508.0696373,0.0069491145483076
1746009508.0859623,0.0069491145483076
1746009508.1026807,0.0069491145483076
1746009508.118986,0.0069491145483076
1746009508.1354294,0.0069491145483076
1746009508.151903,0.0070238362101172
1746009508.1682675,0.0070238362101172
1746009508.1845837,0.0070238362101172
1746009508.200763,0.0070238362101172
1746009508.2170663,0.0070238362101172
1746009508.2331493,0.0070238362101172
1746009508.2491372,0.0070238362101172
1746009508.2651594,0.0070238362101172
1746009508.2813222,0.0070238362101172
1746009508.2976828,0.0070238362101172
1746009508.3139956,0.0070238362101172
1746009508.3306563,0.0070238362101172
1746009508.3469214,0.0070238362101172
1746009508.3629625,0.0070238362101172
1746009508.3791573,0.0070238362101172
1746009508.3955407,0.0070238362101172
1746009508.411793,0.007098557871927
1746009508.4280436,0.007098557871927
1746009508.444142,0.007098557871927
1746009508.4602752,0.007098557871927
1746009508.4763436,0.007098557871927
1746009508.4926164,0.007098557871927
1746009508.5090587,0.007098557871927
1746009508.5257878,0.007098557871927
1746009508.5427072,0.007098557871927
1746009508.5590863,0.007098557871927
1746009508.5752652,0.007098557871927
1746009508.5915165,0.007098557871927
1746009508.6077423,0.007098557871927
1746009508.624081,0.007098557871927
1746009508.640103,0.007098557871927
1746009508.656383,0.007098557871927
1746009508.6728356,0.0071732795337368
1746009508.6890757,0.0071732795337368
1746009508.7052293,0.0071732795337368
1746009508.7216508,0.0071732795337368
1746009508.738035,0.0071732795337368
1746009508.754643,0.0071732795337368
1746009508.7710998,0.0071732795337368
1746009508.7873046,0.0071732795337368
1746009508.8038647,0.0071732795337368
1746009508.8205848,0.0071732795337368
1746009508.837066,0.0071732795337368
1746009508.8534608,0.0071732795337368
1746009508.8695276,0.0071732795337368
1746009508.885731,0.0071732795337368
1746009508.9020667,0.0071732795337368
1746009508.9186263,0.0071732795337368
1746009508.935304,0.0072480011955465
1746009508.9515684,0.0072480011955465
1746009508.9684763,0.0072480011955465
1746009508.984609,0.0072480011955465
1746009509.0007873,0.0072480011955465
1746009509.016962,0.0072480011955465
1746009509.033646,0.0072480011955465
1746009509.049946,0.0072480011955465
1746009509.0663674,0.0072480011955465
1746009509.0829668,0.0072480011955465
1746009509.0990944,0.0072480011955465
1746009509.1153123,0.0072480011955465
1746009509.1321363,0.0072480011955465
1746009509.1485374,0.0072480011955465
1746009509.16491,0.0072480011955465
1746009509.181181,0.0072480011955465
1746009509.1975224,0.0073227228573563
1746009509.213735,0.0073227228573563
1746009509.2298443,0.0073227228573563
1746009509.246031,0.0073227228573563
1746009509.2627952,0.0073227228573563
1746009509.278922,0.0073227228573563
1746009509.2949483,0.0073227228573563
1746009509.3110423,0.0073227228573563
1746009509.3273735,0.0073227228573563
1746009509.3439522,0.0073227228573563
1746009509.3601303,0.0073227228573563
1746009509.376319,0.0073227228573563
1746009509.3923955,0.0073227228573563
1746009509.4085066,0.0073227228573563
1746009509.4250638,0.0073227228573563
1746009509.4414082,0.0073227228573563
1746009509.4578023,0.0073974445191661
1746009509.473822,0.0073974445191661
1746009509.4896894,0.0073974445191661
1746009509.5061786,0.0073974445191661
1746009509.5222812,0.0073974445191661
1746009509.5390518,0.0073974445191661
1746009509.5557468,0.0073974445191661
1746009509.64773,0.0073974445191661
1746009509.6641936,0.0073974445191661
1746009509.680801,0.0073974445191661
1746009509.6971388,0.0073974445191661
1746009509.7134829,0.0073974445191661
1746009509.7297518,0.0073974445191661
1746009509.7460508,0.0073974445191661
1746009509.762747,0.0073974445191661
1746009509.7789097,0.0073974445191661
1746009509.7951832,0.0074721661809759
1746009509.811305,0.0074721661809759
1746009509.8277907,0.0074721661809759
1746009509.8439603,0.0074721661809759
1746009509.8605182,0.0074721661809759
1746009509.876719,0.0074721661809759
1746009509.893049,0.0074721661809759
1746009509.9094825,0.0074721661809759
1746009509.9258783,0.0074721661809759
1746009509.9422295,0.0074721661809759
1746009509.9586065,0.0074721661809759
1746009509.9749324,0.0074721661809759
1746009509.9911058,0.0074721661809759
1746009510.0075624,0.0074721661809759
1746009510.023757,0.0074721661809759
1746009510.040306,0.0074721661809759
1746009510.056756,0.0075468878427856
1746009510.0730567,0.0075468878427856
1746009510.089154,0.0075468878427856
1746009510.1052125,0.0075468878427856
1746009510.1218903,0.0075468878427856
1746009510.1381743,0.0075468878427856
1746009510.1543248,0.0075468878427856
1746009510.1705673,0.0075468878427856
1746009510.1866748,0.0075468878427856
1746009510.2028425,0.0075468878427856
1746009510.2189963,0.0075468878427856
1746009510.2356722,0.0075468878427856
1746009510.2524457,0.0075468878427856
1746009510.268821,0.0075468878427856
1746009510.28507,0.0075468878427856
1746009510.3019478,0.0075468878427856
1746009510.3186324,0.0076216095045953
1746009510.3350444,0.0076216095045953
1746009510.351442,0.0076216095045953
1746009510.367942,0.0076216095045953
1746009510.3843868,0.0076216095045953
1746009510.4010942,0.0076216095045953
1746009510.4174948,0.0076216095045953
1746009510.4339955,0.0076216095045953
1746009510.4505403,0.0076216095045953
1746009510.46692,0.0076216095045953
1746009510.483341,0.0076216095045953
1746009510.499499,0.0076216095045953
1746009510.5156727,0.0076216095045953
1746009510.531803,0.0076216095045953
1746009510.5479534,0.0076216095045953
1746009510.5647018,0.0076216095045953
1746009510.5808375,0.0076963311664051
1746009510.5970542,0.0076963311664051
1746009510.6133294,0.0076963311664051
1746009510.6296089,0.0076963311664051
1746009510.6459346,0.0076963311664051
1746009510.662218,0.0076963311664051
1746009510.6784832,0.0076963311664051
1746009510.6947412,0.0076963311664051
1746009510.7118917,0.0076963311664051
1746009510.728682,0.0076963311664051
1746009510.7451622,0.0076963311664051
1746009510.7617104,0.0076963311664051
1746009510.778172,0.0076963311664051
1746009510.7948189,0.0076963311664051
1746009510.8114192,0.0076963311664051
1746009510.8278582,0.0076963311664051
1746009510.8443897,0.0077710528282148
1746009510.860936,0.0077710528282148
1746009510.8776183,0.0077710528282148
1746009510.8940942,0.0077710528282148
1746009510.9106658,0.0077710528282148
1746009510.927297,0.0077710528282148
1746009510.943603,0.0077710528282148
1746009510.9603748,0.0077710528282148
1746009510.9769895,0.0077710528282148
1746009510.9932728,0.0077710528282148
1746009511.009459,0.0077710528282148
1746009511.02613,0.0077710528282148
1746009511.0427487,0.0077710528282148
1746009511.059436,0.0077710528282148
1746009511.076049,0.0077710528282148
1746009511.0922403,0.0077710528282148
1746009511.10894,0.0078457744900246
1746009511.1251495,0.0078457744900246
1746009511.1416516,0.0078457744900246
1746009511.1579273,0.0078457744900246
1746009511.1746786,0.0078457744900246
1746009511.1917455,0.0078457744900246
1746009511.20811,0.0078457744900246
1746009511.2245605,0.0078457744900246
1746009511.2411675,0.0078457744900246
1746009511.2572594,0.0078457744900246
1746009511.2735174,0.0078457744900246
1746009511.2899525,0.0078457744900246
1746009511.3064172,0.0078457744900246
1746009511.3227768,0.0078457744900246
1746009511.33908,0.0078457744900246
1746009511.3554742,0.0078457744900246
1746009511.371744,0.0079204961518344
1746009511.387842,0.0079204961518344
1746009511.404517,0.0079204961518344
1746009511.4210432,0.0079204961518344
1746009511.4371948,0.0079204961518344
1746009511.4532766,0.0079204961518344
1746009511.46947,0.0079204961518344
1746009511.4858084,0.0079204961518344
1746009511.5022075,0.0079204961518344
1746009511.5186522,0.0079204961518344
1746009511.5350444,0.0079204961518344
1746009511.5516765,0.0079204961518344
1746009511.568244,0.0079204961518344
1746009511.5844584,0.0079204961518344
1746009511.6008086,0.0079204961518344
1746009511.6172628,0.0079204961518344
1746009511.633885,0.0079952178136442
1746009511.650186,0.0079952178136442
1746009511.6664383,0.0079952178136442
1746009511.682543,0.0079952178136442
1746009511.698974,0.0079952178136442
1746009511.7156093,0.0079952178136442
1746009511.732015,0.0079952178136442
