{
  "iteration": 29,
  "question_id": "index_28",
  "status": "SUCCESS",
  "n_chains_start": 8,
  "n_chains_completed_stream_for_voting": 1,
  "n_chains_pruned": 7,
  "n_chains_error": 0,
  "similarity_threshold": 0.95,
  "num_steps_to_delay_pruning": 20,
  "correct_answer_reference": "104",
  "individual_answers_final": [
    "291"
  ],
  "voted_answer": "291",
  "final_score": 0,
  "processing_duration_sec": 680.7460944652557,
  "total_analysis_intervals": 16,
  "avg_kv_cache_usage": 0.048058566343599195,
  "max_kv_cache_usage": 0.094761932445788,
  "usage_aggregated": {
    "prompt_tokens": 124,
    "total_completion_tokens_across_all_started_chains": 31342
  },
  "chains_for_voting_details": [
    {
      "chain_index": 3,
      "finish_reason": "stop",
      "extracted_answer": "291",
      "prompt_tokens": 124,
      "completion_tokens": 25946,
      "completed_thought_count": 10,
      "final_mean_pairwise_similarity": 0.6386443376541138,
      "final_internal_similarity": 0.06386443376541137,
      "pruned_count": 0
    }
  ],
  "pruned_chain_details": [
    {
      "chain_index": 1,
      "finish_reason": "worker_terminated_unexpectedly",
      "completion_tokens": 613,
      "completed_thought_count": 2,
      "full_text_len": 2150,
      "pruned_at_step": 7,
      "pruned_by_chain_id": null,
      "initial_pruned_count": 0
    },
    {
      "chain_index": 2,
      "finish_reason": "worker_terminated_unexpectedly",
      "completion_tokens": 931,
      "completed_thought_count": 9,
      "full_text_len": 3202,
      "pruned_at_step": 11,
      "pruned_by_chain_id": null,
      "initial_pruned_count": 0
    },
    {
      "chain_index": 4,
      "finish_reason": "worker_terminated_unexpectedly",
      "completion_tokens": 452,
      "completed_thought_count": 2,
      "full_text_len": 1579,
      "pruned_at_step": 5,
      "pruned_by_chain_id": null,
      "initial_pruned_count": 0
    },
    {
      "chain_index": 5,
      "finish_reason": "worker_terminated_unexpectedly",
      "completion_tokens": 1088,
      "completed_thought_count": 8,
      "full_text_len": 3361,
      "pruned_at_step": 13,
      "pruned_by_chain_id": null,
      "initial_pruned_count": 0
    },
    {
      "chain_index": 6,
      "finish_reason": "worker_terminated_unexpectedly",
      "completion_tokens": 1245,
      "completed_thought_count": 10,
      "full_text_len": 3924,
      "pruned_at_step": 15,
      "pruned_by_chain_id": null,
      "initial_pruned_count": 0
    },
    {
      "chain_index": 7,
      "finish_reason": "worker_terminated_unexpectedly",
      "completion_tokens": 295,
      "completed_thought_count": 1,
      "full_text_len": 934,
      "pruned_at_step": 3,
      "pruned_by_chain_id": null,
      "initial_pruned_count": 0
    },
    {
      "chain_index": 8,
      "finish_reason": "worker_terminated_unexpectedly",
      "completion_tokens": 772,
      "completed_thought_count": 4,
      "full_text_len": 2492,
      "pruned_at_step": 9,
      "pruned_by_chain_id": null,
      "initial_pruned_count": 0
    }
  ],
  "error_chain_details": []
}