{
  "iteration": 26,
  "question_id": "index_25",
  "status": "SUCCESS",
  "n_chains_start": 8,
  "n_chains_completed_stream_for_voting": 1,
  "n_chains_pruned": 7,
  "n_chains_error": 0,
  "similarity_threshold": 0.95,
  "num_steps_to_delay_pruning": 20,
  "correct_answer_reference": "113",
  "individual_answers_final": [
    "113"
  ],
  "voted_answer": "113",
  "final_score": 1,
  "processing_duration_sec": 417.59033203125,
  "total_analysis_intervals": 16,
  "avg_kv_cache_usage": 0.033070732521046024,
  "max_kv_cache_usage": 0.0626126388000697,
  "usage_aggregated": {
    "prompt_tokens": 402,
    "total_completion_tokens_across_all_started_chains": 22222
  },
  "chains_for_voting_details": [
    {
      "chain_index": 6,
      "finish_reason": "stop",
      "extracted_answer": "113",
      "prompt_tokens": 402,
      "completion_tokens": 16822,
      "completed_thought_count": 16,
      "final_mean_pairwise_similarity": 0.5832120180130005,
      "final_internal_similarity": 0.03645075112581253,
      "pruned_count": 0
    }
  ],
  "pruned_chain_details": [
    {
      "chain_index": 1,
      "finish_reason": "worker_terminated_unexpectedly",
      "completion_tokens": 1100,
      "completed_thought_count": 11,
      "full_text_len": 3374,
      "pruned_at_step": 13,
      "pruned_by_chain_id": null,
      "initial_pruned_count": 0
    },
    {
      "chain_index": 2,
      "finish_reason": "worker_terminated_unexpectedly",
      "completion_tokens": 608,
      "completed_thought_count": 7,
      "full_text_len": 2584,
      "pruned_at_step": 7,
      "pruned_by_chain_id": null,
      "initial_pruned_count": 0
    },
    {
      "chain_index": 3,
      "finish_reason": "worker_terminated_unexpectedly",
      "completion_tokens": 937,
      "completed_thought_count": 10,
      "full_text_len": 3669,
      "pruned_at_step": 11,
      "pruned_by_chain_id": null,
      "initial_pruned_count": 0
    },
    {
      "chain_index": 4,
      "finish_reason": "worker_terminated_unexpectedly",
      "completion_tokens": 282,
      "completed_thought_count": 3,
      "full_text_len": 1143,
      "pruned_at_step": 3,
      "pruned_by_chain_id": null,
      "initial_pruned_count": 0
    },
    {
      "chain_index": 5,
      "finish_reason": "worker_terminated_unexpectedly",
      "completion_tokens": 773,
      "completed_thought_count": 4,
      "full_text_len": 2977,
      "pruned_at_step": 9,
      "pruned_by_chain_id": null,
      "initial_pruned_count": 0
    },
    {
      "chain_index": 7,
      "finish_reason": "worker_terminated_unexpectedly",
      "completion_tokens": 442,
      "completed_thought_count": 5,
      "full_text_len": 1856,
      "pruned_at_step": 5,
      "pruned_by_chain_id": null,
      "initial_pruned_count": 0
    },
    {
      "chain_index": 8,
      "finish_reason": "worker_terminated_unexpectedly",
      "completion_tokens": 1258,
      "completed_thought_count": 17,
      "full_text_len": 4775,
      "pruned_at_step": 15,
      "pruned_by_chain_id": null,
      "initial_pruned_count": 0
    }
  ],
  "error_chain_details": []
}