{
  "iteration": 20,
  "question_id": "index_19",
  "status": "SUCCESS",
  "n_chains_start": 8,
  "n_chains_completed_stream_for_voting": 1,
  "n_chains_pruned": 7,
  "n_chains_error": 0,
  "similarity_threshold": 0.95,
  "num_steps_to_delay_pruning": 20,
  "correct_answer_reference": "902",
  "individual_answers_final": [
    "1024"
  ],
  "voted_answer": "1024",
  "final_score": 0,
  "processing_duration_sec": 576.3243744373322,
  "total_analysis_intervals": 16,
  "avg_kv_cache_usage": 0.041603830214403885,
  "max_kv_cache_usage": 0.0815650252892273,
  "usage_aggregated": {
    "prompt_tokens": 147,
    "total_completion_tokens_across_all_started_chains": 27685
  },
  "chains_for_voting_details": [
    {
      "chain_index": 5,
      "finish_reason": "stop",
      "extracted_answer": "1024",
      "prompt_tokens": 147,
      "completion_tokens": 22296,
      "completed_thought_count": 11,
      "final_mean_pairwise_similarity": 0.6617562174797058,
      "final_internal_similarity": 0.06015965613451871,
      "pruned_count": 0
    }
  ],
  "pruned_chain_details": [
    {
      "chain_index": 1,
      "finish_reason": "worker_terminated_unexpectedly",
      "completion_tokens": 770,
      "completed_thought_count": 6,
      "full_text_len": 3357,
      "pruned_at_step": 9,
      "pruned_by_chain_id": null,
      "initial_pruned_count": 0
    },
    {
      "chain_index": 2,
      "finish_reason": "worker_terminated_unexpectedly",
      "completion_tokens": 447,
      "completed_thought_count": 3,
      "full_text_len": 1990,
      "pruned_at_step": 5,
      "pruned_by_chain_id": null,
      "initial_pruned_count": 0
    },
    {
      "chain_index": 3,
      "finish_reason": "worker_terminated_unexpectedly",
      "completion_tokens": 931,
      "completed_thought_count": 10,
      "full_text_len": 4028,
      "pruned_at_step": 11,
      "pruned_by_chain_id": null,
      "initial_pruned_count": 0
    },
    {
      "chain_index": 4,
      "finish_reason": "worker_terminated_unexpectedly",
      "completion_tokens": 609,
      "completed_thought_count": 5,
      "full_text_len": 2606,
      "pruned_at_step": 7,
      "pruned_by_chain_id": null,
      "initial_pruned_count": 0
    },
    {
      "chain_index": 6,
      "finish_reason": "worker_terminated_unexpectedly",
      "completion_tokens": 1091,
      "completed_thought_count": 8,
      "full_text_len": 4908,
      "pruned_at_step": 13,
      "pruned_by_chain_id": null,
      "initial_pruned_count": 0
    },
    {
      "chain_index": 7,
      "finish_reason": "worker_terminated_unexpectedly",
      "completion_tokens": 1249,
      "completed_thought_count": 13,
      "full_text_len": 5600,
      "pruned_at_step": 15,
      "pruned_by_chain_id": null,
      "initial_pruned_count": 0
    },
    {
      "chain_index": 8,
      "finish_reason": "worker_terminated_unexpectedly",
      "completion_tokens": 292,
      "completed_thought_count": 2,
      "full_text_len": 1282,
      "pruned_at_step": 3,
      "pruned_by_chain_id": null,
      "initial_pruned_count": 0
    }
  ],
  "error_chain_details": []
}