{
  "iteration": 13,
  "question_id": "index_12",
  "status": "SUCCESS",
  "n_chains_start": 8,
  "n_chains_completed_stream_for_voting": 1,
  "n_chains_pruned": 7,
  "n_chains_error": 0,
  "similarity_threshold": 0.95,
  "num_steps_to_delay_pruning": 20,
  "correct_answer_reference": "204",
  "individual_answers_final": [
    "204"
  ],
  "voted_answer": "204",
  "final_score": 1,
  "processing_duration_sec": 64.21264171600342,
  "total_analysis_intervals": 17,
  "avg_kv_cache_usage": 0.011123647873892478,
  "max_kv_cache_usage": 0.0197662926574035,
  "usage_aggregated": {
    "prompt_tokens": 181,
    "total_completion_tokens_across_all_started_chains": 9083
  },
  "chains_for_voting_details": [
    {
      "chain_index": 5,
      "finish_reason": "stop",
      "extracted_answer": "204",
      "prompt_tokens": 181,
      "completion_tokens": 3235,
      "completed_thought_count": 5,
      "final_mean_pairwise_similarity": 0.6699240207672119,
      "final_internal_similarity": 0.13398480415344238,
      "pruned_count": 0
    }
  ],
  "pruned_chain_details": [
    {
      "chain_index": 1,
      "finish_reason": "worker_terminated_unexpectedly",
      "completion_tokens": 1207,
      "completed_thought_count": 4,
      "full_text_len": 3410,
      "pruned_at_step": 14,
      "pruned_by_chain_id": null,
      "initial_pruned_count": 0
    },
    {
      "chain_index": 2,
      "finish_reason": "worker_terminated_unexpectedly",
      "completion_tokens": 598,
      "completed_thought_count": 1,
      "full_text_len": 2122,
      "pruned_at_step": 7,
      "pruned_by_chain_id": null,
      "initial_pruned_count": 0
    },
    {
      "chain_index": 3,
      "finish_reason": "worker_terminated_unexpectedly",
      "completion_tokens": 441,
      "completed_thought_count": 3,
      "full_text_len": 1852,
      "pruned_at_step": 5,
      "pruned_by_chain_id": null,
      "initial_pruned_count": 0
    },
    {
      "chain_index": 4,
      "finish_reason": "worker_terminated_unexpectedly",
      "completion_tokens": 1052,
      "completed_thought_count": 1,
      "full_text_len": 3279,
      "pruned_at_step": 12,
      "pruned_by_chain_id": null,
      "initial_pruned_count": 0
    },
    {
      "chain_index": 6,
      "finish_reason": "worker_terminated_unexpectedly",
      "completion_tokens": 1364,
      "completed_thought_count": 6,
      "full_text_len": 3907,
      "pruned_at_step": 16,
      "pruned_by_chain_id": null,
      "initial_pruned_count": 0
    },
    {
      "chain_index": 7,
      "finish_reason": "worker_terminated_unexpectedly",
      "completion_tokens": 898,
      "completed_thought_count": 4,
      "full_text_len": 2568,
      "pruned_at_step": 10,
      "pruned_by_chain_id": null,
      "initial_pruned_count": 0
    },
    {
      "chain_index": 8,
      "finish_reason": "worker_terminated_unexpectedly",
      "completion_tokens": 288,
      "completed_thought_count": 2,
      "full_text_len": 1274,
      "pruned_at_step": 3,
      "pruned_by_chain_id": null,
      "initial_pruned_count": 0
    }
  ],
  "error_chain_details": []
}