{
  "iteration": 8,
  "question_id": "index_7",
  "status": "SUCCESS",
  "n_chains_start": 8,
  "n_chains_completed_stream_for_voting": 1,
  "n_chains_pruned": 7,
  "n_chains_error": 0,
  "similarity_threshold": 0.95,
  "num_steps_to_delay_pruning": 20,
  "correct_answer_reference": "601",
  "individual_answers_final": [
    "601"
  ],
  "voted_answer": "601",
  "final_score": 1,
  "processing_duration_sec": 463.3884823322296,
  "total_analysis_intervals": 16,
  "avg_kv_cache_usage": 0.03464515008808924,
  "max_kv_cache_usage": 0.0676123481192954,
  "usage_aggregated": {
    "prompt_tokens": 119,
    "total_completion_tokens_across_all_started_chains": 23862
  },
  "chains_for_voting_details": [
    {
      "chain_index": 6,
      "finish_reason": "stop",
      "extracted_answer": "601",
      "prompt_tokens": 119,
      "completion_tokens": 18480,
      "completed_thought_count": 5,
      "final_mean_pairwise_similarity": 0.760188639163971,
      "final_internal_similarity": 0.15203772783279418,
      "pruned_count": 0
    }
  ],
  "pruned_chain_details": [
    {
      "chain_index": 1,
      "finish_reason": "worker_terminated_unexpectedly",
      "completion_tokens": 298,
      "completed_thought_count": 1,
      "full_text_len": 994,
      "pruned_at_step": 3,
      "pruned_by_chain_id": null,
      "initial_pruned_count": 0
    },
    {
      "chain_index": 2,
      "finish_reason": "worker_terminated_unexpectedly",
      "completion_tokens": 768,
      "completed_thought_count": 4,
      "full_text_len": 2260,
      "pruned_at_step": 9,
      "pruned_by_chain_id": null,
      "initial_pruned_count": 0
    },
    {
      "chain_index": 3,
      "finish_reason": "worker_terminated_unexpectedly",
      "completion_tokens": 608,
      "completed_thought_count": 4,
      "full_text_len": 1747,
      "pruned_at_step": 7,
      "pruned_by_chain_id": null,
      "initial_pruned_count": 0
    },
    {
      "chain_index": 4,
      "finish_reason": "worker_terminated_unexpectedly",
      "completion_tokens": 453,
      "completed_thought_count": 2,
      "full_text_len": 1456,
      "pruned_at_step": 5,
      "pruned_by_chain_id": null,
      "initial_pruned_count": 0
    },
    {
      "chain_index": 5,
      "finish_reason": "worker_terminated_unexpectedly",
      "completion_tokens": 930,
      "completed_thought_count": 3,
      "full_text_len": 2695,
      "pruned_at_step": 11,
      "pruned_by_chain_id": null,
      "initial_pruned_count": 0
    },
    {
      "chain_index": 7,
      "finish_reason": "worker_terminated_unexpectedly",
      "completion_tokens": 1083,
      "completed_thought_count": 4,
      "full_text_len": 3302,
      "pruned_at_step": 13,
      "pruned_by_chain_id": null,
      "initial_pruned_count": 0
    },
    {
      "chain_index": 8,
      "finish_reason": "worker_terminated_unexpectedly",
      "completion_tokens": 1242,
      "completed_thought_count": 7,
      "full_text_len": 3402,
      "pruned_at_step": 15,
      "pruned_by_chain_id": null,
      "initial_pruned_count": 0
    }
  ],
  "error_chain_details": []
}