{
  "iteration": 6,
  "question_id": "index_5",
  "status": "SUCCESS",
  "n_chains_start": 8,
  "n_chains_completed_stream_for_voting": 1,
  "n_chains_pruned": 7,
  "n_chains_error": 0,
  "similarity_threshold": 0.95,
  "num_steps_to_delay_pruning": 20,
  "correct_answer_reference": "385",
  "individual_answers_final": [
    "24"
  ],
  "voted_answer": "24",
  "final_score": 0,
  "processing_duration_sec": 620.2666478157043,
  "total_analysis_intervals": 17,
  "avg_kv_cache_usage": 0.04448455063657259,
  "max_kv_cache_usage": 0.0872042323120748,
  "usage_aggregated": {
    "prompt_tokens": 128,
    "total_completion_tokens_across_all_started_chains": 30296
  },
  "chains_for_voting_details": [
    {
      "chain_index": 7,
      "finish_reason": "stop",
      "extracted_answer": "24",
      "prompt_tokens": 128,
      "completion_tokens": 23864,
      "completed_thought_count": 5,
      "final_mean_pairwise_similarity": 0.6782597303390503,
      "final_internal_similarity": 0.13565194606781006,
      "pruned_count": 0
    }
  ],
  "pruned_chain_details": [
    {
      "chain_index": 1,
      "finish_reason": "worker_terminated_unexpectedly",
      "completion_tokens": 605,
      "completed_thought_count": 2,
      "full_text_len": 1899,
      "pruned_at_step": 6,
      "pruned_by_chain_id": null,
      "initial_pruned_count": 0
    },
    {
      "chain_index": 2,
      "finish_reason": "worker_terminated_unexpectedly",
      "completion_tokens": 1076,
      "completed_thought_count": 5,
      "full_text_len": 4045,
      "pruned_at_step": 12,
      "pruned_by_chain_id": null,
      "initial_pruned_count": 0
    },
    {
      "chain_index": 3,
      "finish_reason": "worker_terminated_unexpectedly",
      "completion_tokens": 1392,
      "completed_thought_count": 3,
      "full_text_len": 3953,
      "pruned_at_step": 16,
      "pruned_by_chain_id": null,
      "initial_pruned_count": 0
    },
    {
      "chain_index": 4,
      "finish_reason": "worker_terminated_unexpectedly",
      "completion_tokens": 449,
      "completed_thought_count": 1,
      "full_text_len": 1397,
      "pruned_at_step": 4,
      "pruned_by_chain_id": null,
      "initial_pruned_count": 0
    },
    {
      "chain_index": 5,
      "finish_reason": "worker_terminated_unexpectedly",
      "completion_tokens": 917,
      "completed_thought_count": 7,
      "full_text_len": 2853,
      "pruned_at_step": 10,
      "pruned_by_chain_id": null,
      "initial_pruned_count": 0
    },
    {
      "chain_index": 6,
      "finish_reason": "worker_terminated_unexpectedly",
      "completion_tokens": 761,
      "completed_thought_count": 3,
      "full_text_len": 2307,
      "pruned_at_step": 8,
      "pruned_by_chain_id": null,
      "initial_pruned_count": 0
    },
    {
      "chain_index": 8,
      "finish_reason": "worker_terminated_unexpectedly",
      "completion_tokens": 1232,
      "completed_thought_count": 4,
      "full_text_len": 3489,
      "pruned_at_step": 14,
      "pruned_by_chain_id": null,
      "initial_pruned_count": 0
    }
  ],
  "error_chain_details": []
}