{
  "iteration": 7,
  "question_id": "index_6",
  "status": "SUCCESS",
  "n_chains_start": 8,
  "n_chains_completed_stream_for_voting": 1,
  "n_chains_pruned": 7,
  "n_chains_error": 0,
  "similarity_threshold": 0.95,
  "num_steps_to_delay_pruning": 20,
  "correct_answer_reference": "371",
  "individual_answers_final": [
    "617"
  ],
  "voted_answer": "617",
  "final_score": 0,
  "processing_duration_sec": 754.3416295051575,
  "total_analysis_intervals": 16,
  "avg_kv_cache_usage": 0.0525456998886427,
  "max_kv_cache_usage": 0.1038311726062438,
  "usage_aggregated": {
    "prompt_tokens": 123,
    "total_completion_tokens_across_all_started_chains": 33836
  },
  "chains_for_voting_details": [
    {
      "chain_index": 2,
      "finish_reason": "stop",
      "extracted_answer": "617",
      "prompt_tokens": 123,
      "completion_tokens": 28441,
      "completed_thought_count": 8,
      "final_mean_pairwise_similarity": 0.6528286337852478,
      "final_internal_similarity": 0.08160357922315598,
      "pruned_count": 0
    }
  ],
  "pruned_chain_details": [
    {
      "chain_index": 1,
      "finish_reason": "worker_terminated_unexpectedly",
      "completion_tokens": 457,
      "completed_thought_count": 3,
      "full_text_len": 2023,
      "pruned_at_step": 5,
      "pruned_by_chain_id": null,
      "initial_pruned_count": 0
    },
    {
      "chain_index": 3,
      "finish_reason": "worker_terminated_unexpectedly",
      "completion_tokens": 1244,
      "completed_thought_count": 7,
      "full_text_len": 5198,
      "pruned_at_step": 15,
      "pruned_by_chain_id": null,
      "initial_pruned_count": 0
    },
    {
      "chain_index": 4,
      "finish_reason": "worker_terminated_unexpectedly",
      "completion_tokens": 613,
      "completed_thought_count": 4,
      "full_text_len": 2783,
      "pruned_at_step": 7,
      "pruned_by_chain_id": null,
      "initial_pruned_count": 0
    },
    {
      "chain_index": 5,
      "finish_reason": "worker_terminated_unexpectedly",
      "completion_tokens": 929,
      "completed_thought_count": 7,
      "full_text_len": 4172,
      "pruned_at_step": 11,
      "pruned_by_chain_id": null,
      "initial_pruned_count": 0
    },
    {
      "chain_index": 6,
      "finish_reason": "worker_terminated_unexpectedly",
      "completion_tokens": 295,
      "completed_thought_count": 3,
      "full_text_len": 1344,
      "pruned_at_step": 3,
      "pruned_by_chain_id": null,
      "initial_pruned_count": 0
    },
    {
      "chain_index": 7,
      "finish_reason": "worker_terminated_unexpectedly",
      "completion_tokens": 1086,
      "completed_thought_count": 8,
      "full_text_len": 4867,
      "pruned_at_step": 13,
      "pruned_by_chain_id": null,
      "initial_pruned_count": 0
    },
    {
      "chain_index": 8,
      "finish_reason": "worker_terminated_unexpectedly",
      "completion_tokens": 771,
      "completed_thought_count": 8,
      "full_text_len": 3484,
      "pruned_at_step": 9,
      "pruned_by_chain_id": null,
      "initial_pruned_count": 0
    }
  ],
  "error_chain_details": []
}