{
  "iteration": 30,
  "question_id": "index_29",
  "status": "SUCCESS",
  "n_chains_start": 8,
  "n_chains_completed_stream_for_voting": 1,
  "n_chains_pruned": 7,
  "n_chains_error": 0,
  "similarity_threshold": 0.95,
  "num_steps_to_delay_pruning": 20,
  "correct_answer_reference": "321",
  "individual_answers_final": [
    "321"
  ],
  "voted_answer": "321",
  "final_score": 1,
  "processing_duration_sec": 154.67656993865967,
  "total_analysis_intervals": 16,
  "avg_kv_cache_usage": 0.01605974924769466,
  "max_kv_cache_usage": 0.0288936689727341,
  "usage_aggregated": {
    "prompt_tokens": 109,
    "total_completion_tokens_across_all_started_chains": 13166
  },
  "chains_for_voting_details": [
    {
      "chain_index": 1,
      "finish_reason": "stop",
      "extracted_answer": "321",
      "prompt_tokens": 109,
      "completion_tokens": 7836,
      "completed_thought_count": 11,
      "final_mean_pairwise_similarity": 0.7024053335189819,
      "final_internal_similarity": 0.06385503031990745,
      "pruned_count": 0
    }
  ],
  "pruned_chain_details": [
    {
      "chain_index": 2,
      "finish_reason": "worker_terminated_unexpectedly",
      "completion_tokens": 1074,
      "completed_thought_count": 6,
      "full_text_len": 3486,
      "pruned_at_step": 13,
      "pruned_by_chain_id": null,
      "initial_pruned_count": 0
    },
    {
      "chain_index": 3,
      "finish_reason": "worker_terminated_unexpectedly",
      "completion_tokens": 449,
      "completed_thought_count": 3,
      "full_text_len": 1476,
      "pruned_at_step": 5,
      "pruned_by_chain_id": null,
      "initial_pruned_count": 0
    },
    {
      "chain_index": 4,
      "finish_reason": "worker_terminated_unexpectedly",
      "completion_tokens": 294,
      "completed_thought_count": 1,
      "full_text_len": 856,
      "pruned_at_step": 3,
      "pruned_by_chain_id": null,
      "initial_pruned_count": 0
    },
    {
      "chain_index": 5,
      "finish_reason": "worker_terminated_unexpectedly",
      "completion_tokens": 761,
      "completed_thought_count": 4,
      "full_text_len": 2382,
      "pruned_at_step": 9,
      "pruned_by_chain_id": null,
      "initial_pruned_count": 0
    },
    {
      "chain_index": 6,
      "finish_reason": "worker_terminated_unexpectedly",
      "completion_tokens": 606,
      "completed_thought_count": 2,
      "full_text_len": 1765,
      "pruned_at_step": 7,
      "pruned_by_chain_id": null,
      "initial_pruned_count": 0
    },
    {
      "chain_index": 7,
      "finish_reason": "worker_terminated_unexpectedly",
      "completion_tokens": 915,
      "completed_thought_count": 6,
      "full_text_len": 2890,
      "pruned_at_step": 11,
      "pruned_by_chain_id": null,
      "initial_pruned_count": 0
    },
    {
      "chain_index": 8,
      "finish_reason": "worker_terminated_unexpectedly",
      "completion_tokens": 1231,
      "completed_thought_count": 6,
      "full_text_len": 3821,
      "pruned_at_step": 15,
      "pruned_by_chain_id": null,
      "initial_pruned_count": 0
    }
  ],
  "error_chain_details": []
}