{
  "iteration": 21,
  "question_id": "index_20",
  "status": "SUCCESS",
  "n_chains_start": 8,
  "n_chains_completed_stream_for_voting": 1,
  "n_chains_pruned": 7,
  "n_chains_error": 0,
  "similarity_threshold": 0.95,
  "num_steps_to_delay_pruning": 20,
  "correct_answer_reference": "211",
  "individual_answers_final": [
    "211"
  ],
  "voted_answer": "211",
  "final_score": 1,
  "processing_duration_sec": 845.6578812599182,
  "total_analysis_intervals": 26,
  "avg_kv_cache_usage": 0.05867069416881947,
  "max_kv_cache_usage": 0.1149933143421894,
  "usage_aggregated": {
    "prompt_tokens": 170,
    "total_completion_tokens_across_all_started_chains": 39162
  },
  "chains_for_voting_details": [
    {
      "chain_index": 1,
      "finish_reason": "stop",
      "extracted_answer": "211",
      "prompt_tokens": 170,
      "completion_tokens": 31468,
      "completed_thought_count": 8,
      "final_mean_pairwise_similarity": 0.577029824256897,
      "final_internal_similarity": 0.07212872803211212,
      "pruned_count": 0
    }
  ],
  "pruned_chain_details": [
    {
      "chain_index": 2,
      "finish_reason": "worker_terminated_unexpectedly",
      "completion_tokens": 748,
      "completed_thought_count": 3,
      "full_text_len": 2399,
      "pruned_at_step": 8,
      "pruned_by_chain_id": null,
      "initial_pruned_count": 0
    },
    {
      "chain_index": 3,
      "finish_reason": "worker_terminated_unexpectedly",
      "completion_tokens": 2755,
      "completed_thought_count": 8,
      "full_text_len": 8210,
      "pruned_at_step": 25,
      "pruned_by_chain_id": null,
      "initial_pruned_count": 0
    },
    {
      "chain_index": 4,
      "finish_reason": "worker_terminated_unexpectedly",
      "completion_tokens": 1051,
      "completed_thought_count": 4,
      "full_text_len": 3631,
      "pruned_at_step": 12,
      "pruned_by_chain_id": null,
      "initial_pruned_count": 0
    },
    {
      "chain_index": 5,
      "finish_reason": "worker_terminated_unexpectedly",
      "completion_tokens": 440,
      "completed_thought_count": 1,
      "full_text_len": 1476,
      "pruned_at_step": 4,
      "pruned_by_chain_id": null,
      "initial_pruned_count": 0
    },
    {
      "chain_index": 6,
      "finish_reason": "worker_terminated_unexpectedly",
      "completion_tokens": 1208,
      "completed_thought_count": 3,
      "full_text_len": 3498,
      "pruned_at_step": 14,
      "pruned_by_chain_id": null,
      "initial_pruned_count": 0
    },
    {
      "chain_index": 7,
      "finish_reason": "worker_terminated_unexpectedly",
      "completion_tokens": 592,
      "completed_thought_count": 2,
      "full_text_len": 1860,
      "pruned_at_step": 6,
      "pruned_by_chain_id": null,
      "initial_pruned_count": 0
    },
    {
      "chain_index": 8,
      "finish_reason": "worker_terminated_unexpectedly",
      "completion_tokens": 900,
      "completed_thought_count": 3,
      "full_text_len": 2731,
      "pruned_at_step": 10,
      "pruned_by_chain_id": null,
      "initial_pruned_count": 0
    }
  ],
  "error_chain_details": []
}