{
  "iteration": 16,
  "question_id": "index_15",
  "status": "SUCCESS",
  "n_chains_start": 8,
  "n_chains_completed_stream_for_voting": 1,
  "n_chains_pruned": 7,
  "n_chains_error": 0,
  "similarity_threshold": 0.95,
  "num_steps_to_delay_pruning": 20,
  "correct_answer_reference": "110",
  "individual_answers_final": [
    "155"
  ],
  "voted_answer": "155",
  "final_score": 0,
  "processing_duration_sec": 145.6084747314453,
  "total_analysis_intervals": 16,
  "avg_kv_cache_usage": 0.01527367559371721,
  "max_kv_cache_usage": 0.0272077204813673,
  "usage_aggregated": {
    "prompt_tokens": 112,
    "total_completion_tokens_across_all_started_chains": 12632
  },
  "chains_for_voting_details": [
    {
      "chain_index": 2,
      "finish_reason": "stop",
      "extracted_answer": "155",
      "prompt_tokens": 112,
      "completion_tokens": 7362,
      "completed_thought_count": 5,
      "final_mean_pairwise_similarity": 0.5997402667999268,
      "final_internal_similarity": 0.11994805335998535,
      "pruned_count": 0
    }
  ],
  "pruned_chain_details": [
    {
      "chain_index": 1,
      "finish_reason": "worker_terminated_unexpectedly",
      "completion_tokens": 294,
      "completed_thought_count": 1,
      "full_text_len": 1090,
      "pruned_at_step": 3,
      "pruned_by_chain_id": null,
      "initial_pruned_count": 0
    },
    {
      "chain_index": 3,
      "finish_reason": "worker_terminated_unexpectedly",
      "completion_tokens": 446,
      "completed_thought_count": 2,
      "full_text_len": 1566,
      "pruned_at_step": 5,
      "pruned_by_chain_id": null,
      "initial_pruned_count": 0
    },
    {
      "chain_index": 4,
      "finish_reason": "worker_terminated_unexpectedly",
      "completion_tokens": 598,
      "completed_thought_count": 3,
      "full_text_len": 2026,
      "pruned_at_step": 7,
      "pruned_by_chain_id": null,
      "initial_pruned_count": 0
    },
    {
      "chain_index": 5,
      "finish_reason": "worker_terminated_unexpectedly",
      "completion_tokens": 748,
      "completed_thought_count": 2,
      "full_text_len": 1869,
      "pruned_at_step": 9,
      "pruned_by_chain_id": null,
      "initial_pruned_count": 0
    },
    {
      "chain_index": 6,
      "finish_reason": "worker_terminated_unexpectedly",
      "completion_tokens": 1219,
      "completed_thought_count": 3,
      "full_text_len": 2867,
      "pruned_at_step": 15,
      "pruned_by_chain_id": null,
      "initial_pruned_count": 0
    },
    {
      "chain_index": 7,
      "finish_reason": "worker_terminated_unexpectedly",
      "completion_tokens": 1060,
      "completed_thought_count": 5,
      "full_text_len": 3148,
      "pruned_at_step": 13,
      "pruned_by_chain_id": null,
      "initial_pruned_count": 0
    },
    {
      "chain_index": 8,
      "finish_reason": "worker_terminated_unexpectedly",
      "completion_tokens": 905,
      "completed_thought_count": 4,
      "full_text_len": 3018,
      "pruned_at_step": 11,
      "pruned_by_chain_id": null,
      "initial_pruned_count": 0
    }
  ],
  "error_chain_details": []
}