{
  "iteration": 15,
  "question_id": "index_14",
  "status": "SUCCESS",
  "n_chains_start": 8,
  "n_chains_completed_stream_for_voting": 1,
  "n_chains_pruned": 7,
  "n_chains_error": 0,
  "similarity_threshold": 0.95,
  "num_steps_to_delay_pruning": 20,
  "correct_answer_reference": "294",
  "individual_answers_final": [
    "294"
  ],
  "voted_answer": "294",
  "final_score": 1,
  "processing_duration_sec": 123.55531311035156,
  "total_analysis_intervals": 15,
  "avg_kv_cache_usage": 0.01301354681871896,
  "max_kv_cache_usage": 0.0231381896401372,
  "usage_aggregated": {
    "prompt_tokens": 101,
    "total_completion_tokens_across_all_started_chains": 10536
  },
  "chains_for_voting_details": [
    {
      "chain_index": 8,
      "finish_reason": "stop",
      "extracted_answer": "294",
      "prompt_tokens": 101,
      "completion_tokens": 6266,
      "completed_thought_count": 7,
      "final_mean_pairwise_similarity": 0.6911305785179138,
      "final_internal_similarity": 0.0987329397882734,
      "pruned_count": 0
    }
  ],
  "pruned_chain_details": [
    {
      "chain_index": 1,
      "finish_reason": "worker_terminated_unexpectedly",
      "completion_tokens": 145,
      "completed_thought_count": 1,
      "full_text_len": 555,
      "pruned_at_step": 2,
      "pruned_by_chain_id": null,
      "initial_pruned_count": 0
    },
    {
      "chain_index": 2,
      "finish_reason": "worker_terminated_unexpectedly",
      "completion_tokens": 606,
      "completed_thought_count": 2,
      "full_text_len": 2337,
      "pruned_at_step": 8,
      "pruned_by_chain_id": null,
      "initial_pruned_count": 0
    },
    {
      "chain_index": 3,
      "finish_reason": "worker_terminated_unexpectedly",
      "completion_tokens": 297,
      "completed_thought_count": 1,
      "full_text_len": 1161,
      "pruned_at_step": 4,
      "pruned_by_chain_id": null,
      "initial_pruned_count": 0
    },
    {
      "chain_index": 4,
      "finish_reason": "worker_terminated_unexpectedly",
      "completion_tokens": 765,
      "completed_thought_count": 7,
      "full_text_len": 3414,
      "pruned_at_step": 10,
      "pruned_by_chain_id": null,
      "initial_pruned_count": 0
    },
    {
      "chain_index": 5,
      "finish_reason": "worker_terminated_unexpectedly",
      "completion_tokens": 450,
      "completed_thought_count": 1,
      "full_text_len": 1896,
      "pruned_at_step": 6,
      "pruned_by_chain_id": null,
      "initial_pruned_count": 0
    },
    {
      "chain_index": 6,
      "finish_reason": "worker_terminated_unexpectedly",
      "completion_tokens": 1083,
      "completed_thought_count": 8,
      "full_text_len": 4153,
      "pruned_at_step": 14,
      "pruned_by_chain_id": null,
      "initial_pruned_count": 0
    },
    {
      "chain_index": 7,
      "finish_reason": "worker_terminated_unexpectedly",
      "completion_tokens": 924,
      "completed_thought_count": 6,
      "full_text_len": 3830,
      "pruned_at_step": 12,
      "pruned_by_chain_id": null,
      "initial_pruned_count": 0
    }
  ],
  "error_chain_details": []
}