{
  "iteration": 27,
  "question_id": "index_26",
  "status": "SUCCESS",
  "n_chains_start": 8,
  "n_chains_completed_stream_for_voting": 1,
  "n_chains_pruned": 7,
  "n_chains_error": 0,
  "similarity_threshold": 0.95,
  "num_steps_to_delay_pruning": 20,
  "correct_answer_reference": "127",
  "individual_answers_final": [
    "127"
  ],
  "voted_answer": "127",
  "final_score": 1,
  "processing_duration_sec": 728.3662750720978,
  "total_analysis_intervals": 17,
  "avg_kv_cache_usage": 0.05145231797297823,
  "max_kv_cache_usage": 0.1008662287076332,
  "usage_aggregated": {
    "prompt_tokens": 208,
    "total_completion_tokens_across_all_started_chains": 33939
  },
  "chains_for_voting_details": [
    {
      "chain_index": 3,
      "finish_reason": "stop",
      "extracted_answer": "127",
      "prompt_tokens": 208,
      "completion_tokens": 27552,
      "completed_thought_count": 9,
      "final_mean_pairwise_similarity": 0.6861663460731506,
      "final_internal_similarity": 0.07624070511923896,
      "pruned_count": 0
    }
  ],
  "pruned_chain_details": [
    {
      "chain_index": 1,
      "finish_reason": "worker_terminated_unexpectedly",
      "completion_tokens": 1387,
      "completed_thought_count": 10,
      "full_text_len": 5288,
      "pruned_at_step": 16,
      "pruned_by_chain_id": null,
      "initial_pruned_count": 0
    },
    {
      "chain_index": 2,
      "finish_reason": "worker_terminated_unexpectedly",
      "completion_tokens": 1227,
      "completed_thought_count": 7,
      "full_text_len": 4958,
      "pruned_at_step": 14,
      "pruned_by_chain_id": null,
      "initial_pruned_count": 0
    },
    {
      "chain_index": 4,
      "finish_reason": "worker_terminated_unexpectedly",
      "completion_tokens": 911,
      "completed_thought_count": 5,
      "full_text_len": 3743,
      "pruned_at_step": 10,
      "pruned_by_chain_id": null,
      "initial_pruned_count": 0
    },
    {
      "chain_index": 5,
      "finish_reason": "worker_terminated_unexpectedly",
      "completion_tokens": 1067,
      "completed_thought_count": 7,
      "full_text_len": 4306,
      "pruned_at_step": 12,
      "pruned_by_chain_id": null,
      "initial_pruned_count": 0
    },
    {
      "chain_index": 6,
      "finish_reason": "worker_terminated_unexpectedly",
      "completion_tokens": 754,
      "completed_thought_count": 6,
      "full_text_len": 3275,
      "pruned_at_step": 8,
      "pruned_by_chain_id": null,
      "initial_pruned_count": 0
    },
    {
      "chain_index": 7,
      "finish_reason": "worker_terminated_unexpectedly",
      "completion_tokens": 600,
      "completed_thought_count": 2,
      "full_text_len": 2507,
      "pruned_at_step": 6,
      "pruned_by_chain_id": null,
      "initial_pruned_count": 0
    },
    {
      "chain_index": 8,
      "finish_reason": "worker_terminated_unexpectedly",
      "completion_tokens": 441,
      "completed_thought_count": 2,
      "full_text_len": 1835,
      "pruned_at_step": 4,
      "pruned_by_chain_id": null,
      "initial_pruned_count": 0
    }
  ],
  "error_chain_details": []
}