{
  "iteration": 22,
  "question_id": "index_21",
  "status": "SUCCESS",
  "n_chains_start": 8,
  "n_chains_completed_stream_for_voting": 1,
  "n_chains_pruned": 7,
  "n_chains_error": 0,
  "similarity_threshold": 0.95,
  "num_steps_to_delay_pruning": 20,
  "correct_answer_reference": "80",
  "individual_answers_final": [
    "160"
  ],
  "voted_answer": "160",
  "final_score": 0,
  "processing_duration_sec": 695.1109066009521,
  "total_analysis_intervals": 15,
  "avg_kv_cache_usage": 0.048788076083016135,
  "max_kv_cache_usage": 0.0965641532469042,
  "usage_aggregated": {
    "prompt_tokens": 109,
    "total_completion_tokens_across_all_started_chains": 30757
  },
  "chains_for_voting_details": [
    {
      "chain_index": 1,
      "finish_reason": "stop",
      "extracted_answer": "160",
      "prompt_tokens": 109,
      "completion_tokens": 26456,
      "completed_thought_count": 7,
      "final_mean_pairwise_similarity": 0.7155999541282654,
      "final_internal_similarity": 0.10222856487546648,
      "pruned_count": 0
    }
  ],
  "pruned_chain_details": [
    {
      "chain_index": 2,
      "finish_reason": "worker_terminated_unexpectedly",
      "completion_tokens": 298,
      "completed_thought_count": 2,
      "full_text_len": 1272,
      "pruned_at_step": 4,
      "pruned_by_chain_id": null,
      "initial_pruned_count": 0
    },
    {
      "chain_index": 3,
      "finish_reason": "worker_terminated_unexpectedly",
      "completion_tokens": 1092,
      "completed_thought_count": 11,
      "full_text_len": 4778,
      "pruned_at_step": 14,
      "pruned_by_chain_id": null,
      "initial_pruned_count": 0
    },
    {
      "chain_index": 4,
      "finish_reason": "worker_terminated_unexpectedly",
      "completion_tokens": 454,
      "completed_thought_count": 4,
      "full_text_len": 1896,
      "pruned_at_step": 6,
      "pruned_by_chain_id": null,
      "initial_pruned_count": 0
    },
    {
      "chain_index": 5,
      "finish_reason": "worker_terminated_unexpectedly",
      "completion_tokens": 612,
      "completed_thought_count": 5,
      "full_text_len": 2706,
      "pruned_at_step": 8,
      "pruned_by_chain_id": null,
      "initial_pruned_count": 0
    },
    {
      "chain_index": 6,
      "finish_reason": "worker_terminated_unexpectedly",
      "completion_tokens": 929,
      "completed_thought_count": 6,
      "full_text_len": 4077,
      "pruned_at_step": 12,
      "pruned_by_chain_id": null,
      "initial_pruned_count": 0
    },
    {
      "chain_index": 7,
      "finish_reason": "worker_terminated_unexpectedly",
      "completion_tokens": 771,
      "completed_thought_count": 4,
      "full_text_len": 3189,
      "pruned_at_step": 10,
      "pruned_by_chain_id": null,
      "initial_pruned_count": 0
    },
    {
      "chain_index": 8,
      "finish_reason": "worker_terminated_unexpectedly",
      "completion_tokens": 145,
      "completed_thought_count": 1,
      "full_text_len": 609,
      "pruned_at_step": 2,
      "pruned_by_chain_id": null,
      "initial_pruned_count": 0
    }
  ],
  "error_chain_details": []
}