{
  "iteration": 1,
  "question_id": "index_0",
  "status": "SUCCESS",
  "n_chains_start": 8,
  "n_chains_completed_stream_for_voting": 0,
  "n_chains_pruned": 7,
  "n_chains_error": 0,
  "similarity_threshold": 0.95,
  "num_steps_to_delay_pruning": 20,
  "correct_answer_reference": "33",
  "individual_answers_final": [],
  "voted_answer": null,
  "final_score": 0,
  "processing_duration_sec": 1104.250888824463,
  "total_analysis_intervals": 18,
  "avg_kv_cache_usage": 0.07525798334065388,
  "max_kv_cache_usage": 0.1488285564792745,
  "usage_aggregated": {
    "prompt_tokens": 194,
    "total_completion_tokens_across_all_started_chains": 47622
  },
  "chains_for_voting_details": [],
  "pruned_chain_details": [
    {
      "chain_index": 1,
      "finish_reason": "worker_terminated_unexpectedly",
      "completion_tokens": 1607,
      "completed_thought_count": 5,
      "full_text_len": 4235,
      "pruned_at_step": 17,
      "pruned_by_chain_id": null,
      "initial_pruned_count": 0
    },
    {
      "chain_index": 3,
      "finish_reason": "worker_terminated_unexpectedly",
      "completion_tokens": 1120,
      "completed_thought_count": 1,
      "full_text_len": 3290,
      "pruned_at_step": 12,
      "pruned_by_chain_id": null,
      "initial_pruned_count": 0
    },
    {
      "chain_index": 4,
      "finish_reason": "worker_terminated_unexpectedly",
      "completion_tokens": 631,
      "completed_thought_count": 3,
      "full_text_len": 2018,
      "pruned_at_step": 6,
      "pruned_by_chain_id": null,
      "initial_pruned_count": 0
    },
    {
      "chain_index": 5,
      "finish_reason": "worker_terminated_unexpectedly",
      "completion_tokens": 1282,
      "completed_thought_count": 4,
      "full_text_len": 3236,
      "pruned_at_step": 14,
      "pruned_by_chain_id": null,
      "initial_pruned_count": 0
    },
    {
      "chain_index": 6,
      "finish_reason": "worker_terminated_unexpectedly",
      "completion_tokens": 464,
      "completed_thought_count": 1,
      "full_text_len": 1584,
      "pruned_at_step": 4,
      "pruned_by_chain_id": null,
      "initial_pruned_count": 0
    },
    {
      "chain_index": 7,
      "finish_reason": "worker_terminated_unexpectedly",
      "completion_tokens": 795,
      "completed_thought_count": 2,
      "full_text_len": 2285,
      "pruned_at_step": 8,
      "pruned_by_chain_id": null,
      "initial_pruned_count": 0
    },
    {
      "chain_index": 8,
      "finish_reason": "worker_terminated_unexpectedly",
      "completion_tokens": 957,
      "completed_thought_count": 4,
      "full_text_len": 2806,
      "pruned_at_step": 10,
      "pruned_by_chain_id": null,
      "initial_pruned_count": 0
    }
  ],
  "error_chain_details": []
}