{
  "iteration": 11,
  "question_id": "index_10",
  "status": "SUCCESS",
  "n_chains_start": 8,
  "n_chains_completed_stream_for_voting": 1,
  "n_chains_pruned": 7,
  "n_chains_error": 0,
  "similarity_threshold": 0.95,
  "num_steps_to_delay_pruning": 20,
  "correct_answer_reference": "540",
  "individual_answers_final": [
    "540"
  ],
  "voted_answer": "540",
  "final_score": 1,
  "processing_duration_sec": 131.12449312210083,
  "total_analysis_intervals": 20,
  "avg_kv_cache_usage": 0.015008935213486401,
  "max_kv_cache_usage": 0.0245334573571304,
  "usage_aggregated": {
    "prompt_tokens": 96,
    "total_completion_tokens_across_all_started_chains": 13446
  },
  "chains_for_voting_details": [
    {
      "chain_index": 1,
      "finish_reason": "stop",
      "extracted_answer": "540",
      "prompt_tokens": 96,
      "completion_tokens": 6657,
      "completed_thought_count": 2,
      "final_mean_pairwise_similarity": 0.5938371419906616,
      "final_internal_similarity": 0.2969185709953308,
      "pruned_count": 0
    }
  ],
  "pruned_chain_details": [
    {
      "chain_index": 2,
      "finish_reason": "worker_terminated_unexpectedly",
      "completion_tokens": 901,
      "completed_thought_count": 3,
      "full_text_len": 2551,
      "pruned_at_step": 10,
      "pruned_by_chain_id": null,
      "initial_pruned_count": 0
    },
    {
      "chain_index": 3,
      "finish_reason": "worker_terminated_unexpectedly",
      "completion_tokens": 750,
      "completed_thought_count": 1,
      "full_text_len": 1963,
      "pruned_at_step": 8,
      "pruned_by_chain_id": null,
      "initial_pruned_count": 0
    },
    {
      "chain_index": 4,
      "finish_reason": "worker_terminated_unexpectedly",
      "completion_tokens": 1832,
      "completed_thought_count": 6,
      "full_text_len": 4633,
      "pruned_at_step": 19,
      "pruned_by_chain_id": null,
      "initial_pruned_count": 0
    },
    {
      "chain_index": 5,
      "finish_reason": "worker_terminated_unexpectedly",
      "completion_tokens": 599,
      "completed_thought_count": 2,
      "full_text_len": 1699,
      "pruned_at_step": 6,
      "pruned_by_chain_id": null,
      "initial_pruned_count": 0
    },
    {
      "chain_index": 6,
      "finish_reason": "worker_terminated_unexpectedly",
      "completion_tokens": 1054,
      "completed_thought_count": 1,
      "full_text_len": 2905,
      "pruned_at_step": 12,
      "pruned_by_chain_id": null,
      "initial_pruned_count": 0
    },
    {
      "chain_index": 7,
      "finish_reason": "worker_terminated_unexpectedly",
      "completion_tokens": 1208,
      "completed_thought_count": 4,
      "full_text_len": 3167,
      "pruned_at_step": 14,
      "pruned_by_chain_id": null,
      "initial_pruned_count": 0
    },
    {
      "chain_index": 8,
      "finish_reason": "worker_terminated_unexpectedly",
      "completion_tokens": 445,
      "completed_thought_count": 1,
      "full_text_len": 1260,
      "pruned_at_step": 4,
      "pruned_by_chain_id": null,
      "initial_pruned_count": 0
    }
  ],
  "error_chain_details": []
}