{
  "iteration": 4,
  "question_id": "index_3",
  "status": "SUCCESS",
  "n_chains_start": 8,
  "n_chains_completed_stream_for_voting": 1,
  "n_chains_pruned": 7,
  "n_chains_error": 0,
  "similarity_threshold": 0.95,
  "num_steps_to_delay_pruning": 20,
  "correct_answer_reference": "809",
  "individual_answers_final": [
    "809"
  ],
  "voted_answer": "809",
  "final_score": 1,
  "processing_duration_sec": 107.74796557426453,
  "total_analysis_intervals": 16,
  "avg_kv_cache_usage": 0.01272000602629316,
  "max_kv_cache_usage": 0.0204639265159002,
  "usage_aggregated": {
    "prompt_tokens": 145,
    "total_completion_tokens_across_all_started_chains": 10909
  },
  "chains_for_voting_details": [
    {
      "chain_index": 3,
      "finish_reason": "stop",
      "extracted_answer": "809",
      "prompt_tokens": 145,
      "completion_tokens": 5477,
      "completed_thought_count": 13,
      "final_mean_pairwise_similarity": 0.6980480551719666,
      "final_internal_similarity": 0.053696004243997425,
      "pruned_count": 0
    }
  ],
  "pruned_chain_details": [
    {
      "chain_index": 1,
      "finish_reason": "worker_terminated_unexpectedly",
      "completion_tokens": 780,
      "completed_thought_count": 6,
      "full_text_len": 2906,
      "pruned_at_step": 9,
      "pruned_by_chain_id": null,
      "initial_pruned_count": 0
    },
    {
      "chain_index": 2,
      "finish_reason": "worker_terminated_unexpectedly",
      "completion_tokens": 1256,
      "completed_thought_count": 10,
      "full_text_len": 4709,
      "pruned_at_step": 15,
      "pruned_by_chain_id": null,
      "initial_pruned_count": 0
    },
    {
      "chain_index": 4,
      "finish_reason": "worker_terminated_unexpectedly",
      "completion_tokens": 617,
      "completed_thought_count": 5,
      "full_text_len": 2360,
      "pruned_at_step": 7,
      "pruned_by_chain_id": null,
      "initial_pruned_count": 0
    },
    {
      "chain_index": 5,
      "finish_reason": "worker_terminated_unexpectedly",
      "completion_tokens": 1096,
      "completed_thought_count": 13,
      "full_text_len": 3805,
      "pruned_at_step": 13,
      "pruned_by_chain_id": null,
      "initial_pruned_count": 0
    },
    {
      "chain_index": 6,
      "finish_reason": "worker_terminated_unexpectedly",
      "completion_tokens": 937,
      "completed_thought_count": 6,
      "full_text_len": 3334,
      "pruned_at_step": 11,
      "pruned_by_chain_id": null,
      "initial_pruned_count": 0
    },
    {
      "chain_index": 7,
      "finish_reason": "worker_terminated_unexpectedly",
      "completion_tokens": 294,
      "completed_thought_count": 2,
      "full_text_len": 1085,
      "pruned_at_step": 3,
      "pruned_by_chain_id": null,
      "initial_pruned_count": 0
    },
    {
      "chain_index": 8,
      "finish_reason": "worker_terminated_unexpectedly",
      "completion_tokens": 452,
      "completed_thought_count": 4,
      "full_text_len": 1843,
      "pruned_at_step": 5,
      "pruned_by_chain_id": null,
      "initial_pruned_count": 0
    }
  ],
  "error_chain_details": []
}