{
  "iteration": 9,
  "question_id": "index_8",
  "status": "SUCCESS",
  "n_chains_start": 8,
  "n_chains_completed_stream_for_voting": 1,
  "n_chains_pruned": 7,
  "n_chains_error": 0,
  "similarity_threshold": 0.95,
  "num_steps_to_delay_pruning": 20,
  "correct_answer_reference": "25",
  "individual_answers_final": [
    "25"
  ],
  "voted_answer": "25",
  "final_score": 1,
  "processing_duration_sec": 99.6748378276825,
  "total_analysis_intervals": 16,
  "avg_kv_cache_usage": 0.011689698124406601,
  "max_kv_cache_usage": 0.0188361141794082,
  "usage_aggregated": {
    "prompt_tokens": 97,
    "total_completion_tokens_across_all_started_chains": 10380
  },
  "chains_for_voting_details": [
    {
      "chain_index": 2,
      "finish_reason": "stop",
      "extracted_answer": "25",
      "prompt_tokens": 97,
      "completion_tokens": 5073,
      "completed_thought_count": 4,
      "final_mean_pairwise_similarity": 0.7581968307495117,
      "final_internal_similarity": 0.18954920768737793,
      "pruned_count": 0
    }
  ],
  "pruned_chain_details": [
    {
      "chain_index": 1,
      "finish_reason": "worker_terminated_unexpectedly",
      "completion_tokens": 1072,
      "completed_thought_count": 2,
      "full_text_len": 3156,
      "pruned_at_step": 13,
      "pruned_by_chain_id": null,
      "initial_pruned_count": 0
    },
    {
      "chain_index": 3,
      "finish_reason": "worker_terminated_unexpectedly",
      "completion_tokens": 449,
      "completed_thought_count": 1,
      "full_text_len": 1384,
      "pruned_at_step": 5,
      "pruned_by_chain_id": null,
      "initial_pruned_count": 0
    },
    {
      "chain_index": 4,
      "finish_reason": "worker_terminated_unexpectedly",
      "completion_tokens": 753,
      "completed_thought_count": 2,
      "full_text_len": 2313,
      "pruned_at_step": 9,
      "pruned_by_chain_id": null,
      "initial_pruned_count": 0
    },
    {
      "chain_index": 5,
      "finish_reason": "worker_terminated_unexpectedly",
      "completion_tokens": 1228,
      "completed_thought_count": 6,
      "full_text_len": 3639,
      "pruned_at_step": 15,
      "pruned_by_chain_id": null,
      "initial_pruned_count": 0
    },
    {
      "chain_index": 6,
      "finish_reason": "worker_terminated_unexpectedly",
      "completion_tokens": 910,
      "completed_thought_count": 4,
      "full_text_len": 2877,
      "pruned_at_step": 11,
      "pruned_by_chain_id": null,
      "initial_pruned_count": 0
    },
    {
      "chain_index": 7,
      "finish_reason": "worker_terminated_unexpectedly",
      "completion_tokens": 295,
      "completed_thought_count": 1,
      "full_text_len": 1026,
      "pruned_at_step": 3,
      "pruned_by_chain_id": null,
      "initial_pruned_count": 0
    },
    {
      "chain_index": 8,
      "finish_reason": "worker_terminated_unexpectedly",
      "completion_tokens": 600,
      "completed_thought_count": 2,
      "full_text_len": 1894,
      "pruned_at_step": 7,
      "pruned_by_chain_id": null,
      "initial_pruned_count": 0
    }
  ],
  "error_chain_details": []
}