{
  "iteration": 5,
  "question_id": "index_4",
  "status": "SUCCESS",
  "n_chains_start": 8,
  "n_chains_completed_stream_for_voting": 0,
  "n_chains_pruned": 7,
  "n_chains_error": 0,
  "similarity_threshold": 0.95,
  "num_steps_to_delay_pruning": 20,
  "correct_answer_reference": "197",
  "individual_answers_final": [],
  "voted_answer": null,
  "final_score": 0,
  "processing_duration_sec": 1122.633173942566,
  "total_analysis_intervals": 16,
  "avg_kv_cache_usage": 0.07498750756289844,
  "max_kv_cache_usage": 0.1488285564792745,
  "usage_aggregated": {
    "prompt_tokens": 141,
    "total_completion_tokens_across_all_started_chains": 46236
  },
  "chains_for_voting_details": [],
  "pruned_chain_details": [
    {
      "chain_index": 1,
      "finish_reason": "worker_terminated_unexpectedly",
      "completion_tokens": 296,
      "completed_thought_count": 3,
      "full_text_len": 1303,
      "pruned_at_step": 3,
      "pruned_by_chain_id": null,
      "initial_pruned_count": 0
    },
    {
      "chain_index": 2,
      "finish_reason": "worker_terminated_unexpectedly",
      "completion_tokens": 776,
      "completed_thought_count": 9,
      "full_text_len": 3473,
      "pruned_at_step": 9,
      "pruned_by_chain_id": null,
      "initial_pruned_count": 0
    },
    {
      "chain_index": 3,
      "finish_reason": "worker_terminated_unexpectedly",
      "completion_tokens": 1093,
      "completed_thought_count": 6,
      "full_text_len": 4404,
      "pruned_at_step": 13,
      "pruned_by_chain_id": null,
      "initial_pruned_count": 0
    },
    {
      "chain_index": 4,
      "finish_reason": "worker_terminated_unexpectedly",
      "completion_tokens": 455,
      "completed_thought_count": 5,
      "full_text_len": 2185,
      "pruned_at_step": 5,
      "pruned_by_chain_id": null,
      "initial_pruned_count": 0
    },
    {
      "chain_index": 6,
      "finish_reason": "worker_terminated_unexpectedly",
      "completion_tokens": 1250,
      "completed_thought_count": 7,
      "full_text_len": 5528,
      "pruned_at_step": 15,
      "pruned_by_chain_id": null,
      "initial_pruned_count": 0
    },
    {
      "chain_index": 7,
      "finish_reason": "worker_terminated_unexpectedly",
      "completion_tokens": 613,
      "completed_thought_count": 7,
      "full_text_len": 2805,
      "pruned_at_step": 7,
      "pruned_by_chain_id": null,
      "initial_pruned_count": 0
    },
    {
      "chain_index": 8,
      "finish_reason": "worker_terminated_unexpectedly",
      "completion_tokens": 934,
      "completed_thought_count": 9,
      "full_text_len": 4147,
      "pruned_at_step": 11,
      "pruned_by_chain_id": null,
      "initial_pruned_count": 0
    }
  ],
  "error_chain_details": []
}