{
  "iteration": 18,
  "question_id": "index_17",
  "status": "SUCCESS",
  "n_chains_start": 8,
  "n_chains_completed_stream_for_voting": 1,
  "n_chains_pruned": 7,
  "n_chains_error": 0,
  "similarity_threshold": 0.95,
  "num_steps_to_delay_pruning": 20,
  "correct_answer_reference": "315",
  "individual_answers_final": [
    "66"
  ],
  "voted_answer": "66",
  "final_score": 0,
  "processing_duration_sec": 862.1304938793182,
  "total_analysis_intervals": 16,
  "avg_kv_cache_usage": 0.05887504131752107,
  "max_kv_cache_usage": 0.1166792628335562,
  "usage_aggregated": {
    "prompt_tokens": 100,
    "total_completion_tokens_across_all_started_chains": 37373
  },
  "chains_for_voting_details": [
    {
      "chain_index": 6,
      "finish_reason": "stop",
      "extracted_answer": "66",
      "prompt_tokens": 100,
      "completion_tokens": 32005,
      "completed_thought_count": 10,
      "final_mean_pairwise_similarity": 0.5452801585197449,
      "final_internal_similarity": 0.05452801585197449,
      "pruned_count": 0
    }
  ],
  "pruned_chain_details": [
    {
      "chain_index": 1,
      "finish_reason": "worker_terminated_unexpectedly",
      "completion_tokens": 453,
      "completed_thought_count": 4,
      "full_text_len": 2127,
      "pruned_at_step": 5,
      "pruned_by_chain_id": null,
      "initial_pruned_count": 0
    },
    {
      "chain_index": 2,
      "finish_reason": "worker_terminated_unexpectedly",
      "completion_tokens": 294,
      "completed_thought_count": 2,
      "full_text_len": 1224,
      "pruned_at_step": 3,
      "pruned_by_chain_id": null,
      "initial_pruned_count": 0
    },
    {
      "chain_index": 3,
      "finish_reason": "worker_terminated_unexpectedly",
      "completion_tokens": 1241,
      "completed_thought_count": 10,
      "full_text_len": 5376,
      "pruned_at_step": 15,
      "pruned_by_chain_id": null,
      "initial_pruned_count": 0
    },
    {
      "chain_index": 4,
      "finish_reason": "worker_terminated_unexpectedly",
      "completion_tokens": 607,
      "completed_thought_count": 3,
      "full_text_len": 2307,
      "pruned_at_step": 7,
      "pruned_by_chain_id": null,
      "initial_pruned_count": 0
    },
    {
      "chain_index": 5,
      "finish_reason": "worker_terminated_unexpectedly",
      "completion_tokens": 766,
      "completed_thought_count": 6,
      "full_text_len": 3308,
      "pruned_at_step": 9,
      "pruned_by_chain_id": null,
      "initial_pruned_count": 0
    },
    {
      "chain_index": 7,
      "finish_reason": "worker_terminated_unexpectedly",
      "completion_tokens": 1083,
      "completed_thought_count": 10,
      "full_text_len": 4835,
      "pruned_at_step": 13,
      "pruned_by_chain_id": null,
      "initial_pruned_count": 0
    },
    {
      "chain_index": 8,
      "finish_reason": "worker_terminated_unexpectedly",
      "completion_tokens": 924,
      "completed_thought_count": 7,
      "full_text_len": 4018,
      "pruned_at_step": 11,
      "pruned_by_chain_id": null,
      "initial_pruned_count": 0
    }
  ],
  "error_chain_details": []
}