{
  "iteration": 28,
  "question_id": "index_27",
  "status": "SUCCESS",
  "n_chains_start": 8,
  "n_chains_completed_stream_for_voting": 1,
  "n_chains_pruned": 7,
  "n_chains_error": 0,
  "similarity_threshold": 0.95,
  "num_steps_to_delay_pruning": 20,
  "correct_answer_reference": "104",
  "individual_answers_final": [
    "104"
  ],
  "voted_answer": "104",
  "final_score": 1,
  "processing_duration_sec": 168.9951295852661,
  "total_analysis_intervals": 16,
  "avg_kv_cache_usage": 0.017198191207285673,
  "max_kv_cache_usage": 0.0312191151677228,
  "usage_aggregated": {
    "prompt_tokens": 199,
    "total_completion_tokens_across_all_started_chains": 12816
  },
  "chains_for_voting_details": [
    {
      "chain_index": 8,
      "finish_reason": "stop",
      "extracted_answer": "104",
      "prompt_tokens": 199,
      "completion_tokens": 8394,
      "completed_thought_count": 7,
      "final_mean_pairwise_similarity": 0.6296574473381042,
      "final_internal_similarity": 0.08995106390544347,
      "pruned_count": 0
    }
  ],
  "pruned_chain_details": [
    {
      "chain_index": 1,
      "finish_reason": "worker_terminated_unexpectedly",
      "completion_tokens": 603,
      "completed_thought_count": 5,
      "full_text_len": 2473,
      "pruned_at_step": 8,
      "pruned_by_chain_id": null,
      "initial_pruned_count": 0
    },
    {
      "chain_index": 2,
      "finish_reason": "worker_terminated_unexpectedly",
      "completion_tokens": 295,
      "completed_thought_count": 2,
      "full_text_len": 1080,
      "pruned_at_step": 4,
      "pruned_by_chain_id": null,
      "initial_pruned_count": 0
    },
    {
      "chain_index": 3,
      "finish_reason": "worker_terminated_unexpectedly",
      "completion_tokens": 143,
      "completed_thought_count": 1,
      "full_text_len": 530,
      "pruned_at_step": 2,
      "pruned_by_chain_id": null,
      "initial_pruned_count": 0
    },
    {
      "chain_index": 4,
      "finish_reason": "worker_terminated_unexpectedly",
      "completion_tokens": 766,
      "completed_thought_count": 6,
      "full_text_len": 3010,
      "pruned_at_step": 10,
      "pruned_by_chain_id": null,
      "initial_pruned_count": 0
    },
    {
      "chain_index": 5,
      "finish_reason": "worker_terminated_unexpectedly",
      "completion_tokens": 1241,
      "completed_thought_count": 8,
      "full_text_len": 4739,
      "pruned_at_step": 15,
      "pruned_by_chain_id": null,
      "initial_pruned_count": 0
    },
    {
      "chain_index": 6,
      "finish_reason": "worker_terminated_unexpectedly",
      "completion_tokens": 448,
      "completed_thought_count": 2,
      "full_text_len": 1808,
      "pruned_at_step": 6,
      "pruned_by_chain_id": null,
      "initial_pruned_count": 0
    },
    {
      "chain_index": 7,
      "finish_reason": "worker_terminated_unexpectedly",
      "completion_tokens": 926,
      "completed_thought_count": 5,
      "full_text_len": 3291,
      "pruned_at_step": 12,
      "pruned_by_chain_id": null,
      "initial_pruned_count": 0
    }
  ],
  "error_chain_details": []
}