{
  "iteration": 10,
  "question_id": "index_9",
  "status": "SUCCESS",
  "n_chains_start": 8,
  "n_chains_completed_stream_for_voting": 1,
  "n_chains_pruned": 7,
  "n_chains_error": 0,
  "similarity_threshold": 0.95,
  "num_steps_to_delay_pruning": 20,
  "correct_answer_reference": "55",
  "individual_answers_final": [
    "55"
  ],
  "voted_answer": "55",
  "final_score": 1,
  "processing_duration_sec": 77.42961692810059,
  "total_analysis_intervals": 19,
  "avg_kv_cache_usage": 0.011024072062586491,
  "max_kv_cache_usage": 0.015987442590547,
  "usage_aggregated": {
    "prompt_tokens": 108,
    "total_completion_tokens_across_all_started_chains": 9716
  },
  "chains_for_voting_details": [
    {
      "chain_index": 6,
      "finish_reason": "stop",
      "extracted_answer": "55",
      "prompt_tokens": 108,
      "completion_tokens": 3933,
      "completed_thought_count": 7,
      "final_mean_pairwise_similarity": 0.5333972573280334,
      "final_internal_similarity": 0.07619960818971906,
      "pruned_count": 0
    }
  ],
  "pruned_chain_details": [
    {
      "chain_index": 1,
      "finish_reason": "worker_terminated_unexpectedly",
      "completion_tokens": 446,
      "completed_thought_count": 4,
      "full_text_len": 1639,
      "pruned_at_step": 5,
      "pruned_by_chain_id": null,
      "initial_pruned_count": 0
    },
    {
      "chain_index": 2,
      "finish_reason": "worker_terminated_unexpectedly",
      "completion_tokens": 603,
      "completed_thought_count": 3,
      "full_text_len": 2277,
      "pruned_at_step": 7,
      "pruned_by_chain_id": null,
      "initial_pruned_count": 0
    },
    {
      "chain_index": 3,
      "finish_reason": "worker_terminated_unexpectedly",
      "completion_tokens": 1070,
      "completed_thought_count": 5,
      "full_text_len": 3800,
      "pruned_at_step": 13,
      "pruned_by_chain_id": null,
      "initial_pruned_count": 0
    },
    {
      "chain_index": 4,
      "finish_reason": "worker_terminated_unexpectedly",
      "completion_tokens": 1697,
      "completed_thought_count": 12,
      "full_text_len": 5832,
      "pruned_at_step": 18,
      "pruned_by_chain_id": null,
      "initial_pruned_count": 0
    },
    {
      "chain_index": 5,
      "finish_reason": "worker_terminated_unexpectedly",
      "completion_tokens": 293,
      "completed_thought_count": 2,
      "full_text_len": 1179,
      "pruned_at_step": 3,
      "pruned_by_chain_id": null,
      "initial_pruned_count": 0
    },
    {
      "chain_index": 7,
      "finish_reason": "worker_terminated_unexpectedly",
      "completion_tokens": 760,
      "completed_thought_count": 3,
      "full_text_len": 2846,
      "pruned_at_step": 9,
      "pruned_by_chain_id": null,
      "initial_pruned_count": 0
    },
    {
      "chain_index": 8,
      "finish_reason": "worker_terminated_unexpectedly",
      "completion_tokens": 914,
      "completed_thought_count": 6,
      "full_text_len": 3164,
      "pruned_at_step": 11,
      "pruned_by_chain_id": null,
      "initial_pruned_count": 0
    }
  ],
  "error_chain_details": []
}