{
  "iteration": 14,
  "question_id": "index_13",
  "status": "SUCCESS",
  "n_chains_start": 8,
  "n_chains_completed_stream_for_voting": 1,
  "n_chains_pruned": 7,
  "n_chains_error": 0,
  "similarity_threshold": 0.95,
  "num_steps_to_delay_pruning": 20,
  "correct_answer_reference": "699",
  "individual_answers_final": [
    "699"
  ],
  "voted_answer": "699",
  "final_score": 1,
  "processing_duration_sec": 344.091814994812,
  "total_analysis_intervals": 25,
  "avg_kv_cache_usage": 0.029312412331882986,
  "max_kv_cache_usage": 0.0525550840067438,
  "usage_aggregated": {
    "prompt_tokens": 118,
    "total_completion_tokens_across_all_started_chains": 25252
  },
  "chains_for_voting_details": [
    {
      "chain_index": 7,
      "finish_reason": "stop",
      "extracted_answer": "699",
      "prompt_tokens": 118,
      "completion_tokens": 14333,
      "completed_thought_count": 2,
      "final_mean_pairwise_similarity": 0.7950592041015625,
      "final_internal_similarity": 0.39752960205078125,
      "pruned_count": 0
    }
  ],
  "pruned_chain_details": [
    {
      "chain_index": 1,
      "finish_reason": "worker_terminated_unexpectedly",
      "completion_tokens": 1041,
      "completed_thought_count": 1,
      "full_text_len": 2587,
      "pruned_at_step": 9,
      "pruned_by_chain_id": null,
      "initial_pruned_count": 0
    },
    {
      "chain_index": 2,
      "finish_reason": "worker_terminated_unexpectedly",
      "completion_tokens": 2561,
      "completed_thought_count": 4,
      "full_text_len": 6011,
      "pruned_at_step": 24,
      "pruned_by_chain_id": null,
      "initial_pruned_count": 0
    },
    {
      "chain_index": 3,
      "finish_reason": "worker_terminated_unexpectedly",
      "completion_tokens": 1645,
      "completed_thought_count": 3,
      "full_text_len": 4052,
      "pruned_at_step": 16,
      "pruned_by_chain_id": null,
      "initial_pruned_count": 0
    },
    {
      "chain_index": 4,
      "finish_reason": "worker_terminated_unexpectedly",
      "completion_tokens": 1190,
      "completed_thought_count": 1,
      "full_text_len": 3067,
      "pruned_at_step": 11,
      "pruned_by_chain_id": null,
      "initial_pruned_count": 0
    },
    {
      "chain_index": 5,
      "finish_reason": "worker_terminated_unexpectedly",
      "completion_tokens": 888,
      "completed_thought_count": 2,
      "full_text_len": 2549,
      "pruned_at_step": 7,
      "pruned_by_chain_id": null,
      "initial_pruned_count": 0
    },
    {
      "chain_index": 6,
      "finish_reason": "worker_terminated_unexpectedly",
      "completion_tokens": 1341,
      "completed_thought_count": 1,
      "full_text_len": 3320,
      "pruned_at_step": 13,
      "pruned_by_chain_id": null,
      "initial_pruned_count": 0
    },
    {
      "chain_index": 8,
      "finish_reason": "worker_terminated_unexpectedly",
      "completion_tokens": 2253,
      "completed_thought_count": 3,
      "full_text_len": 5552,
      "pruned_at_step": 21,
      "pruned_by_chain_id": null,
      "initial_pruned_count": 0
    }
  ],
  "error_chain_details": []
}