{
  "iteration": 2,
  "question_id": "index_1",
  "status": "SUCCESS",
  "n_chains_start": 8,
  "n_chains_completed_stream_for_voting": 1,
  "n_chains_pruned": 7,
  "n_chains_error": 0,
  "similarity_threshold": 0.95,
  "num_steps_to_delay_pruning": 20,
  "correct_answer_reference": "23",
  "individual_answers_final": [
    "131"
  ],
  "voted_answer": "131",
  "final_score": 0,
  "processing_duration_sec": 228.8677499294281,
  "total_analysis_intervals": 17,
  "avg_kv_cache_usage": 0.02106708353700719,
  "max_kv_cache_usage": 0.0386605429916865,
  "usage_aggregated": {
    "prompt_tokens": 226,
    "total_completion_tokens_across_all_started_chains": 15796
  },
  "chains_for_voting_details": [
    {
      "chain_index": 3,
      "finish_reason": "stop",
      "extracted_answer": "131",
      "prompt_tokens": 226,
      "completion_tokens": 10407,
      "completed_thought_count": 2,
      "final_mean_pairwise_similarity": 0.5466033816337585,
      "final_internal_similarity": 0.2733016908168793,
      "pruned_count": 0
    }
  ],
  "pruned_chain_details": [
    {
      "chain_index": 1,
      "finish_reason": "worker_terminated_unexpectedly",
      "completion_tokens": 1054,
      "completed_thought_count": 2,
      "full_text_len": 3695,
      "pruned_at_step": 13,
      "pruned_by_chain_id": null,
      "initial_pruned_count": 0
    },
    {
      "chain_index": 2,
      "finish_reason": "worker_terminated_unexpectedly",
      "completion_tokens": 594,
      "completed_thought_count": 2,
      "full_text_len": 2113,
      "pruned_at_step": 7,
      "pruned_by_chain_id": null,
      "initial_pruned_count": 0
    },
    {
      "chain_index": 4,
      "finish_reason": "worker_terminated_unexpectedly",
      "completion_tokens": 745,
      "completed_thought_count": 1,
      "full_text_len": 2580,
      "pruned_at_step": 9,
      "pruned_by_chain_id": null,
      "initial_pruned_count": 0
    },
    {
      "chain_index": 5,
      "finish_reason": "worker_terminated_unexpectedly",
      "completion_tokens": 441,
      "completed_thought_count": 2,
      "full_text_len": 1353,
      "pruned_at_step": 5,
      "pruned_by_chain_id": null,
      "initial_pruned_count": 0
    },
    {
      "chain_index": 6,
      "finish_reason": "worker_terminated_unexpectedly",
      "completion_tokens": 290,
      "completed_thought_count": 1,
      "full_text_len": 968,
      "pruned_at_step": 3,
      "pruned_by_chain_id": null,
      "initial_pruned_count": 0
    },
    {
      "chain_index": 7,
      "finish_reason": "worker_terminated_unexpectedly",
      "completion_tokens": 900,
      "completed_thought_count": 2,
      "full_text_len": 2843,
      "pruned_at_step": 11,
      "pruned_by_chain_id": null,
      "initial_pruned_count": 0
    },
    {
      "chain_index": 8,
      "finish_reason": "worker_terminated_unexpectedly",
      "completion_tokens": 1365,
      "completed_thought_count": 4,
      "full_text_len": 4366,
      "pruned_at_step": 16,
      "pruned_by_chain_id": null,
      "initial_pruned_count": 0
    }
  ],
  "error_chain_details": []
}