{
  "dataset": "hmmt",
  "model_name": "QwQ-32B",
  "run_type": "Self-Consistency (Streaming)",
  "config": {
    "n_chains": 4,
    "tokenizer_path_provided": true,
    "iterations_selected_by": "range",
    "random_seed": null
  },
  "metrics": {
    "num_questions_processed": 30,
    "num_questions_with_score": 30,
    "overall_accuracy": "0.57",
    "mean_total_completion_tokens_per_question": "66278.4",
    "max_total_completion_tokens_per_question": "124026.0",
    "mean_max_kv_cache_usage_per_question_perc": "0.1987",
    "max_max_kv_cache_usage_across_all_questions_perc": "0.4372",
    "mean_processing_duration_sec_per_question": "527.52",
    "max_processing_duration_sec_per_question": "922.02",
    "mean_chains_requested_per_question": "4.00",
    "mean_chains_received_per_question": "4.00",
    "counted_tokens_aggregated": {
      "mean_total_reasoning_tokens_per_question": "58721.7",
      "max_total_reasoning_tokens_per_question": "115851.0",
      "mean_total_non_reasoning_tokens_per_question": "2087.6",
      "max_total_non_reasoning_tokens_per_question": "3809.0"
    }
  }
}