{
  "dataset": "aime",
  "model_name": "QwQ-32B",
  "run_type": "Similarity Pruning (Random After Delay)",
  "config": {
    "n_chains_start": 8,
    "similarity_threshold": 0.0,
    "threshold_schedule": "fixed",
    "pruning_strategy": "random_after_delay",
    "iterations_selected_by": "range",
    "random_seed": null,
    "num_steps_to_delay_pruning": 20
  },
  "metrics": {
    "num_qns_processed": 30,
    "num_qns_with_score": 30,
    "overall_accuracy": 0.7666666666666667,
    "mean_total_completion_tokens_per_question": 33972.86666666667,
    "max_total_completion_tokens_per_question": 55882.0,
    "mean_max_kv_cache_usage_per_question_perc": 0.09203728465399293,
    "max_max_kv_cache_usage_across_all_questions_perc": 0.1292366722864949,
    "mean_processing_duration_sec_per_question": 333.83967061042785,
    "max_processing_duration_sec_per_question": 970.1840405464172,
    "mean_chains_started_per_question": 8.0,
    "mean_chains_completed_stream_for_voting_per_question": 1.0333333333333334,
    "mean_chains_error_per_question": 0.0,
    "max_chains_error_per_question": 0.0
  }
}