{
  "iteration": 7,
  "question_id": "index_6",
  "status": "SUCCESS",
  "n_chains_start": 8,
  "n_chains_completed_stream_for_voting": 8,
  "n_chains_pruned": 0,
  "n_chains_error": 0,
  "similarity_threshold": 0.98,
  "num_steps_to_delay_pruning": 20,
  "correct_answer_reference": "\\frac{9 \\sqrt{23}}{23}",
  "individual_answers_final": [
    "\\dfrac{\\sqrt{13}}{2}",
    "2",
    "1",
    "\\dfrac{15}{8}",
    "\\dfrac{9\\sqrt{23}}{23}",
    "1",
    "\\dfrac{15}{8}",
    "\\dfrac{9\\sqrt{23}}{23}"
  ],
  "voted_answer": "\\dfrac{9\\sqrt{23}}{23}",
  "final_score": 1,
  "processing_duration_sec": 645.5652449131012,
  "total_analysis_intervals": 100,
  "avg_kv_cache_usage": 0.29585135024633,
  "max_kv_cache_usage": 0.4649929014421281,
  "usage_aggregated": {
    "prompt_tokens": 108365,
    "total_completion_tokens_across_all_started_chains": 156693
  },
  "chains_for_voting_details": [
    {
      "chain_index": 1,
      "finish_reason": "stop",
      "extracted_answer": "\\dfrac{\\sqrt{13}}{2}",
      "prompt_tokens": 138,
      "completion_tokens": 25583,
      "completed_thought_count": 58,
      "final_mean_pairwise_similarity": 0.4175695776939392,
      "final_internal_similarity": 0.007199475477481711,
      "pruned_count": 0
    },
    {
      "chain_index": 2,
      "finish_reason": "stop",
      "extracted_answer": "2",
      "prompt_tokens": 138,
      "completion_tokens": 22153,
      "completed_thought_count": 57,
      "final_mean_pairwise_similarity": 0.42124515771865845,
      "final_internal_similarity": 0.007390265924888745,
      "pruned_count": 0
    },
    {
      "chain_index": 3,
      "finish_reason": "stop",
      "extracted_answer": "1",
      "prompt_tokens": 138,
      "completion_tokens": 26136,
      "completed_thought_count": 46,
      "final_mean_pairwise_similarity": 0.3830004036426544,
      "final_internal_similarity": 0.008326095731362053,
      "pruned_count": 0
    },
    {
      "chain_index": 4,
      "finish_reason": "stop",
      "extracted_answer": "\\dfrac{15}{8}",
      "prompt_tokens": 138,
      "completion_tokens": 24113,
      "completed_thought_count": 64,
      "final_mean_pairwise_similarity": 0.389811247587204,
      "final_internal_similarity": 0.006090800743550062,
      "pruned_count": 0
    },
    {
      "chain_index": 5,
      "finish_reason": "stop",
      "extracted_answer": "\\dfrac{9\\sqrt{23}}{23}",
      "prompt_tokens": 138,
      "completion_tokens": 14074,
      "completed_thought_count": 56,
      "final_mean_pairwise_similarity": 0.3972303867340088,
      "final_internal_similarity": 0.0070933997631073,
      "pruned_count": 0
    },
    {
      "chain_index": 6,
      "finish_reason": "stop",
      "extracted_answer": "1",
      "prompt_tokens": 138,
      "completion_tokens": 17106,
      "completed_thought_count": 44,
      "final_mean_pairwise_similarity": 0.38700786232948303,
      "final_internal_similarity": 0.008795633234760979,
      "pruned_count": 0
    },
    {
      "chain_index": 7,
      "finish_reason": "stop",
      "extracted_answer": "\\dfrac{15}{8}",
      "prompt_tokens": 138,
      "completion_tokens": 16002,
      "completed_thought_count": 43,
      "final_mean_pairwise_similarity": 0.4172871708869934,
      "final_internal_similarity": 0.009704352811325428,
      "pruned_count": 0
    },
    {
      "chain_index": 8,
      "finish_reason": "stop",
      "extracted_answer": "\\dfrac{9\\sqrt{23}}{23}",
      "prompt_tokens": 138,
      "completion_tokens": 10483,
      "completed_thought_count": 22,
      "final_mean_pairwise_similarity": 0.5294268727302551,
      "final_internal_similarity": 0.024064857851375233,
      "pruned_count": 0
    }
  ],
  "pruned_chain_details": [],
  "error_chain_details": [],
  "llm_tie_break_performed": true,
  "llm_tie_break_prompt_tokens": 108227,
  "llm_tie_break_completion_tokens": 1043,
  "llm_tie_break_response_text": "\n\nTo solve the problem, we start by setting the given expressions equal to a common value \\( k \\):\n\n\\[\n2(a^2 + 1) = 3(b^2 + 1) = 4(c^2 + 1) = k\n\\]\n\nFrom this, we express \\( a^2 \\), \\( b^2 \\), and \\( c^2 \\) in terms of \\( k \\):\n\n\\[\na^2 = \\frac{k}{2} - 1, \\quad b^2 = \\frac{k}{3} - 1, \\quad c^2 = \\frac{k}{4} - 1\n\\]\n\nWe then use the second equation \\( ab + bc + ca = 1 \\). Expressing \\( a \\), \\( b \\), and \\( c \\) in terms of \\( k \\):\n\n\\[\na = \\sqrt{\\frac{k}{2} - 1}, \\quad b = \\sqrt{\\frac{k}{3} - 1}, \\quad c = \\sqrt{\\frac{k}{4} - 1}\n\\]\n\nSubstituting these into \\( ab + bc + ca = 1 \\) leads to a complex equation in terms of \\( k \\). After several substitutions and simplifications, we find that \\( k = \\frac{96}{23} \\).\n\nUsing this value of \\( k \\), we compute \\( a \\), \\( b \\), and \\( c \\):\n\n\\[\na = \\frac{5}{\\sqrt{23}}, \\quad b = \\frac{3}{\\sqrt{23}}, \\quad c = \\frac{1}{\\sqrt{23}}\n\\]\n\nSumming these values gives:\n\n\\[\na + b + c = \\frac{5}{\\sqrt{23}} + \\frac{3}{\\sqrt{23}} + \\frac{1}{\\sqrt{23}} = \\frac{9}{\\sqrt{23}} = \\frac{9\\sqrt{23}}{23}\n\\]\n\nThus, the final answer is:\n\n\\[\n\\boxed{\\dfrac{9\\sqrt{23}}{23}}\n\\]"
}