{
  "iteration": 5,
  "question_id": "index_4",
  "status": "SUCCESS",
  "n_chains_start": 8,
  "n_chains_completed_stream_for_voting": 8,
  "n_chains_pruned": 0,
  "n_chains_error": 0,
  "similarity_threshold": 0.98,
  "num_steps_to_delay_pruning": 20,
  "correct_answer_reference": "890",
  "individual_answers_final": [
    "890",
    "890",
    "890",
    "890",
    "890",
    "9000",
    "890",
    "890"
  ],
  "voted_answer": "890",
  "final_score": 1,
  "processing_duration_sec": 112.46031761169434,
  "total_analysis_intervals": 37,
  "avg_kv_cache_usage": 0.08288844385403667,
  "max_kv_cache_usage": 0.1522080251064783,
  "usage_aggregated": {
    "prompt_tokens": 138,
    "total_completion_tokens_across_all_started_chains": 39914
  },
  "chains_for_voting_details": [
    {
      "chain_index": 1,
      "finish_reason": "stop",
      "extracted_answer": "890",
      "prompt_tokens": 138,
      "completion_tokens": 6168,
      "completed_thought_count": 33,
      "final_mean_pairwise_similarity": 0.5126622915267944,
      "final_internal_similarity": 0.015535220955357407,
      "pruned_count": 0
    },
    {
      "chain_index": 2,
      "finish_reason": "stop",
      "extracted_answer": "890",
      "prompt_tokens": 138,
      "completion_tokens": 4877,
      "completed_thought_count": 33,
      "final_mean_pairwise_similarity": 0.5169051289558411,
      "final_internal_similarity": 0.015663791786540638,
      "pruned_count": 0
    },
    {
      "chain_index": 3,
      "finish_reason": "stop",
      "extracted_answer": "890",
      "prompt_tokens": 138,
      "completion_tokens": 4890,
      "completed_thought_count": 15,
      "final_mean_pairwise_similarity": 0.5412227511405945,
      "final_internal_similarity": 0.0360815167427063,
      "pruned_count": 0
    },
    {
      "chain_index": 4,
      "finish_reason": "stop",
      "extracted_answer": "890",
      "prompt_tokens": 138,
      "completion_tokens": 4965,
      "completed_thought_count": 22,
      "final_mean_pairwise_similarity": 0.4886649250984192,
      "final_internal_similarity": 0.022212042049928146,
      "pruned_count": 0
    },
    {
      "chain_index": 5,
      "finish_reason": "stop",
      "extracted_answer": "890",
      "prompt_tokens": 138,
      "completion_tokens": 4507,
      "completed_thought_count": 26,
      "final_mean_pairwise_similarity": 0.5590883493423462,
      "final_internal_similarity": 0.0215033980516287,
      "pruned_count": 0
    },
    {
      "chain_index": 6,
      "finish_reason": "stop",
      "extracted_answer": "9000",
      "prompt_tokens": 138,
      "completion_tokens": 2752,
      "completed_thought_count": 11,
      "final_mean_pairwise_similarity": 0.5711119174957275,
      "final_internal_similarity": 0.05191926522688432,
      "pruned_count": 0
    },
    {
      "chain_index": 7,
      "finish_reason": "stop",
      "extracted_answer": "890",
      "prompt_tokens": 138,
      "completion_tokens": 5831,
      "completed_thought_count": 27,
      "final_mean_pairwise_similarity": 0.41660988330841064,
      "final_internal_similarity": 0.015429995678089283,
      "pruned_count": 0
    },
    {
      "chain_index": 8,
      "finish_reason": "stop",
      "extracted_answer": "890",
      "prompt_tokens": 138,
      "completion_tokens": 5924,
      "completed_thought_count": 29,
      "final_mean_pairwise_similarity": 0.4644017219543457,
      "final_internal_similarity": 0.016013852481184334,
      "pruned_count": 0
    }
  ],
  "pruned_chain_details": [],
  "error_chain_details": []
}