{
  "iteration": 21,
  "question_id": "index_20",
  "status": "SUCCESS",
  "n_chains_start": 8,
  "n_chains_completed_stream_for_voting": 8,
  "n_chains_pruned": 0,
  "n_chains_error": 0,
  "similarity_threshold": 0.98,
  "num_steps_to_delay_pruning": 20,
  "correct_answer_reference": "26",
  "individual_answers_final": [
    "26",
    "26",
    "26",
    "26",
    "26",
    "26",
    "26",
    "26"
  ],
  "voted_answer": "26",
  "final_score": 1,
  "processing_duration_sec": 51.77259397506714,
  "total_analysis_intervals": 16,
  "avg_kv_cache_usage": 0.041355821360304613,
  "max_kv_cache_usage": 0.0806993947545393,
  "usage_aggregated": {
    "prompt_tokens": 134,
    "total_completion_tokens_across_all_started_chains": 19108
  },
  "chains_for_voting_details": [
    {
      "chain_index": 1,
      "finish_reason": "stop",
      "extracted_answer": "26",
      "prompt_tokens": 134,
      "completion_tokens": 2042,
      "completed_thought_count": 6,
      "final_mean_pairwise_similarity": 0.7420206665992737,
      "final_internal_similarity": 0.12367011109987895,
      "pruned_count": 0
    },
    {
      "chain_index": 2,
      "finish_reason": "stop",
      "extracted_answer": "26",
      "prompt_tokens": 134,
      "completion_tokens": 2403,
      "completed_thought_count": 7,
      "final_mean_pairwise_similarity": 0.684688150882721,
      "final_internal_similarity": 0.09781259298324585,
      "pruned_count": 0
    },
    {
      "chain_index": 3,
      "finish_reason": "stop",
      "extracted_answer": "26",
      "prompt_tokens": 134,
      "completion_tokens": 2070,
      "completed_thought_count": 5,
      "final_mean_pairwise_similarity": 0.7192432880401611,
      "final_internal_similarity": 0.14384865760803223,
      "pruned_count": 0
    },
    {
      "chain_index": 4,
      "finish_reason": "stop",
      "extracted_answer": "26",
      "prompt_tokens": 134,
      "completion_tokens": 2026,
      "completed_thought_count": 6,
      "final_mean_pairwise_similarity": 0.6420329809188843,
      "final_internal_similarity": 0.10700549681981404,
      "pruned_count": 0
    },
    {
      "chain_index": 5,
      "finish_reason": "stop",
      "extracted_answer": "26",
      "prompt_tokens": 134,
      "completion_tokens": 2347,
      "completed_thought_count": 7,
      "final_mean_pairwise_similarity": 0.6642358899116516,
      "final_internal_similarity": 0.09489084141595024,
      "pruned_count": 0
    },
    {
      "chain_index": 6,
      "finish_reason": "stop",
      "extracted_answer": "26",
      "prompt_tokens": 134,
      "completion_tokens": 2661,
      "completed_thought_count": 6,
      "final_mean_pairwise_similarity": 0.7046729326248169,
      "final_internal_similarity": 0.11744548877080281,
      "pruned_count": 0
    },
    {
      "chain_index": 7,
      "finish_reason": "stop",
      "extracted_answer": "26",
      "prompt_tokens": 134,
      "completion_tokens": 2635,
      "completed_thought_count": 5,
      "final_mean_pairwise_similarity": 0.6923123002052307,
      "final_internal_similarity": 0.13846246004104615,
      "pruned_count": 0
    },
    {
      "chain_index": 8,
      "finish_reason": "stop",
      "extracted_answer": "26",
      "prompt_tokens": 134,
      "completion_tokens": 2924,
      "completed_thought_count": 6,
      "final_mean_pairwise_similarity": 0.7179262042045593,
      "final_internal_similarity": 0.11965436736742656,
      "pruned_count": 0
    }
  ],
  "pruned_chain_details": [],
  "error_chain_details": []
}