{
  "iteration": 19,
  "question_id": "index_18",
  "status": "SUCCESS",
  "n_chains_start": 8,
  "n_chains_completed_stream_for_voting": 2,
  "n_chains_pruned": 6,
  "n_chains_error": 0,
  "similarity_threshold": 0.98,
  "num_steps_to_delay_pruning": 20,
  "correct_answer_reference": "\\frac{4}{9}",
  "individual_answers_final": [
    "\\dfrac{1}{2}",
    "\\dfrac{1}{3}"
  ],
  "voted_answer": "\\dfrac{1}{3}",
  "final_score": 0,
  "processing_duration_sec": 393.32924914360046,
  "total_analysis_intervals": 64,
  "avg_kv_cache_usage": 0.12091605682963337,
  "max_kv_cache_usage": 0.3401330045580214,
  "usage_aggregated": {
    "prompt_tokens": 27792,
    "total_completion_tokens_across_all_started_chains": 88837
  },
  "chains_for_voting_details": [
    {
      "chain_index": 3,
      "finish_reason": "stop",
      "extracted_answer": "\\dfrac{1}{2}",
      "prompt_tokens": 90,
      "completion_tokens": 17887,
      "completed_thought_count": 101,
      "final_mean_pairwise_similarity": 0.4143431484699249,
      "final_internal_similarity": 0.004102407410593316,
      "pruned_count": 0
    },
    {
      "chain_index": 8,
      "finish_reason": "stop",
      "extracted_answer": "\\dfrac{1}{3}",
      "prompt_tokens": 90,
      "completion_tokens": 9612,
      "completed_thought_count": 130,
      "final_mean_pairwise_similarity": 0.4649021327495575,
      "final_internal_similarity": 0.003576170251919673,
      "pruned_count": 6
    }
  ],
  "pruned_chain_details": [
    {
      "chain_index": 1,
      "finish_reason": "worker_terminated_unexpectedly",
      "completion_tokens": 9123,
      "completed_thought_count": 106,
      "full_text_len": 40848,
      "pruned_at_step": 59,
      "pruned_by_chain_id": "q19_c8",
      "initial_pruned_count": 0
    },
    {
      "chain_index": 2,
      "finish_reason": "worker_terminated_unexpectedly",
      "completion_tokens": 8996,
      "completed_thought_count": 112,
      "full_text_len": 40196,
      "pruned_at_step": 57,
      "pruned_by_chain_id": "q19_c8",
      "initial_pruned_count": 0
    },
    {
      "chain_index": 4,
      "finish_reason": "worker_terminated_unexpectedly",
      "completion_tokens": 9122,
      "completed_thought_count": 104,
      "full_text_len": 35100,
      "pruned_at_step": 59,
      "pruned_by_chain_id": "q19_c6",
      "initial_pruned_count": 0
    },
    {
      "chain_index": 5,
      "finish_reason": "worker_terminated_unexpectedly",
      "completion_tokens": 9122,
      "completed_thought_count": 97,
      "full_text_len": 36410,
      "pruned_at_step": 59,
      "pruned_by_chain_id": "q19_c6",
      "initial_pruned_count": 0
    },
    {
      "chain_index": 6,
      "finish_reason": "worker_terminated_unexpectedly",
      "completion_tokens": 9122,
      "completed_thought_count": 134,
      "full_text_len": 38656,
      "pruned_at_step": 59,
      "pruned_by_chain_id": "q19_c7",
      "initial_pruned_count": 2
    },
    {
      "chain_index": 7,
      "finish_reason": "worker_terminated_unexpectedly",
      "completion_tokens": 9122,
      "completed_thought_count": 135,
      "full_text_len": 39862,
      "pruned_at_step": 59,
      "pruned_by_chain_id": "q19_c8",
      "initial_pruned_count": 3
    }
  ],
  "error_chain_details": [],
  "llm_tie_break_performed": true,
  "llm_tie_break_prompt_tokens": 27702,
  "llm_tie_break_completion_tokens": 6731,
  "llm_tie_break_response_text": "\n\nThe probability that a line passing through two randomly selected points inside a regular hexagon intersects a pair of opposite edges is \\boxed{\\dfrac{1}{3}}."
}