{
  "iteration": 4,
  "question_id": "index_3",
  "status": "SUCCESS",
  "n_chains_start": 8,
  "n_chains_completed_stream_for_voting": 8,
  "n_chains_pruned": 0,
  "n_chains_error": 0,
  "similarity_threshold": 0.98,
  "num_steps_to_delay_pruning": 20,
  "correct_answer_reference": "-984",
  "individual_answers_final": [
    "-984",
    "-984",
    "-984",
    "-982",
    "-983",
    "-984",
    "-1970",
    "-983"
  ],
  "voted_answer": "-984",
  "final_score": 1,
  "processing_duration_sec": 357.1152217388153,
  "total_analysis_intervals": 100,
  "avg_kv_cache_usage": 0.1811455148084146,
  "max_kv_cache_usage": 0.3054621534782933,
  "usage_aggregated": {
    "prompt_tokens": 118,
    "total_completion_tokens_across_all_started_chains": 95256
  },
  "chains_for_voting_details": [
    {
      "chain_index": 1,
      "finish_reason": "stop",
      "extracted_answer": "-984",
      "prompt_tokens": 118,
      "completion_tokens": 13630,
      "completed_thought_count": 76,
      "final_mean_pairwise_similarity": 0.5074361562728882,
      "final_internal_similarity": 0.006676791529906423,
      "pruned_count": 0
    },
    {
      "chain_index": 2,
      "finish_reason": "stop",
      "extracted_answer": "-984",
      "prompt_tokens": 118,
      "completion_tokens": 10124,
      "completed_thought_count": 52,
      "final_mean_pairwise_similarity": 0.5021214485168457,
      "final_internal_similarity": 0.009656181702247033,
      "pruned_count": 0
    },
    {
      "chain_index": 3,
      "finish_reason": "stop",
      "extracted_answer": "-984",
      "prompt_tokens": 118,
      "completion_tokens": 6577,
      "completed_thought_count": 30,
      "final_mean_pairwise_similarity": 0.5662707686424255,
      "final_internal_similarity": 0.01887569228808085,
      "pruned_count": 0
    },
    {
      "chain_index": 4,
      "finish_reason": "stop",
      "extracted_answer": "-982",
      "prompt_tokens": 118,
      "completion_tokens": 15752,
      "completed_thought_count": 76,
      "final_mean_pairwise_similarity": 0.5546914935112,
      "final_internal_similarity": 0.007298572283042104,
      "pruned_count": 0
    },
    {
      "chain_index": 5,
      "finish_reason": "stop",
      "extracted_answer": "-983",
      "prompt_tokens": 118,
      "completion_tokens": 12599,
      "completed_thought_count": 69,
      "final_mean_pairwise_similarity": 0.5531156063079834,
      "final_internal_similarity": 0.008016168207362078,
      "pruned_count": 0
    },
    {
      "chain_index": 6,
      "finish_reason": "stop",
      "extracted_answer": "-984",
      "prompt_tokens": 118,
      "completion_tokens": 13093,
      "completed_thought_count": 74,
      "final_mean_pairwise_similarity": 0.51198410987854,
      "final_internal_similarity": 0.006918704187547839,
      "pruned_count": 0
    },
    {
      "chain_index": 7,
      "finish_reason": "stop",
      "extracted_answer": "-1970",
      "prompt_tokens": 118,
      "completion_tokens": 9215,
      "completed_thought_count": 42,
      "final_mean_pairwise_similarity": 0.5128084421157837,
      "final_internal_similarity": 0.012209724812280564,
      "pruned_count": 0
    },
    {
      "chain_index": 8,
      "finish_reason": "stop",
      "extracted_answer": "-983",
      "prompt_tokens": 118,
      "completion_tokens": 14266,
      "completed_thought_count": 95,
      "final_mean_pairwise_similarity": 0.49790000915527344,
      "final_internal_similarity": 0.0052410527279502465,
      "pruned_count": 0
    }
  ],
  "pruned_chain_details": [],
  "error_chain_details": []
}