{
  "iteration": 15,
  "question_id": "index_14",
  "status": "SUCCESS",
  "n_chains_start": 8,
  "n_chains_completed_stream_for_voting": 3,
  "n_chains_pruned": 5,
  "n_chains_error": 0,
  "similarity_threshold": 0.98,
  "num_steps_to_delay_pruning": 20,
  "correct_answer_reference": "200",
  "individual_answers_final": [
    "120",
    "120",
    "202"
  ],
  "voted_answer": "120",
  "final_score": 0,
  "processing_duration_sec": 101.34149503707886,
  "total_analysis_intervals": 28,
  "avg_kv_cache_usage": 0.05671541306177122,
  "max_kv_cache_usage": 0.1183591123066577,
  "usage_aggregated": {
    "prompt_tokens": 144,
    "total_completion_tokens_across_all_started_chains": 30853
  },
  "chains_for_voting_details": [
    {
      "chain_index": 5,
      "finish_reason": "stop",
      "extracted_answer": "120",
      "prompt_tokens": 144,
      "completion_tokens": 3151,
      "completed_thought_count": 28,
      "final_mean_pairwise_similarity": 0.5872581601142883,
      "final_internal_similarity": 0.020973505718367442,
      "pruned_count": 0
    },
    {
      "chain_index": 7,
      "finish_reason": "stop",
      "extracted_answer": "120",
      "prompt_tokens": 144,
      "completion_tokens": 3018,
      "completed_thought_count": 30,
      "final_mean_pairwise_similarity": 0.518570601940155,
      "final_internal_similarity": 0.0172856867313385,
      "pruned_count": 0
    },
    {
      "chain_index": 8,
      "finish_reason": "stop",
      "extracted_answer": "202",
      "prompt_tokens": 144,
      "completion_tokens": 5452,
      "completed_thought_count": 46,
      "final_mean_pairwise_similarity": 0.5416387319564819,
      "final_internal_similarity": 0.011774755042532215,
      "pruned_count": 5
    }
  ],
  "pruned_chain_details": [
    {
      "chain_index": 1,
      "finish_reason": "worker_terminated_unexpectedly",
      "completion_tokens": 3986,
      "completed_thought_count": 38,
      "full_text_len": 15136,
      "pruned_at_step": 27,
      "pruned_by_chain_id": "q15_c8",
      "initial_pruned_count": 1
    },
    {
      "chain_index": 2,
      "finish_reason": "worker_terminated_unexpectedly",
      "completion_tokens": 3986,
      "completed_thought_count": 34,
      "full_text_len": 15310,
      "pruned_at_step": 27,
      "pruned_by_chain_id": "q15_c8",
      "initial_pruned_count": 1
    },
    {
      "chain_index": 3,
      "finish_reason": "worker_terminated_unexpectedly",
      "completion_tokens": 3807,
      "completed_thought_count": 35,
      "full_text_len": 15515,
      "pruned_at_step": 25,
      "pruned_by_chain_id": "q15_c1",
      "initial_pruned_count": 0
    },
    {
      "chain_index": 4,
      "finish_reason": "worker_terminated_unexpectedly",
      "completion_tokens": 3807,
      "completed_thought_count": 42,
      "full_text_len": 15876,
      "pruned_at_step": 25,
      "pruned_by_chain_id": "q15_c2",
      "initial_pruned_count": 0
    },
    {
      "chain_index": 6,
      "finish_reason": "worker_terminated_unexpectedly",
      "completion_tokens": 3646,
      "completed_thought_count": 42,
      "full_text_len": 14837,
      "pruned_at_step": 23,
      "pruned_by_chain_id": "q15_c8",
      "initial_pruned_count": 0
    }
  ],
  "error_chain_details": []
}