{
  "iteration": 24,
  "question_id": "index_23",
  "status": "SUCCESS",
  "n_chains_start": 8,
  "n_chains_completed_stream_for_voting": 8,
  "n_chains_pruned": 0,
  "n_chains_error": 0,
  "similarity_threshold": 0.98,
  "num_steps_to_delay_pruning": 20,
  "correct_answer_reference": "20",
  "individual_answers_final": [
    "25",
    "100",
    "100",
    "25",
    "25",
    "100",
    "100",
    "1"
  ],
  "voted_answer": "100",
  "final_score": 0,
  "processing_duration_sec": 372.7085225582123,
  "total_analysis_intervals": 100,
  "avg_kv_cache_usage": 0.21888159836450743,
  "max_kv_cache_usage": 0.3802585369498618,
  "usage_aggregated": {
    "prompt_tokens": 677,
    "total_completion_tokens_across_all_started_chains": 103939
  },
  "chains_for_voting_details": [
    {
      "chain_index": 1,
      "finish_reason": "stop",
      "extracted_answer": "25",
      "prompt_tokens": 677,
      "completion_tokens": 15523,
      "completed_thought_count": 82,
      "final_mean_pairwise_similarity": 0.648071825504303,
      "final_internal_similarity": 0.007903314945174426,
      "pruned_count": 0
    },
    {
      "chain_index": 2,
      "finish_reason": "stop",
      "extracted_answer": "100",
      "prompt_tokens": 677,
      "completion_tokens": 11549,
      "completed_thought_count": 93,
      "final_mean_pairwise_similarity": 0.5286698937416077,
      "final_internal_similarity": 0.00568462251335062,
      "pruned_count": 0
    },
    {
      "chain_index": 3,
      "finish_reason": "stop",
      "extracted_answer": "100",
      "prompt_tokens": 677,
      "completion_tokens": 10946,
      "completed_thought_count": 64,
      "final_mean_pairwise_similarity": 0.6104428768157959,
      "final_internal_similarity": 0.009538169950246811,
      "pruned_count": 0
    },
    {
      "chain_index": 4,
      "finish_reason": "stop",
      "extracted_answer": "25",
      "prompt_tokens": 677,
      "completion_tokens": 12473,
      "completed_thought_count": 76,
      "final_mean_pairwise_similarity": 0.6475897431373596,
      "final_internal_similarity": 0.008520917672859995,
      "pruned_count": 0
    },
    {
      "chain_index": 5,
      "finish_reason": "stop",
      "extracted_answer": "25",
      "prompt_tokens": 677,
      "completion_tokens": 14329,
      "completed_thought_count": 80,
      "final_mean_pairwise_similarity": 0.57416170835495,
      "final_internal_similarity": 0.007177021354436874,
      "pruned_count": 0
    },
    {
      "chain_index": 6,
      "finish_reason": "stop",
      "extracted_answer": "100",
      "prompt_tokens": 677,
      "completion_tokens": 13546,
      "completed_thought_count": 82,
      "final_mean_pairwise_similarity": 0.614805281162262,
      "final_internal_similarity": 0.007497625380027585,
      "pruned_count": 0
    },
    {
      "chain_index": 7,
      "finish_reason": "stop",
      "extracted_answer": "100",
      "prompt_tokens": 677,
      "completion_tokens": 9220,
      "completed_thought_count": 50,
      "final_mean_pairwise_similarity": 0.5929187536239624,
      "final_internal_similarity": 0.011858375072479247,
      "pruned_count": 0
    },
    {
      "chain_index": 8,
      "finish_reason": "stop",
      "extracted_answer": "1",
      "prompt_tokens": 677,
      "completion_tokens": 16353,
      "completed_thought_count": 76,
      "final_mean_pairwise_similarity": 0.541106104850769,
      "final_internal_similarity": 0.007119817169089066,
      "pruned_count": 0
    }
  ],
  "pruned_chain_details": [],
  "error_chain_details": []
}