{
  "iteration": 10,
  "question_id": "index_9",
  "status": "SUCCESS",
  "n_chains_start": 8,
  "n_chains_completed_stream_for_voting": 8,
  "n_chains_pruned": 0,
  "n_chains_error": 0,
  "similarity_threshold": 0.98,
  "num_steps_to_delay_pruning": 20,
  "correct_answer_reference": "\\frac{-1+\\sqrt{17}}{2}, \\frac{-1-\\sqrt{17}}{2}",
  "individual_answers_final": [
    "4 - 5\\sqrt[3]{2} \\omega",
    "-4",
    "-3",
    "-3",
    "2",
    "3 - 3\\sqrt{2}",
    "\\dfrac{-1 + \\sqrt{17}}{2}, \\dfrac{-1 - \\sqrt{17}}{2}",
    "-4"
  ],
  "voted_answer": "-4",
  "final_score": 0,
  "processing_duration_sec": 789.9376873970032,
  "total_analysis_intervals": 100,
  "avg_kv_cache_usage": 0.3584874512269465,
  "max_kv_cache_usage": 0.6169020399013674,
  "usage_aggregated": {
    "prompt_tokens": 104723,
    "total_completion_tokens_across_all_started_chains": 186570
  },
  "chains_for_voting_details": [
    {
      "chain_index": 1,
      "finish_reason": "stop",
      "extracted_answer": "4 - 5\\sqrt[3]{2} \\omega",
      "prompt_tokens": 141,
      "completion_tokens": 29925,
      "completed_thought_count": 52,
      "final_mean_pairwise_similarity": 0.4087319076061249,
      "final_internal_similarity": 0.007860228992425479,
      "pruned_count": 0
    },
    {
      "chain_index": 2,
      "finish_reason": "stop",
      "extracted_answer": "-4",
      "prompt_tokens": 141,
      "completion_tokens": 31161,
      "completed_thought_count": 42,
      "final_mean_pairwise_similarity": 0.45860424637794495,
      "final_internal_similarity": 0.010919148723284403,
      "pruned_count": 0
    },
    {
      "chain_index": 3,
      "finish_reason": "stop",
      "extracted_answer": "-3",
      "prompt_tokens": 141,
      "completion_tokens": 21867,
      "completed_thought_count": 62,
      "final_mean_pairwise_similarity": 0.4576164782047272,
      "final_internal_similarity": 0.007380910938785922,
      "pruned_count": 0
    },
    {
      "chain_index": 4,
      "finish_reason": "stop",
      "extracted_answer": "-3",
      "prompt_tokens": 141,
      "completion_tokens": 25279,
      "completed_thought_count": 41,
      "final_mean_pairwise_similarity": 0.5035216212272644,
      "final_internal_similarity": 0.012281015151884497,
      "pruned_count": 0
    },
    {
      "chain_index": 5,
      "finish_reason": "stop",
      "extracted_answer": "2",
      "prompt_tokens": 141,
      "completion_tokens": 13715,
      "completed_thought_count": 38,
      "final_mean_pairwise_similarity": 0.4572443962097168,
      "final_internal_similarity": 0.012032747268676758,
      "pruned_count": 0
    },
    {
      "chain_index": 6,
      "finish_reason": "stop",
      "extracted_answer": "3 - 3\\sqrt{2}",
      "prompt_tokens": 141,
      "completion_tokens": 27570,
      "completed_thought_count": 42,
      "final_mean_pairwise_similarity": 0.454050749540329,
      "final_internal_similarity": 0.010810732131912595,
      "pruned_count": 0
    },
    {
      "chain_index": 7,
      "finish_reason": "stop",
      "extracted_answer": "\\dfrac{-1 + \\sqrt{17}}{2}, \\dfrac{-1 - \\sqrt{17}}{2}",
      "prompt_tokens": 141,
      "completion_tokens": 10899,
      "completed_thought_count": 50,
      "final_mean_pairwise_similarity": 0.5195600390434265,
      "final_internal_similarity": 0.010391200780868531,
      "pruned_count": 0
    },
    {
      "chain_index": 8,
      "finish_reason": "stop",
      "extracted_answer": "-4",
      "prompt_tokens": 141,
      "completion_tokens": 26040,
      "completed_thought_count": 65,
      "final_mean_pairwise_similarity": 0.43617695569992065,
      "final_internal_similarity": 0.006710414703075702,
      "pruned_count": 0
    }
  ],
  "pruned_chain_details": [],
  "error_chain_details": [],
  "llm_tie_break_performed": true,
  "llm_tie_break_prompt_tokens": 104582,
  "llm_tie_break_completion_tokens": 114,
  "llm_tie_break_response_text": "\n\nThe two possible values of \\( a + b + c \\) are \\(\\boxed{3}\\) and \\(\\boxed{-4}\\)."
}