{
  "iteration": 17,
  "question_id": "index_16",
  "status": "SUCCESS",
  "n_chains_start": 8,
  "n_chains_completed_stream_for_voting": 8,
  "n_chains_pruned": 0,
  "n_chains_error": 0,
  "similarity_threshold": 0.98,
  "num_steps_to_delay_pruning": 20,
  "correct_answer_reference": "2^{25} \\cdot 26!",
  "individual_answers_final": [
    "2 \\times 26!",
    "2 \\times 26!",
    "(26!)^3",
    "26!",
    "(26!)^3",
    "26!",
    "(26!)^3",
    "2 \\times 26!"
  ],
  "voted_answer": "2 \\times 26!",
  "final_score": 0,
  "processing_duration_sec": 366.94333148002625,
  "total_analysis_intervals": 100,
  "avg_kv_cache_usage": 0.13784747058216215,
  "max_kv_cache_usage": 0.2205783456624075,
  "usage_aggregated": {
    "prompt_tokens": 63933,
    "total_completion_tokens_across_all_started_chains": 82203
  },
  "chains_for_voting_details": [
    {
      "chain_index": 1,
      "finish_reason": "stop",
      "extracted_answer": "2 \\times 26!",
      "prompt_tokens": 142,
      "completion_tokens": 7723,
      "completed_thought_count": 69,
      "final_mean_pairwise_similarity": 0.5479179620742798,
      "final_internal_similarity": 0.007940840030062025,
      "pruned_count": 0
    },
    {
      "chain_index": 2,
      "finish_reason": "stop",
      "extracted_answer": "2 \\times 26!",
      "prompt_tokens": 142,
      "completion_tokens": 6584,
      "completed_thought_count": 52,
      "final_mean_pairwise_similarity": 0.6226028800010681,
      "final_internal_similarity": 0.01197313230771285,
      "pruned_count": 0
    },
    {
      "chain_index": 3,
      "finish_reason": "stop",
      "extracted_answer": "(26!)^3",
      "prompt_tokens": 142,
      "completion_tokens": 13116,
      "completed_thought_count": 139,
      "final_mean_pairwise_similarity": 0.5914817452430725,
      "final_internal_similarity": 0.004255264354266709,
      "pruned_count": 0
    },
    {
      "chain_index": 4,
      "finish_reason": "stop",
      "extracted_answer": "26!",
      "prompt_tokens": 142,
      "completion_tokens": 9685,
      "completed_thought_count": 100,
      "final_mean_pairwise_similarity": 0.6004265546798706,
      "final_internal_similarity": 0.006004265546798706,
      "pruned_count": 0
    },
    {
      "chain_index": 5,
      "finish_reason": "stop",
      "extracted_answer": "(26!)^3",
      "prompt_tokens": 142,
      "completion_tokens": 5564,
      "completed_thought_count": 44,
      "final_mean_pairwise_similarity": 0.5704362988471985,
      "final_internal_similarity": 0.012964461337436329,
      "pruned_count": 0
    },
    {
      "chain_index": 6,
      "finish_reason": "stop",
      "extracted_answer": "26!",
      "prompt_tokens": 142,
      "completion_tokens": 8570,
      "completed_thought_count": 60,
      "final_mean_pairwise_similarity": 0.632780909538269,
      "final_internal_similarity": 0.010546348492304484,
      "pruned_count": 0
    },
    {
      "chain_index": 7,
      "finish_reason": "stop",
      "extracted_answer": "(26!)^3",
      "prompt_tokens": 142,
      "completion_tokens": 16347,
      "completed_thought_count": 128,
      "final_mean_pairwise_similarity": 0.5250646471977234,
      "final_internal_similarity": 0.004102067556232214,
      "pruned_count": 0
    },
    {
      "chain_index": 8,
      "finish_reason": "stop",
      "extracted_answer": "2 \\times 26!",
      "prompt_tokens": 142,
      "completion_tokens": 14152,
      "completed_thought_count": 126,
      "final_mean_pairwise_similarity": 0.5905073285102844,
      "final_internal_similarity": 0.004686566099287972,
      "pruned_count": 0
    }
  ],
  "pruned_chain_details": [],
  "error_chain_details": [],
  "llm_tie_break_performed": true,
  "llm_tie_break_prompt_tokens": 63791,
  "llm_tie_break_completion_tokens": 462,
  "llm_tie_break_response_text": "\n\nTo solve the problem of arranging 3 copies of each of the 26 lowercase letters such that for any two distinct letters \\( x_1 \\) and \\( x_2 \\), the number of \\( x_2 \\)'s between the first and second occurrences of \\( x_1 \\) equals the number of \\( x_2 \\)'s between the second and third occurrences of \\( x_1 \\), we need to consider the structure of valid arrangements.\n\n### Key Steps and Reasoning:\n\n1. **Understanding the Condition**: The condition requires that for any two distinct letters \\( x_1 \\) and \\( x_2 \\), the number of \\( x_2 \\)'s between the first and second occurrences of \\( x_1 \\) must equal the number between the second and third occurrences of \\( x_1 \\).\n\n2. **Interleaved Arrangements**: The arrangement can be formed by repeating a base permutation of all 26 letters three times. This ensures that between any two occurrences of a letter, the number of any other letter is consistent. The number of such arrangements is \\( 26! \\).\n\n3. **Consecutive Arrangements**: Each letter's three copies are consecutive, and the blocks of letters are arranged in any order. The number of such arrangements is also \\( 26! \\).\n\n4. **Total Arrangements**: Since these two types of arrangements are distinct and there are no overlaps, the total number of valid arrangements is the sum of the two:\n\n\\[\n26! + 26! = 2 \\times 26!\n\\]\n\n### Final Answer:\n\\[\n\\boxed{2 \\times 26!}\n\\]"
}