{
  "iteration": 25,
  "question_id": "index_24",
  "status": "SUCCESS",
  "n_chains_start": 8,
  "n_chains_completed_stream_for_voting": 1,
  "n_chains_pruned": 7,
  "n_chains_error": 0,
  "similarity_threshold": 0.98,
  "num_steps_to_delay_pruning": 20,
  "correct_answer_reference": "\\sqrt{23}-2 \\sqrt{3}",
  "individual_answers_final": [
    "1"
  ],
  "voted_answer": "1",
  "final_score": 0,
  "processing_duration_sec": 376.84414196014404,
  "total_analysis_intervals": 68,
  "avg_kv_cache_usage": 0.12448143867342377,
  "max_kv_cache_usage": 0.3419263244414555,
  "usage_aggregated": {
    "prompt_tokens": 146,
    "total_completion_tokens_across_all_started_chains": 81579
  },
  "chains_for_voting_details": [
    {
      "chain_index": 8,
      "finish_reason": "stop",
      "extracted_answer": "1",
      "prompt_tokens": 146,
      "completion_tokens": 17116,
      "completed_thought_count": 50,
      "final_mean_pairwise_similarity": 0.4255402088165283,
      "final_internal_similarity": 0.008510804176330567,
      "pruned_count": 7
    }
  ],
  "pruned_chain_details": [
    {
      "chain_index": 1,
      "finish_reason": "worker_terminated_unexpectedly",
      "completion_tokens": 9120,
      "completed_thought_count": 40,
      "full_text_len": 23170,
      "pruned_at_step": 61,
      "pruned_by_chain_id": "q25_c8",
      "initial_pruned_count": 0
    },
    {
      "chain_index": 2,
      "finish_reason": "worker_terminated_unexpectedly",
      "completion_tokens": 9371,
      "completed_thought_count": 77,
      "full_text_len": 28480,
      "pruned_at_step": 65,
      "pruned_by_chain_id": "q25_c8",
      "initial_pruned_count": 4
    },
    {
      "chain_index": 3,
      "finish_reason": "worker_terminated_unexpectedly",
      "completion_tokens": 9119,
      "completed_thought_count": 61,
      "full_text_len": 25259,
      "pruned_at_step": 61,
      "pruned_by_chain_id": "q25_c2",
      "initial_pruned_count": 0
    },
    {
      "chain_index": 4,
      "finish_reason": "worker_terminated_unexpectedly",
      "completion_tokens": 9119,
      "completed_thought_count": 40,
      "full_text_len": 23634,
      "pruned_at_step": 61,
      "pruned_by_chain_id": "q25_c2",
      "initial_pruned_count": 0
    },
    {
      "chain_index": 5,
      "finish_reason": "worker_terminated_unexpectedly",
      "completion_tokens": 9498,
      "completed_thought_count": 65,
      "full_text_len": 26071,
      "pruned_at_step": 67,
      "pruned_by_chain_id": "q25_c8",
      "initial_pruned_count": 0
    },
    {
      "chain_index": 6,
      "finish_reason": "worker_terminated_unexpectedly",
      "completion_tokens": 8996,
      "completed_thought_count": 59,
      "full_text_len": 25804,
      "pruned_at_step": 59,
      "pruned_by_chain_id": "q25_c2",
      "initial_pruned_count": 0
    },
    {
      "chain_index": 7,
      "finish_reason": "worker_terminated_unexpectedly",
      "completion_tokens": 9240,
      "completed_thought_count": 74,
      "full_text_len": 28567,
      "pruned_at_step": 63,
      "pruned_by_chain_id": "q25_c2",
      "initial_pruned_count": 0
    }
  ],
  "error_chain_details": []
}