{
  "iteration": 30,
  "question_id": "index_29",
  "status": "SUCCESS",
  "n_chains_start": 8,
  "n_chains_completed_stream_for_voting": 1,
  "n_chains_pruned": 7,
  "n_chains_error": 0,
  "similarity_threshold": 0.98,
  "num_steps_to_delay_pruning": 20,
  "correct_answer_reference": "\\sqrt{\\frac{95}{24}}",
  "individual_answers_final": [
    "\\dfrac{\\sqrt{11110}}{2}"
  ],
  "voted_answer": "\\dfrac{\\sqrt{11110}}{2}",
  "final_score": 0,
  "processing_duration_sec": 430.23157501220703,
  "total_analysis_intervals": 47,
  "avg_kv_cache_usage": 0.08621883378331799,
  "max_kv_cache_usage": 0.2510647836807891,
  "usage_aggregated": {
    "prompt_tokens": 115,
    "total_completion_tokens_across_all_started_chains": 66420
  },
  "chains_for_voting_details": [
    {
      "chain_index": 1,
      "finish_reason": "stop",
      "extracted_answer": "\\dfrac{\\sqrt{11110}}{2}",
      "prompt_tokens": 115,
      "completion_tokens": 18853,
      "completed_thought_count": 101,
      "final_mean_pairwise_similarity": 0.4739592373371124,
      "final_internal_similarity": 0.004692665716209034,
      "pruned_count": 7
    }
  ],
  "pruned_chain_details": [
    {
      "chain_index": 2,
      "finish_reason": "worker_terminated_unexpectedly",
      "completion_tokens": 6743,
      "completed_thought_count": 73,
      "full_text_len": 23901,
      "pruned_at_step": 42,
      "pruned_by_chain_id": "q30_c6",
      "initial_pruned_count": 0
    },
    {
      "chain_index": 3,
      "finish_reason": "worker_terminated_unexpectedly",
      "completion_tokens": 6742,
      "completed_thought_count": 58,
      "full_text_len": 21928,
      "pruned_at_step": 42,
      "pruned_by_chain_id": "q30_c6",
      "initial_pruned_count": 0
    },
    {
      "chain_index": 4,
      "finish_reason": "worker_terminated_unexpectedly",
      "completion_tokens": 7270,
      "completed_thought_count": 54,
      "full_text_len": 22438,
      "pruned_at_step": 46,
      "pruned_by_chain_id": "q30_c1",
      "initial_pruned_count": 0
    },
    {
      "chain_index": 5,
      "finish_reason": "worker_terminated_unexpectedly",
      "completion_tokens": 6742,
      "completed_thought_count": 69,
      "full_text_len": 26635,
      "pruned_at_step": 42,
      "pruned_by_chain_id": "q30_c1",
      "initial_pruned_count": 0
    },
    {
      "chain_index": 6,
      "finish_reason": "worker_terminated_unexpectedly",
      "completion_tokens": 6742,
      "completed_thought_count": 84,
      "full_text_len": 26209,
      "pruned_at_step": 42,
      "pruned_by_chain_id": "q30_c8",
      "initial_pruned_count": 2
    },
    {
      "chain_index": 7,
      "finish_reason": "worker_terminated_unexpectedly",
      "completion_tokens": 6586,
      "completed_thought_count": 82,
      "full_text_len": 24448,
      "pruned_at_step": 40,
      "pruned_by_chain_id": "q30_c1",
      "initial_pruned_count": 0
    },
    {
      "chain_index": 8,
      "finish_reason": "worker_terminated_unexpectedly",
      "completion_tokens": 6742,
      "completed_thought_count": 72,
      "full_text_len": 23953,
      "pruned_at_step": 42,
      "pruned_by_chain_id": "q30_c1",
      "initial_pruned_count": 3
    }
  ],
  "error_chain_details": []
}