{
  "iteration": 8,
  "question_id": "index_7",
  "status": "SUCCESS",
  "n_chains_start": 8,
  "n_chains_completed_stream_for_voting": 8,
  "n_chains_pruned": 0,
  "n_chains_error": 0,
  "similarity_threshold": 0.98,
  "num_steps_to_delay_pruning": 20,
  "correct_answer_reference": "1-\\frac{2}{\\pi}",
  "individual_answers_final": [
    "1 - \\dfrac{2}{\\pi}",
    "\\dfrac{1}{e}",
    "1 - \\dfrac{2}{\\pi}",
    "1 - \\dfrac{2}{\\pi}",
    "\\dfrac{37}{100}",
    "\\dfrac{1}{e}",
    "\\dfrac{1}{2}",
    "1 - \\dfrac{2}{\\pi}"
  ],
  "voted_answer": "1 - \\dfrac{2}{\\pi}",
  "final_score": 1,
  "processing_duration_sec": 1090.8551197052002,
  "total_analysis_intervals": 100,
  "avg_kv_cache_usage": 0.18238186227750175,
  "max_kv_cache_usage": 0.3280280953448404,
  "usage_aggregated": {
    "prompt_tokens": 151,
    "total_completion_tokens_across_all_started_chains": 140659
  },
  "chains_for_voting_details": [
    {
      "chain_index": 1,
      "finish_reason": "stop",
      "extracted_answer": "1 - \\dfrac{2}{\\pi}",
      "prompt_tokens": 151,
      "completion_tokens": 45059,
      "completed_thought_count": 33,
      "final_mean_pairwise_similarity": 0.45649755001068115,
      "final_internal_similarity": 0.013833259091232761,
      "pruned_count": 0
    },
    {
      "chain_index": 2,
      "finish_reason": "stop",
      "extracted_answer": "\\dfrac{1}{e}",
      "prompt_tokens": 151,
      "completion_tokens": 13897,
      "completed_thought_count": 98,
      "final_mean_pairwise_similarity": 0.4312315881252289,
      "final_internal_similarity": 0.004400322327808458,
      "pruned_count": 0
    },
    {
      "chain_index": 3,
      "finish_reason": "stop",
      "extracted_answer": "1 - \\dfrac{2}{\\pi}",
      "prompt_tokens": 151,
      "completion_tokens": 9556,
      "completed_thought_count": 39,
      "final_mean_pairwise_similarity": 0.4226424992084503,
      "final_internal_similarity": 0.010836987159191033,
      "pruned_count": 0
    },
    {
      "chain_index": 4,
      "finish_reason": "stop",
      "extracted_answer": "1 - \\dfrac{2}{\\pi}",
      "prompt_tokens": 151,
      "completion_tokens": 7439,
      "completed_thought_count": 32,
      "final_mean_pairwise_similarity": 0.4237138032913208,
      "final_internal_similarity": 0.013241056352853775,
      "pruned_count": 0
    },
    {
      "chain_index": 5,
      "finish_reason": "stop",
      "extracted_answer": "\\dfrac{37}{100}",
      "prompt_tokens": 151,
      "completion_tokens": 17881,
      "completed_thought_count": 90,
      "final_mean_pairwise_similarity": 0.34698644280433655,
      "final_internal_similarity": 0.0038554049200481837,
      "pruned_count": 0
    },
    {
      "chain_index": 6,
      "finish_reason": "stop",
      "extracted_answer": "\\dfrac{1}{e}",
      "prompt_tokens": 151,
      "completion_tokens": 17111,
      "completed_thought_count": 86,
      "final_mean_pairwise_similarity": 0.3331220746040344,
      "final_internal_similarity": 0.003873512495395749,
      "pruned_count": 0
    },
    {
      "chain_index": 7,
      "finish_reason": "stop",
      "extracted_answer": "\\dfrac{1}{2}",
      "prompt_tokens": 151,
      "completion_tokens": 19898,
      "completed_thought_count": 76,
      "final_mean_pairwise_similarity": 0.4047226309776306,
      "final_internal_similarity": 0.005325297776021455,
      "pruned_count": 0
    },
    {
      "chain_index": 8,
      "finish_reason": "stop",
      "extracted_answer": "1 - \\dfrac{2}{\\pi}",
      "prompt_tokens": 151,
      "completion_tokens": 9818,
      "completed_thought_count": 40,
      "final_mean_pairwise_similarity": 0.4471375346183777,
      "final_internal_similarity": 0.011178438365459443,
      "pruned_count": 0
    }
  ],
  "pruned_chain_details": [],
  "error_chain_details": []
}