{
  "iteration": 22,
  "question_id": "index_21",
  "status": "SUCCESS",
  "n_chains_start": 8,
  "n_chains_completed_stream_for_voting": 8,
  "n_chains_pruned": 0,
  "n_chains_error": 0,
  "similarity_threshold": 0.98,
  "num_steps_to_delay_pruning": 20,
  "correct_answer_reference": "63",
  "individual_answers_final": [
    "63",
    "81 + 20\\sqrt{2}",
    "63",
    "63",
    "63",
    "63",
    "63",
    "63"
  ],
  "voted_answer": "63",
  "final_score": 1,
  "processing_duration_sec": 401.68419122695923,
  "total_analysis_intervals": 100,
  "avg_kv_cache_usage": 0.16426863965592703,
  "max_kv_cache_usage": 0.3527609654038706,
  "usage_aggregated": {
    "prompt_tokens": 135,
    "total_completion_tokens_across_all_started_chains": 96696
  },
  "chains_for_voting_details": [
    {
      "chain_index": 1,
      "finish_reason": "stop",
      "extracted_answer": "63",
      "prompt_tokens": 135,
      "completion_tokens": 10599,
      "completed_thought_count": 83,
      "final_mean_pairwise_similarity": 0.47233885526657104,
      "final_internal_similarity": 0.005690829581524952,
      "pruned_count": 0
    },
    {
      "chain_index": 2,
      "finish_reason": "stop",
      "extracted_answer": "81 + 20\\sqrt{2}",
      "prompt_tokens": 135,
      "completion_tokens": 18072,
      "completed_thought_count": 113,
      "final_mean_pairwise_similarity": 0.4355458617210388,
      "final_internal_similarity": 0.0038543881568233523,
      "pruned_count": 0
    },
    {
      "chain_index": 3,
      "finish_reason": "stop",
      "extracted_answer": "63",
      "prompt_tokens": 135,
      "completion_tokens": 6511,
      "completed_thought_count": 52,
      "final_mean_pairwise_similarity": 0.4978768527507782,
      "final_internal_similarity": 0.009574554860591888,
      "pruned_count": 0
    },
    {
      "chain_index": 4,
      "finish_reason": "stop",
      "extracted_answer": "63",
      "prompt_tokens": 135,
      "completion_tokens": 11616,
      "completed_thought_count": 96,
      "final_mean_pairwise_similarity": 0.4637666940689087,
      "final_internal_similarity": 0.004830903063217799,
      "pruned_count": 0
    },
    {
      "chain_index": 5,
      "finish_reason": "stop",
      "extracted_answer": "63",
      "prompt_tokens": 135,
      "completion_tokens": 10711,
      "completed_thought_count": 82,
      "final_mean_pairwise_similarity": 0.4989829957485199,
      "final_internal_similarity": 0.006085158484738048,
      "pruned_count": 0
    },
    {
      "chain_index": 6,
      "finish_reason": "stop",
      "extracted_answer": "63",
      "prompt_tokens": 135,
      "completion_tokens": 12606,
      "completed_thought_count": 93,
      "final_mean_pairwise_similarity": 0.5028226375579834,
      "final_internal_similarity": 0.005406695027505198,
      "pruned_count": 0
    },
    {
      "chain_index": 7,
      "finish_reason": "stop",
      "extracted_answer": "63",
      "prompt_tokens": 135,
      "completion_tokens": 12693,
      "completed_thought_count": 101,
      "final_mean_pairwise_similarity": 0.4608757197856903,
      "final_internal_similarity": 0.004563125938472181,
      "pruned_count": 0
    },
    {
      "chain_index": 8,
      "finish_reason": "stop",
      "extracted_answer": "63",
      "prompt_tokens": 135,
      "completion_tokens": 13888,
      "completed_thought_count": 63,
      "final_mean_pairwise_similarity": 0.47776472568511963,
      "final_internal_similarity": 0.007583567074366978,
      "pruned_count": 0
    }
  ],
  "pruned_chain_details": [],
  "error_chain_details": []
}