{
  "iteration": 29,
  "question_id": "index_28",
  "status": "SUCCESS",
  "n_chains_start": 8,
  "n_chains_completed_stream_for_voting": 8,
  "n_chains_pruned": 0,
  "n_chains_error": 0,
  "similarity_threshold": 0.98,
  "num_steps_to_delay_pruning": 20,
  "correct_answer_reference": "14+4\\sqrt{37}",
  "individual_answers_final": [
    "25",
    "52",
    "10",
    "25",
    "34",
    "26",
    "26",
    "25"
  ],
  "voted_answer": "25",
  "final_score": 0,
  "processing_duration_sec": 745.0707025527954,
  "total_analysis_intervals": 100,
  "avg_kv_cache_usage": 0.32921653323155936,
  "max_kv_cache_usage": 0.666890831652096,
  "usage_aggregated": {
    "prompt_tokens": 134,
    "total_completion_tokens_across_all_started_chains": 177975
  },
  "chains_for_voting_details": [
    {
      "chain_index": 1,
      "finish_reason": "stop",
      "extracted_answer": "25",
      "prompt_tokens": 134,
      "completion_tokens": 20253,
      "completed_thought_count": 37,
      "final_mean_pairwise_similarity": 0.49143582582473755,
      "final_internal_similarity": 0.013282049346614528,
      "pruned_count": 0
    },
    {
      "chain_index": 2,
      "finish_reason": "stop",
      "extracted_answer": "52",
      "prompt_tokens": 134,
      "completion_tokens": 14790,
      "completed_thought_count": 52,
      "final_mean_pairwise_similarity": 0.4122162461280823,
      "final_internal_similarity": 0.007927235502463121,
      "pruned_count": 0
    },
    {
      "chain_index": 3,
      "finish_reason": "stop",
      "extracted_answer": "10",
      "prompt_tokens": 134,
      "completion_tokens": 22342,
      "completed_thought_count": 45,
      "final_mean_pairwise_similarity": 0.3717145323753357,
      "final_internal_similarity": 0.008260322941674126,
      "pruned_count": 0
    },
    {
      "chain_index": 4,
      "finish_reason": "stop",
      "extracted_answer": "25",
      "prompt_tokens": 134,
      "completion_tokens": 24161,
      "completed_thought_count": 37,
      "final_mean_pairwise_similarity": 0.40916913747787476,
      "final_internal_similarity": 0.011058625337239858,
      "pruned_count": 0
    },
    {
      "chain_index": 5,
      "finish_reason": "stop",
      "extracted_answer": "34",
      "prompt_tokens": 134,
      "completion_tokens": 20645,
      "completed_thought_count": 46,
      "final_mean_pairwise_similarity": 0.408629447221756,
      "final_internal_similarity": 0.00888324885264687,
      "pruned_count": 0
    },
    {
      "chain_index": 6,
      "finish_reason": "stop",
      "extracted_answer": "26",
      "prompt_tokens": 134,
      "completion_tokens": 24956,
      "completed_thought_count": 35,
      "final_mean_pairwise_similarity": 0.4528146982192993,
      "final_internal_similarity": 0.012937562806265695,
      "pruned_count": 0
    },
    {
      "chain_index": 7,
      "finish_reason": "stop",
      "extracted_answer": "26",
      "prompt_tokens": 134,
      "completion_tokens": 21513,
      "completed_thought_count": 33,
      "final_mean_pairwise_similarity": 0.44393470883369446,
      "final_internal_similarity": 0.013452566934354378,
      "pruned_count": 0
    },
    {
      "chain_index": 8,
      "finish_reason": "stop",
      "extracted_answer": "25",
      "prompt_tokens": 134,
      "completion_tokens": 29315,
      "completed_thought_count": 41,
      "final_mean_pairwise_similarity": 0.41742709279060364,
      "final_internal_similarity": 0.010181148604648868,
      "pruned_count": 0
    }
  ],
  "pruned_chain_details": [],
  "error_chain_details": []
}