{
  "iteration": 9,
  "question_id": "index_8",
  "status": "SUCCESS",
  "n_chains_start": 8,
  "n_chains_completed_stream_for_voting": 8,
  "n_chains_pruned": 0,
  "n_chains_error": 0,
  "similarity_threshold": 0.98,
  "num_steps_to_delay_pruning": 20,
  "correct_answer_reference": "1037",
  "individual_answers_final": [
    "0",
    "1037",
    "992",
    "992",
    "1037",
    "1037",
    "1982",
    "1037"
  ],
  "voted_answer": "1037",
  "final_score": 1,
  "processing_duration_sec": 603.0328483581543,
  "total_analysis_intervals": 100,
  "avg_kv_cache_usage": 0.1578637232149044,
  "max_kv_cache_usage": 0.3274303220503624,
  "usage_aggregated": {
    "prompt_tokens": 238,
    "total_completion_tokens_across_all_started_chains": 106942
  },
  "chains_for_voting_details": [
    {
      "chain_index": 1,
      "finish_reason": "stop",
      "extracted_answer": "0",
      "prompt_tokens": 238,
      "completion_tokens": 25459,
      "completed_thought_count": 81,
      "final_mean_pairwise_similarity": 0.3896026313304901,
      "final_internal_similarity": 0.004809909028771483,
      "pruned_count": 0
    },
    {
      "chain_index": 2,
      "finish_reason": "stop",
      "extracted_answer": "1037",
      "prompt_tokens": 238,
      "completion_tokens": 11283,
      "completed_thought_count": 72,
      "final_mean_pairwise_similarity": 0.4758882522583008,
      "final_internal_similarity": 0.006609559059143066,
      "pruned_count": 0
    },
    {
      "chain_index": 3,
      "finish_reason": "stop",
      "extracted_answer": "992",
      "prompt_tokens": 238,
      "completion_tokens": 9962,
      "completed_thought_count": 54,
      "final_mean_pairwise_similarity": 0.44932353496551514,
      "final_internal_similarity": 0.008320806203065094,
      "pruned_count": 0
    },
    {
      "chain_index": 4,
      "finish_reason": "stop",
      "extracted_answer": "992",
      "prompt_tokens": 238,
      "completion_tokens": 15423,
      "completed_thought_count": 131,
      "final_mean_pairwise_similarity": 0.4252018928527832,
      "final_internal_similarity": 0.003245815975975444,
      "pruned_count": 0
    },
    {
      "chain_index": 5,
      "finish_reason": "stop",
      "extracted_answer": "1037",
      "prompt_tokens": 238,
      "completion_tokens": 7682,
      "completed_thought_count": 44,
      "final_mean_pairwise_similarity": 0.4176842272281647,
      "final_internal_similarity": 0.009492823346094652,
      "pruned_count": 0
    },
    {
      "chain_index": 6,
      "finish_reason": "stop",
      "extracted_answer": "1037",
      "prompt_tokens": 238,
      "completion_tokens": 17381,
      "completed_thought_count": 99,
      "final_mean_pairwise_similarity": 0.39993539452552795,
      "final_internal_similarity": 0.004039751459853818,
      "pruned_count": 0
    },
    {
      "chain_index": 7,
      "finish_reason": "stop",
      "extracted_answer": "1982",
      "prompt_tokens": 238,
      "completion_tokens": 9772,
      "completed_thought_count": 78,
      "final_mean_pairwise_similarity": 0.42063048481941223,
      "final_internal_similarity": 0.005392698523325798,
      "pruned_count": 0
    },
    {
      "chain_index": 8,
      "finish_reason": "stop",
      "extracted_answer": "1037",
      "prompt_tokens": 238,
      "completion_tokens": 9980,
      "completed_thought_count": 66,
      "final_mean_pairwise_similarity": 0.46382981538772583,
      "final_internal_similarity": 0.007027724475571604,
      "pruned_count": 0
    }
  ],
  "pruned_chain_details": [],
  "error_chain_details": []
}