{
  "iteration": 18,
  "question_id": "index_17",
  "status": "SUCCESS",
  "n_chains_start": 8,
  "n_chains_completed_stream_for_voting": 8,
  "n_chains_pruned": 0,
  "n_chains_error": 0,
  "similarity_threshold": 0.98,
  "num_steps_to_delay_pruning": 20,
  "correct_answer_reference": "\\frac{2025}{101}",
  "individual_answers_final": [
    "100",
    "1825",
    "\\dfrac{675}{67}",
    "\\dfrac{675}{67}",
    "1825",
    "1154",
    "609",
    "1825"
  ],
  "voted_answer": "1825",
  "final_score": 0,
  "processing_duration_sec": 325.8253037929535,
  "total_analysis_intervals": 100,
  "avg_kv_cache_usage": 0.1696538765447921,
  "max_kv_cache_usage": 0.3263842187850257,
  "usage_aggregated": {
    "prompt_tokens": 217,
    "total_completion_tokens_across_all_started_chains": 87389
  },
  "chains_for_voting_details": [
    {
      "chain_index": 1,
      "finish_reason": "stop",
      "extracted_answer": "100",
      "prompt_tokens": 217,
      "completion_tokens": 14513,
      "completed_thought_count": 164,
      "final_mean_pairwise_similarity": 0.470294713973999,
      "final_internal_similarity": 0.0028676506949634087,
      "pruned_count": 0
    },
    {
      "chain_index": 2,
      "finish_reason": "stop",
      "extracted_answer": "1825",
      "prompt_tokens": 217,
      "completion_tokens": 5575,
      "completed_thought_count": 56,
      "final_mean_pairwise_similarity": 0.506843090057373,
      "final_internal_similarity": 0.009050769465310233,
      "pruned_count": 0
    },
    {
      "chain_index": 3,
      "finish_reason": "stop",
      "extracted_answer": "\\dfrac{675}{67}",
      "prompt_tokens": 217,
      "completion_tokens": 9848,
      "completed_thought_count": 93,
      "final_mean_pairwise_similarity": 0.48377835750579834,
      "final_internal_similarity": 0.005201917822642993,
      "pruned_count": 0
    },
    {
      "chain_index": 4,
      "finish_reason": "stop",
      "extracted_answer": "\\dfrac{675}{67}",
      "prompt_tokens": 217,
      "completion_tokens": 10239,
      "completed_thought_count": 129,
      "final_mean_pairwise_similarity": 0.4829740822315216,
      "final_internal_similarity": 0.0037439851335776867,
      "pruned_count": 0
    },
    {
      "chain_index": 5,
      "finish_reason": "stop",
      "extracted_answer": "1825",
      "prompt_tokens": 217,
      "completion_tokens": 9767,
      "completed_thought_count": 127,
      "final_mean_pairwise_similarity": 0.44348105788230896,
      "final_internal_similarity": 0.0034919768337189684,
      "pruned_count": 0
    },
    {
      "chain_index": 6,
      "finish_reason": "stop",
      "extracted_answer": "1154",
      "prompt_tokens": 217,
      "completion_tokens": 14523,
      "completed_thought_count": 164,
      "final_mean_pairwise_similarity": 0.4394863545894623,
      "final_internal_similarity": 0.0026797948450576967,
      "pruned_count": 0
    },
    {
      "chain_index": 7,
      "finish_reason": "stop",
      "extracted_answer": "609",
      "prompt_tokens": 217,
      "completion_tokens": 12785,
      "completed_thought_count": 99,
      "final_mean_pairwise_similarity": 0.4894190728664398,
      "final_internal_similarity": 0.004943626998650907,
      "pruned_count": 0
    },
    {
      "chain_index": 8,
      "finish_reason": "stop",
      "extracted_answer": "1825",
      "prompt_tokens": 217,
      "completion_tokens": 10139,
      "completed_thought_count": 120,
      "final_mean_pairwise_similarity": 0.47964122891426086,
      "final_internal_similarity": 0.003997010240952174,
      "pruned_count": 0
    }
  ],
  "pruned_chain_details": [],
  "error_chain_details": []
}