{
  "iteration": 12,
  "question_id": "index_11",
  "status": "SUCCESS",
  "n_chains_start": 8,
  "n_chains_completed_stream_for_voting": 8,
  "n_chains_pruned": 0,
  "n_chains_error": 0,
  "similarity_threshold": 0.98,
  "num_steps_to_delay_pruning": 20,
  "correct_answer_reference": "29",
  "individual_answers_final": [
    "16",
    "18",
    "24",
    "16",
    "29",
    "14",
    "15",
    "20"
  ],
  "voted_answer": "16",
  "final_score": 0,
  "processing_duration_sec": 450.36439657211304,
  "total_analysis_intervals": 100,
  "avg_kv_cache_usage": 0.21336472694088496,
  "max_kv_cache_usage": 0.4017036538892625,
  "usage_aggregated": {
    "prompt_tokens": 142,
    "total_completion_tokens_across_all_started_chains": 115405
  },
  "chains_for_voting_details": [
    {
      "chain_index": 1,
      "finish_reason": "stop",
      "extracted_answer": "16",
      "prompt_tokens": 142,
      "completion_tokens": 13109,
      "completed_thought_count": 120,
      "final_mean_pairwise_similarity": 0.44971397519111633,
      "final_internal_similarity": 0.0037476164599259693,
      "pruned_count": 0
    },
    {
      "chain_index": 2,
      "finish_reason": "stop",
      "extracted_answer": "18",
      "prompt_tokens": 142,
      "completion_tokens": 19480,
      "completed_thought_count": 87,
      "final_mean_pairwise_similarity": 0.5247803926467896,
      "final_internal_similarity": 0.006031958536169995,
      "pruned_count": 0
    },
    {
      "chain_index": 3,
      "finish_reason": "stop",
      "extracted_answer": "24",
      "prompt_tokens": 142,
      "completion_tokens": 15123,
      "completed_thought_count": 112,
      "final_mean_pairwise_similarity": 0.5560997128486633,
      "final_internal_similarity": 0.004965176007577351,
      "pruned_count": 0
    },
    {
      "chain_index": 4,
      "finish_reason": "stop",
      "extracted_answer": "16",
      "prompt_tokens": 142,
      "completion_tokens": 10600,
      "completed_thought_count": 108,
      "final_mean_pairwise_similarity": 0.4531690180301666,
      "final_internal_similarity": 0.004196009426205246,
      "pruned_count": 0
    },
    {
      "chain_index": 5,
      "finish_reason": "stop",
      "extracted_answer": "29",
      "prompt_tokens": 142,
      "completion_tokens": 12057,
      "completed_thought_count": 100,
      "final_mean_pairwise_similarity": 0.5086625814437866,
      "final_internal_similarity": 0.005086625814437866,
      "pruned_count": 0
    },
    {
      "chain_index": 6,
      "finish_reason": "stop",
      "extracted_answer": "14",
      "prompt_tokens": 142,
      "completion_tokens": 11525,
      "completed_thought_count": 96,
      "final_mean_pairwise_similarity": 0.4690256118774414,
      "final_internal_similarity": 0.004885683457056682,
      "pruned_count": 0
    },
    {
      "chain_index": 7,
      "finish_reason": "stop",
      "extracted_answer": "15",
      "prompt_tokens": 142,
      "completion_tokens": 19364,
      "completed_thought_count": 169,
      "final_mean_pairwise_similarity": 0.4326006770133972,
      "final_internal_similarity": 0.002559767319605901,
      "pruned_count": 0
    },
    {
      "chain_index": 8,
      "finish_reason": "stop",
      "extracted_answer": "20",
      "prompt_tokens": 142,
      "completion_tokens": 14147,
      "completed_thought_count": 123,
      "final_mean_pairwise_similarity": 0.5333151817321777,
      "final_internal_similarity": 0.004335895786440469,
      "pruned_count": 0
    }
  ],
  "pruned_chain_details": [],
  "error_chain_details": []
}