{
  "iteration": 6,
  "question_id": "index_5",
  "status": "SUCCESS",
  "n_chains_start": 8,
  "n_chains_completed_stream_for_voting": 8,
  "n_chains_pruned": 0,
  "n_chains_error": 0,
  "similarity_threshold": 0.98,
  "num_steps_to_delay_pruning": 20,
  "correct_answer_reference": "\\frac{1311}{2017}",
  "individual_answers_final": [
    "\\dfrac{1311}{2017}",
    "1 - \\dfrac{1}{2025!}",
    "\\dfrac{1311}{2017}",
    "\\dfrac{1311}{2017}",
    "1 - \\dfrac{1}{2025!}",
    "\\dfrac{1311}{2017}",
    "\\dfrac{1311}{2017}",
    "\\dfrac{1311}{2017}"
  ],
  "voted_answer": "\\dfrac{1311}{2017}",
  "final_score": 1,
  "processing_duration_sec": 465.7963402271271,
  "total_analysis_intervals": 56,
  "avg_kv_cache_usage": 0.0986901813181482,
  "max_kv_cache_usage": 0.2516625569752672,
  "usage_aggregated": {
    "prompt_tokens": 108,
    "total_completion_tokens_across_all_started_chains": 74824
  },
  "chains_for_voting_details": [
    {
      "chain_index": 1,
      "finish_reason": "stop",
      "extracted_answer": "\\dfrac{1311}{2017}",
      "prompt_tokens": 108,
      "completion_tokens": 8607,
      "completed_thought_count": 43,
      "final_mean_pairwise_similarity": 0.6667963862419128,
      "final_internal_similarity": 0.0155068927033003,
      "pruned_count": 0
    },
    {
      "chain_index": 2,
      "finish_reason": "stop",
      "extracted_answer": "1 - \\dfrac{1}{2025!}",
      "prompt_tokens": 108,
      "completion_tokens": 6615,
      "completed_thought_count": 34,
      "final_mean_pairwise_similarity": 0.733485758304596,
      "final_internal_similarity": 0.02157311053837047,
      "pruned_count": 0
    },
    {
      "chain_index": 3,
      "finish_reason": "stop",
      "extracted_answer": "\\dfrac{1311}{2017}",
      "prompt_tokens": 108,
      "completion_tokens": 7948,
      "completed_thought_count": 32,
      "final_mean_pairwise_similarity": 0.6192945837974548,
      "final_internal_similarity": 0.019352955743670464,
      "pruned_count": 0
    },
    {
      "chain_index": 4,
      "finish_reason": "stop",
      "extracted_answer": "\\dfrac{1311}{2017}",
      "prompt_tokens": 108,
      "completion_tokens": 7078,
      "completed_thought_count": 32,
      "final_mean_pairwise_similarity": 0.6859410405158997,
      "final_internal_similarity": 0.021435657516121864,
      "pruned_count": 0
    },
    {
      "chain_index": 5,
      "finish_reason": "stop",
      "extracted_answer": "1 - \\dfrac{1}{2025!}",
      "prompt_tokens": 108,
      "completion_tokens": 20414,
      "completed_thought_count": 48,
      "final_mean_pairwise_similarity": 0.596881628036499,
      "final_internal_similarity": 0.012435033917427063,
      "pruned_count": 0
    },
    {
      "chain_index": 6,
      "finish_reason": "stop",
      "extracted_answer": "\\dfrac{1311}{2017}",
      "prompt_tokens": 108,
      "completion_tokens": 6638,
      "completed_thought_count": 41,
      "final_mean_pairwise_similarity": 0.5950173139572144,
      "final_internal_similarity": 0.014512617413590594,
      "pruned_count": 0
    },
    {
      "chain_index": 7,
      "finish_reason": "stop",
      "extracted_answer": "\\dfrac{1311}{2017}",
      "prompt_tokens": 108,
      "completion_tokens": 8503,
      "completed_thought_count": 39,
      "final_mean_pairwise_similarity": 0.6661258339881897,
      "final_internal_similarity": 0.017080149589440763,
      "pruned_count": 0
    },
    {
      "chain_index": 8,
      "finish_reason": "stop",
      "extracted_answer": "\\dfrac{1311}{2017}",
      "prompt_tokens": 108,
      "completion_tokens": 9021,
      "completed_thought_count": 37,
      "final_mean_pairwise_similarity": 0.6803956031799316,
      "final_internal_similarity": 0.018389070356214367,
      "pruned_count": 0
    }
  ],
  "pruned_chain_details": [],
  "error_chain_details": []
}