{
  "iteration": 26,
  "question_id": "index_25",
  "status": "SUCCESS",
  "n_chains_start": 8,
  "n_chains_completed_stream_for_voting": 8,
  "n_chains_pruned": 0,
  "n_chains_error": 0,
  "similarity_threshold": 0.98,
  "num_steps_to_delay_pruning": 20,
  "correct_answer_reference": "9\\sqrt{15}",
  "individual_answers_final": [
    "9\\sqrt{15}",
    "9\\sqrt{15}",
    "9\\sqrt{15}",
    "9\\sqrt{15}",
    "9\\sqrt{15}",
    "\\dfrac{35\\sqrt{15}}{4}",
    "9\\sqrt{15}",
    "9\\sqrt{15}"
  ],
  "voted_answer": "9\\sqrt{15}",
  "final_score": 1,
  "processing_duration_sec": 374.3336498737335,
  "total_analysis_intervals": 73,
  "avg_kv_cache_usage": 0.11018440143557728,
  "max_kv_cache_usage": 0.2426959575580961,
  "usage_aggregated": {
    "prompt_tokens": 139,
    "total_completion_tokens_across_all_started_chains": 74065
  },
  "chains_for_voting_details": [
    {
      "chain_index": 1,
      "finish_reason": "stop",
      "extracted_answer": "9\\sqrt{15}",
      "prompt_tokens": 139,
      "completion_tokens": 9642,
      "completed_thought_count": 32,
      "final_mean_pairwise_similarity": 0.4360458552837372,
      "final_internal_similarity": 0.013626432977616787,
      "pruned_count": 0
    },
    {
      "chain_index": 2,
      "finish_reason": "stop",
      "extracted_answer": "9\\sqrt{15}",
      "prompt_tokens": 139,
      "completion_tokens": 7124,
      "completed_thought_count": 16,
      "final_mean_pairwise_similarity": 0.5022943615913391,
      "final_internal_similarity": 0.031393397599458694,
      "pruned_count": 0
    },
    {
      "chain_index": 3,
      "finish_reason": "stop",
      "extracted_answer": "9\\sqrt{15}",
      "prompt_tokens": 139,
      "completion_tokens": 6353,
      "completed_thought_count": 19,
      "final_mean_pairwise_similarity": 0.45486772060394287,
      "final_internal_similarity": 0.02394040634757594,
      "pruned_count": 0
    },
    {
      "chain_index": 4,
      "finish_reason": "stop",
      "extracted_answer": "9\\sqrt{15}",
      "prompt_tokens": 139,
      "completion_tokens": 16607,
      "completed_thought_count": 42,
      "final_mean_pairwise_similarity": 0.39472538232803345,
      "final_internal_similarity": 0.009398223388762702,
      "pruned_count": 0
    },
    {
      "chain_index": 5,
      "finish_reason": "stop",
      "extracted_answer": "9\\sqrt{15}",
      "prompt_tokens": 139,
      "completion_tokens": 8214,
      "completed_thought_count": 28,
      "final_mean_pairwise_similarity": 0.4225427210330963,
      "final_internal_similarity": 0.015090811465467726,
      "pruned_count": 0
    },
    {
      "chain_index": 6,
      "finish_reason": "stop",
      "extracted_answer": "\\dfrac{35\\sqrt{15}}{4}",
      "prompt_tokens": 139,
      "completion_tokens": 10362,
      "completed_thought_count": 37,
      "final_mean_pairwise_similarity": 0.40320056676864624,
      "final_internal_similarity": 0.010897312615368818,
      "pruned_count": 0
    },
    {
      "chain_index": 7,
      "finish_reason": "stop",
      "extracted_answer": "9\\sqrt{15}",
      "prompt_tokens": 139,
      "completion_tokens": 6635,
      "completed_thought_count": 12,
      "final_mean_pairwise_similarity": 0.4814687967300415,
      "final_internal_similarity": 0.040122399727503456,
      "pruned_count": 0
    },
    {
      "chain_index": 8,
      "finish_reason": "stop",
      "extracted_answer": "9\\sqrt{15}",
      "prompt_tokens": 139,
      "completion_tokens": 9128,
      "completed_thought_count": 27,
      "final_mean_pairwise_similarity": 0.4621681869029999,
      "final_internal_similarity": 0.017117340255666663,
      "pruned_count": 0
    }
  ],
  "pruned_chain_details": [],
  "error_chain_details": []
}