{
  "iteration": 11,
  "question_id": "index_10",
  "status": "SUCCESS",
  "n_chains_start": 8,
  "n_chains_completed_stream_for_voting": 8,
  "n_chains_pruned": 0,
  "n_chains_error": 0,
  "similarity_threshold": 0.98,
  "num_steps_to_delay_pruning": 20,
  "correct_answer_reference": "56",
  "individual_answers_final": [
    "8",
    "56",
    "8",
    "12",
    "12",
    "6",
    "8",
    "8"
  ],
  "voted_answer": "8",
  "final_score": 0,
  "processing_duration_sec": 341.877822637558,
  "total_analysis_intervals": 100,
  "avg_kv_cache_usage": 0.18127952586045568,
  "max_kv_cache_usage": 0.3467085107972801,
  "usage_aggregated": {
    "prompt_tokens": 111,
    "total_completion_tokens_across_all_started_chains": 94727
  },
  "chains_for_voting_details": [
    {
      "chain_index": 1,
      "finish_reason": "stop",
      "extracted_answer": "8",
      "prompt_tokens": 111,
      "completion_tokens": 12224,
      "completed_thought_count": 108,
      "final_mean_pairwise_similarity": 0.5509015917778015,
      "final_internal_similarity": 0.005100940664609273,
      "pruned_count": 0
    },
    {
      "chain_index": 2,
      "finish_reason": "stop",
      "extracted_answer": "56",
      "prompt_tokens": 111,
      "completion_tokens": 13978,
      "completed_thought_count": 118,
      "final_mean_pairwise_similarity": 0.5686890482902527,
      "final_internal_similarity": 0.004819398714324175,
      "pruned_count": 0
    },
    {
      "chain_index": 3,
      "finish_reason": "stop",
      "extracted_answer": "8",
      "prompt_tokens": 111,
      "completion_tokens": 9603,
      "completed_thought_count": 47,
      "final_mean_pairwise_similarity": 0.5508668422698975,
      "final_internal_similarity": 0.011720571112125478,
      "pruned_count": 0
    },
    {
      "chain_index": 4,
      "finish_reason": "stop",
      "extracted_answer": "12",
      "prompt_tokens": 111,
      "completion_tokens": 11652,
      "completed_thought_count": 101,
      "final_mean_pairwise_similarity": 0.5196741819381714,
      "final_internal_similarity": 0.005145288930080905,
      "pruned_count": 0
    },
    {
      "chain_index": 5,
      "finish_reason": "stop",
      "extracted_answer": "12",
      "prompt_tokens": 111,
      "completion_tokens": 12087,
      "completed_thought_count": 94,
      "final_mean_pairwise_similarity": 0.5279750227928162,
      "final_internal_similarity": 0.005616755561625704,
      "pruned_count": 0
    },
    {
      "chain_index": 6,
      "finish_reason": "stop",
      "extracted_answer": "6",
      "prompt_tokens": 111,
      "completion_tokens": 10925,
      "completed_thought_count": 99,
      "final_mean_pairwise_similarity": 0.4973919093608856,
      "final_internal_similarity": 0.005024160700615006,
      "pruned_count": 0
    },
    {
      "chain_index": 7,
      "finish_reason": "stop",
      "extracted_answer": "8",
      "prompt_tokens": 111,
      "completion_tokens": 15102,
      "completed_thought_count": 116,
      "final_mean_pairwise_similarity": 0.5125130414962769,
      "final_internal_similarity": 0.004418215874967904,
      "pruned_count": 0
    },
    {
      "chain_index": 8,
      "finish_reason": "stop",
      "extracted_answer": "8",
      "prompt_tokens": 111,
      "completion_tokens": 9156,
      "completed_thought_count": 86,
      "final_mean_pairwise_similarity": 0.5038743615150452,
      "final_internal_similarity": 0.0058590042036633155,
      "pruned_count": 0
    }
  ],
  "pruned_chain_details": [],
  "error_chain_details": []
}