{
  "iteration": 28,
  "question_id": "index_27",
  "status": "SUCCESS",
  "n_chains_start": 8,
  "n_chains_completed_stream_for_voting": 8,
  "n_chains_pruned": 0,
  "n_chains_error": 0,
  "similarity_threshold": 0.98,
  "num_steps_to_delay_pruning": 20,
  "correct_answer_reference": "\\sqrt{6}",
  "individual_answers_final": [
    "\\sqrt{6}",
    "\\sqrt{6}",
    "\\sqrt{6}",
    "\\sqrt{6}",
    "\\sqrt{6}",
    "\\sqrt{6}",
    "\\sqrt{6}",
    "\\sqrt{6}"
  ],
  "voted_answer": "\\sqrt{6}",
  "final_score": 1,
  "processing_duration_sec": 324.5868022441864,
  "total_analysis_intervals": 100,
  "avg_kv_cache_usage": 0.14686445179229105,
  "max_kv_cache_usage": 0.2911155944108197,
  "usage_aggregated": {
    "prompt_tokens": 160,
    "total_completion_tokens_across_all_started_chains": 81135
  },
  "chains_for_voting_details": [
    {
      "chain_index": 1,
      "finish_reason": "stop",
      "extracted_answer": "\\sqrt{6}",
      "prompt_tokens": 160,
      "completion_tokens": 7893,
      "completed_thought_count": 23,
      "final_mean_pairwise_similarity": 0.42524364590644836,
      "final_internal_similarity": 0.01848885416984558,
      "pruned_count": 0
    },
    {
      "chain_index": 2,
      "finish_reason": "stop",
      "extracted_answer": "\\sqrt{6}",
      "prompt_tokens": 160,
      "completion_tokens": 10662,
      "completed_thought_count": 54,
      "final_mean_pairwise_similarity": 0.38496771454811096,
      "final_internal_similarity": 0.007129031750890944,
      "pruned_count": 0
    },
    {
      "chain_index": 3,
      "finish_reason": "stop",
      "extracted_answer": "\\sqrt{6}",
      "prompt_tokens": 160,
      "completion_tokens": 14322,
      "completed_thought_count": 65,
      "final_mean_pairwise_similarity": 0.391132652759552,
      "final_internal_similarity": 0.006017425427070031,
      "pruned_count": 0
    },
    {
      "chain_index": 4,
      "finish_reason": "stop",
      "extracted_answer": "\\sqrt{6}",
      "prompt_tokens": 160,
      "completion_tokens": 14376,
      "completed_thought_count": 64,
      "final_mean_pairwise_similarity": 0.352870374917984,
      "final_internal_similarity": 0.0055135996080935,
      "pruned_count": 0
    },
    {
      "chain_index": 5,
      "finish_reason": "stop",
      "extracted_answer": "\\sqrt{6}",
      "prompt_tokens": 160,
      "completion_tokens": 8312,
      "completed_thought_count": 34,
      "final_mean_pairwise_similarity": 0.36078619956970215,
      "final_internal_similarity": 0.010611358810873592,
      "pruned_count": 0
    },
    {
      "chain_index": 6,
      "finish_reason": "stop",
      "extracted_answer": "\\sqrt{6}",
      "prompt_tokens": 160,
      "completion_tokens": 9729,
      "completed_thought_count": 47,
      "final_mean_pairwise_similarity": 0.3600892424583435,
      "final_internal_similarity": 0.007661473243794543,
      "pruned_count": 0
    },
    {
      "chain_index": 7,
      "finish_reason": "stop",
      "extracted_answer": "\\sqrt{6}",
      "prompt_tokens": 160,
      "completion_tokens": 8214,
      "completed_thought_count": 29,
      "final_mean_pairwise_similarity": 0.4160342216491699,
      "final_internal_similarity": 0.014346007643074825,
      "pruned_count": 0
    },
    {
      "chain_index": 8,
      "finish_reason": "stop",
      "extracted_answer": "\\sqrt{6}",
      "prompt_tokens": 160,
      "completion_tokens": 7627,
      "completed_thought_count": 23,
      "final_mean_pairwise_similarity": 0.43237799406051636,
      "final_internal_similarity": 0.01879904322002245,
      "pruned_count": 0
    }
  ],
  "pruned_chain_details": [],
  "error_chain_details": []
}