{
  "iteration": 14,
  "question_id": "index_13",
  "status": "SUCCESS",
  "n_chains_start": 8,
  "n_chains_completed_stream_for_voting": 1,
  "n_chains_pruned": 7,
  "n_chains_error": 0,
  "similarity_threshold": 0.98,
  "num_steps_to_delay_pruning": 20,
  "correct_answer_reference": "2304",
  "individual_answers_final": [
    "20"
  ],
  "voted_answer": "20",
  "final_score": 0,
  "processing_duration_sec": 152.46479177474976,
  "total_analysis_intervals": 36,
  "avg_kv_cache_usage": 0.058293604758115895,
  "max_kv_cache_usage": 0.1494433236195173,
  "usage_aggregated": {
    "prompt_tokens": 183,
    "total_completion_tokens_across_all_started_chains": 37825
  },
  "chains_for_voting_details": [
    {
      "chain_index": 8,
      "finish_reason": "stop",
      "extracted_answer": "20",
      "prompt_tokens": 183,
      "completion_tokens": 8470,
      "completed_thought_count": 27,
      "final_mean_pairwise_similarity": 0.5326859951019287,
      "final_internal_similarity": 0.019729110929701064,
      "pruned_count": 7
    }
  ],
  "pruned_chain_details": [
    {
      "chain_index": 1,
      "finish_reason": "worker_terminated_unexpectedly",
      "completion_tokens": 3967,
      "completed_thought_count": 27,
      "full_text_len": 12701,
      "pruned_at_step": 25,
      "pruned_by_chain_id": "q14_c7",
      "initial_pruned_count": 0
    },
    {
      "chain_index": 2,
      "finish_reason": "worker_terminated_unexpectedly",
      "completion_tokens": 3966,
      "completed_thought_count": 23,
      "full_text_len": 13797,
      "pruned_at_step": 25,
      "pruned_by_chain_id": "q14_c7",
      "initial_pruned_count": 0
    },
    {
      "chain_index": 3,
      "finish_reason": "worker_terminated_unexpectedly",
      "completion_tokens": 5372,
      "completed_thought_count": 30,
      "full_text_len": 17701,
      "pruned_at_step": 35,
      "pruned_by_chain_id": "q14_c8",
      "initial_pruned_count": 0
    },
    {
      "chain_index": 4,
      "finish_reason": "worker_terminated_unexpectedly",
      "completion_tokens": 3804,
      "completed_thought_count": 29,
      "full_text_len": 13713,
      "pruned_at_step": 23,
      "pruned_by_chain_id": "q14_c5",
      "initial_pruned_count": 0
    },
    {
      "chain_index": 5,
      "finish_reason": "worker_terminated_unexpectedly",
      "completion_tokens": 3965,
      "completed_thought_count": 36,
      "full_text_len": 14431,
      "pruned_at_step": 25,
      "pruned_by_chain_id": "q14_c7",
      "initial_pruned_count": 1
    },
    {
      "chain_index": 6,
      "finish_reason": "worker_terminated_unexpectedly",
      "completion_tokens": 4316,
      "completed_thought_count": 8,
      "full_text_len": 9762,
      "pruned_at_step": 28,
      "pruned_by_chain_id": "q14_c8",
      "initial_pruned_count": 0
    },
    {
      "chain_index": 7,
      "finish_reason": "worker_terminated_unexpectedly",
      "completion_tokens": 3965,
      "completed_thought_count": 35,
      "full_text_len": 14841,
      "pruned_at_step": 25,
      "pruned_by_chain_id": "q14_c8",
      "initial_pruned_count": 4
    }
  ],
  "error_chain_details": []
}