{
  "iteration": 13,
  "question_id": "index_12",
  "status": "SUCCESS",
  "n_chains_start": 8,
  "n_chains_completed_stream_for_voting": 8,
  "n_chains_pruned": 0,
  "n_chains_error": 0,
  "similarity_threshold": 0.98,
  "num_steps_to_delay_pruning": 20,
  "correct_answer_reference": "105",
  "individual_answers_final": [
    "1",
    "90",
    "1",
    "154",
    "21",
    "34",
    "16",
    "1"
  ],
  "voted_answer": "1",
  "final_score": 0,
  "processing_duration_sec": 420.83040976524353,
  "total_analysis_intervals": 100,
  "avg_kv_cache_usage": 0.19014501705058967,
  "max_kv_cache_usage": 0.3530598520511095,
  "usage_aggregated": {
    "prompt_tokens": 149,
    "total_completion_tokens_across_all_started_chains": 104813
  },
  "chains_for_voting_details": [
    {
      "chain_index": 1,
      "finish_reason": "stop",
      "extracted_answer": "1",
      "prompt_tokens": 149,
      "completion_tokens": 12583,
      "completed_thought_count": 136,
      "final_mean_pairwise_similarity": 0.49677953124046326,
      "final_internal_similarity": 0.003652790670885759,
      "pruned_count": 0
    },
    {
      "chain_index": 2,
      "finish_reason": "stop",
      "extracted_answer": "90",
      "prompt_tokens": 149,
      "completion_tokens": 11562,
      "completed_thought_count": 104,
      "final_mean_pairwise_similarity": 0.47341328859329224,
      "final_internal_similarity": 0.0045520508518585795,
      "pruned_count": 0
    },
    {
      "chain_index": 3,
      "finish_reason": "stop",
      "extracted_answer": "1",
      "prompt_tokens": 149,
      "completion_tokens": 10645,
      "completed_thought_count": 102,
      "final_mean_pairwise_similarity": 0.41639262437820435,
      "final_internal_similarity": 0.004082280631158866,
      "pruned_count": 0
    },
    {
      "chain_index": 4,
      "finish_reason": "stop",
      "extracted_answer": "154",
      "prompt_tokens": 149,
      "completion_tokens": 18330,
      "completed_thought_count": 127,
      "final_mean_pairwise_similarity": 0.4637286067008972,
      "final_internal_similarity": 0.0036514063519755688,
      "pruned_count": 0
    },
    {
      "chain_index": 5,
      "finish_reason": "stop",
      "extracted_answer": "21",
      "prompt_tokens": 149,
      "completion_tokens": 12071,
      "completed_thought_count": 123,
      "final_mean_pairwise_similarity": 0.4614204466342926,
      "final_internal_similarity": 0.003751385744994249,
      "pruned_count": 0
    },
    {
      "chain_index": 6,
      "finish_reason": "stop",
      "extracted_answer": "34",
      "prompt_tokens": 149,
      "completion_tokens": 7455,
      "completed_thought_count": 63,
      "final_mean_pairwise_similarity": 0.5678908824920654,
      "final_internal_similarity": 0.009014140991937546,
      "pruned_count": 0
    },
    {
      "chain_index": 7,
      "finish_reason": "stop",
      "extracted_answer": "16",
      "prompt_tokens": 149,
      "completion_tokens": 16233,
      "completed_thought_count": 145,
      "final_mean_pairwise_similarity": 0.4908161163330078,
      "final_internal_similarity": 0.0033849387333310882,
      "pruned_count": 0
    },
    {
      "chain_index": 8,
      "finish_reason": "stop",
      "extracted_answer": "1",
      "prompt_tokens": 149,
      "completion_tokens": 15934,
      "completed_thought_count": 133,
      "final_mean_pairwise_similarity": 0.42321422696113586,
      "final_internal_similarity": 0.0031820618568506455,
      "pruned_count": 0
    }
  ],
  "pruned_chain_details": [],
  "error_chain_details": []
}