{
  "iteration": 3,
  "question_id": "index_2",
  "status": "SUCCESS",
  "n_chains_start": 8,
  "n_chains_completed_stream_for_voting": 8,
  "n_chains_pruned": 0,
  "n_chains_error": 0,
  "similarity_threshold": 0.98,
  "num_steps_to_delay_pruning": 20,
  "correct_answer_reference": "\\frac{1}{576}",
  "individual_answers_final": [
    "\\dfrac{1}{576}",
    "\\dfrac{1}{576}",
    "248832",
    "2^{2 \\sqrt{5 + 10 \\log_2 3}}",
    "\\dfrac{1}{576}",
    "18^{10}",
    "1024",
    "248832"
  ],
  "voted_answer": "\\dfrac{1}{576}",
  "final_score": 1,
  "processing_duration_sec": 667.5046210289001,
  "total_analysis_intervals": 100,
  "avg_kv_cache_usage": 0.20818130963846157,
  "max_kv_cache_usage": 0.3971456325188672,
  "usage_aggregated": {
    "prompt_tokens": 167,
    "total_completion_tokens_across_all_started_chains": 125506
  },
  "chains_for_voting_details": [
    {
      "chain_index": 1,
      "finish_reason": "stop",
      "extracted_answer": "\\dfrac{1}{576}",
      "prompt_tokens": 167,
      "completion_tokens": 5818,
      "completed_thought_count": 17,
      "final_mean_pairwise_similarity": 0.46922677755355835,
      "final_internal_similarity": 0.027601575150209313,
      "pruned_count": 0
    },
    {
      "chain_index": 2,
      "finish_reason": "stop",
      "extracted_answer": "\\dfrac{1}{576}",
      "prompt_tokens": 167,
      "completion_tokens": 5269,
      "completed_thought_count": 5,
      "final_mean_pairwise_similarity": 0.517997145652771,
      "final_internal_similarity": 0.1035994291305542,
      "pruned_count": 0
    },
    {
      "chain_index": 3,
      "finish_reason": "stop",
      "extracted_answer": "248832",
      "prompt_tokens": 167,
      "completion_tokens": 28164,
      "completed_thought_count": 43,
      "final_mean_pairwise_similarity": 0.4512193500995636,
      "final_internal_similarity": 0.010493473258129386,
      "pruned_count": 0
    },
    {
      "chain_index": 4,
      "finish_reason": "stop",
      "extracted_answer": "2^{2 \\sqrt{5 + 10 \\log_2 3}}",
      "prompt_tokens": 167,
      "completion_tokens": 16842,
      "completed_thought_count": 48,
      "final_mean_pairwise_similarity": 0.46584540605545044,
      "final_internal_similarity": 0.009705112626155218,
      "pruned_count": 0
    },
    {
      "chain_index": 5,
      "finish_reason": "stop",
      "extracted_answer": "\\dfrac{1}{576}",
      "prompt_tokens": 167,
      "completion_tokens": 7955,
      "completed_thought_count": 35,
      "final_mean_pairwise_similarity": 0.45452412962913513,
      "final_internal_similarity": 0.012986403703689576,
      "pruned_count": 0
    },
    {
      "chain_index": 6,
      "finish_reason": "stop",
      "extracted_answer": "18^{10}",
      "prompt_tokens": 167,
      "completion_tokens": 22564,
      "completed_thought_count": 76,
      "final_mean_pairwise_similarity": 0.40929800271987915,
      "final_internal_similarity": 0.005385500035787884,
      "pruned_count": 0
    },
    {
      "chain_index": 7,
      "finish_reason": "stop",
      "extracted_answer": "1024",
      "prompt_tokens": 167,
      "completion_tokens": 19680,
      "completed_thought_count": 48,
      "final_mean_pairwise_similarity": 0.4833691120147705,
      "final_internal_similarity": 0.010070189833641052,
      "pruned_count": 0
    },
    {
      "chain_index": 8,
      "finish_reason": "stop",
      "extracted_answer": "248832",
      "prompt_tokens": 167,
      "completion_tokens": 19214,
      "completed_thought_count": 49,
      "final_mean_pairwise_similarity": 0.3614281415939331,
      "final_internal_similarity": 0.0073760845223251655,
      "pruned_count": 0
    }
  ],
  "pruned_chain_details": [],
  "error_chain_details": []
}