{
  "iteration": 23,
  "question_id": "index_22",
  "status": "SUCCESS",
  "n_chains_start": 8,
  "n_chains_completed_stream_for_voting": 8,
  "n_chains_pruned": 0,
  "n_chains_error": 0,
  "similarity_threshold": 0.98,
  "num_steps_to_delay_pruning": 20,
  "correct_answer_reference": "8\\sqrt{10}",
  "individual_answers_final": [
    "8\\sqrt{10}",
    "8\\sqrt{10}",
    "8\\sqrt{10}",
    "8\\sqrt{10}",
    "8\\sqrt{10}",
    "8\\sqrt{10}",
    "8\\sqrt{10}",
    "8\\sqrt{10}"
  ],
  "voted_answer": "8\\sqrt{10}",
  "final_score": 1,
  "processing_duration_sec": 181.6213436126709,
  "total_analysis_intervals": 50,
  "avg_kv_cache_usage": 0.10442088094714902,
  "max_kv_cache_usage": 0.1918852275274601,
  "usage_aggregated": {
    "prompt_tokens": 130,
    "total_completion_tokens_across_all_started_chains": 55771
  },
  "chains_for_voting_details": [
    {
      "chain_index": 1,
      "finish_reason": "stop",
      "extracted_answer": "8\\sqrt{10}",
      "prompt_tokens": 130,
      "completion_tokens": 7042,
      "completed_thought_count": 33,
      "final_mean_pairwise_similarity": 0.4638994336128235,
      "final_internal_similarity": 0.014057558594327984,
      "pruned_count": 0
    },
    {
      "chain_index": 2,
      "finish_reason": "stop",
      "extracted_answer": "8\\sqrt{10}",
      "prompt_tokens": 130,
      "completion_tokens": 6215,
      "completed_thought_count": 10,
      "final_mean_pairwise_similarity": 0.4751172363758087,
      "final_internal_similarity": 0.04751172363758087,
      "pruned_count": 0
    },
    {
      "chain_index": 3,
      "finish_reason": "stop",
      "extracted_answer": "8\\sqrt{10}",
      "prompt_tokens": 130,
      "completion_tokens": 5001,
      "completed_thought_count": 18,
      "final_mean_pairwise_similarity": 0.5424588322639465,
      "final_internal_similarity": 0.030136601792441473,
      "pruned_count": 0
    },
    {
      "chain_index": 4,
      "finish_reason": "stop",
      "extracted_answer": "8\\sqrt{10}",
      "prompt_tokens": 130,
      "completion_tokens": 9320,
      "completed_thought_count": 18,
      "final_mean_pairwise_similarity": 0.5556240081787109,
      "final_internal_similarity": 0.03086800045437283,
      "pruned_count": 0
    },
    {
      "chain_index": 5,
      "finish_reason": "stop",
      "extracted_answer": "8\\sqrt{10}",
      "prompt_tokens": 130,
      "completion_tokens": 7543,
      "completed_thought_count": 6,
      "final_mean_pairwise_similarity": 0.5470333695411682,
      "final_internal_similarity": 0.09117222825686137,
      "pruned_count": 0
    },
    {
      "chain_index": 6,
      "finish_reason": "stop",
      "extracted_answer": "8\\sqrt{10}",
      "prompt_tokens": 130,
      "completion_tokens": 7348,
      "completed_thought_count": 5,
      "final_mean_pairwise_similarity": 0.5131917595863342,
      "final_internal_similarity": 0.10263835191726685,
      "pruned_count": 0
    },
    {
      "chain_index": 7,
      "finish_reason": "stop",
      "extracted_answer": "8\\sqrt{10}",
      "prompt_tokens": 130,
      "completion_tokens": 5628,
      "completed_thought_count": 14,
      "final_mean_pairwise_similarity": 0.4924989640712738,
      "final_internal_similarity": 0.035178497433662415,
      "pruned_count": 0
    },
    {
      "chain_index": 8,
      "finish_reason": "stop",
      "extracted_answer": "8\\sqrt{10}",
      "prompt_tokens": 130,
      "completion_tokens": 7674,
      "completed_thought_count": 23,
      "final_mean_pairwise_similarity": 0.51519376039505,
      "final_internal_similarity": 0.022399728712828262,
      "pruned_count": 0
    }
  ],
  "pruned_chain_details": [],
  "error_chain_details": []
}