{
  "iteration": 27,
  "question_id": "index_26",
  "status": "SUCCESS",
  "n_chains_start": 8,
  "n_chains_completed_stream_for_voting": 1,
  "n_chains_pruned": 7,
  "n_chains_error": 0,
  "similarity_threshold": 0.98,
  "num_steps_to_delay_pruning": 20,
  "correct_answer_reference": "\\frac{7}{18}",
  "individual_answers_final": [
    "\\dfrac{7}{18}"
  ],
  "voted_answer": "\\dfrac{7}{18}",
  "final_score": 1,
  "processing_duration_sec": 253.61153483390808,
  "total_analysis_intervals": 56,
  "avg_kv_cache_usage": 0.10506482221648882,
  "max_kv_cache_usage": 0.2601808264215796,
  "usage_aggregated": {
    "prompt_tokens": 151,
    "total_completion_tokens_across_all_started_chains": 62989
  },
  "chains_for_voting_details": [
    {
      "chain_index": 8,
      "finish_reason": "stop",
      "extracted_answer": "\\dfrac{7}{18}",
      "prompt_tokens": 151,
      "completion_tokens": 11924,
      "completed_thought_count": 52,
      "final_mean_pairwise_similarity": 0.43755537271499634,
      "final_internal_similarity": 0.008414526398365315,
      "pruned_count": 7
    }
  ],
  "pruned_chain_details": [
    {
      "chain_index": 1,
      "finish_reason": "worker_terminated_unexpectedly",
      "completion_tokens": 6805,
      "completed_thought_count": 37,
      "full_text_len": 18196,
      "pruned_at_step": 42,
      "pruned_by_chain_id": "q27_c2",
      "initial_pruned_count": 0
    },
    {
      "chain_index": 2,
      "finish_reason": "worker_terminated_unexpectedly",
      "completion_tokens": 7097,
      "completed_thought_count": 33,
      "full_text_len": 19776,
      "pruned_at_step": 46,
      "pruned_by_chain_id": "q27_c5",
      "initial_pruned_count": 2
    },
    {
      "chain_index": 3,
      "finish_reason": "worker_terminated_unexpectedly",
      "completion_tokens": 7096,
      "completed_thought_count": 50,
      "full_text_len": 20702,
      "pruned_at_step": 46,
      "pruned_by_chain_id": "q27_c5",
      "initial_pruned_count": 0
    },
    {
      "chain_index": 4,
      "finish_reason": "worker_terminated_unexpectedly",
      "completion_tokens": 6955,
      "completed_thought_count": 39,
      "full_text_len": 19363,
      "pruned_at_step": 44,
      "pruned_by_chain_id": "q27_c2",
      "initial_pruned_count": 0
    },
    {
      "chain_index": 5,
      "finish_reason": "worker_terminated_unexpectedly",
      "completion_tokens": 7265,
      "completed_thought_count": 51,
      "full_text_len": 20742,
      "pruned_at_step": 48,
      "pruned_by_chain_id": "q27_c6",
      "initial_pruned_count": 4
    },
    {
      "chain_index": 6,
      "finish_reason": "worker_terminated_unexpectedly",
      "completion_tokens": 7761,
      "completed_thought_count": 50,
      "full_text_len": 20908,
      "pruned_at_step": 52,
      "pruned_by_chain_id": "q27_c8",
      "initial_pruned_count": 5
    },
    {
      "chain_index": 7,
      "finish_reason": "worker_terminated_unexpectedly",
      "completion_tokens": 8086,
      "completed_thought_count": 29,
      "full_text_len": 18638,
      "pruned_at_step": 55,
      "pruned_by_chain_id": "q27_c8",
      "initial_pruned_count": 0
    }
  ],
  "error_chain_details": []
}