{
  "dataset": "hmmt",
  "model_name": "QwQ-32B",
  "run_type": "Self-Consistency (Streaming)",
  "config": {
    "n_chains": 1,
    "tokenizer_path_provided": true,
    "iterations_selected_by": "range",
    "random_seed": null
  },
  "metrics": {
    "num_questions_processed": 30,
    "num_questions_with_score": 30,
    "overall_accuracy": "0.53",
    "mean_total_completion_tokens_per_question": "15857.7",
    "max_total_completion_tokens_per_question": "32768.0",
    "mean_max_kv_cache_usage_per_question_perc": "0.0582",
    "max_max_kv_cache_usage_across_all_questions_perc": "0.1196",
    "mean_processing_duration_sec_per_question": "390.63",
    "max_processing_duration_sec_per_question": "876.00",
    "mean_chains_requested_per_question": "1.00",
    "mean_chains_received_per_question": "1.00",
    "counted_tokens_aggregated": {
      "mean_total_reasoning_tokens_per_question": "14106.9",
      "max_total_reasoning_tokens_per_question": "28625.0",
      "mean_total_non_reasoning_tokens_per_question": "541.0",
      "max_total_non_reasoning_tokens_per_question": "914.0"
    }
  }
}