{
  "iteration": 10,
  "question_id": "index_9",
  "status": "SUCCESS",
  "n_chains_requested": 8,
  "n_chains_completed_stream_with_content": 8,
  "n_chains_completed_stream_for_voting": 8,
  "error_chains_count": 0,
  "prompt_len": 523,
  "correct_answer_reference": "\\frac{-1+\\sqrt{17}}{2}, \\frac{-1-\\sqrt{17}}{2}",
  "individual_answers": [
    "-4",
    "-3",
    "-6",
    "-4",
    "9",
    "-5",
    "-3",
    "-5"
  ],
  "voted_answer": "-4",
  "final_score": 0,
  "avg_kv_cache_usage": 0.24848838968597292,
  "max_kv_cache_usage": 0.488530224912202,
  "processing_duration_sec": 582.0522322654724,
  "usage_aggregated": {
    "prompt_tokens": 141,
    "total_completion_tokens_across_all_requested_chains": 143223,
    "total_reasoning_tokens_counted": 140422,
    "total_non_reasoning_tokens_counted": 2785,
    "total_tokens_usage": 143364
  },
  "chains_for_voting_details": [
    {
      "chain_index": 1,
      "finish_reason": "stop",
      "extracted_answer": "-4",
      "prompt_tokens": 141,
      "completion_tokens": 15591,
      "reasoning_tokens_counted": 15144,
      "non_reasoning_tokens_counted": 445
    },
    {
      "chain_index": 2,
      "finish_reason": "stop",
      "extracted_answer": "-3",
      "prompt_tokens": 141,
      "completion_tokens": 14795,
      "reasoning_tokens_counted": 14177,
      "non_reasoning_tokens_counted": 616
    },
    {
      "chain_index": 3,
      "finish_reason": "stop",
      "extracted_answer": "-6",
      "prompt_tokens": 141,
      "completion_tokens": 12519,
      "reasoning_tokens_counted": 11840,
      "non_reasoning_tokens_counted": 677
    },
    {
      "chain_index": 4,
      "finish_reason": "stop",
      "extracted_answer": "-4",
      "prompt_tokens": 141,
      "completion_tokens": 25845,
      "reasoning_tokens_counted": 25807,
      "non_reasoning_tokens_counted": 36
    },
    {
      "chain_index": 5,
      "finish_reason": "stop",
      "extracted_answer": "9",
      "prompt_tokens": 141,
      "completion_tokens": 16388,
      "reasoning_tokens_counted": 15901,
      "non_reasoning_tokens_counted": 485
    },
    {
      "chain_index": 6,
      "finish_reason": "stop",
      "extracted_answer": "-5",
      "prompt_tokens": 141,
      "completion_tokens": 23695,
      "reasoning_tokens_counted": 23260,
      "non_reasoning_tokens_counted": 433
    },
    {
      "chain_index": 7,
      "finish_reason": "stop",
      "extracted_answer": "-3",
      "prompt_tokens": 141,
      "completion_tokens": 17326,
      "reasoning_tokens_counted": 17295,
      "non_reasoning_tokens_counted": 29
    },
    {
      "chain_index": 8,
      "finish_reason": "stop",
      "extracted_answer": "-5",
      "prompt_tokens": 141,
      "completion_tokens": 17064,
      "reasoning_tokens_counted": 16998,
      "non_reasoning_tokens_counted": 64
    }
  ],
  "error_chain_details": []
}