{
  "iteration": 27,
  "question_id": "index_26",
  "status": "SUCCESS",
  "n_chains_requested": 8,
  "n_chains_completed_stream_with_content": 8,
  "n_chains_completed_stream_for_voting": 8,
  "error_chains_count": 0,
  "prompt_len": 494,
  "correct_answer_reference": "\\frac{7}{18}",
  "individual_answers": [
    "\\dfrac{1}{3}",
    "\\dfrac{19}{60}",
    "\\dfrac{1}{7}",
    "\\dfrac{3}{11}",
    "\\dfrac{7}{18}",
    "\\dfrac{7}{16}",
    "\\dfrac{7}{18}",
    "\\dfrac{7}{18}"
  ],
  "voted_answer": "\\dfrac{7}{18}",
  "final_score": 1,
  "avg_kv_cache_usage": 0.2579385653133653,
  "max_kv_cache_usage": 0.5021295673615781,
  "processing_duration_sec": 645.0584015846252,
  "usage_aggregated": {
    "prompt_tokens": 151,
    "total_completion_tokens_across_all_requested_chains": 149449,
    "total_reasoning_tokens_counted": 145948,
    "total_non_reasoning_tokens_counted": 3485,
    "total_tokens_usage": 149600
  },
  "chains_for_voting_details": [
    {
      "chain_index": 1,
      "finish_reason": "stop",
      "extracted_answer": "\\dfrac{1}{3}",
      "prompt_tokens": 151,
      "completion_tokens": 18021,
      "reasoning_tokens_counted": 17945,
      "non_reasoning_tokens_counted": 74
    },
    {
      "chain_index": 2,
      "finish_reason": "stop",
      "extracted_answer": "\\dfrac{19}{60}",
      "prompt_tokens": 151,
      "completion_tokens": 22622,
      "reasoning_tokens_counted": 22069,
      "non_reasoning_tokens_counted": 551
    },
    {
      "chain_index": 3,
      "finish_reason": "stop",
      "extracted_answer": "\\dfrac{1}{7}",
      "prompt_tokens": 151,
      "completion_tokens": 27137,
      "reasoning_tokens_counted": 26648,
      "non_reasoning_tokens_counted": 487
    },
    {
      "chain_index": 4,
      "finish_reason": "stop",
      "extracted_answer": "\\dfrac{3}{11}",
      "prompt_tokens": 151,
      "completion_tokens": 16393,
      "reasoning_tokens_counted": 15923,
      "non_reasoning_tokens_counted": 468
    },
    {
      "chain_index": 5,
      "finish_reason": "stop",
      "extracted_answer": "\\dfrac{7}{18}",
      "prompt_tokens": 151,
      "completion_tokens": 15209,
      "reasoning_tokens_counted": 14468,
      "non_reasoning_tokens_counted": 739
    },
    {
      "chain_index": 6,
      "finish_reason": "stop",
      "extracted_answer": "\\dfrac{7}{16}",
      "prompt_tokens": 151,
      "completion_tokens": 11402,
      "reasoning_tokens_counted": 11287,
      "non_reasoning_tokens_counted": 113
    },
    {
      "chain_index": 7,
      "finish_reason": "stop",
      "extracted_answer": "\\dfrac{7}{18}",
      "prompt_tokens": 151,
      "completion_tokens": 19145,
      "reasoning_tokens_counted": 18517,
      "non_reasoning_tokens_counted": 626
    },
    {
      "chain_index": 8,
      "finish_reason": "stop",
      "extracted_answer": "\\dfrac{7}{18}",
      "prompt_tokens": 151,
      "completion_tokens": 19520,
      "reasoning_tokens_counted": 19091,
      "non_reasoning_tokens_counted": 427
    }
  ],
  "error_chain_details": []
}