{
  "iteration": 12,
  "question_id": "index_11",
  "status": "SUCCESS",
  "n_chains_requested": 8,
  "n_chains_completed_stream_with_content": 8,
  "n_chains_completed_stream_for_voting": 8,
  "error_chains_count": 0,
  "prompt_len": 604,
  "correct_answer_reference": "29",
  "individual_answers": [
    "16",
    "12",
    "16",
    "16",
    "16",
    "16",
    "16",
    "34"
  ],
  "voted_answer": "16",
  "final_score": 0,
  "avg_kv_cache_usage": 0.16810530534926266,
  "max_kv_cache_usage": 0.3083762982888739,
  "processing_duration_sec": 297.1419458389282,
  "usage_aggregated": {
    "prompt_tokens": 142,
    "total_completion_tokens_across_all_requested_chains": 87959,
    "total_reasoning_tokens_counted": 85235,
    "total_non_reasoning_tokens_counted": 2708,
    "total_tokens_usage": 88101
  },
  "chains_for_voting_details": [
    {
      "chain_index": 1,
      "finish_reason": "stop",
      "extracted_answer": "16",
      "prompt_tokens": 142,
      "completion_tokens": 11745,
      "reasoning_tokens_counted": 11456,
      "non_reasoning_tokens_counted": 287
    },
    {
      "chain_index": 2,
      "finish_reason": "stop",
      "extracted_answer": "12",
      "prompt_tokens": 142,
      "completion_tokens": 7791,
      "reasoning_tokens_counted": 7496,
      "non_reasoning_tokens_counted": 293
    },
    {
      "chain_index": 3,
      "finish_reason": "stop",
      "extracted_answer": "16",
      "prompt_tokens": 142,
      "completion_tokens": 11406,
      "reasoning_tokens_counted": 11110,
      "non_reasoning_tokens_counted": 294
    },
    {
      "chain_index": 4,
      "finish_reason": "stop",
      "extracted_answer": "16",
      "prompt_tokens": 142,
      "completion_tokens": 9289,
      "reasoning_tokens_counted": 8863,
      "non_reasoning_tokens_counted": 424
    },
    {
      "chain_index": 5,
      "finish_reason": "stop",
      "extracted_answer": "16",
      "prompt_tokens": 142,
      "completion_tokens": 9382,
      "reasoning_tokens_counted": 9046,
      "non_reasoning_tokens_counted": 334
    },
    {
      "chain_index": 6,
      "finish_reason": "stop",
      "extracted_answer": "16",
      "prompt_tokens": 142,
      "completion_tokens": 10980,
      "reasoning_tokens_counted": 10780,
      "non_reasoning_tokens_counted": 198
    },
    {
      "chain_index": 7,
      "finish_reason": "stop",
      "extracted_answer": "16",
      "prompt_tokens": 142,
      "completion_tokens": 13131,
      "reasoning_tokens_counted": 12793,
      "non_reasoning_tokens_counted": 336
    },
    {
      "chain_index": 8,
      "finish_reason": "stop",
      "extracted_answer": "34",
      "prompt_tokens": 142,
      "completion_tokens": 14235,
      "reasoning_tokens_counted": 13691,
      "non_reasoning_tokens_counted": 542
    }
  ],
  "error_chain_details": []
}