{
  "iteration": 9,
  "question_id": "index_8",
  "status": "SUCCESS",
  "n_chains_requested": 8,
  "n_chains_completed_stream_with_content": 8,
  "n_chains_completed_stream_for_voting": 8,
  "error_chains_count": 0,
  "prompt_len": 743,
  "correct_answer_reference": "1037",
  "individual_answers": [
    "1035",
    "0",
    "1037",
    "1982",
    "1037",
    "1007",
    "1020",
    "1037"
  ],
  "voted_answer": "1037",
  "final_score": 1,
  "avg_kv_cache_usage": 0.21613866795452008,
  "max_kv_cache_usage": 0.4184413061346484,
  "processing_duration_sec": 397.5537292957306,
  "usage_aggregated": {
    "prompt_tokens": 238,
    "total_completion_tokens_across_all_requested_chains": 111559,
    "total_reasoning_tokens_counted": 108151,
    "total_non_reasoning_tokens_counted": 3392,
    "total_tokens_usage": 111797
  },
  "chains_for_voting_details": [
    {
      "chain_index": 1,
      "finish_reason": "stop",
      "extracted_answer": "1035",
      "prompt_tokens": 238,
      "completion_tokens": 13356,
      "reasoning_tokens_counted": 12887,
      "non_reasoning_tokens_counted": 467
    },
    {
      "chain_index": 2,
      "finish_reason": "stop",
      "extracted_answer": "0",
      "prompt_tokens": 238,
      "completion_tokens": 18300,
      "reasoning_tokens_counted": 17762,
      "non_reasoning_tokens_counted": 536
    },
    {
      "chain_index": 3,
      "finish_reason": "stop",
      "extracted_answer": "1037",
      "prompt_tokens": 238,
      "completion_tokens": 7271,
      "reasoning_tokens_counted": 6683,
      "non_reasoning_tokens_counted": 586
    },
    {
      "chain_index": 4,
      "finish_reason": "stop",
      "extracted_answer": "1982",
      "prompt_tokens": 238,
      "completion_tokens": 18040,
      "reasoning_tokens_counted": 17790,
      "non_reasoning_tokens_counted": 248
    },
    {
      "chain_index": 5,
      "finish_reason": "stop",
      "extracted_answer": "1037",
      "prompt_tokens": 238,
      "completion_tokens": 12555,
      "reasoning_tokens_counted": 12098,
      "non_reasoning_tokens_counted": 455
    },
    {
      "chain_index": 6,
      "finish_reason": "stop",
      "extracted_answer": "1007",
      "prompt_tokens": 238,
      "completion_tokens": 14856,
      "reasoning_tokens_counted": 14488,
      "non_reasoning_tokens_counted": 366
    },
    {
      "chain_index": 7,
      "finish_reason": "stop",
      "extracted_answer": "1020",
      "prompt_tokens": 238,
      "completion_tokens": 13514,
      "reasoning_tokens_counted": 13280,
      "non_reasoning_tokens_counted": 232
    },
    {
      "chain_index": 8,
      "finish_reason": "stop",
      "extracted_answer": "1037",
      "prompt_tokens": 238,
      "completion_tokens": 13667,
      "reasoning_tokens_counted": 13163,
      "non_reasoning_tokens_counted": 502
    }
  ],
  "error_chain_details": []
}