{
  "iteration": 3,
  "question_id": "index_2",
  "status": "SUCCESS",
  "n_chains_requested": 8,
  "n_chains_completed_stream_with_content": 8,
  "n_chains_completed_stream_for_voting": 8,
  "error_chains_count": 0,
  "prompt_len": 510,
  "correct_answer_reference": "\\frac{1}{576}",
  "individual_answers": [
    "2^{\\sqrt{22 + 20 \\log_2 3}}",
    "72",
    "160",
    "4096",
    "576",
    "24^{2\\sqrt{\\log 2}}",
    "2^{\\sqrt{33 + 30 \\log_2 3}}",
    "7776"
  ],
  "voted_answer": "4096",
  "final_score": 0,
  "avg_kv_cache_usage": 0.32977712446191393,
  "max_kv_cache_usage": 0.5308974071583352,
  "processing_duration_sec": 734.7083652019501,
  "usage_aggregated": {
    "prompt_tokens": 167,
    "total_completion_tokens_across_all_requested_chains": 167672,
    "total_reasoning_tokens_counted": 163928,
    "total_non_reasoning_tokens_counted": 3728,
    "total_tokens_usage": 167839
  },
  "chains_for_voting_details": [
    {
      "chain_index": 1,
      "finish_reason": "stop",
      "extracted_answer": "2^{\\sqrt{22 + 20 \\log_2 3}}",
      "prompt_tokens": 167,
      "completion_tokens": 28910,
      "reasoning_tokens_counted": 28201,
      "non_reasoning_tokens_counted": 707
    },
    {
      "chain_index": 2,
      "finish_reason": "stop",
      "extracted_answer": "72",
      "prompt_tokens": 167,
      "completion_tokens": 28205,
      "reasoning_tokens_counted": 27862,
      "non_reasoning_tokens_counted": 341
    },
    {
      "chain_index": 3,
      "finish_reason": "stop",
      "extracted_answer": "160",
      "prompt_tokens": 167,
      "completion_tokens": 15613,
      "reasoning_tokens_counted": 14879,
      "non_reasoning_tokens_counted": 732
    },
    {
      "chain_index": 4,
      "finish_reason": "stop",
      "extracted_answer": "4096",
      "prompt_tokens": 167,
      "completion_tokens": 22557,
      "reasoning_tokens_counted": 22209,
      "non_reasoning_tokens_counted": 346
    },
    {
      "chain_index": 5,
      "finish_reason": "stop",
      "extracted_answer": "576",
      "prompt_tokens": 167,
      "completion_tokens": 6825,
      "reasoning_tokens_counted": 6427,
      "non_reasoning_tokens_counted": 396
    },
    {
      "chain_index": 6,
      "finish_reason": "stop",
      "extracted_answer": "24^{2\\sqrt{\\log 2}}",
      "prompt_tokens": 167,
      "completion_tokens": 25239,
      "reasoning_tokens_counted": 24977,
      "non_reasoning_tokens_counted": 260
    },
    {
      "chain_index": 7,
      "finish_reason": "stop",
      "extracted_answer": "2^{\\sqrt{33 + 30 \\log_2 3}}",
      "prompt_tokens": 167,
      "completion_tokens": 11330,
      "reasoning_tokens_counted": 10902,
      "non_reasoning_tokens_counted": 426
    },
    {
      "chain_index": 8,
      "finish_reason": "stop",
      "extracted_answer": "7776",
      "prompt_tokens": 167,
      "completion_tokens": 28993,
      "reasoning_tokens_counted": 28471,
      "non_reasoning_tokens_counted": 520
    }
  ],
  "error_chain_details": []
}