{
  "iteration": 26,
  "question_id": "index_25",
  "status": "SUCCESS",
  "n_chains_requested": 8,
  "n_chains_completed_stream_with_content": 8,
  "n_chains_completed_stream_for_voting": 8,
  "error_chains_count": 0,
  "prompt_len": 504,
  "correct_answer_reference": "9\\sqrt{15}",
  "individual_answers": [
    "9\\sqrt{15}",
    "9\\sqrt{15}",
    "9\\sqrt{15}",
    "9\\sqrt{15}",
    "9\\sqrt{15}",
    "9\\sqrt{15}",
    "9\\sqrt{15}",
    "9\\sqrt{15}"
  ],
  "voted_answer": "9\\sqrt{15}",
  "final_score": 1,
  "avg_kv_cache_usage": 0.12980129867308102,
  "max_kv_cache_usage": 0.2725846222819995,
  "processing_duration_sec": 212.71034336090088,
  "usage_aggregated": {
    "prompt_tokens": 139,
    "total_completion_tokens_across_all_requested_chains": 66832,
    "total_reasoning_tokens_counted": 59631,
    "total_non_reasoning_tokens_counted": 7185,
    "total_tokens_usage": 66971
  },
  "chains_for_voting_details": [
    {
      "chain_index": 1,
      "finish_reason": "stop",
      "extracted_answer": "9\\sqrt{15}",
      "prompt_tokens": 139,
      "completion_tokens": 8156,
      "reasoning_tokens_counted": 7651,
      "non_reasoning_tokens_counted": 503
    },
    {
      "chain_index": 2,
      "finish_reason": "stop",
      "extracted_answer": "9\\sqrt{15}",
      "prompt_tokens": 139,
      "completion_tokens": 9355,
      "reasoning_tokens_counted": 8333,
      "non_reasoning_tokens_counted": 1020
    },
    {
      "chain_index": 3,
      "finish_reason": "stop",
      "extracted_answer": "9\\sqrt{15}",
      "prompt_tokens": 139,
      "completion_tokens": 7771,
      "reasoning_tokens_counted": 6813,
      "non_reasoning_tokens_counted": 956
    },
    {
      "chain_index": 4,
      "finish_reason": "stop",
      "extracted_answer": "9\\sqrt{15}",
      "prompt_tokens": 139,
      "completion_tokens": 10574,
      "reasoning_tokens_counted": 9646,
      "non_reasoning_tokens_counted": 926
    },
    {
      "chain_index": 5,
      "finish_reason": "stop",
      "extracted_answer": "9\\sqrt{15}",
      "prompt_tokens": 139,
      "completion_tokens": 7155,
      "reasoning_tokens_counted": 6109,
      "non_reasoning_tokens_counted": 1044
    },
    {
      "chain_index": 6,
      "finish_reason": "stop",
      "extracted_answer": "9\\sqrt{15}",
      "prompt_tokens": 139,
      "completion_tokens": 7579,
      "reasoning_tokens_counted": 6531,
      "non_reasoning_tokens_counted": 1046
    },
    {
      "chain_index": 7,
      "finish_reason": "stop",
      "extracted_answer": "9\\sqrt{15}",
      "prompt_tokens": 139,
      "completion_tokens": 7238,
      "reasoning_tokens_counted": 6351,
      "non_reasoning_tokens_counted": 885
    },
    {
      "chain_index": 8,
      "finish_reason": "stop",
      "extracted_answer": "9\\sqrt{15}",
      "prompt_tokens": 139,
      "completion_tokens": 9004,
      "reasoning_tokens_counted": 8197,
      "non_reasoning_tokens_counted": 805
    }
  ],
  "error_chain_details": []
}