{
  "iteration": 4,
  "question_id": "index_3",
  "status": "SUCCESS",
  "n_chains_requested": 8,
  "n_chains_completed_stream_with_content": 8,
  "n_chains_completed_stream_for_voting": 8,
  "error_chains_count": 0,
  "prompt_len": 404,
  "correct_answer_reference": "-984",
  "individual_answers": [
    "3063",
    "-984",
    "3063",
    "-984",
    "3068",
    "-984",
    "-984",
    "-990"
  ],
  "voted_answer": "-984",
  "final_score": 1,
  "avg_kv_cache_usage": 0.18793987598753278,
  "max_kv_cache_usage": 0.3622506164537099,
  "processing_duration_sec": 512.0599892139435,
  "usage_aggregated": {
    "prompt_tokens": 118,
    "total_completion_tokens_across_all_requested_chains": 111270,
    "total_reasoning_tokens_counted": 107622,
    "total_non_reasoning_tokens_counted": 3632,
    "total_tokens_usage": 111388
  },
  "chains_for_voting_details": [
    {
      "chain_index": 1,
      "finish_reason": "stop",
      "extracted_answer": "3063",
      "prompt_tokens": 118,
      "completion_tokens": 6757,
      "reasoning_tokens_counted": 6116,
      "non_reasoning_tokens_counted": 639
    },
    {
      "chain_index": 2,
      "finish_reason": "stop",
      "extracted_answer": "-984",
      "prompt_tokens": 118,
      "completion_tokens": 15773,
      "reasoning_tokens_counted": 15615,
      "non_reasoning_tokens_counted": 156
    },
    {
      "chain_index": 3,
      "finish_reason": "stop",
      "extracted_answer": "3063",
      "prompt_tokens": 118,
      "completion_tokens": 21573,
      "reasoning_tokens_counted": 21077,
      "non_reasoning_tokens_counted": 494
    },
    {
      "chain_index": 4,
      "finish_reason": "stop",
      "extracted_answer": "-984",
      "prompt_tokens": 118,
      "completion_tokens": 12798,
      "reasoning_tokens_counted": 12344,
      "non_reasoning_tokens_counted": 452
    },
    {
      "chain_index": 5,
      "finish_reason": "stop",
      "extracted_answer": "3068",
      "prompt_tokens": 118,
      "completion_tokens": 14946,
      "reasoning_tokens_counted": 14486,
      "non_reasoning_tokens_counted": 458
    },
    {
      "chain_index": 6,
      "finish_reason": "stop",
      "extracted_answer": "-984",
      "prompt_tokens": 118,
      "completion_tokens": 8522,
      "reasoning_tokens_counted": 7620,
      "non_reasoning_tokens_counted": 900
    },
    {
      "chain_index": 7,
      "finish_reason": "stop",
      "extracted_answer": "-984",
      "prompt_tokens": 118,
      "completion_tokens": 13050,
      "reasoning_tokens_counted": 12565,
      "non_reasoning_tokens_counted": 483
    },
    {
      "chain_index": 8,
      "finish_reason": "stop",
      "extracted_answer": "-990",
      "prompt_tokens": 118,
      "completion_tokens": 17851,
      "reasoning_tokens_counted": 17799,
      "non_reasoning_tokens_counted": 50
    }
  ],
  "error_chain_details": []
}