{
  "iteration": 6,
  "question_id": "index_5",
  "status": "SUCCESS",
  "n_chains_requested": 8,
  "n_chains_completed_stream_with_content": 8,
  "n_chains_completed_stream_for_voting": 8,
  "error_chains_count": 0,
  "prompt_len": 370,
  "correct_answer_reference": "\\frac{1311}{2017}",
  "individual_answers": [
    "\\dfrac{1311}{2017}",
    "\\dfrac{1}{2025}",
    "\\dfrac{1311}{2017}",
    "\\dfrac{1311}{2017}",
    "0",
    "\\dfrac{1311}{2017}",
    "\\dfrac{2025! - 1}{2025!}",
    "\\dfrac{706}{2017}"
  ],
  "voted_answer": "\\dfrac{1311}{2017}",
  "final_score": 1,
  "avg_kv_cache_usage": 0.1595073511781044,
  "max_kv_cache_usage": 0.2606291563924382,
  "processing_duration_sec": 283.0740406513214,
  "usage_aggregated": {
    "prompt_tokens": 108,
    "total_completion_tokens_across_all_requested_chains": 81699,
    "total_reasoning_tokens_counted": 76221,
    "total_non_reasoning_tokens_counted": 5462,
    "total_tokens_usage": 81807
  },
  "chains_for_voting_details": [
    {
      "chain_index": 1,
      "finish_reason": "stop",
      "extracted_answer": "\\dfrac{1311}{2017}",
      "prompt_tokens": 108,
      "completion_tokens": 13170,
      "reasoning_tokens_counted": 12659,
      "non_reasoning_tokens_counted": 509
    },
    {
      "chain_index": 2,
      "finish_reason": "stop",
      "extracted_answer": "\\dfrac{1}{2025}",
      "prompt_tokens": 108,
      "completion_tokens": 7601,
      "reasoning_tokens_counted": 7004,
      "non_reasoning_tokens_counted": 595
    },
    {
      "chain_index": 3,
      "finish_reason": "stop",
      "extracted_answer": "\\dfrac{1311}{2017}",
      "prompt_tokens": 108,
      "completion_tokens": 11856,
      "reasoning_tokens_counted": 11088,
      "non_reasoning_tokens_counted": 766
    },
    {
      "chain_index": 4,
      "finish_reason": "stop",
      "extracted_answer": "\\dfrac{1311}{2017}",
      "prompt_tokens": 108,
      "completion_tokens": 13324,
      "reasoning_tokens_counted": 12536,
      "non_reasoning_tokens_counted": 786
    },
    {
      "chain_index": 5,
      "finish_reason": "stop",
      "extracted_answer": "0",
      "prompt_tokens": 108,
      "completion_tokens": 12784,
      "reasoning_tokens_counted": 12115,
      "non_reasoning_tokens_counted": 667
    },
    {
      "chain_index": 6,
      "finish_reason": "stop",
      "extracted_answer": "\\dfrac{1311}{2017}",
      "prompt_tokens": 108,
      "completion_tokens": 9026,
      "reasoning_tokens_counted": 8248,
      "non_reasoning_tokens_counted": 776
    },
    {
      "chain_index": 7,
      "finish_reason": "stop",
      "extracted_answer": "\\dfrac{2025! - 1}{2025!}",
      "prompt_tokens": 108,
      "completion_tokens": 7070,
      "reasoning_tokens_counted": 6407,
      "non_reasoning_tokens_counted": 661
    },
    {
      "chain_index": 8,
      "finish_reason": "stop",
      "extracted_answer": "\\dfrac{706}{2017}",
      "prompt_tokens": 108,
      "completion_tokens": 6868,
      "reasoning_tokens_counted": 6164,
      "non_reasoning_tokens_counted": 702
    }
  ],
  "error_chain_details": []
}