{
  "iteration": 29,
  "question_id": "index_28",
  "status": "PARTIAL_SUCCESS (1_failed)",
  "n_chains_requested": 8,
  "n_chains_completed_stream_with_content": 8,
  "n_chains_completed_stream_for_voting": 7,
  "error_chains_count": 1,
  "prompt_len": 504,
  "correct_answer_reference": "14+4\\sqrt{37}",
  "individual_answers": [
    "14 + 4\\sqrt{37}",
    "25",
    "10",
    "26",
    "14 + 4\\sqrt{37}",
    "25",
    "\\dfrac{154}{5}"
  ],
  "voted_answer": "25",
  "final_score": 0,
  "avg_kv_cache_usage": 0.3204453892633625,
  "max_kv_cache_usage": 0.6294552790854069,
  "processing_duration_sec": 808.0527031421661,
  "usage_aggregated": {
    "prompt_tokens": 134,
    "total_completion_tokens_across_all_requested_chains": 181710,
    "total_reasoning_tokens_counted": 145136,
    "total_non_reasoning_tokens_counted": 3792,
    "total_tokens_usage": 181844
  },
  "chains_for_voting_details": [
    {
      "chain_index": 1,
      "finish_reason": "stop",
      "extracted_answer": "14 + 4\\sqrt{37}",
      "prompt_tokens": 134,
      "completion_tokens": 13107,
      "reasoning_tokens_counted": 12560,
      "non_reasoning_tokens_counted": 545
    },
    {
      "chain_index": 2,
      "finish_reason": "stop",
      "extracted_answer": "25",
      "prompt_tokens": 134,
      "completion_tokens": 25976,
      "reasoning_tokens_counted": 25578,
      "non_reasoning_tokens_counted": 396
    },
    {
      "chain_index": 3,
      "finish_reason": "stop",
      "extracted_answer": "10",
      "prompt_tokens": 134,
      "completion_tokens": 24152,
      "reasoning_tokens_counted": 23576,
      "non_reasoning_tokens_counted": 574
    },
    {
      "chain_index": 4,
      "finish_reason": "stop",
      "extracted_answer": "26",
      "prompt_tokens": 134,
      "completion_tokens": 22316,
      "reasoning_tokens_counted": 21603,
      "non_reasoning_tokens_counted": 711
    },
    {
      "chain_index": 6,
      "finish_reason": "stop",
      "extracted_answer": "14 + 4\\sqrt{37}",
      "prompt_tokens": 134,
      "completion_tokens": 23173,
      "reasoning_tokens_counted": 22891,
      "non_reasoning_tokens_counted": 280
    },
    {
      "chain_index": 7,
      "finish_reason": "stop",
      "extracted_answer": "25",
      "prompt_tokens": 134,
      "completion_tokens": 27123,
      "reasoning_tokens_counted": 26537,
      "non_reasoning_tokens_counted": 584
    },
    {
      "chain_index": 8,
      "finish_reason": "stop",
      "extracted_answer": "\\dfrac{154}{5}",
      "prompt_tokens": 134,
      "completion_tokens": 13095,
      "reasoning_tokens_counted": 12391,
      "non_reasoning_tokens_counted": 702
    }
  ],
  "error_chain_details": [
    {
      "chain_index": 5,
      "finish_reason": "length",
      "error": "Content generated but no answer extracted",
      "full_content": "Okay, so I have this geometry problem here. Let me try to parse it step by step. The problem says:\n\nLet $ABCD$ be a rectangle with $BC=24$. Point $X$ lies inside the rectangle such that $\\angle AXB = 90^{\\circ}$. Given that triangles $\\triangle AXD$ and $\\triangle BXC$ are both acute and have circumradii $13$ and $15$, respectively, compute $AB$.\n\nAlright, so let me try to visualize this rectangle. Let's denote the rectangle $ABCD$ with points labeled in order, so $AB$ and $CD$ are the lengths, and $BC$ and $AD$ are the widths. The problem says $BC=24$, so that's the width of the rectangle.\n\nPoint $X$ is inside the rectangle, and the angle $\\angle AXB$ is 90 degrees. So, point $X$ is such that when you connect points $A$, $X$, and $B$, you form a right angle at $X$.\n\nAdditionally, the circumradii of triangles $AXD$ and $BXC$ are given as 13 and 15, respectively. Also, both triangles are acute. So, I need to find the length of $AB$.\n\nFirst, let me recall that in a triangle, the circumradius $R$ can be calculated using the formula:\n\n$$\nR = \\frac{a}{2\\sin A} = \\frac{b}{2\\sin B} = \\frac{c}{2\\sin C}\n$$\n\nwhere $a$, $b$, $c$ are the sides opposite angles $A$, $B$, $C$ respectively.\n\nBut since both triangles $AXD$ and $BXC$ are acute, all their angles are less than 90 degrees. That might be useful later.\n\nAlso, since $ABCD$ is a rectangle, the coordinates can be set up in a coordinate system to make things easier. Let me try that.\n\nLet me place the rectangle in the coordinate plane such that:\n\n- Point $A$ is at $(0, 0)$.\n- Point $B$ is at $(AB, 0)$ since $AB$ is the length we need to find.\n- Point $C$ is at $(AB, BC) = (AB, 24)$.\n- Point $D$ is at $(0, 24)$.\n\nSo, coordinates:\n\n- $A(0, 0)$\n- $B(AB, 0)$\n- $C(AB, 24)$\n- $D(0, 24)$\n\nPoint $X$ is inside the rectangle, so its coordinates are $(x, y)$, where $0 < x < AB$ and $0 < y < 24$.\n\nGiven that $\\angle AXB = 90^{\\circ}$. So, triangle $AXB$ is right-angled at $X$.\n\nIn coordinate geometry, if two lines are perpendicular, the product of their slopes is $-1$. Alternatively, for vectors, the dot product is zero.\n\nSince $AX$ and $BX$ are perpendicular, the vectors $\\overrightarrow{AX}$ and $\\overrightarrow{BX}$ are perpendicular. So,\n\n$\\overrightarrow{AX} = (x, y)$\n\n$\\overrightarrow{BX} = (x - AB, y)$\n\nTheir dot product is zero:\n\n$$\nx(x - AB) + y \\cdot y = 0\n$$\n\nWhich simplifies to:\n\n$$\nx^2 - AB \\cdot x + y^2 = 0\n$$\n\nThat's one equation relating $x$ and $y$.\n\nNow, let's move on to triangles $AXD$ and $BXC$, which have circumradii 13 and 15, respectively.\n\nLet me first consider triangle $AXD$. Its vertices are $A(0, 0)$, $X(x, y)$, and $D(0, 24)$. So, I can find the lengths of its sides.\n\nCompute the lengths:\n\n- $AX$ is from $A$ to $X$: $\\sqrt{(x)^2 + (y)^2} = \\sqrt{x^2 + y^2}$\n\n- $XD$ is from $X$ to $D$: $\\sqrt{(0 - x)^2 + (24 - y)^2} = \\sqrt{x^2 + (24 - y)^2}$\n\n- $AD$ is from $A$ to $D$: $\\sqrt{(0)^2 + (24)^2} = 24$\n\nSo, sides of triangle $AXD$ are $AX$, $XD$, and $AD=24$.\n\nSimilarly, for triangle $BXC$, its vertices are $B(AB, 0)$, $X(x, y)$, and $C(AB, 24)$. So, the sides are:\n\n- $BX$ is from $B$ to $X$: $\\sqrt{(x - AB)^2 + (y)^2}$\n\n- $XC$ is from $X$ to $C$: $\\sqrt{(AB - x)^2 + (24 - y)^2}$\n\n- $BC$ is from $B$ to $C$: $\\sqrt{(0)^2 + (24)^2} = 24$\n\nSo, sides of triangle $BXC$ are $BX$, $XC$, and $BC=24$.\n\nNow, the circumradius of triangle $AXD$ is 13, and that of $BXC$ is 15.\n\nI can use the formula for circumradius in terms of the sides:\n\n$$\nR = \\frac{a b c}{4 \\Delta}\n$$\n\nwhere $a$, $b$, $c$ are the sides, and $\\Delta$ is the area of the triangle.\n\nAlternatively, another formula for circumradius is:\n\n$$\nR = \\frac{a}{2 \\sin A} = \\frac{b}{2 \\sin B} = \\frac{c}{2 \\sin C}\n$$\n\nBut since I don't know the angles, perhaps using the first formula with the sides and area would be better.\n\nSo, let's compute the area of triangle $AXD$.\n\nFirst, for triangle $AXD$, points are $A(0,0)$, $X(x,y)$, $D(0,24)$. The area can be calculated using the shoelace formula:\n\n$$\n\\Delta_{AXD} = \\frac{1}{2} |(0 \\cdot y + x \\cdot 24 + 0 \\cdot 0) - (0 \\cdot x + y \\cdot 0 + 24 \\cdot 0)| = \\frac{1}{2} |24x| = 12x\n$$\n\nWait, is that correct? Let me double-check.\n\nShoelace formula: For points $(x_1, y_1)$, $(x_2, y_2)$, $(x_3, y_3)$,\n\n$$\n\\Delta = \\frac{1}{2} |x_1(y_2 - y_3) + x_2(y_3 - y_1) + x_3(y_1 - y_2)|\n$$\n\nSo, plugging in $A(0,0)$, $X(x,y)$, $D(0,24)$:\n\n$$\n\\Delta = \\frac{1}{2} |0(y - 24) + x(24 - 0) + 0(0 - y)| = \\frac{1}{2} |24x| = 12x\n$$\n\nYes, that seems correct.\n\nSimilarly, for triangle $BXC$, points are $B(AB,0)$, $X(x,y)$, $C(AB,24)$.\n\nUsing shoelace formula:\n\n$$\n\\Delta_{BXC} = \\frac{1}{2} |AB(y - 24) + x(24 - 0) + AB(0 - y)| \n\nWait, maybe a better approach is to notice that triangle $BXC$ has a vertical side from $B$ to $C$, which is length 24, and point $X$ is somewhere inside.\n\nAlternatively, maybe the area can be calculated as follows:\n\nBut let me use the shoelace formula.\n\nPoints are $B(AB,0)$, $X(x,y)$, $C(AB,24)$.\n\nSo,\n\n$$\n\\Delta_{BXC} = \\frac{1}{2} |AB(y - 24) + x(24 - 0) + AB(0 - y)|\n$$\n\nWait, let me apply the formula correctly.\n\nUsing the formula:\n\n$$\n\\Delta = \\frac{1}{2} |x_1(y_2 - y_3) + x_2(y_3 - y_1) + x_3(y_1 - y_2)|\n$$\n\nSo,\n\n$x_1 = AB$, $y_1 = 0$,\n\n$x_2 = x$, $y_2 = y$,\n\n$x_3 = AB$, $y_3 = 24$.\n\nPlugging in:\n\n$$\n\\Delta = \\frac{1}{2} |AB(y - 24) + x(24 - 0) + AB(0 - y)|\n$$\n\nSimplify:\n\n= 1/2 | AB(y - 24) + 24x + AB(-y) |\n\n= 1/2 | AB(y - 24 - y) + 24x |\n\n= 1/2 | AB(-24) + 24x |\n\n= 1/2 | -24AB + 24x |\n\n= 12 | -AB + x | \n\n= 12 |x - AB|\n\nSince $x < AB$ (because $X$ is inside the rectangle, so x is between 0 and AB), so x - AB is negative. Therefore, absolute value is AB - x.\n\nSo, $\\Delta_{BXC} = 12(AB - x)$.\n\nOkay, so areas are 12x and 12(AB - x) for triangles $AXD$ and $BXC$, respectively.\n\nNow, let's write the formula for the circumradius for each triangle.\n\nStarting with triangle $AXD$:\n\nCircumradius $R_{AXD} = 13$.\n\nSo,\n\n$$\nR_{AXD} = \\frac{AX \\cdot XD \\cdot AD}{4 \\Delta_{AXD}} = 13\n$$\n\nWe have $AD = 24$, $AX = \\sqrt{x^2 + y^2}$, $XD = \\sqrt{x^2 + (24 - y)^2}$, and $\\Delta_{AXD} = 12x$.\n\nSo,\n\n$$\n13 = \\frac{\\sqrt{x^2 + y^2} \\cdot \\sqrt{x^2 + (24 - y)^2} \\cdot 24}{4 \\cdot 12x}\n$$\n\nSimplify denominator: 4 * 12x = 48x.\n\nSo,\n\n$$\n13 = \\frac{24 \\cdot \\sqrt{x^2 + y^2} \\cdot \\sqrt{x^2 + (24 - y)^2}}{48x}\n$$\n\nSimplify 24/48 = 1/2.\n\nSo,\n\n$$\n13 = \\frac{\\sqrt{x^2 + y^2} \\cdot \\sqrt{x^2 + (24 - y)^2}}{2x}\n$$\n\nMultiply both sides by 2x:\n\n$$\n26x = \\sqrt{x^2 + y^2} \\cdot \\sqrt{x^2 + (24 - y)^2}\n$$\n\nLet me square both sides to eliminate the square roots:\n\n$$\n(26x)^2 = [ \\sqrt{x^2 + y^2} \\cdot \\sqrt{x^2 + (24 - y)^2} ]^2\n$$\n\nSo,\n\n$$\n676x^2 = (x^2 + y^2)(x^2 + (24 - y)^2)\n$$\n\nLet me expand the right-hand side:\n\n= (x^2)(x^2) + x^2(24 - y)^2 + y^2 x^2 + y^2 (24 - y)^2\n\n= x^4 + x^2(24 - y)^2 + x^2 y^2 + y^2(24 - y)^2\n\nWait, perhaps a better way is to consider (x^2 + y^2)(x^2 + (24 - y)^2) as [x^2 + y^2][x^2 + (24 - y)^2]\n\nLet me denote $a = x^2$, $b = y^2$, $c = (24 - y)^2$.\n\nSo, it's (a + b)(a + c) = a^2 + a c + a b + b c.\n\nWait, but that might not be helpful.\n\nAlternatively, perhaps expand the product:\n\n= x^4 + x^2(24 - y)^2 + y^2 x^2 + y^2(24 - y)^2\n\nAlternatively, group terms:\n\n= x^4 + x^2[ (24 - y)^2 + y^2 ] + y^2 (24 - y)^2\n\nLet me compute (24 - y)^2 + y^2:\n\n= (576 -48y + y^2) + y^2 = 576 -48y + 2y^2\n\nSo,\n\n= x^4 + x^2(576 -48y + 2y^2) + y^2 (24 - y)^2\n\nHmm, this seems a bit messy. Maybe an alternative approach.\n\nWait, perhaps instead of expanding, think about the fact that 26x squared is equal to this product, so maybe I can hold onto that equation for a moment and do the same for the other triangle.\n\nSo, let's do the same for triangle $BXC$.\n\nCircumradius $R_{BXC} = 15$.\n\nSides:\n\n$BX = \\sqrt{(x - AB)^2 + y^2}$\n\n$XC = \\sqrt{(AB - x)^2 + (24 - y)^2}$\n\n$BC = 24$\n\nArea $\\Delta_{BXC} = 12(AB - x)$\n\nSo,\n\n$$\n15 = \\frac{BX \\cdot XC \\cdot BC}{4 \\Delta_{BXC}} = \\frac{\\sqrt{(x - AB)^2 + y^2} \\cdot \\sqrt{(AB - x)^2 + (24 - y)^2} \\cdot 24}{4 \\cdot 12 (AB - x)}\n$$\n\nSimplify denominator: 4 * 12 (AB - x) = 48 (AB - x)\n\nSo,\n\n$$\n15 = \\frac{24 \\cdot \\sqrt{(x - AB)^2 + y^2} \\cdot \\sqrt{(AB - x)^2 + (24 - y)^2}}{48 (AB - x)}\n$$\n\nSimplify 24/48 = 1/2:\n\n$$\n15 = \\frac{\\sqrt{(x - AB)^2 + y^2} \\cdot \\sqrt{(AB - x)^2 + (24 - y)^2}}{2 (AB - x)}\n$$\n\nMultiply both sides by 2(AB - x):\n\n$$\n30 (AB - x) = \\sqrt{(x - AB)^2 + y^2} \\cdot \\sqrt{(AB - x)^2 + (24 - y)^2}\n$$\n\nNote that (x - AB)^2 = (AB - x)^2, so let's write that as:\n\n$$\n30 (AB - x) = \\sqrt{(AB - x)^2 + y^2} \\cdot \\sqrt{(AB - x)^2 + (24 - y)^2}\n$$\n\nNow, square both sides:\n\n$$\n[30 (AB - x)]^2 = [ \\sqrt{(AB - x)^2 + y^2} \\cdot \\sqrt{(AB - x)^2 + (24 - y)^2} ]^2\n$$\n\nSo,\n\n$$\n900 (AB - x)^2 = [(AB - x)^2 + y^2] [(AB - x)^2 + (24 - y)^2]\n$$\n\nAgain, this seems a bit complicated, but perhaps I can relate this to the equation I had earlier for triangle $AXD$.\n\nLet me denote $AB$ as $a$ for simplicity. So, $a = AB$, which is what we need to find.\n\nSo, replace $AB$ with $a$.\n\nSo, now, the equation from triangle $AXD$ is:\n\n$$\n676x^2 = (x^2 + y^2)(x^2 + (24 - y)^2)\n$$\n\nAnd the equation from triangle $BXC$ is:\n\n$$\n900(a - x)^2 = [(a - x)^2 + y^2] [(a - x)^2 + (24 - y)^2]\n$$\n\nAdditionally, from the condition that angle $AXB$ is 90 degrees, we had the equation:\n\n$$\nx^2 - a x + y^2 = 0\n$$\n\nSo, that's three equations.\n\nSo, let me recap:\n\n1. From angle AXB: $x^2 - a x + y^2 = 0$ --> equation (1)\n\n2. From triangle AXD: $676x^2 = (x^2 + y^2)(x^2 + (24 - y)^2)$ --> equation (2)\n\n3. From triangle BXC: $900(a - x)^2 = [(a - x)^2 + y^2][(a - x)^2 + (24 - y)^2]$ --> equation (3)\n\nSo, I have three equations with three variables: x, y, a.\n\nMy goal is to find a, so I need to solve these equations.\n\nLet me see if I can express equations (2) and (3) in terms of equation (1).\n\nFirst, equation (1): $x^2 - a x + y^2 = 0$ --> $x^2 + y^2 = a x$.\n\nSo, that's helpful.\n\nLet me plug this into equation (2):\n\nEquation (2): 676x^2 = (x^2 + y^2)(x^2 + (24 - y)^2)\n\nBut x^2 + y^2 = a x, so:\n\n676x^2 = (a x)(x^2 + (24 - y)^2)\n\nSo,\n\n676x^2 = a x (x^2 + (24 - y)^2)\n\nDivide both sides by x (assuming x \u2260 0, which it isn't because X is inside the rectangle):\n\n676x = a (x^2 + (24 - y)^2) --> equation (2a)\n\nSimilarly, for equation (3):\n\n900(a - x)^2 = [(a - x)^2 + y^2][(a - x)^2 + (24 - y)^2]\n\nLet me denote (a - x) as another variable, say, b. So, b = a - x.\n\nThen, equation (3) becomes:\n\n900 b^2 = (b^2 + y^2)(b^2 + (24 - y)^2)\n\nWait a second, that looks similar to equation (2a). Because equation (2a) is:\n\n676x = a (x^2 + (24 - y)^2 )\n\nBut if I write equation (3) as:\n\n900 b^2 = (b^2 + y^2)(b^2 + (24 - y)^2 )\n\nBut from equation (1), we have x^2 + y^2 = a x. So, if I can relate b to x or a.\n\nSince b = a - x, maybe there's a relation here.\n\nWait, perhaps if I denote b = a - x, then x = a - b.\n\nSo, equation (2a) can be written in terms of b.\n\nEquation (2a): 676x = a (x^2 + (24 - y)^2 )\n\nExpress x as a - b:\n\n676(a - b) = a [ (a - b)^2 + (24 - y)^2 ]\n\nBut I'm not sure if that helps. Alternatively, maybe I can find a relation between 676 and 900, since both equations have similar structures.\n\nLooking at equations (2a) and (3):\n\nEquation (2a): 676x = a [x^2 + (24 - y)^2 ]\n\nEquation (3): 900 b^2 = (b^2 + y^2)(b^2 + (24 - y)^2 )\n\nWhere b = a - x.\n\nLet me define some variables to make this clearer.\n\nLet me set:\n\nLet\u2019s denote S = x^2 + (24 - y)^2\n\nand T = (a - x)^2 + (24 - y)^2.\n\nSo, from equation (2a):\n\n676x = a S --> equation (2a)\n\nFrom equation (3):\n\n900 (a - x)^2 = ( (a - x)^2 + y^2 ) ( (a - x)^2 + (24 - y)^2 )\n\nBut (a - x)^2 + (24 - y)^2 = T.\n\nSimilarly, (a - x)^2 + y^2 = (a - x)^2 + y^2.\n\nBut let's see:\n\nWait, equation (3) is:\n\n900 b^2 = (b^2 + y^2)(b^2 + (24 - y)^2 ) = (b^2 + y^2) * T\n\nSo, 900 b^2 = (b^2 + y^2) * T\n\nFrom equation (2a): 676x = a S\n\nBut S = x^2 + (24 - y)^2.\n\nAlso, from equation (1): x^2 + y^2 = a x\n\nSo, S = a x - y^2 + (24 - y)^2\n\nWait, let's compute S:\n\nS = x^2 + (24 - y)^2 = (x^2 + y^2) - y^2 + (24 - y)^2 = a x - y^2 + (24 - y)^2\n\nSo, S = a x + (24 - y)^2 - y^2\n\nCompute (24 - y)^2 - y^2:\n\n= 576 -48y + y^2 - y^2 = 576 -48y\n\nSo, S = a x + 576 -48y\n\nSimilarly, in equation (2a):\n\n676x = a S = a (a x + 576 -48y )\n\nSo,\n\n676x = a^2 x + 576 a - 48 a y\n\nBring all terms to one side:\n\na^2 x + 576 a - 48 a y - 676x = 0\n\nLet me factor terms:\n\nx (a^2 - 676) + a (576 - 48 y ) = 0\n\nHmm, that's equation (2b).\n\nNow, moving to equation (3):\n\n900 b^2 = (b^2 + y^2) T\n\nBut b = a - x, so b^2 = (a - x)^2\n\nAnd T = (a - x)^2 + (24 - y)^2 = b^2 + (24 - y)^2\n\nWait, let's compute T:\n\nT = (a - x)^2 + (24 - y)^2\n\nBut from equation (1): x^2 + y^2 = a x\n\nSo, y^2 = a x - x^2\n\nSo, (24 - y)^2 = 576 -48 y + y^2 = 576 -48 y + a x - x^2\n\nSo, T = (a - x)^2 + [576 -48 y + a x - x^2]\n\nCompute (a - x)^2 = a^2 - 2 a x + x^2\n\nSo,\n\nT = a^2 - 2 a x + x^2 + 576 -48 y + a x - x^2\n\nSimplify:\n\n= a^2 - 2 a x + x^2 + 576 -48 y + a x - x^2\n\n= a^2 - a x + 576 -48 y\n\nSo, T = a^2 - a x + 576 -48 y\n\nNow, equation (3):\n\n900 b^2 = (b^2 + y^2) T\n\nBut b^2 = (a -x)^2 = a^2 - 2 a x + x^2\n\nSo, b^2 + y^2 = a^2 - 2 a x + x^2 + y^2\n\nBut from equation (1): x^2 + y^2 = a x\n\nSo,\n\nb^2 + y^2 = a^2 -2 a x + a x = a^2 - a x\n\nThus,\n\n900 b^2 = (a^2 - a x) * T\n\nBut from earlier, T = a^2 - a x + 576 -48 y\n\nSo,\n\n900 b^2 = (a^2 - a x)(a^2 - a x + 576 -48 y )\n\nLet me denote K = a^2 - a x\n\nSo, equation becomes:\n\n900 b^2 = K ( K + 576 -48 y )\n\nBut K = a^2 - a x, and b = a -x.\n\nSo, b^2 = (a - x)^2 = a^2 - 2 a x + x^2\n\nBut K = a^2 - a x = a(a - x) = a b\n\nSo, K = a b\n\nSo, equation (3) becomes:\n\n900 b^2 = (a b)(a b + 576 -48 y )\n\nSimplify:\n\n900 b^2 = a b (a b + 576 -48 y )\n\nDivide both sides by b (assuming b \u2260 0, which it isn't because x < a):\n\n900 b = a (a b + 576 -48 y )\n\nSo,\n\n900 b = a^2 b + 576 a -48 a y\n\nBring all terms to one side:\n\na^2 b + 576 a -48 a y - 900 b = 0\n\nFactor terms:\n\na^2 b -900 b + 576 a -48 a y = 0\n\nFactor b from the first two terms and a from the next two:\n\nb (a^2 -900 ) + a (576 -48 y ) = 0\n\nHmm, that's equation (3b).\n\nNow, looking back at equation (2b):\n\nx (a^2 -676 ) + a (576 -48 y ) = 0\n\nAnd equation (3b):\n\nb (a^2 -900 ) + a (576 -48 y ) = 0\n\nLet me write both equations:\n\nEquation (2b):\n\nx (a^2 -676 ) + a (576 -48 y ) = 0\n\nEquation (3b):\n\nb (a^2 -900 ) + a (576 -48 y ) = 0\n\nNotice that both equations have the term a (576 -48 y ). Let me denote this term as C, so:\n\nC = a (576 -48 y )\n\nThen,\n\nEquation (2b): x (a^2 -676 ) + C = 0\n\nEquation (3b): b (a^2 -900 ) + C = 0\n\nSo, subtract equation (2b) from equation (3b):\n\n[ b (a^2 -900 ) + C ] - [ x (a^2 -676 ) + C ] = 0 - 0\n\nSimplify:\n\nb (a^2 -900 ) - x (a^2 -676 ) = 0\n\nSo,\n\nb (a^2 -900 ) = x (a^2 -676 )\n\nBut b = a - x, so substitute:\n\n(a - x)(a^2 -900 ) = x (a^2 -676 )\n\nLet me expand the left side:\n\n= a (a^2 -900 ) - x (a^2 -900 )\n\n= a^3 -900 a -x a^2 +900 x\n\nThe right side is x a^2 - 676 x\n\nSo,\n\nLeft side: a^3 -900 a -x a^2 +900 x = Right side: x a^2 -676 x\n\nBring all terms to the left:\n\na^3 -900 a -x a^2 +900 x -x a^2 +676 x = 0\n\nWait, wait, perhaps better to write:\n\n(a^3 -900 a -x a^2 +900 x ) - (x a^2 -676 x ) = 0\n\nSo,\n\na^3 -900 a -x a^2 +900 x -x a^2 +676 x = 0\n\nCombine like terms:\n\na^3 -900 a -2x a^2 + (900 x +676 x ) = 0\n\nSimplify:\n\na^3 -900 a -2x a^2 +1576 x = 0\n\nHmm, this is getting complicated. Let's see if we can express x in terms of a from equation (1) and substitute.\n\nFrom equation (1): x^2 + y^2 = a x --> y^2 = a x -x^2\n\nBut perhaps I can find another equation involving x and a.\n\nWait, let me think differently. From equation (2a):\n\n676x = a S\n\nAnd S = a x + 576 -48 y\n\nSo, from (2a): 676x = a (a x + 576 -48 y )\n\nSo,\n\n676x = a^2 x + 576 a -48 a y\n\nWhich can be rewritten as:\n\n676x - a^2 x = 576 a -48 a y\n\nFactor x on the left:\n\nx (676 -a^2 ) = a (576 -48 y )\n\nSimilarly, from equation (3b):\n\nb (a^2 -900 ) + a (576 -48 y ) = 0\n\nBut b = a -x, so:\n\n(a -x)(a^2 -900 ) + a (576 -48 y ) = 0\n\nBut from equation (2b), we have:\n\nx (a^2 -676 ) + a (576 -48 y ) = 0\n\nSo, let me write both equations:\n\n1. x (a^2 -676 ) + a (576 -48 y ) = 0 --> equation (2b)\n\n2. (a -x)(a^2 -900 ) + a (576 -48 y ) = 0 --> equation (3b)\n\nLet me subtract equation (2b) from equation (3b):\n\n[ (a -x)(a^2 -900 ) + a (576 -48 y ) ] - [x (a^2 -676 ) + a (576 -48 y ) ] = 0 - 0\n\nSimplify:\n\n(a -x)(a^2 -900 ) - x (a^2 -676 ) = 0\n\nExpand (a -x)(a^2 -900 ):\n\n= a (a^2 -900 ) -x (a^2 -900 )\n\n= a^3 -900 a -x a^2 +900 x\n\nSo, equation becomes:\n\na^3 -900 a -x a^2 +900 x -x a^2 +676 x =0\n\nWait, that's what I had earlier. Hmm.\n\nSo, a^3 -900a -2x a^2 +1576x =0\n\nBut I need another equation to relate x and a.\n\nFrom equation (1): x^2 + y^2 = a x\n\nFrom equation (2a): 676x = a S, where S = a x +576 -48 y\n\nSo,\n\n676x = a (a x +576 -48 y )\n\nWhich gives:\n\n676x = a^2 x +576 a -48 a y\n\nRearranged:\n\n676x -a^2 x =576 a -48 a y\n\nSo,\n\nx (676 -a^2 ) = a (576 -48 y )\n\nSimilarly, from equation (3b):\n\nFrom equation (3b):\n\nb (a^2 -900 ) +a (576 -48 y )=0\n\nBut b = a -x,\n\nSo,\n\n(a -x)(a^2 -900 ) +a (576 -48 y )=0\n\nWhich is:\n\na (a^2 -900 ) -x (a^2 -900 ) +a (576 -48 y )=0\n\n= a^3 -900 a -x a^2 +900 x +576 a -48 a y =0\n\nCombine like terms:\n\na^3 -900 a +576 a -x a^2 +900 x -48 a y=0\n\nSimplify:\n\na^3 -324 a -x a^2 +900 x -48 a y=0\n\nNow, from equation (2a):\n\nx (676 -a^2 ) = a (576 -48 y )\n\nWhich can be rewritten as:\n\nx (676 -a^2 ) = a (576 -48 y )\n\nSo, let me express 576 -48 y from here:\n\n576 -48 y = x (676 -a^2 ) /a\n\nSubstitute this into equation (3b):\n\na^3 -324 a -x a^2 +900 x -48 a y=0\n\nWait, but I need to express 48 a y in terms of other variables.\n\nWait, 48 a y = a (48 y )\n\nBut from 576 -48 y = (x (676 -a^2 )) /a\n\nSo,\n\n48 y = 576 - (x (676 -a^2 )) /a\n\nSo,\n\n48 a y = a [576 - (x (676 -a^2 )) /a ] = 576 a -x (676 -a^2 )\n\nSo, 48 a y = 576 a -x (676 -a^2 )\n\nSo, going back to equation (3b):\n\na^3 -324 a -x a^2 +900 x -48 a y=0\n\nReplace 48 a y with 576 a -x (676 -a^2 ):\n\n= a^3 -324 a -x a^2 +900 x - [576 a -x (676 -a^2 ) ] =0\n\nSimplify:\n\na^3 -324 a -x a^2 +900 x -576 a +x (676 -a^2 ) =0\n\nExpand the last term:\n\n= a^3 -324 a -x a^2 +900 x -576 a +676 x -x a^2 =0\n\nCombine like terms:\n\na^3 + (-324 a -576 a ) + (-x a^2 -x a^2 ) + (900 x +676 x ) =0\n\nSimplify:\n\na^3 -900 a -2 x a^2 +1576 x =0\n\nWait, that's the same equation I had earlier.\n\nSo, I can't get anything new from that. So, perhaps I need another approach.\n\nLet me think: equations (2a) and (3b) involve terms with a^3, a^2, and x, which is making it difficult. Maybe I can express x in terms of a from equation (1) and substitute.\n\nFrom equation (1): x^2 + y^2 = a x --> y^2 = a x -x^2\n\nBut that doesn't directly give me y in terms of x or a.\n\nAlternatively, perhaps I can use the expressions for S and T in terms of a and x.\n\nWait, from equation (2a):\n\n676x = a S = a (a x +576 -48 y )\n\nSo,\n\n676x = a^2 x +576 a -48 a y\n\nWhich rearranged:\n\n676x -a^2 x =576 a -48 a y\n\nFactor x on the left and a on the right:\n\nx (676 -a^2 ) = a (576 -48 y )\n\nSimilarly, from equation (3b):\n\nWe had:\n\n(a -x)(a^2 -900 ) +a (576 -48 y )=0\n\nBut 576 -48 y = (x (676 -a^2 )) /a\n\nSo,\n\n(a -x)(a^2 -900 ) +a [ (x (676 -a^2 )) /a ]=0\n\nSimplify the second term:\n\n= (a -x)(a^2 -900 ) +x (676 -a^2 )=0\n\nExpand (a -x)(a^2 -900 ):\n\n= a^3 -900 a -x a^2 +900 x +676 x -x a^2 =0\n\nWait, no:\n\nWait, expanding (a -x)(a^2 -900 ):\n\n= a (a^2 -900 ) -x (a^2 -900 )\n\n= a^3 -900 a -x a^2 +900 x\n\nThen, adding x (676 -a^2 ):\n\n= a^3 -900 a -x a^2 +900 x +676 x -x a^2\n\n= a^3 -900 a -2 x a^2 + (900 x +676 x )\n\n= a^3 -900 a -2 x a^2 +1576 x =0\n\nWhich is the same equation as before. Hmm.\n\nI think maybe I need to find a ratio between equations (2a) and (3b).\n\nFrom equation (2a): 676x = a S\n\nFrom equation (3b):900 b = a (K + ... )\n\nWait, perhaps I can take the ratio of equation (2a) and equation (3b):\n\nEquation (2a):676x = a S\n\nEquation (3b):900 b = a (K + something )\n\nWait, maybe not. Alternatively, since both equations (2a) and (3b) have the term a (576 -48 y ), perhaps I can set up a ratio.\n\nFrom equation (2b):\n\nx (a^2 -676 ) + a (576 -48 y ) =0\n\nFrom equation (3b):\n\nb (a^2 -900 ) + a (576 -48 y ) =0\n\nLet me denote the term a (576 -48 y ) as C.\n\nThen,\n\nEquation (2b): x (a^2 -676 ) + C =0\n\nEquation (3b): b (a^2 -900 ) + C =0\n\nSubtract equation (2b) from equation (3b):\n\n[ b (a^2 -900 ) + C ] - [x (a^2 -676 ) + C ] =0\n\nWhich gives:\n\nb (a^2 -900 ) -x (a^2 -676 )=0\n\nSo,\n\nb (a^2 -900 ) =x (a^2 -676 )\n\nBut b = a -x.\n\nSo,\n\n(a -x)(a^2 -900 ) =x (a^2 -676 )\n\nLet me expand both sides:\n\nLeft side:\n\na (a^2 -900 ) -x (a^2 -900 )= a^3 -900 a -x a^2 +900 x\n\nRight side:\n\nx (a^2 -676 )=x a^2 -676 x\n\nSet equal:\n\na^3 -900 a -x a^2 +900 x = x a^2 -676 x\n\nBring all terms to left:\n\na^3 -900 a -x a^2 +900 x -x a^2 +676 x =0\n\nSimplify:\n\na^3 -900 a -2x a^2 +1576 x =0\n\nWhich is the same as before.\n\nHmm. So, perhaps I can factor this equation.\n\nFactor a^3 -2x a^2 -900 a +1576 x =0\n\nPerhaps factor by grouping:\n\nGroup (a^3 -2x a^2 ) + (-900 a +1576 x )\n\nFactor a^2 from first group: a^2 (a - 2x )\n\nSecond group: -900 a +1576 x = - (900 a -1576 x )\n\nNot sure if that helps. Alternatively, factor something else.\n\nAlternatively, maybe express in terms of x:\n\na^3 -2x a^2 -900 a +1576 x =0\n\nLet me factor x:\n\n= a^3 -900 a -2x a^2 +1576 x\n\n= a^3 -900 a -x (2 a^2 -1576 )\n\nHmm, not helpful.\n\nAlternatively, maybe let me write this as:\n\na^3 -2x a^2 -900 a +1576 x =0\n\nLet me factor a from first three terms:\n\na (a^2 -2x a -900 ) +1576 x =0\n\nHmm, not helpful.\n\nAlternatively, perhaps I can express x in terms of a from equation (1):\n\nFrom equation (1): x^2 + y^2 = a x --> y^2 = a x -x^2\n\nBut without knowing y, it's difficult.\n\nWait, perhaps I can express y from equation (2a):\n\nFrom equation (2a):\n\n676x = a S =a (a x +576 -48 y )\n\nSo,\n\n676x = a^2 x +576 a -48 a y\n\nRearranged:\n\n676x -a^2 x =576 a -48 a y\n\nSo,\n\nx (676 -a^2 ) = a (576 -48 y )\n\nSo,\n\n576 -48 y = [x (676 -a^2 ) ] /a\n\nSo,\n\n48 y =576 - [x (676 -a^2 ) ] /a\n\nThus,\n\ny = [576 - (x (676 -a^2 )) /a ] /48\n\nNow, let me plug this into equation (1):\n\nx^2 + y^2 = a x\n\nSo,\n\nx^2 + [ (576 - (x (676 -a^2 )) /a ) /48 ]^2 = a x\n\nThis seems quite complicated, but perhaps manageable.\n\nLet me denote numerator inside y as:\n\nNumerator =576 - (x (676 -a^2 )) /a\n\nSo,\n\nNumerator = (576 a -x (676 -a^2 )) /a\n\nThus,\n\ny = Numerator /48 = (576 a -x (676 -a^2 )) / (48 a )\n\nSo,\n\ny = [576 a -676 x +x a^2 ] / (48 a )\n\nSo,\n\ny = [x a^2 +576 a -676 x ] / (48 a )\n\nHmm.\n\nSo, y is expressed in terms of x and a.\n\nNow, plug into equation (1):\n\nx^2 + y^2 = a x\n\nSo,\n\nx^2 + [ (x a^2 +576 a -676 x ) / (48 a ) ]^2 = a x\n\nThis will be a complicated equation, but let's try to compute it step by step.\n\nFirst, compute the numerator inside the square:\n\nx a^2 +576 a -676 x = x (a^2 -676 ) +576 a\n\nSo,\n\ny = [x (a^2 -676 ) +576 a ] / (48 a )\n\nSo,\n\ny^2 = [x (a^2 -676 ) +576 a ]^2 / (48 a )^2\n\nSo, equation (1) becomes:\n\nx^2 + [ (x (a^2 -676 ) +576 a )^2 ] / (48 a )^2 =a x\n\nMultiply both sides by (48 a )^2 to eliminate denominator:\n\nx^2 (48 a )^2 + [x (a^2 -676 ) +576 a ]^2 =a x (48 a )^2\n\nLet me compute each term:\n\nFirst term: x^2 (48 a )^2 = x^2 * 2304 a^2\n\nSecond term: [x (a^2 -676 ) +576 a ]^2\n\nLet me expand this:\n\n= [x (a^2 -676 ) +576 a ]^2\n\n= [x (a^2 -676 )]^2 + 2 *x (a^2 -676 ) *576 a + (576 a )^2\n\n= x^2 (a^2 -676 )^2 + 1152 a x (a^2 -676 ) + 331776 a^2\n\nThird term: a x (48 a )^2 =a x * 2304 a^2 =2304 a^3 x\n\nSo, putting it all together:\n\n2304 a^2 x^2 + x^2 (a^2 -676 )^2 +1152 a x (a^2 -676 ) +331776 a^2 =2304 a^3 x\n\nBring all terms to the left:\n\n2304 a^2 x^2 + x^2 (a^2 -676 )^2 +1152 a x (a^2 -676 ) +331776 a^2 -2304 a^3 x =0\n\nThis is a quartic equation, which is very complicated. Perhaps I need a smarter approach.\n\nLet me recall that both triangles AXD and BXC are acute.\n\nAn acute triangle has all angles less than 90 degrees. For a triangle with sides a, b, c, it's acute if the square of each side is less than the sum of the squares of the other two sides.\n\nSo, for triangle AXD to be acute:\n\nAX\u00b2 + XD\u00b2 > AD\u00b2\n\nAX\u00b2 + AD\u00b2 > XD\u00b2\n\nXD\u00b2 + AD\u00b2 > AX\u00b2\n\nSimilarly, for triangle BXC.\n\nThis might give us additional equations.\n\nLet's compute for triangle AXD:\n\nSides:\n\nAX = sqrt(x^2 + y^2 )\n\nXD = sqrt(x^2 + (24 - y)^2 )\n\nAD =24\n\nSo, conditions:\n\n1. AX\u00b2 + XD\u00b2 > AD\u00b2\n\n=> (x^2 + y^2 ) + (x^2 + (24 - y)^2 ) >24^2\n\nSimplify:\n\n2x^2 + y^2 + (24 - y)^2 >576\n\nCompute y^2 + (24 - y)^2:\n\n= y^2 +576 -48 y + y^2 = 2 y^2 -48 y +576\n\nSo,\n\n2x^2 +2 y^2 -48 y +576 >576\n\nSimplify:\n\n2x^2 +2 y^2 -48 y >0\n\nDivide by 2:\n\nx^2 + y^2 -24 y >0\n\nBut from equation (1): x^2 + y^2 =a x\n\nSo, substitute:\n\na x -24 y >0 --> a x >24 y --> y < (a x)/24\n\n2. AX\u00b2 + AD\u00b2 > XD\u00b2\n\n=> (x^2 + y^2 ) +24^2 > (x^2 + (24 - y)^2 )\n\nSimplify:\n\nx^2 + y^2 +576 >x^2 + (24 - y)^2\n\nCancel x^2:\n\ny^2 +576 >576 -48 y + y^2\n\nSimplify:\n\n576 >576 -48 y\n\nSubtract 576:\n\n0 > -48 y\n\nMultiply both sides by (-1), inequality reverses:\n\n0 <48 y --> y>0\n\nWhich is given since X is inside the rectangle.\n\n3. XD\u00b2 + AD\u00b2 > AX\u00b2\n\n=> (x^2 + (24 - y)^2 ) +24^2 > (x^2 + y^2 )\n\nSimplify:\n\nx^2 + (24 - y)^2 +576 >x^2 + y^2\n\nCancel x^2:\n\n(24 - y)^2 +576 > y^2\n\nCompute (24 - y)^2 =576 -48 y + y^2\n\nSo,\n\n576 -48 y + y^2 +576 > y^2\n\nSimplify:\n\n1152 -48 y >0 --> 1152 >48 y --> y <24\n\nWhich is given since X is inside the rectangle.\n\nSo, the only additional condition from AXD being acute is y < (a x)/24.\n\nSimilarly, for triangle BXC being acute.\n\nTriangle BXC has sides:\n\nBX = sqrt( (x -a)^2 + y^2 )\n\nXC = sqrt( (a -x)^2 + (24 - y)^2 )\n\nBC=24\n\nSo, conditions:\n\n1. BX\u00b2 + XC\u00b2 > BC\u00b2\n\n=> ( (x -a)^2 + y^2 ) + ( (a -x)^2 + (24 - y)^2 ) >24^2\n\nSimplify:\n\n(x -a)^2 + y^2 + (a -x)^2 + (24 - y)^2 >576\n\nSince (x -a)^2 = (a -x)^2, so:\n\n2 (a -x)^2 + y^2 + (24 - y)^2 >576\n\nCompute y^2 + (24 - y)^2 =2 y^2 -48 y +576\n\nSo,\n\n2 (a -x)^2 +2 y^2 -48 y +576 >576\n\nSimplify:\n\n2 (a -x)^2 +2 y^2 -48 y >0\n\nDivide by 2:\n\n(a -x)^2 + y^2 -24 y >0\n\nFrom equation (1): x^2 + y^2 =a x --> y^2 =a x -x^2\n\nSo, substitute:\n\n(a -x)^2 + (a x -x^2 ) -24 y >0\n\nCompute (a -x)^2:\n\n= a^2 -2 a x +x^2\n\nSo,\n\na^2 -2 a x +x^2 +a x -x^2 -24 y >0\n\nSimplify:\n\na^2 - a x -24 y >0\n\nSo,\n\na^2 -a x >24 y --> y < (a^2 -a x)/24\n\n2. BX\u00b2 + BC\u00b2 > XC\u00b2\n\n=> ( (x -a)^2 + y^2 ) +24^2 > ( (a -x)^2 + (24 - y)^2 )\n\nSimplify:\n\n(x -a)^2 + y^2 +576 > (a -x)^2 + (24 - y)^2\n\nCancel (a -x)^2 from both sides:\n\ny^2 +576 > (24 - y)^2\n\nCompute (24 - y)^2 =576 -48 y + y^2\n\nSo,\n\ny^2 +576 >576 -48 y + y^2\n\nSimplify:\n\n576 >576 -48 y\n\nSubtract 576:\n\n0 > -48 y --> y>0\n\nWhich is given.\n\n3. XC\u00b2 + BC\u00b2 > BX\u00b2\n\n=> ( (a -x)^2 + (24 - y)^2 ) +24^2 > (x -a)^2 + y^2\n\nSimplify:\n\n(a -x)^2 + (24 - y)^2 +576 > (a -x)^2 + y^2\n\nCancel (a -x)^2:\n\n(24 - y)^2 +576 > y^2\n\nCompute (24 - y)^2 =576 -48 y + y^2\n\nSo,\n\n576 -48 y + y^2 +576 > y^2\n\nSimplify:\n\n1152 -48 y >0 --> 1152 >48 y --> y <24\n\nWhich is given.\n\nSo, the only additional condition from triangle BXC being acute is y < (a^2 -a x)/24.\n\nSo, we have two inequalities:\n\nFrom AXD: y < (a x )/24\n\nFrom BXC: y < (a^2 -a x )/24\n\nSo, combining these, y must be less than the minimum of (a x )/24 and (a^2 -a x )/24.\n\nBut since a x and a^2 -a x are positive, both denominators are 24.\n\nSo, y < min( a x /24 , (a^2 -a x ) /24 )\n\nSo, unless a x = a^2 -a x, which would mean 2 a x =a^2 --> x =a/2, then y < a x /24 =a^2 /48.\n\nBut in any case, I don't know if that helps directly, but perhaps it's a clue.\n\nWait, perhaps I can think about the location of point X.\n\nSince angle AXB is 90 degrees, point X lies on the circle with diameter AB.\n\nBut AB is the side of the rectangle, so the circle with diameter AB would have center at the midpoint of AB, which is at (a/2, 0), and radius a/2.\n\nSo, the equation of this circle is:\n\n( x - a/2 )^2 + y^2 = (a/2 )^2\n\nWhich simplifies to:\n\nx^2 -a x + (a^2)/4 + y^2 =a^2 /4\n\nWhich simplifies to:\n\nx^2 -a x + y^2 =0\n\nWhich is exactly equation (1). So, that checks out.\n\nSo, point X is on the circle with diameter AB.\n\nBut in addition, since both triangles AXD and BXC are acute, which gives us the inequalities on y.\n\nBut perhaps I can use coordinate geometry to find the relation.\n\nWait, another thought: Maybe use coordinate system with AB on x-axis, which is already done.\n\nAlternatively, perhaps consider the coordinates in terms of vectors or something.\n\nBut I think I need to find a way to relate a, x, y.\n\nGiven the complexity of the equations, perhaps assume some integer values for a, x, y.\n\nGiven that the circumradii are 13 and 15, which are integers, perhaps a is an integer.\n\nSo, maybe a is an integer, and x, y are rational numbers.\n\nLet me test possible integer values for a.\n\nBut 24 is given, and the circumradii are 13 and 15.\n\nWait, perhaps use Pythagorean triples.\n\nGiven that the triangles AXD and BXC have sides that may form Pythagorean triples, but they are acute, so not right-angled.\n\nAlternatively, perhaps the sides are such that the circumradius formula gives us 13 and 15.\n\nAlternatively, perhaps use the formula for the circumradius in terms of coordinates.\n\nWait, for a triangle with coordinates, the circumradius can be found using the formula:\n\n$$\nR = \\frac{abc}{4 \\Delta}\n$$\n\nBut I already used that.\n\nAlternatively, maybe use the formula involving coordinates.\n\nBut perhaps it's getting too involved.\n\nWait, another idea: Since X is on the circle with diameter AB, maybe use some properties of cyclic quadrilaterals or something else.\n\nAlternatively, perhaps use the British flag theorem, but I think that applies to rectangles and distances from a point to the corners.\n\nThe British flag theorem states that for any point X in the plane of rectangle ABCD,\n\nAX\u00b2 + CX\u00b2 = BX\u00b2 + DX\u00b2\n\nSo, let me apply that.\n\nFrom the British flag theorem:\n\nAX\u00b2 + CX\u00b2 = BX\u00b2 + DX\u00b2\n\nCompute each term:\n\nAX\u00b2 =x\u00b2 + y\u00b2\n\nBX\u00b2 =(x -a )\u00b2 + y\u00b2\n\nCX\u00b2 = (x -a )\u00b2 + (24 - y )\u00b2\n\nDX\u00b2 =x\u00b2 + (24 - y )\u00b2\n\nSo,\n\nAX\u00b2 + CX\u00b2 = (x\u00b2 + y\u00b2 ) + [ (x -a )\u00b2 + (24 - y )\u00b2 ]\n\n= x\u00b2 + y\u00b2 +x\u00b2 -2 a x +a\u00b2 +576 -48 y + y\u00b2\n\n=2x\u00b2 +2 y\u00b2 -2 a x +a\u00b2 +576 -48 y\n\nSimilarly,\n\nBX\u00b2 + DX\u00b2 = [ (x -a )\u00b2 + y\u00b2 ] + [x\u00b2 + (24 - y )\u00b2 ]\n\n= x\u00b2 -2 a x +a\u00b2 + y\u00b2 +x\u00b2 +576 -48 y + y\u00b2\n\n=2x\u00b2 +2 y\u00b2 -2 a x +a\u00b2 +576 -48 y\n\nWhich is equal to AX\u00b2 + CX\u00b2. So, the theorem holds.\n\nBut I'm not sure if that helps here.\n\nWait, perhaps I can find another relation.\n\nWait, let me think about the coordinates.\n\nGiven that X is at (x, y), inside the rectangle.\n\nWe have equation (1): x\u00b2 + y\u00b2 = a x\n\nSo, x\u00b2 -a x + y\u00b2 =0\n\nSo, perhaps complete the square for x:\n\nx\u00b2 -a x + (a\u00b2 /4 ) + y\u00b2 = a\u00b2 /4\n\nSo,\n\n(x -a /2 )\u00b2 + y\u00b2 = (a /2 )\u00b2\n\nWhich is the equation of the circle with diameter AB, as before.\n\nSo, perhaps use parametric equations for point X on this circle.\n\nParametrize point X as:\n\nx = (a /2 ) + (a /2 ) cos \u03b8\n\ny =0 + (a /2 ) sin \u03b8\n\nSo,\n\nx = (a /2 )(1 + cos \u03b8 )\n\ny = (a /2 ) sin \u03b8\n\nBut since X is inside the rectangle, y must be between 0 and24, so (a /2 ) sin \u03b8 must be less than24.\n\nSo, (a /2 ) sin \u03b8 <24 --> sin \u03b8 <48 /a\n\nSimilarly, x must be between0 and a, which it is, since cos \u03b8 ranges between -1 and1.\n\nSo, x ranges from0 to a.\n\nSo, with this parametrization, I can express x and y in terms of \u03b8 and a.\n\nLet me try that.\n\nSo,\n\nx = (a /2 )(1 + cos \u03b8 )\n\ny = (a /2 ) sin \u03b8\n\nSo,\n\nFrom equation (1): x\u00b2 + y\u00b2 =a x\n\nCheck:\n\nLeft side: x\u00b2 + y\u00b2 = [ (a\u00b2 /4 )(1 + cos \u03b8 )\u00b2 ] + [ (a\u00b2 /4 ) sin\u00b2 \u03b8 ]\n\n= (a\u00b2 /4 )(1 + 2 cos \u03b8 + cos\u00b2 \u03b8 + sin\u00b2 \u03b8 )\n\n= (a\u00b2 /4 )(2 + 2 cos \u03b8 )\n\n= (a\u00b2 /4 )(2 (1 + cos \u03b8 )) = (a\u00b2 /2 )(1 + cos \u03b8 )\n\nRight side: a x =a * (a /2 )(1 + cos \u03b8 )= (a\u00b2 /2 )(1 + cos \u03b8 )\n\nSo, equality holds. So, correct.\n\nNow, let's compute S and T in terms of \u03b8.\n\nRecall:\n\nFrom triangle AXD: S =x\u00b2 + (24 - y )\u00b2\n\nFrom triangle BXC: T = (a -x )\u00b2 + (24 - y )\u00b2\n\nCompute S:\n\nS =x\u00b2 + (24 - y )\u00b2\n\n= [ (a\u00b2 /4 )(1 + cos \u03b8 )\u00b2 ] + [24 - (a /2 ) sin \u03b8 ]\u00b2\n\nSimilarly, T = (a -x )\u00b2 + (24 - y )\u00b2\n\n= [a - (a /2 )(1 + cos \u03b8 ) ]\u00b2 + [24 - (a /2 ) sin \u03b8 ]\u00b2\n\nSimplify:\n\n= [ (a /2 )(1 - cos \u03b8 ) ]\u00b2 + [24 - (a /2 ) sin \u03b8 ]\u00b2\n\n= (a\u00b2 /4 )(1 - 2 cos \u03b8 + cos\u00b2 \u03b8 ) + (576 -24 a sin \u03b8 + (a\u00b2 /4 ) sin\u00b2 \u03b8 )\n\nSo, let me compute both S and T.\n\nCompute S:\n\n= (a\u00b2 /4 )(1 + 2 cos \u03b8 + cos\u00b2 \u03b8 ) + (576 -48 a sin \u03b8 + (a\u00b2 /4 ) sin\u00b2 \u03b8 )\n\n= (a\u00b2 /4 )(1 + 2 cos \u03b8 + cos\u00b2 \u03b8 + sin\u00b2 \u03b8 ) +576 -48 a sin \u03b8\n\n= (a\u00b2 /4 )(2 + 2 cos \u03b8 ) +576 -48 a sin \u03b8\n\n= (a\u00b2 /2 )(1 + cos \u03b8 ) +576 -48 a sin \u03b8\n\nSimilarly, T:\n\n= (a\u00b2 /4 )(1 - 2 cos \u03b8 + cos\u00b2 \u03b8 ) +576 -24 a sin \u03b8 + (a\u00b2 /4 ) sin\u00b2 \u03b8\n\n= (a\u00b2 /4 )(1 -2 cos \u03b8 + cos\u00b2 \u03b8 + sin\u00b2 \u03b8 ) +576 -24 a sin \u03b8\n\n= (a\u00b2 /4 )(2 -2 cos \u03b8 ) +576 -24 a sin \u03b8\n\n= (a\u00b2 /2 )(1 - cos \u03b8 ) +576 -24 a sin \u03b8\n\nSo, now, from equation (2a):\n\n676x =a S\n\nBut x = (a /2 )(1 + cos \u03b8 )\n\nSo,\n\n676*(a /2 )(1 + cos \u03b8 ) =a [ (a\u00b2 /2 )(1 + cos \u03b8 ) +576 -48 a sin \u03b8 ]\n\nSimplify:\n\nLeft side: 338 a (1 + cos \u03b8 )\n\nRight side: a [ (a\u00b2 /2 )(1 + cos \u03b8 ) +576 -48 a sin \u03b8 ]\n\n= (a^3 /2 )(1 + cos \u03b8 ) +576 a -48 a^2 sin \u03b8\n\nSo, equation:\n\n338 a (1 + cos \u03b8 ) = (a^3 /2 )(1 + cos \u03b8 ) +576 a -48 a^2 sin \u03b8\n\nBring all terms to the left:\n\n338 a (1 + cos \u03b8 ) - (a^3 /2 )(1 + cos \u03b8 ) -576 a +48 a^2 sin \u03b8 =0\n\nFactor terms:\n\n(1 + cos \u03b8 )(338 a -a^3 /2 ) +48 a^2 sin \u03b8 -576 a =0\n\nLet me factor a from all terms:\n\na [ (1 + cos \u03b8 )(338 -a\u00b2 /2 ) +48 a sin \u03b8 -576 ] =0\n\nSince a \u22600, we have:\n\n(1 + cos \u03b8 )(338 -a\u00b2 /2 ) +48 a sin \u03b8 -576 =0\n\nSimilarly, from equation (3b):\n\n900 (a -x )^2 = ( (a -x )^2 + y^2 ) ( (a -x )^2 + (24 - y )^2 )\n\nBut with the parametrization, (a -x ) = (a /2 )(1 - cos \u03b8 )\n\nAnd y = (a /2 ) sin \u03b8\n\nSo,\n\n(a -x )^2 = (a\u00b2 /4 )(1 - cos \u03b8 )\u00b2\n\nSimilarly, y^2 = (a\u00b2 /4 ) sin\u00b2 \u03b8\n\nAnd (24 - y )\u00b2 = [24 - (a /2 ) sin \u03b8 ]\u00b2\n\nSo, compute each part.\n\nBut perhaps instead of going into that, use the expression for T.\n\nFrom equation (3b):\n\n900 b =a (K + ... )\n\nWait, perhaps better to express equation (3b) in terms of \u03b8.\n\nFrom equation (3b):\n\n900 b^2 = (b^2 + y^2 ) T\n\nBut b =a -x = (a /2 )(1 - cos \u03b8 )\n\nSo, b\u00b2 = (a\u00b2 /4 )(1 - cos \u03b8 )\u00b2\n\nSimilarly, y\u00b2 = (a\u00b2 /4 ) sin\u00b2 \u03b8\n\nSo, b\u00b2 + y\u00b2 = (a\u00b2 /4 )(1 - 2 cos \u03b8 + cos\u00b2 \u03b8 ) + (a\u00b2 /4 ) sin\u00b2 \u03b8\n\n= (a\u00b2 /4 )(1 -2 cos \u03b8 + cos\u00b2 \u03b8 + sin\u00b2 \u03b8 )\n\n= (a\u00b2 /4 )(2 -2 cos \u03b8 ) = (a\u00b2 /2 )(1 - cos \u03b8 )\n\nSimilarly, T = (a\u00b2 /2 )(1 - cos \u03b8 ) +576 -24 a sin \u03b8\n\nSo, equation (3b):\n\n900 b\u00b2 = (b\u00b2 + y\u00b2 ) * T\n\n= [ (a\u00b2 /2 )(1 - cos \u03b8 ) ] * [ (a\u00b2 /2 )(1 - cos \u03b8 ) +576 -24 a sin \u03b8 ]\n\nSo,\n\n900*(a\u00b2 /4 )(1 - cos \u03b8 )\u00b2 = [ (a\u00b2 /2 )(1 - cos \u03b8 ) ] * [ (a\u00b2 /2 )(1 - cos \u03b8 ) +576 -24 a sin \u03b8 ]\n\nSimplify left side:\n\n= 225 a\u00b2 (1 - cos \u03b8 )\u00b2\n\nRight side:\n\n= (a\u00b2 /2 )(1 - cos \u03b8 ) * [ (a\u00b2 /2 )(1 - cos \u03b8 ) +576 -24 a sin \u03b8 ]\n\nLet me denote C =1 - cos \u03b8\n\nThen, equation becomes:\n\n225 a\u00b2 C\u00b2 = (a\u00b2 /2 ) C [ (a\u00b2 /2 ) C +576 -24 a sin \u03b8 ]\n\nDivide both sides by a\u00b2:\n\n225 C\u00b2 = (1/2 ) C [ (a\u00b2 /2 ) C +576 -24 a sin \u03b8 ]\n\nMultiply both sides by 2:\n\n450 C\u00b2 = C [ (a\u00b2 /2 ) C +576 -24 a sin \u03b8 ]\n\nAssuming C \u22600 (since otherwise, y=0, which would put X at A or B, but X is inside the rectangle, so y>0), so we can divide both sides by C:\n\n450 C = (a\u00b2 /2 ) C +576 -24 a sin \u03b8\n\nBring terms with C to left:\n\n450 C - (a\u00b2 /2 ) C =576 -24 a sin \u03b8\n\nFactor C:\n\nC (450 -a\u00b2 /2 ) =576 -24 a sin \u03b8\n\nBut C =1 - cos \u03b8, so:\n\n(1 - cos \u03b8 )(450 -a\u00b2 /2 ) =576 -24 a sin \u03b8\n\nSo, now I have two equations:\n\nFrom equation (2a):\n\n(1 + cos \u03b8 )(338 -a\u00b2 /2 ) +48 a sin \u03b8 -576 =0 --> equation (A)\n\nFrom equation (3b):\n\n(1 - cos \u03b8 )(450 -a\u00b2 /2 ) -576 +24 a sin \u03b8 =0 --> equation (B)\n\nSo, let me write both equations:\n\nEquation (A):\n\n(1 + cos \u03b8 )(338 -a\u00b2 /2 ) +48 a sin \u03b8 -576 =0\n\nEquation (B):\n\n(1 - cos \u03b8 )(450 -a\u00b2 /2 ) -576 +24 a sin \u03b8 =0\n\nLet me denote:\n\nLet\u2019s set u =1 + cos \u03b8\n\nv = sin \u03b8\n\nThen, 1 - cos \u03b8 = 2 - u\n\nBut 1 - cos \u03b8 = 2 - u, but perhaps more useful:\n\nAlternatively, note that 1 - cos \u03b8 = 2 sin\u00b2 (\u03b8/2 )\n\nAnd 1 + cos \u03b8 =2 cos\u00b2 (\u03b8/2 )\n\nBut not sure if that helps.\n\nAlternatively, express equations (A) and (B) in terms of u and v.\n\nSo,\n\nEquation (A):\n\nu (338 -a\u00b2 /2 ) +48 a v -576 =0\n\nEquation (B):\n\n(2 - u ) (450 -a\u00b2 /2 ) -576 +24 a v =0\n\nCompute equation (B):\n\n= (2 - u )(450 -a\u00b2 /2 ) -576 +24 a v\n\n=2*(450 -a\u00b2 /2 ) - u*(450 -a\u00b2 /2 ) -576 +24 a v\n\n=900 -a\u00b2 + (- u*(450 -a\u00b2 /2 )) -576 +24 a v\n\n= (900 -576 ) -a\u00b2 - u*(450 -a\u00b2 /2 ) +24 a v\n\n=324 -a\u00b2 - u*(450 -a\u00b2 /2 ) +24 a v\n\nSo, equation (B):\n\n324 -a\u00b2 - u*(450 -a\u00b2 /2 ) +24 a v =0\n\nNow, we have two equations:\n\nEquation (A):\n\nu (338 -a\u00b2 /2 ) +48 a v =576\n\nEquation (B):\n\n324 -a\u00b2 - u*(450 -a\u00b2 /2 ) +24 a v =0\n\nLet me write them as:\n\nEquation (A):\n\nu (338 -a\u00b2 /2 ) +48 a v =576 --> multiply both sides by1\n\nEquation (B):\n\n- u (450 -a\u00b2 /2 ) +24 a v = a\u00b2 -324\n\nLet me write them:\n\nEquation (A):\n\n(338 -a\u00b2 /2 ) u +48 a v =576\n\nEquation (B):\n\n-(450 -a\u00b2 /2 ) u +24 a v =a\u00b2 -324\n\nLet me denote:\n\nLet\u2019s define:\n\nLet\u2019s call the coefficients as:\n\nFor equation (A):\n\nA1 =338 -a\u00b2 /2\n\nB1=48 a\n\nC1=576\n\nFor equation (B):\n\nA2= - (450 -a\u00b2 /2 )\n\nB2=24 a\n\nC2=a\u00b2 -324\n\nSo, we have:\n\nA1 u +B1 v =C1 --> equation (A)\n\nA2 u +B2 v =C2 --> equation (B)\n\nWe can solve this system for u and v.\n\nLet me write it as:\n\nA1 u +B1 v =C1\n\nA2 u +B2 v =C2\n\nLet me solve using elimination.\n\nMultiply equation (A) by B2 and equation (B) by B1:\n\nA1 B2 u +B1 B2 v =C1 B2\n\nA2 B1 u +B1 B2 v =C2 B1\n\nSubtract the two equations:\n\n(A1 B2 -A2 B1 ) u =C1 B2 -C2 B1\n\nCompute the coefficients:\n\nCompute A1 B2 -A2 B1:\n\nA1 B2 = (338 -a\u00b2 /2 ) *24 a\n\nA2 B1 = - (450 -a\u00b2 /2 ) *48 a\n\nSo,\n\nA1 B2 - A2 B1 =24 a (338 -a\u00b2 /2 ) +48 a (450 -a\u00b2 /2 )\n\nFactor 24 a:\n\n=24 a [ (338 -a\u00b2 /2 ) +2*(450 -a\u00b2 /2 ) ]\n\nCompute inside the brackets:\n\n=338 -a\u00b2 /2 +900 -a\u00b2\n\n= (338 +900 ) + (-a\u00b2 /2 -a\u00b2 )\n\n=1238 - (3 a\u00b2 /2 )\n\nSo,\n\nA1 B2 -A2 B1 =24 a (1238 - (3 a\u00b2 ) /2 )\n\nSimilarly, compute C1 B2 -C2 B1:\n\nC1 B2 =576 *24 a =13,824 a\n\nC2 B1 =(a\u00b2 -324 ) *48 a =48 a^3 -15,552 a\n\nSo,\n\nC1 B2 -C2 B1 =13,824 a - (48 a^3 -15,552 a ) =13,824 a -48 a^3 +15,552 a = (13,824 +15,552 ) a -48 a^3 =29,376 a -48 a^3\n\nSo, putting it together:\n\n(24 a )(1238 - (3 a\u00b2 ) /2 ) u =29,376 a -48 a^3\n\nDivide both sides by a (since a \u22600):\n\n24 (1238 - (3 a\u00b2 ) /2 ) u =29,376 -48 a\u00b2\n\nSimplify left side:\n\n=24*1238 -24*(3 a\u00b2 ) /2 u\n\n=29,712 -36 a\u00b2 u\n\nWait, no:\n\nWait, 24*(1238 - (3 a\u00b2 )/2 )=24*1238 -24*(3 a\u00b2 )/2 =29,712 -36 a\u00b2\n\nSo,\n\n29,712 -36 a\u00b2 ) u =29,376 -48 a\u00b2\n\nThus,\n\n(29,712 -36 a\u00b2 ) u =29,376 -48 a\u00b2\n\nSo,\n\nu = (29,376 -48 a\u00b2 ) / (29,712 -36 a\u00b2 )\n\nFactor numerator and denominator:\n\nNumerator: 29,376 -48 a\u00b2 =48*(612 -a\u00b2 )\n\nDenominator:29,712 -36 a\u00b2 =36*(825.333... -a\u00b2 ) Hmm, not helpful. Alternatively,\n\nFactor 12:\n\nNumerator: 12*(2,448 -4 a\u00b2 )\n\nDenominator:12*(2,476 -3 a\u00b2 )\n\nWait,\n\nWait, 29,376 \u00f712=2,448\n\n29,712 \u00f712=2,476\n\nSo,\n\nu = [12*(2,448 -4 a\u00b2 ) ] / [12*(2,476 -3 a\u00b2 ) ] = (2,448 -4 a\u00b2 ) / (2,476 -3 a\u00b2 )\n\nSimplify numerator and denominator:\n\nFactor numerator: 4*(612 -a\u00b2 )\n\nDenominator: Cannot factor easily.\n\nSo,\n\nu =4*(612 -a\u00b2 ) / (2,476 -3 a\u00b2 )\n\nSimilarly, from equation (A):\n\nu = [576 -48 a v ] / (338 -a\u00b2 /2 )\n\nBut u is expressed in terms of a.\n\nAlternatively, perhaps express v in terms of u.\n\nBut this is getting too involved.\n\nWait, maybe plug u into equation (A):\n\nFrom equation (A):\n\n(338 -a\u00b2 /2 ) u +48 a v =576\n\nSo,\n\n48 a v =576 - (338 -a\u00b2 /2 ) u\n\nThus,\n\nv = [576 - (338 -a\u00b2 /2 ) u ]/(48 a )\n\nBut u is expressed as:\n\nu = (29,376 -48 a\u00b2 ) / (29,712 -36 a\u00b2 )\n\nSo,\n\nPlug u into expression for v:\n\nv = [576 - (338 -a\u00b2 /2 )*(29,376 -48 a\u00b2 )/(29,712 -36 a\u00b2 ) ]/(48 a )\n\nThis is extremely complicated, but perhaps plugging in integer values for a can help.\n\nGiven that a is the length AB, which is an integer (since the problem is likely constructed with integer lengths), and given that the circumradii are 13 and15, perhaps a is a multiple of 24? Or perhaps not.\n\nAlternatively, try to find a such that 29,712 -36 a\u00b2 divides into 29,376 -48 a\u00b2 nicely.\n\nLet me denote:\n\nLet\u2019s write:\n\nu = (29,376 -48 a\u00b2 ) / (29,712 -36 a\u00b2 )\n\nLet\u2019s factor numerator and denominator:\n\nFactor numerator:\n\n29,376 -48 a\u00b2 =48*(612 -a\u00b2 )\n\nDenominator:\n\n29,712 -36 a\u00b2 =36*(825.333... -a\u00b2 ) No, wait,\n\nWait, 29,712 \u00f736=825.333\u2026 Hmm, not integer.\n\nWait, 29,712 \u00f712=2,476\n\nSo,\n\n29,712 -36 a\u00b2 =12*(2,476 -3 a\u00b2 )\n\nSimilarly, numerator:\n\n29,376 -48 a\u00b2 =12*(2,448 -4 a\u00b2 )\n\nSo,\n\nu= [12*(2,448 -4 a\u00b2 ) ]/[12*(2,476 -3 a\u00b2 ) ]= (2,448 -4 a\u00b2 )/(2,476 -3 a\u00b2 )\n\nLet me factor numerator and denominator:\n\nNumerator: 2,448 -4 a\u00b2 =4*(612 -a\u00b2 )\n\nDenominator:2,476 -3 a\u00b2\n\nSo,\n\nu=4*(612 -a\u00b2 )/(2,476 -3 a\u00b2 )\n\nLet me try to see if denominator can be expressed in terms of numerator.\n\nLet me compute denominator:\n\n2,476 -3 a\u00b2 = ?\n\nLet me compute 2,476 -3 a\u00b2 = (2,448 +28 ) -3 a\u00b2 = (2,448 -3 a\u00b2 ) +28\n\nNot helpful.\n\nAlternatively, perhaps assume that a\u00b2 is such that denominator is a multiple of numerator.\n\nBut this is too vague.\n\nAlternatively, let me assume that a is an integer, and that the fractions simplify nicely.\n\nLet me try a=25.\n\nCompute u:\n\nu=4*(612 -625 )/(2,476 -1875 )=4*(-13 )/(601 )= -52/601 \u2248-0.0865\n\nBut u=1 + cos \u03b8, which must be between0 and2, since cos \u03b8 ranges from-1 to1.\n\nSo, u cannot be negative. So, a=25 is invalid.\n\nNext, try a=26.\n\nCompute u:\n\nu=4*(612 -676 )/(2,476 -3*676 )\n\nCompute numerator:612 -676=-64\n\nDenominator:2,476 -2028=448\n\nSo,\n\nu=4*(-64 )/448= (-256 )/448= -16/28= -4/7\u2248-0.571\n\nStill negative. Invalid.\n\na=24:\n\nu=4*(612 -576 )/(2,476 -3*576 )\n\n=4*(36 )/(2,476 -1,728 )\n\n=144 /748\u22480.192\n\nWhich is positive. So, possible.\n\nCompute u=144/748=36/187\u22480.192\n\nThen, v from equation (A):\n\n(338 -a\u00b2 /2 ) u +48 a v =576\n\nCompute for a=24:\n\n338 - (24\u00b2 )/2=338 -288=50\n\nSo,\n\n50*u +48*24*v=576\n\n=50*(36/187 ) +1,152 v=576\n\nCompute 50*(36/187 )=1,800 /187\u22489.626\n\nSo,\n\n9.626 +1,152 v=576\n\n1,152 v=576 -9.626=566.374\n\nv=566.374 /1,152\u22480.4915\n\nBut v= sin \u03b8, which must be \u22641, which is okay.\n\nBut let's check equation (B):\n\n(1 - cos \u03b8 )(450 -a\u00b2 /2 ) -576 +24 a sin \u03b8=0\n\nFor a=24:\n\n1 - cos \u03b8=2 -u=2 -36/187= (374 -36 )/187=338/187\u22481.798\n\nCompute (1 - cos \u03b8 )(450 -288 )= (338/187 )*162= (338*162 )/187\n\nCompute 338*162=54,756\n\n54,756 /187\u2248292.8\n\nThen,\n\n292.8 -576 +24*24*v= -283.2 +576 v=0 ?\n\nWait,\n\nWait, equation (B):\n\n(1 - cos \u03b8 )(450 -a\u00b2 /2 ) -576 +24 a sin \u03b8=0\n\nPlug in a=24:\n\n(1 - cos \u03b8 )(450 -288 ) -576 +24*24*sin \u03b8=0\n\nSo,\n\n(1 - cos \u03b8 )*162 -576 +576 sin \u03b8=0\n\nFrom earlier, 1 - cos \u03b8=338/187\u22481.798\n\nsin \u03b8= v\u22480.4915\n\nSo,\n\n1.798*162\u2248292.8\n\n576 sin \u03b8\u2248576*0.4915\u2248283.2\n\nSo,\n\n292.8 -576 +283.2\u2248(292.8 +283.2 ) -576=576 -576=0\n\nWhich holds true.\n\nSo, a=24 satisfies both equations.\n\nTherefore, AB=24.\n\nWait, but the rectangle has BC=24, and we're computing AB, which is the other side.\n\nWait, but the rectangle has sides AB and BC=24. So, if AB=24, it's a square? But that might not necessarily be the case.\n\nWait, but according to the computations, a=24 satisfies the conditions.\n\nWait, but let me check if the triangles are indeed acute.\n\nFor a=24, compute y.\n\nFrom u=1 + cos \u03b8=36/187\u22480.192, so cos \u03b8= u -1= -0.808\n\nThen, sin \u03b8= v\u22480.4915\n\nSo, y= (a /2 ) sin \u03b8=12 *0.4915\u22485.898\n\nSo, y\u22485.898 < (a x ) /24\n\nCompute x= (a /2 )(1 + cos \u03b8 )=12*(1 -0.808 )=12*(0.192 )\u22482.304\n\nSo, (a x ) /24=24*2.304 /24=2.304\n\nSo, y\u22485.898 <2.304? No, 5.898>2.304\n\nWait, that contradicts the condition from AXD being acute, which requires y < (a x )/24=2.304\n\nBut y\u22485.898>2.304, so it's violating the condition.\n\nSo, a=24 is invalid.\n\nHmm, so maybe a=26.\n\nWait, but earlier for a=26, u was negative, which is invalid.\n\nWait, let's try a=34.\n\nCompute u:\n\nu=4*(612 -34\u00b2 )/(2,476 -3*34\u00b2 )\n\n34\u00b2=1,156\n\nSo,\n\nNumerator:4*(612 -1,156 )=4*(-544 )=-2,176\n\nDenominator:2,476 -3*1,156=2,476 -3,468= -992\n\nSo,\n\nu= -2,176 / (-992 )=2.194\n\nBut u=1 +cos \u03b8 must be \u22642, which is okay.\n\nSo, u=2.194\n\nThen, cos \u03b8= u -1=1.194>1, which is invalid since cos \u03b8 cannot exceed1.\n\nSo, a=34 invalid.\n\nNext, a=10.\n\nCompute u:\n\nu=4*(612 -100 )/(2,476 -300 )\n\n=4*512 /2,176=2,048 /2,176\u22480.940\n\nSo, u\u22480.940\n\nThen, cos \u03b8=u -1\u2248-0.06\n\nsin \u03b8= v from equation (A):\n\n(338 -50 )*0.940 +48*10*v=576\n\n(288 )*0.940 +480 v=576\n\n270.72 +480 v=576\n\n480 v=305.28\n\nv\u22480.636\n\nSo, sin \u03b8\u22480.636\n\nThen, y=5*0.636\u22483.18\n\nCheck condition y < (a x ) /24\n\nx=5*(1 + cos \u03b8 )=5*(1 -0.06 )=5*0.94=4.7\n\nSo, (a x ) /24=10*4.7 /24\u224847 /24\u22481.958\n\nBut y\u22483.18>1.958, which violates the condition.\n\nThus, a=10 invalid.\n\nWait, another approach: perhaps set a such that (a x ) /24 > y and (a\u00b2 -a x ) /24 > y.\n\nGiven that a x and a\u00b2 -a x are positive, so a\u00b2 >a x.\n\nWhich is given since a\u00b2 -a x =a (a -x )>0, because x <a.\n\nSo, from AXD: y < (a x ) /24\n\nFrom BXC: y < (a\u00b2 -a x ) /24\n\nSo, y must be less than both.\n\nBut in the case of a=24, y\u22485.898, which is greater than both (a x )/24\u22482.304 and (a\u00b2 -a x )/24\u2248(576 -2.304*24 )/24\u2248(576 -55.296 )/24\u2248520.704/24\u224821.7\n\nWait, no, 21.7 is bigger than y\u22485.898.\n\nWait, no:\n\nWait, (a\u00b2 -a x ) /24 = (576 -a x ) /24\n\nFor a=24, x\u22482.304, so:\n\n(576 -24*2.304 ) /24= (576 -55.296 )/24\u2248520.704/24\u224821.7\n\nWhich is greater than y\u22485.898, so y <21.7 is satisfied.\n\nBut from AXD, y < (a x ) /24\u22482.304, which is not satisfied.\n\nThus, need a such that both conditions are satisfied.\n\nPerhaps try a=13.\n\nCompute u:\n\nu=4*(612 -169 )/(2,476 -507 )\n\n=4*443 /1,969\u22481,772 /1,969\u22480.899\n\nSo, u\u22480.899\n\nThen, cos \u03b8= u -1\u2248-0.101\n\nsin \u03b8= v from equation (A):\n\n(338 - (169 )/2 )*0.899 +48*13*v=576\n\nCompute 338 -84.5=253.5\n\nSo,\n\n253.5*0.899\u2248228.0\n\n48*13=624\n\nSo,\n\n228 +624 v=576\n\n624 v=348\n\nv\u22480.557\n\nSo, sin \u03b8\u22480.557\n\nCompute y= (13 /2 )*0.557\u22486.5*0.557\u22483.62\n\nCompute (a x ) /24:\n\nx= (13 /2 )(1 + cos \u03b8 )=6.5*(1 -0.101 )\u22486.5*0.899\u22485.843\n\nSo, (13 *5.843 ) /24\u224875.96 /24\u22483.165\n\nBut y\u22483.62>3.165, which violates AXD condition.\n\nSo, invalid.\n\nTry a=30.\n\nCompute u:\n\nu=4*(612 -900 )/(2,476 -2,700 )=4*(-288 )/(-224 )= (-1,152 )/(-224 )=5.142\n\nBut u=1 +cos \u03b8=5.142\u2192cos \u03b8=4.142>1, invalid.\n\na=18.\n\nu=4*(612 -324 )/(2,476 -972 )\n\n=4*288 /1,504\u22481,152 /1,504\u22480.766\n\nSo, cos \u03b8= u -1\u2248-0.234\n\nsin \u03b8= v from equation (A):\n\n(338 -162 )*0.766 +48*18*v=576\n\n=176 *0.766\u2248134.656 +864 v=576\n\n864 v=576 -134.656\u2248441.344\n\nv\u22480.511\n\nSo, sin \u03b8\u22480.511\n\nCompute y=9*0.511\u22484.599\n\nCompute (a x ) /24:\n\nx=9*(1 + cos \u03b8 )=9*(1 -0.234 )\u22489*0.766\u22486.894\n\n(18 *6.894 ) /24\u2248124.092 /24\u22485.17\n\nSo, y\u22484.599 <5.17, which satisfies AXD condition.\n\nCheck BXC condition:\n\ny < (a\u00b2 -a x ) /24\n\na\u00b2=324\n\na x=18*6.894\u2248124.092\n\nSo, (324 -124.092 ) /24\u2248199.908 /24\u22488.329\n\ny\u22484.599 <8.329, which holds.\n\nSo, both conditions are satisfied.\n\nThus, a=18 is a candidate.\n\nNow, verify if the triangles are indeed acute.\n\nCompute sides of AXD:\n\nAX= sqrt(x\u00b2 + y\u00b2 )=sqrt(6.894\u00b2 +4.599\u00b2 )\u2248sqrt(47.53 +21.15 )\u2248sqrt(68.68 )\u22488.29\n\nXD= sqrt(x\u00b2 + (24 - y )\u00b2 )=sqrt(6.894\u00b2 +19.401\u00b2 )\u2248sqrt(47.53 +376.43 )\u2248sqrt(423.96 )\u224820.59\n\nAD=24\n\nCheck if all angles are acute.\n\nCompute the squares:\n\nAX\u00b2=68.68\n\nXD\u00b2=423.96\n\nAD\u00b2=576\n\nCheck:\n\nAX\u00b2 +XD\u00b2=68.68 +423.96=492.64 < AD\u00b2=576 \u2192 Not acute. So, triangle AXD is obtuse, which contradicts the given condition.\n\nThus, a=18 invalid.\n\nHmm, another candidate is needed.\n\nWait, earlier when a=24, triangle AXD was obtuse, but when a=24, the condition y < (a x ) /24 was violated.\n\nSo, perhaps try a= ?\n\nWait, perhaps a= 25 didn't work, a=26 invalid.\n\nWait, perhaps a= 20.\n\nCompute u=4*(612 -400 )/(2,476 -1,200 )=4*212 /1,276\u2248848 /1,276\u22480.664\n\nSo, cos \u03b8= u -1= -0.336\n\nsin \u03b8= v from equation (A):\n\n(338 -200 )*0.664 +48*20*v=576\n\n=138 *0.664\u224891.872 +960 v=576\n\n960 v=484.128\n\nv\u22480.504\n\nCompute y=10*0.504\u22485.04\n\nCompute (a x ) /24:\n\nx=10*(1 + cos \u03b8 )=10*(1 -0.336 )\u224810*0.664\u22486.64\n\n(20*6.64 ) /24\u2248132.8 /24\u22485.533\n\nSo, y\u22485.04 <5.533, which satisfies AXD condition.\n\nCheck BXC condition:\n\n(a\u00b2 -a x ) /24=(400 -20*6.64 ) /24=(400 -132.8 ) /24\u2248267.2 /24\u224811.133\n\ny\u22485.04 <11.133, which holds.\n\nNow, check if triangle AXD is acute.\n\nCompute sides:\n\nAX= sqrt(x\u00b2 + y\u00b2 )\u2248sqrt(6.64\u00b2 +5.04\u00b2 )\u2248sqrt(44.09 +25.40 )\u2248sqrt(69.49 )\u22488.34\n\nXD= sqrt(x\u00b2 + (24 - y )\u00b2 )\u2248sqrt(6.64\u00b2 +18.96\u00b2 )\u2248sqrt(44.09 +359.44 )\u2248sqrt(403.53 )\u224820.09\n\nAD=24\n\nCheck:\n\nAX\u00b2 +XD\u00b2=69.49 +403.53\u2248473.02 < AD\u00b2=576 \u2192 Obtuse, so invalid.\n\nHmm, another failed candidate.\n\nWait, perhaps a= 28.\n\nCompute u=4*(612 -784 )/(2,476 -2,352 )\n\n=4*(-172 )/124\u2248-688 /124\u2248-5.548\n\nNegative u invalid.\n\na= 16.\n\nCompute u=4*(612 -256 )/(2,476 -768 )\n\n=4*356 /1,708\u22481,424 /1,708\u22480.834\n\nSo, cos \u03b8= u -1\u2248-0.166\n\nsin \u03b8= v from equation (A):\n\n(338 -128 )*0.834 +48*16*v=576\n\n=210 *0.834\u2248175.14 +768 v=576\n\n768 v=400.86\n\nv\u22480.521\n\nCompute y=8*0.521\u22484.168\n\nCompute (a x ) /24:\n\nx=8*(1 + cos \u03b8 )=8*(1 -0.166 )\u22488*0.834\u22486.672\n\n(16*6.672 ) /24\u2248106.752 /24\u22484.448\n\nSo, y\u22484.168 <4.448, which satisfies AXD condition.\n\nCheck BXC condition:\n\n(a\u00b2 -a x ) /24=(256 -16*6.672 ) /24\u2248(256 -106.752 ) /24\u2248149.248 /24\u22486.218\n\ny\u22484.168 <6.218, which holds.\n\nNow, check if triangle AXD is acute.\n\nCompute sides:\n\nAX\u2248sqrt(6.672\u00b2 +4.168\u00b2 )\u2248sqrt(44.52 +17.37 )\u2248sqrt(61.89 )\u22487.87\n\nXD\u2248sqrt(6.672\u00b2 + (24 -4.168 )\u00b2 )\u2248sqrt(44.52 +318.93 )\u2248sqrt(363.45 )\u224819.07\n\nAD=24\n\nCheck:\n\nAX\u00b2 +XD\u00b2\u224861.89 +363.45\u2248425.34 < AD\u00b2=576\u2192 Obtuse.\n\nSo, invalid.\n\nThis is getting frustrating.\n\nWait, perhaps the only value that worked without violating the acute condition is when a= something else.\n\nWait, going back to the parametrization, perhaps another approach.\n\nGiven that u=4*(612 -a\u00b2 )/(2,476 -3 a\u00b2 )\n\nWe need u=1 +cos \u03b8 to be positive and <=2.\n\nSo,\n\n1 +cos \u03b8=4*(612 -a\u00b2 )/(2,476 -3 a\u00b2 )\n\nSince cos \u03b8 <=1,\n\n4*(612 -a\u00b2 )/(2,476 -3 a\u00b2 ) <=2\n\nMultiply both sides by denominator (assuming positive):\n\n4*(612 -a\u00b2 ) <=2*(2,476 -3 a\u00b2 )\n\n=>4*612 -4 a\u00b2 <=4,952 -6 a\u00b2\n\n=>2,448 -4 a\u00b2 <=4,952 -6 a\u00b2\n\nBring terms:\n\n-4 a\u00b2 +6 a\u00b2 <=4,952 -2,448\n\n2 a\u00b2 <=2,504\n\na\u00b2 <=1,252\n\na<=sqrt(1,252 )\u224835.38\n\nSo, a<=35\n\nSimilarly, denominator 2,476 -3 a\u00b2 >0 --> 3 a\u00b2 <2,476 --> a\u00b2 <825.333 -->a<28.72\n\nSo, a<=28\n\nThus, a can be up to28.\n\nEarlier tried a=24,18,20,16, etc., but all resulted in triangle AXD being obtuse.\n\nWait, maybe the problem is that when a=24, the triangle AXD is actually not acute, but I thought it was because of the conditions.\n\nWait, but in the problem statement, it's given that both triangles are acute.\n\nSo, perhaps the only a that satisfies both the equations and the acute conditions is a= ?\n\nWait, another approach: perhaps set the condition that AX\u00b2 + XD\u00b2 > AD\u00b2\n\nFrom equation (1): AX\u00b2= a x\n\nXD\u00b2= x\u00b2 + (24 - y )\u00b2\n\nAD\u00b2=576\n\nSo,\n\nAX\u00b2 +XD\u00b2= a x +x\u00b2 + (24 - y )\u00b2 >576\n\nBut from equation (1): x\u00b2 + y\u00b2 =a x --> x\u00b2= a x - y\u00b2\n\nSo,\n\nAX\u00b2 +XD\u00b2= a x + (a x - y\u00b2 ) + (24 - y )\u00b2=2 a x - y\u00b2 +576 -48 y + y\u00b2=2 a x +576 -48 y\n\nThus,\n\n2 a x +576 -48 y >576 -->2 a x -48 y >0 --> a x >24 y\n\nWhich is the same condition as before.\n\nSimilarly, for triangle AXD to be acute, we must have a x >24 y\n\nSimilarly, for triangle BXC to be acute, we must have a\u00b2 -a x >24 y\n\nThus, combining both:\n\n24 y < min(a x ,a\u00b2 -a x )\n\nSo, y < min( a x /24 , (a\u00b2 -a x ) /24 )\n\nWhich implies that both a x and a\u00b2 -a x are positive, and y is less than both.\n\nBut in the previous trials, when a=24, a x=24 x, but with x\u22482.304, a x\u224855.296, so y\u22485.898 <55.296 /24\u22482.304 is not satisfied.\n\nWait, hold on: a x /24= (24 x ) /24=x\u22482.304\n\ny\u22485.898>2.304, which violates.\n\nBut for a=16, a x\u224810.672, so a x /24\u22480.444, but y\u22484.168>0.444, which violates.\n\nWait, maybe I need to have a x /24 > y and (a\u00b2 -a x ) /24 > y.\n\nSo,\n\ny < a x /24 and y < (a\u00b2 -a x ) /24\n\nBut from a x /24 > y and (a\u00b2 -a x ) /24 > y, since a\u00b2 -a x =a (a -x )>0.\n\nThus,\n\ny < min(a x /24, (a\u00b2 -a x ) /24 )\n\nBut for both conditions to hold, a x /24 and (a\u00b2 -a x ) /24 must both be greater than y.\n\nBut in previous trials, when a=24, a x /24= x\u22482.304, and y\u22485.898>2.304, violating.\n\nSimilarly, for a=16, a x /24\u22480.444, y\u22484.168>0.444, violating.\n\nWait, perhaps I need to find a such that both a x /24 and (a\u00b2 -a x ) /24 are greater than y.\n\nWhich would require:\n\nFrom equation (1): x\u00b2 + y\u00b2 =a x --> y= sqrt(a x -x\u00b2 )\n\nSo,\n\ny= sqrt(a x -x\u00b2 )\n\nFrom condition y < a x /24\n\nSo,\n\nsqrt(a x -x\u00b2 ) <a x /24\n\nSquare both sides:\n\na x -x\u00b2 <a\u00b2 x\u00b2 /576\n\nMultiply both sides by576:\n\n576 a x -576 x\u00b2 <a\u00b2 x\u00b2\n\nBring all terms to one side:\n\n576 a x -576 x\u00b2 -a\u00b2 x\u00b2 <0\n\nFactor x:\n\nx(576 a -576 x -a\u00b2 x ) <0\n\nSince x>0,\n\n576 a -576 x -a\u00b2 x <0\n\nFactor x:\n\n576 a -x (576 +a\u00b2 ) <0\n\nThus,\n\n576 a <x (576 +a\u00b2 )\n\nFrom equation (1): x= (a x ) /a --> but not helpful.\n\nAlternatively, express x from equation (1):\n\nFrom equation (1):x\u00b2 -a x + y\u00b2=0\n\nBut y= sqrt(a x -x\u00b2 )\n\nSo,\n\ny= sqrt(a x -x\u00b2 )\n\nThus,\n\ny\u00b2= a x -x\u00b2\n\nSo,\n\nThe condition y <a x /24 is equivalent to:\n\nsqrt(a x -x\u00b2 ) <a x /24\n\nWhich, as before, leads to:\n\n576 a <x (576 +a\u00b2 )\n\nSimilarly, from the other condition y <(a\u00b2 -a x ) /24:\n\nsqrt(a x -x\u00b2 ) <(a\u00b2 -a x ) /24\n\nSquare both sides:\n\na x -x\u00b2 <(a\u00b2 -a x )\u00b2 /576\n\nMultiply both sides by576:\n\n576 a x -576 x\u00b2 <a^4 -2 a^3 x +a\u00b2 x\u00b2\n\nBring all terms to left:\n\n576 a x -576 x\u00b2 -a^4 +2 a^3 x -a\u00b2 x\u00b2 <0\n\nFactor terms:\n\n(-a^4 ) + (2 a^3 x ) + (576 a x ) + (-a\u00b2 x\u00b2 -576 x\u00b2 ) <0\n\nFactor:\n\n- a^4 +2 a^3 x +576 a x -x\u00b2 (a\u00b2 +576 ) <0\n\nThis is a quartic inequality, which is complicated.\n\nPerhaps, instead, think that both conditions must hold:\n\n576 a <x (576 +a\u00b2 )\n\nand\n\n576 a x -576 x\u00b2 <(a\u00b2 -a x )\u00b2 /576 *576= a^4 -2 a^3 x +a\u00b2 x\u00b2\n\nBut this is getting too involved.\n\nAlternatively, perhaps set t =x /a, so that x= a t, with 0 <t <1.\n\nThen, from equation (1):\n\nx\u00b2 + y\u00b2 =a x --> a\u00b2 t\u00b2 + y\u00b2 =a\u00b2 t --> y\u00b2 =a\u00b2 t (1 -t )\n\nSo, y= a sqrt(t (1 -t ) )\n\nFrom condition y <a x /24 --> a sqrt(t (1 -t )) <a (a t ) /24 --> sqrt(t (1 -t )) <a t /24\n\nSquare both sides:\n\nt (1 -t ) <a\u00b2 t\u00b2 /576\n\nDivide both sides by t (since t>0):\n\n1 -t <a\u00b2 t /576\n\nRearrange:\n\n1 <t (1 +a\u00b2 /576 )\n\nSo,\n\nt >1 / (1 +a\u00b2 /576 )=576 / (576 +a\u00b2 )\n\nSimilarly, from the other condition y <(a\u00b2 -a x ) /24:\n\na sqrt(t (1 -t )) <(a\u00b2 -a\u00b2 t ) /24\n\nDivide both sides by a:\n\nsqrt(t (1 -t )) <(a -a t ) /24\n\nSquare both sides:\n\nt (1 -t ) <(a\u00b2 (1 -t )\u00b2 ) /576\n\nDivide both sides by (1 -t ) (assuming t \u22601):\n\nt <a\u00b2 (1 -t ) /576\n\nRearrange:\n\n576 t <a\u00b2 (1 -t )\n\n576 t +a\u00b2 t <a\u00b2\n\nt (576 +a\u00b2 ) <a\u00b2\n\nt <a\u00b2 / (576 +a\u00b2 )\n\nSo, combining both conditions:\n\n576 / (576 +a\u00b2 ) <t <a\u00b2 / (576 +a\u00b2 )\n\nThus,\n\n576 / (576 +a\u00b2 ) <a\u00b2 / (576 +a\u00b2 )\n\nWhich is always true since576 <a\u00b2\n\nSo, the condition reduces to:\n\nt must satisfy576 / (576 +a\u00b2 ) <t <a\u00b2 / (576 +a\u00b2 )\n\nBut t= x /a, and from equation (1):\n\nx\u00b2 + y\u00b2 =a x --> y\u00b2 =a x -x\u00b2\n\nBut y= a sqrt(t (1 -t ) )\n\nSo,\n\ny\u00b2 =a\u00b2 t (1 -t )\n\nBut also, y\u00b2 =a x -x\u00b2= a\u00b2 t -a\u00b2 t\u00b2\n\nThus,\n\na\u00b2 t (1 -t ) =a\u00b2 t -a\u00b2 t\u00b2\n\nWhich holds true.\n\nSo, the condition on t is:\n\n576 / (576 +a\u00b2 ) <t <a\u00b2 / (576 +a\u00b2 )\n\nWhich implies that:\n\n576 / (576 +a\u00b2 ) <a\u00b2 / (576 +a\u00b2 )\n\nWhich is always true as576 <a\u00b2\n\nThus, to find a such that t is within that range.\n\nNow, also, from the equation (A) and (B), we have that u and v are positive and satisfy the trigonometric identities.\n\nBut perhaps I can find a such that the conditions on t hold.\n\nGiven that t= x /a, and x= (a /2 )(1 + cos \u03b8 )\n\nSo,\n\nt= (1 + cos \u03b8 ) /2\n\nWhich is between0 and1.\n\nSo,\n\nFrom the condition on t:\n\n576 / (576 +a\u00b2 ) < (1 + cos \u03b8 ) /2 <a\u00b2 / (576 +a\u00b2 )\n\nMultiply all parts by2:\n\n1,152 / (576 +a\u00b2 ) <1 +cos \u03b8 <2 a\u00b2 / (576 +a\u00b2 )\n\nSubtract1:\n\n(1,152 / (576 +a\u00b2 ) -1 ) <cos \u03b8 <(2 a\u00b2 / (576 +a\u00b2 ) -1 )\n\nSimplify:\n\n(1,152 -576 -a\u00b2 ) / (576 +a\u00b2 ) <cos \u03b8 <(2 a\u00b2 -576 -a\u00b2 ) / (576 +a\u00b2 )\n\n= (576 -a\u00b2 ) / (576 +a\u00b2 ) <cos \u03b8 <(a\u00b2 -576 ) / (576 +a\u00b2 )\n\nSince cos \u03b8 <=1 and >=-1.\n\nSo,\n\nThe lower bound: (576 -a\u00b2 ) / (576 +a\u00b2 ) <cos \u03b8\n\nThe upper bound: cos \u03b8 <(a\u00b2 -576 ) / (576 +a\u00b2 )\n\nBut since cos \u03b8 <=1,\n\n(576 -a\u00b2 ) / (576 +a\u00b2 ) <cos \u03b8 <=1\n\nAnd,\n\ncos \u03b8 <(a\u00b2 -576 ) / (576 +a\u00b2 )\n\nBut,\n\n(a\u00b2 -576 ) / (576 +a\u00b2 ) must be >lower bound.\n\nOtherwise, no solution.\n\nSo,\n\n(576 -a\u00b2 ) / (576 +a\u00b2 ) <(a\u00b2 -576 ) / (576 +a\u00b2 )\n\nWhich is:\n\n576 -a\u00b2 <a\u00b2 -576\n\n576 +576 <a\u00b2 +a\u00b2\n\n1,152 <2 a\u00b2\n\na\u00b2 >576\n\na>24\n\nSo, a must be greater than24.\n\nBut earlier, when I tried a=25, u was negative.\n\nWait, but let me check for a=25.\n\nCompute t:\n\nt= x /a= [ (a /2 )(1 + cos \u03b8 ) ] /a= (1 + cos \u03b8 ) /2\n\nFrom u=1 + cos \u03b8=4*(612 -a\u00b2 )/(2,476 -3 a\u00b2 )\n\nFor a=25:\n\nu=4*(612 -625 )/(2,476 -1875 )=4*(-13 )/601\u2248-52 /601\u2248-0.0865\n\nWhich gives cos \u03b8= u -1\u2248-1.0865<-1, invalid.\n\nSo, no solution for a=25.\n\nSimilarly, a=26:\n\nu=4*(612 -676 )/(2,476 -3*676 )=4*(-64 )/(2,476 -2,028 )= (-256 )/448\u2248-0.571\n\ncos \u03b8= u -1\u2248-1.571<-1, invalid.\n\na=27:\n\nu=4*(612 -729 )/(2,476 -3*729 )\n\n=4*(-117 )/(2,476 -2,187 )= (-468 )/289\u2248-1.622\n\ncos \u03b8= u -1\u2248-2.622<-1, invalid.\n\na=28:\n\nu=4*(612 -784 )/(2,476 -3*784 )\n\n=4*(-172 )/(2,476 -2,352 )= (-688 )/124\u2248-5.548\n\ncos \u03b8= u -1\u2248-6.548<-1, invalid.\n\na=30:\n\nu=4*(612 -900 )/(2,476 -2,700 )=4*(-288 )/(-224 )=5.142\n\ncos \u03b8=5.142 -1=4.142>1, invalid.\n\na=32:\n\nu=4*(612 -1,024 )/(2,476 -3*1,024 )\n\n=4*(-412 )/(2,476 -3,072 )= (-1,648 )/(-596 )\u22482.765\n\ncos \u03b8=2.765 -1=1.765>1, invalid.\n\na=35:\n\nu=4*(612 -1,225 )/(2,476 -3*1,225 )\n\n=4*(-613 )/(2,476 -3,675 )= (-2,452 )/(-1,199 )\u22482.045\n\ncos \u03b8=2.045 -1=1.045>1, invalid.\n\nHmm, so for a>24, u becomes greater than2 or less than-1, which is invalid.\n\nWait, but earlier when a=16, which is less than24, we had u\u22480.834, which is valid.\n\nBut the conditions on t require a>24, which conflicts with the parametrization.\n\nSo, perhaps the only possible a is24, but in that case, the triangle AXD is obtuse.\n\nWait, but the problem states that both triangles are acute, so my earlier trials must have missed something.\n\nWait, perhaps there's a mistake in assuming the parametrization. Maybe another approach.\n\nLet me think differently.\n\nFrom equation (1): x\u00b2 + y\u00b2 =a x.\n\nFrom triangle AXD: circumradius R1=13.\n\nUsing formula R=abc/(4\u0394 )\n\nFor triangle AXD, sides are:\n\nAX= sqrt(x\u00b2 + y\u00b2 )=sqrt(a x )\n\nXD= sqrt(x\u00b2 + (24 - y )\u00b2 )\n\nAD=24\n\nArea \u03941=12x\n\nSo,\n\nR1= (AX * XD * AD )/(4\u03941 )=13\n\nSo,\n\nsqrt(a x ) * sqrt(x\u00b2 + (24 - y )\u00b2 ) *24 / (4*12x )=13\n\nSimplify denominator:4*12x=48x\n\nSo,\n\nsqrt(a x ) * sqrt(x\u00b2 + (24 - y )\u00b2 ) *24 /48x=13\n\nSimplify 24/48=1/2:\n\nsqrt(a x ) * sqrt(x\u00b2 + (24 - y )\u00b2 ) / (2x )=13\n\nMultiply both sides by 2x:\n\nsqrt(a x ) * sqrt(x\u00b2 + (24 - y )\u00b2 )=26x\n\nSquare both sides:\n\na x * (x\u00b2 + (24 - y )\u00b2 )=676 x\u00b2\n\nDivide both sides by x (x\u22600):\n\na (x\u00b2 + (24 - y )\u00b2 )=676x\n\nBut from equation (1):x\u00b2 + y\u00b2 =a x --> x\u00b2= a x - y\u00b2\n\nSo,\n\na (a x - y\u00b2 + (24 - y )\u00b2 )=676x\n\nCompute inside:\n\n= a [a x - y\u00b2 +576 -48 y + y\u00b2 ]=a [a x +576 -48 y ]\n\nThus,\n\na\u00b2 x +576 a -48 a y =676x\n\nRearrange:\n\na\u00b2 x -676x +576 a -48 a y=0\n\nFactor x:\n\nx (a\u00b2 -676 ) +576 a -48 a y=0\n\nSimilarly, this is the same as equation (2b).\n\nBut from equation (1): x\u00b2 + y\u00b2 =a x --> y\u00b2= a x -x\u00b2\n\nSo,\n\ny= sqrt(a x -x\u00b2 )\n\nBut I can't see a way forward here.\n\nWait, perhaps express y in terms of x and a.\n\nFrom equation (1): y\u00b2= a x -x\u00b2\n\nSo,\n\ny= sqrt(a x -x\u00b2 )\n\nFrom the condition that triangle AXD is acute, we have:\n\nAX\u00b2 +XD\u00b2 >AD\u00b2\n\nFrom earlier:\n\nAX\u00b2 +XD\u00b2=2 a x +576 -48 y\n\nSo,\n\n2 a x +576 -48 y >576 -->2 a x -48 y >0 -->a x >24 y\n\nBut y= sqrt(a x -x\u00b2 )\n\nSo,\n\na x >24 sqrt(a x -x\u00b2 )\n\nSquare both sides:\n\na\u00b2 x\u00b2 >576 (a x -x\u00b2 )\n\n=576 a x -576 x\u00b2\n\nBring all terms to left:\n\na\u00b2 x\u00b2 -576 a x +576 x\u00b2 >0\n\nFactor:\n\nx\u00b2 (a\u00b2 +576 ) -576 a x >0\n\nLet me write as:\n\nx\u00b2 (a\u00b2 +576 ) -576 a x >0\n\nDivide both sides by x (x>0):\n\nx (a\u00b2 +576 ) -576 a >0\n\nThus,\n\nx > (576 a ) / (a\u00b2 +576 )\n\nSimilarly, from the other condition on triangle BXC.\n\nBut not sure.\n\nAlternatively, perhaps set z=a x.\n\nThen, from equation (1): z= a x= x\u00b2 + y\u00b2\n\nFrom triangle AXD acute: z>24 y\n\nFrom triangle BXC acute: a\u00b2 -z >24 y\n\nSo,\n\nz>24 y and a\u00b2 -z >24 y\n\nThus,\n\n24 y <z <a\u00b2 -24 y\n\nBut z= a x= x\u00b2 + y\u00b2\n\nSo,\n\n24 y <x\u00b2 + y\u00b2 <a\u00b2 -24 y\n\nFrom left inequality:\n\nx\u00b2 + y\u00b2 >24 y\n\nFrom right inequality:\n\nx\u00b2 + y\u00b2 <a\u00b2 -24 y\n\nSo,\n\n24 y <x\u00b2 + y\u00b2 <a\u00b2 -24 y\n\nBut from equation (1):x\u00b2 + y\u00b2= z= a x\n\nSo,\n\n24 y <a x <a\u00b2 -24 y\n\nThus,\n\n24 y <a x <a\u00b2 -24 y\n\nFrom left inequality:\n\na x >24 y --> y <a x /24\n\nFrom right inequality:\n\na x <a\u00b2 -24 y --> y <(a\u00b2 -a x ) /24\n\nSo, same as before.\n\nThus, y must be less than both a x /24 and (a\u00b2 -a x ) /24\n\nBut, from equation (1): y= sqrt(a x -x\u00b2 )\n\nSo,\n\nsqrt(a x -x\u00b2 ) <min(a x /24, (a\u00b2 -a x ) /24 )\n\nWhich gives:\n\nEither sqrt(a x -x\u00b2 ) <a x /24 or sqrt(a x -x\u00b2 ) <(a\u00b2 -a x ) /24\n\nBut in either case, we have:\n\nCase1: sqrt(a x -x\u00b2 ) <a x /24\n\nSquare:\n\na x -x\u00b2 <a\u00b2 x\u00b2 /576\n\nRearrange:\n\n576 a x -576 x\u00b2 <a\u00b2 x\u00b2\n\n=>576 a x <x\u00b2 (a\u00b2 +576 )\n\n=>576 a <x (a\u00b2 +576 )\n\nSo,\n\nx>576 a / (a\u00b2 +576 )\n\nCase2: sqrt(a x -x\u00b2 ) <(a\u00b2 -a x ) /24\n\nSquare:\n\na x -x\u00b2 <(a^4 -2 a^3 x +a\u00b2 x\u00b2 ) /576\n\nMultiply:\n\n576 a x -576 x\u00b2 <a^4 -2 a^3 x +a\u00b2 x\u00b2\n\nRearrange:\n\n0 <a^4 -2 a^3 x +a\u00b2 x\u00b2 -576 a x +576 x\u00b2\n\nFactor:\n\n= a^4 -2 a^3 x +a\u00b2 x\u00b2 -576 a x +576 x\u00b2\n\n= a^4 -2 a^3 x +a\u00b2 x\u00b2 + (-576 a x +576 x\u00b2 )\n\n= a^4 -2 a^3 x +a\u00b2 x\u00b2 -576 x (a -x )\n\nNot helpful.\n\nBut perhaps factor:\n\n= a^4 -2 a^3 x +a\u00b2 x\u00b2 -576 a x +576 x\u00b2\n\nLet me factor terms:\n\n= a\u00b2 (a\u00b2 -2 a x +x\u00b2 ) -576 x (a -x )\n\n= a\u00b2 (a -x )\u00b2 -576 x (a -x )\n\nFactor (a -x ):\n\n= (a -x )(a\u00b2 (a -x ) -576 x )\n\n= (a -x )(a\u00b3 -a\u00b2 x -576 x )\n\nNot helpful.\n\nBut perhaps set t=x /a, then x= a t\n\nSo,\n\n= (a -a t )(a\u00b3 -a\u00b2 (a t ) -576 a t )\n\n= a (1 -t ) [a\u00b3 -a\u00b3 t -576 a t ]\n\n= a (1 -t ) [a\u00b3 (1 -t ) -576 a t ]\n\n= a (1 -t ) [a\u00b2 (1 -t ) -576 t ]\n\n= a (1 -t ) [a\u00b2 -a\u00b2 t -576 t ]\n\nThis is still complicated.\n\nBut perhaps for specific values of a, this can be satisfied.\n\nBut this is getting too involved.\n\nAlternatively, perhaps set a=25.\n\nEarlier, a=25 led to u negative, but let me check.\n\nCompute x and y.\n\nFrom equation (1):\n\nx\u00b2 + y\u00b2 =25 x\n\nFrom triangle AXD:2 a x -48 y >0 \u219250x -48 y >0 \u219250x >48 y \u2192y < (50 /48 )x\u22481.0417 x\n\nBut y= sqrt(25x -x\u00b2 )\n\nSo,\n\nsqrt(25x -x\u00b2 ) <1.0417 x\n\nSquare:\n\n25x -x\u00b2 <1.085x\u00b2\n\n25x <2.085x\u00b2\n\n25 <2.085x\n\nx>12.0\n\nBut x<25\n\nSo, x in(12,25 )\n\nBut from equation (1):x\u00b2 + y\u00b2=25x\n\nWith x>12, y= sqrt(25x -x\u00b2 )\n\nCompute for x=13:\n\ny= sqrt(325 -169 )=sqrt(156 )\u224812.49\n\nCheck condition y <1.0417 x=13.54\n\n12.49 <13.54 holds.\n\nSimilarly, for x=12.1:\n\ny= sqrt(25*12.1 -12.1\u00b2 )=sqrt(302.5 -146.41 )=sqrt(156.09 )\u224812.49\n\nCondition y <1.0417*12.1\u224812.59\n\n12.49 <12.59 holds.\n\nSo, possible.\n\nThen, compute u and v.\n\nFrom earlier, for a=25:\n\nu=4*(612 -625 )/(2,476 -1,875 )=4*(-13 )/601\u2248-0.0865\n\nWhich is invalid, as u=1 +cos \u03b8\u2248-0.0865\u2192cos \u03b8\u2248-1.0865<-1, which is impossible.\n\nThus, a=25 invalid.\n\nSimilarly, for a=26:\n\nu=4*(612 -676 )/(2,476 -2,028 )=4*(-64 )/448\u2248-0.571\n\ncos \u03b8= u -1\u2248-1.571<-1 invalid.\n\nThus, no solution for a>24.\n\nBut earlier, with a=24, even though it's a square, the triangle AXD is obtuse, which violates the problem's condition.\n\nWait, perhaps the answer is a=25, but no, it leads to invalid u.\n\nWait, perhaps the answer is a=13.\n\nWait, a=13.\n\nFrom equation (1):x\u00b2 + y\u00b2=13x\n\nFrom condition AXD acute:26x -48 y >0\u219226x>48 y\u2192y <(26/48 )x\u22480.5417x\n\nBut y= sqrt(13x -x\u00b2 )\n\nSo,\n\nsqrt(13x -x\u00b2 ) <0.5417x\n\nSquare:\n\n13x -x\u00b2 <0.2934x\u00b2\n\n13x <1.2934x\u00b2\n\n13 <1.2934x\n\nx>10.05\n\nBut x<13\n\nSo, x in(10.05,13 )\n\nCompute x=10.5:\n\ny= sqrt(13*10.5 -10.5\u00b2 )=sqrt(136.5 -110.25 )=sqrt(26.25 )\u22485.123\n\nCondition y <0.5417*10.5\u22485.688 holds.\n\nThen, compute u and v.\n\nFor a=13:\n\nu=4*(612 -169 )/(2,476 -507 )=4*443 /1,969\u22481,772 /1,969\u22480.899\n\nSo, cos \u03b8= u -1\u2248-0.101\n\nsin \u03b8= v from equation (A):\n\n(338 -6.5 )*0.899 +48*13*v=576\n\n=331.5 *0.899\u2248297.9 +624 v=576\n\n624 v=576 -297.9\u2248278.1\n\nv\u22480.446\n\nThus, y=6.5*0.446\u22482.9\n\nWait, but earlier y\u22485.123. Contradiction.\n\nThus, invalid.\n\nWait, perhaps my parametrization is wrong.\n\nAlternatively, perhaps the correct answer is 25, but I can't see the way.\n\nWait, going back to the initial equations:\n\nFrom equation (2a):\n\n676x =a (a x +576 -48 y )\n\nSo,\n\n676x =a\u00b2 x +576 a -48 a y\n\nFrom equation (1): y= sqrt(a x -x\u00b2 )\n\nSo,\n\n676x =a\u00b2 x +576 a -48 a sqrt(a x -x\u00b2 )\n\nRearrange:\n\n676x -a\u00b2 x -576 a = -48 a sqrt(a x -x\u00b2 )\n\nMultiply both sides by (-1 ):\n\na\u00b2 x +576 a -676x =48 a sqrt(a x -x\u00b2 )\n\nLet me denote z= sqrt(a x -x\u00b2 )\n\nThen,\n\na\u00b2 x +576 a -676x =48 a z\n\nBut z= sqrt(a x -x\u00b2 )\n\nSo,\n\nz= sqrt(a x -x\u00b2 )\n\nSquare both sides:\n\nz\u00b2= a x -x\u00b2\n\nSo,\n\nWe have:\n\na\u00b2 x +576 a -676x =48 a z\n\nAnd,\n\nz\u00b2= a x -x\u00b2\n\nLet me express this as a system:\n\n1. a\u00b2 x +576 a -676x =48 a z\n\n2. z\u00b2= a x -x\u00b2\n\nLet me try to eliminate z.\n\nFrom equation1: z= (a\u00b2 x +576 a -676x )/(48 a )\n\nPlug into equation2:\n\n[ (a\u00b2 x +576 a -676x )/(48 a ) ]\u00b2= a x -x\u00b2\n\nMultiply both sides by (48 a )\u00b2:\n\n(a\u00b2 x +576 a -676x )\u00b2= (a x -x\u00b2 )*(48 a )\u00b2\n\nLet me compute left side:\n\n= [a\u00b2 x -676x +576a ]\u00b2\n\nFactor x:\n\n= [x(a\u00b2 -676 ) +576a ]\u00b2\n\n= x\u00b2 (a\u00b2 -676 )\u00b2 +2 x (a\u00b2 -676 )*576 a + (576 a )\u00b2\n\nRight side:\n\n= (a x -x\u00b2 )*2,304 a\u00b2\n\n=2,304 a\u00b2 (a x -x\u00b2 )\n\n=2,304 a\u00b3 x -2,304 a\u00b2 x\u00b2\n\nSo, equation becomes:\n\nx\u00b2 (a\u00b2 -676 )\u00b2 +1,152 a x (a\u00b2 -676 ) +331,776 a\u00b2 =2,304 a\u00b3 x -2,304 a\u00b2 x\u00b2\n\nBring all terms to left:\n\nx\u00b2 (a\u00b2 -676 )\u00b2 +1,152 a x (a\u00b2 -676 ) +331,776 a\u00b2 -2,304 a\u00b3 x +2,304 a\u00b2 x\u00b2=0\n\nCombine like terms:\n\nx\u00b2 [ (a\u00b2 -676 )\u00b2 +2,304 a\u00b2 ] +x [1,152 a (a\u00b2 -676 ) -2,304 a\u00b3 ] +331,776 a\u00b2=0\n\nSimplify coefficients:\n\nCompute coefficient for x\u00b2:\n\n= (a\u00b2 -676 )\u00b2 +2,304 a\u00b2\n\n= a^4 -1,352 a\u00b2 +676\u00b2 +2,304 a\u00b2\n\n= a^4 +952 a\u00b2 +456,976\n\nCoefficient for x:\n\n=1,152 a (a\u00b2 -676 ) -2,304 a\u00b3\n\n=1,152 a\u00b3 -777,  1,152*676=?\n\nWait,\n\n1,152 a (a\u00b2 -676 )=1,152 a\u00b3 -1,152*676 a\n\n=1,152 a\u00b3 -777,  1,152*676=?\n\nCompute 1,152*676:\n\n=1,152*(600 +76 )=1,152*600 +1,152*76=691,200 +87,  1,152*70=80,640; 1,152*6=6,912 \u2192 total 80,640 +6,912=87,552\n\nSo,\n\n=1,152 a\u00b3 -691,200 a -87,552 a=1,152 a\u00b3 -778,752 a\n\nThen, subtract 2,304 a\u00b3:\n\n=1,152 a\u00b3 -778,752 a -2,304 a\u00b3= -1,152 a\u00b3 -778,752 a\n\nConstant term:331,776 a\u00b2\n\nSo, equation:\n\n[ a^4 +952 a\u00b2 +456,976 ] x\u00b2 + [ -1,152 a\u00b3 -778,752 a ] x +331,776 a\u00b2=0\n\nThis is a quadratic in x:\n\nLet me write as:\n\n( a^4 +952 a\u00b2 +456,976 ) x\u00b2 - (1,152 a\u00b3 +778,752 a ) x +331,776 a\u00b2=0\n\nLet me denote:\n\nLet\u2019s factor numerator:\n\nBut this is complicated.\n\nAlternatively, perhaps divide all terms by a\u00b2:\n\n( a\u00b2 +952 +456,976 /a\u00b2 ) x\u00b2 - (1,152 a +778,752 /a ) x +331,776=0\n\nBut messy.\n\nAlternatively, assume that a is a multiple of24, say a=24k.\n\nBut a=24, which didn't work.\n\nAlternatively, perhaps a=  sqrt( something )\n\nBut this seems too involved.\n\nAlternatively, perhaps take a=25, and see if equation holds.\n\nFrom a=25:\n\nCompute coefficients:\n\na^4=390,625\n\n952 a\u00b2=952*625=595,000\n\n456,976\n\nSo, x\u00b2 coefficient=390,625 +595,000 +456,976=1,442,601\n\nx term coefficient:\n\n-1,152*(25 )\u00b3 -778,752*25= -1,152*15,625 -778,752*25\n\n= -18,  1,152*15,625=18,000,000? Wait,\n\n1,152*15,625=1,152*(10,000 +5,000 +1,625 )=1,152*10,000=11,520,000 +1,152*5,000=5,760,000 +1,152*1,625=1,872,000 \u2192 total=11,520,000+5,760,000=17,280,000 +1,872,000=19,152,000\n\nSimilarly,778,752*25=19,468,800\n\nSo, x term= -19,152,000 -19,468,800= -38,620,800\n\nConstant term=331,776*625=207,360,000\n\nSo, equation:\n\n1,442,601 x\u00b2 -38,620,800 x +207,360,000=0\n\nDivide all terms by GCD(1,442,601, 38,620,800, 207,360,000 )\n\nCompute GCD:\n\nCompute GCD(1,442,601, 38,620,800 )\n\n1,442,601 divides into38,620,800 how many times?\n\n38,620,800 \u00f71,442,601\u224826.78\n\nCompute GCD(1,442,601, 38,620,800 mod1,442,601 )\n\nCompute38,620,800 mod1,442,601:\n\n38,620,800 \u00f71,442,601\u224826.78, remainder=38,620,800 -26*1,442,601=38,620,800 -37,507,626=1,113,174\n\nNow, GCD(1,442,601,1,113,174 )\n\n1,442,601 \u00f71,113,174=1 R=329,427\n\nGCD(1,113,174,329,427 )\n\n1,113,174 \u00f7329,427=3 R=124,  329,427*3=988,281, remainder=124,893\n\nGCD(329,427,124,893 )\n\n329,427 \u00f7124,893=2 R=80,  124,893*2=249,786, remainder=79,641\n\nGCD(124,893,79,641 )\n\n124,893 \u00f779,641=1 R=45,252\n\nGCD(79,641,45,252 )\n\n79,641 \u00f745,252=1 R=34,389\n\nGCD(45,252,34,389 )\n\n45,252 \u00f734,389=1 R=10,863\n\nGCD(34,389,10,863 )\n\n34,389 \u00f710,863=3 R=1,794\n\nGCD(10,863,1,794 )\n\n10,863 \u00f71,794=6 R= 10,863 -6*1,794=10,863 -10,764=99\n\nGCD(1,794,99 )\n\n1,794 \u00f799=18 R=12\n\nGCD(99,12 )\n\n99 \u00f712=8 R=3\n\nGCD(12,3 )=3\n\nThus, GCD is3.\n\nSo, divide all terms by3:\n\nEquation becomes:\n\n480,867 x\u00b2 -12,873,600 x +69,120,000=0\n\nThis quadratic can be solved for x.\n\nCompute discriminant D= (12,873,600 )\u00b2 -4*480,867*69,120,000\n\nCompute:\n\n=165,706,  12,873,600\u00b2=165,706,  actually, 12,873,600\u00b2=165,706,  let me compute:\n\n12,873,600\u00b2= (1.28736\u00d710^7 )\u00b2\u22481.657\u00d710^14\n\nBut exact computation is time-consuming.\n\nAlternatively, perhaps this equation has real roots, but given the complexity, it's unlikely to result in integer x.\n\nThus, perhaps the only solution is a=25, but it doesn't satisfy all conditions.\n\nWait, perhaps the answer is a=25, as it's the only one that comes close, despite some contradictions.\n\nAlternatively, perhaps the correct answer is a=25.\n\nBut given the problem statement and the conditions, I'm not entirely sure, but I think a=25 might be the answer.\n\nBut wait, looking back, in the problem statement, both triangles are acute, which must hold.\n\nBut when a=24, AXD is obtuse, which is invalid.\n\nWhen a=25, from equation (1), y= sqrt(25x -x\u00b2 )\n\nWith x\u224812.0, y\u2248sqrt(300 -144 )=sqrt(156 )\u224812.49\n\nBut condition y < (a x ) /24\u2248(25*12 ) /24=12.5\n\nSo, y\u224812.49 <12.5, which barely holds.\n\nSimilarly, y <(a\u00b2 -a x ) /24\u2248(625 -300 ) /24\u2248325 /24\u224813.54, which holds.\n\nThus, both conditions barely hold for a=25.\n\nMoreover, from equation (A) and (B), even though u was negative, perhaps due to calculation errors.\n\nBut since I can't find another a that satisfies all conditions, I think the answer is a=25.\n\nBut wait, the given BC=24, so AB=25.\n\nThus, the answer is 25.\n\nBut wait, let me check with a=25.\n\nCompute x and y.\n\nFrom equation (1):x\u00b2 + y\u00b2=25x\n\nFrom equation (2a):676x=25*(25x +576 -48y )\n\n=25*(25x +",
      "prompt_tokens": 134,
      "completion_tokens": 32768
    }
  ]
}