{
  "iteration": 21,
  "question_id": "index_20",
  "status": "SUCCESS",
  "n_chains_requested": 8,
  "n_chains_completed_stream_with_content": 8,
  "n_chains_completed_stream_for_voting": 8,
  "error_chains_count": 0,
  "prompt_len": 487,
  "correct_answer_reference": "26",
  "individual_answers": [
    "26",
    "26",
    "26",
    "26",
    "26",
    "26",
    "26",
    "26"
  ],
  "voted_answer": "26",
  "final_score": 1,
  "avg_kv_cache_usage": 0.044522462977195615,
  "max_kv_cache_usage": 0.0771127549876709,
  "processing_duration_sec": 47.330057859420776,
  "usage_aggregated": {
    "prompt_tokens": 134,
    "total_completion_tokens_across_all_requested_chains": 19075,
    "total_reasoning_tokens_counted": 14981,
    "total_non_reasoning_tokens_counted": 4078,
    "total_tokens_usage": 19209
  },
  "chains_for_voting_details": [
    {
      "chain_index": 1,
      "finish_reason": "stop",
      "extracted_answer": "26",
      "prompt_tokens": 134,
      "completion_tokens": 2408,
      "reasoning_tokens_counted": 1915,
      "non_reasoning_tokens_counted": 491
    },
    {
      "chain_index": 2,
      "finish_reason": "stop",
      "extracted_answer": "26",
      "prompt_tokens": 134,
      "completion_tokens": 2441,
      "reasoning_tokens_counted": 1897,
      "non_reasoning_tokens_counted": 542
    },
    {
      "chain_index": 3,
      "finish_reason": "stop",
      "extracted_answer": "26",
      "prompt_tokens": 134,
      "completion_tokens": 2490,
      "reasoning_tokens_counted": 1916,
      "non_reasoning_tokens_counted": 572
    },
    {
      "chain_index": 4,
      "finish_reason": "stop",
      "extracted_answer": "26",
      "prompt_tokens": 134,
      "completion_tokens": 1916,
      "reasoning_tokens_counted": 1442,
      "non_reasoning_tokens_counted": 472
    },
    {
      "chain_index": 5,
      "finish_reason": "stop",
      "extracted_answer": "26",
      "prompt_tokens": 134,
      "completion_tokens": 2687,
      "reasoning_tokens_counted": 2176,
      "non_reasoning_tokens_counted": 509
    },
    {
      "chain_index": 6,
      "finish_reason": "stop",
      "extracted_answer": "26",
      "prompt_tokens": 134,
      "completion_tokens": 2546,
      "reasoning_tokens_counted": 2070,
      "non_reasoning_tokens_counted": 474
    },
    {
      "chain_index": 7,
      "finish_reason": "stop",
      "extracted_answer": "26",
      "prompt_tokens": 134,
      "completion_tokens": 2187,
      "reasoning_tokens_counted": 1695,
      "non_reasoning_tokens_counted": 490
    },
    {
      "chain_index": 8,
      "finish_reason": "stop",
      "extracted_answer": "26",
      "prompt_tokens": 134,
      "completion_tokens": 2400,
      "reasoning_tokens_counted": 1870,
      "non_reasoning_tokens_counted": 528
    }
  ],
  "error_chain_details": []
}