{
  "iteration": 22,
  "question_id": "index_21",
  "status": "SUCCESS",
  "n_chains_requested": 8,
  "n_chains_completed_stream_with_content": 8,
  "n_chains_completed_stream_for_voting": 8,
  "error_chains_count": 0,
  "prompt_len": 586,
  "correct_answer_reference": "63",
  "individual_answers": [
    "63",
    "63",
    "89 + 24\\sqrt{2}",
    "63",
    "63",
    "63",
    "63",
    "63"
  ],
  "voted_answer": "63",
  "final_score": 1,
  "avg_kv_cache_usage": 0.16772579166249665,
  "max_kv_cache_usage": 0.311140999775835,
  "processing_duration_sec": 408.28294944763184,
  "usage_aggregated": {
    "prompt_tokens": 135,
    "total_completion_tokens_across_all_requested_chains": 97229,
    "total_reasoning_tokens_counted": 94499,
    "total_non_reasoning_tokens_counted": 2714,
    "total_tokens_usage": 97364
  },
  "chains_for_voting_details": [
    {
      "chain_index": 1,
      "finish_reason": "stop",
      "extracted_answer": "63",
      "prompt_tokens": 135,
      "completion_tokens": 15152,
      "reasoning_tokens_counted": 14647,
      "non_reasoning_tokens_counted": 503
    },
    {
      "chain_index": 2,
      "finish_reason": "stop",
      "extracted_answer": "63",
      "prompt_tokens": 135,
      "completion_tokens": 8147,
      "reasoning_tokens_counted": 7896,
      "non_reasoning_tokens_counted": 249
    },
    {
      "chain_index": 3,
      "finish_reason": "stop",
      "extracted_answer": "89 + 24\\sqrt{2}",
      "prompt_tokens": 135,
      "completion_tokens": 17975,
      "reasoning_tokens_counted": 17867,
      "non_reasoning_tokens_counted": 106
    },
    {
      "chain_index": 4,
      "finish_reason": "stop",
      "extracted_answer": "63",
      "prompt_tokens": 135,
      "completion_tokens": 10989,
      "reasoning_tokens_counted": 10539,
      "non_reasoning_tokens_counted": 448
    },
    {
      "chain_index": 5,
      "finish_reason": "stop",
      "extracted_answer": "63",
      "prompt_tokens": 135,
      "completion_tokens": 9326,
      "reasoning_tokens_counted": 8775,
      "non_reasoning_tokens_counted": 549
    },
    {
      "chain_index": 6,
      "finish_reason": "stop",
      "extracted_answer": "63",
      "prompt_tokens": 135,
      "completion_tokens": 8994,
      "reasoning_tokens_counted": 8548,
      "non_reasoning_tokens_counted": 444
    },
    {
      "chain_index": 7,
      "finish_reason": "stop",
      "extracted_answer": "63",
      "prompt_tokens": 135,
      "completion_tokens": 12676,
      "reasoning_tokens_counted": 12603,
      "non_reasoning_tokens_counted": 71
    },
    {
      "chain_index": 8,
      "finish_reason": "stop",
      "extracted_answer": "63",
      "prompt_tokens": 135,
      "completion_tokens": 13970,
      "reasoning_tokens_counted": 13624,
      "non_reasoning_tokens_counted": 344
    }
  ],
  "error_chain_details": []
}