{
  "iteration": 25,
  "question_id": "index_24",
  "status": "SUCCESS",
  "n_chains_requested": 8,
  "n_chains_completed_stream_with_content": 8,
  "n_chains_completed_stream_for_voting": 8,
  "error_chains_count": 0,
  "prompt_len": 550,
  "correct_answer_reference": "\\sqrt{23}-2 \\sqrt{3}",
  "individual_answers": [
    "\\dfrac{23\\sqrt{3}}{24}",
    "2",
    "1",
    "\\sqrt{23}",
    "1",
    "2",
    "3",
    "1"
  ],
  "voted_answer": "1",
  "final_score": 0,
  "avg_kv_cache_usage": 0.31789323458802743,
  "max_kv_cache_usage": 0.596278861241874,
  "processing_duration_sec": 638.6611156463623,
  "usage_aggregated": {
    "prompt_tokens": 146,
    "total_completion_tokens_across_all_requested_chains": 165978,
    "total_reasoning_tokens_counted": 162670,
    "total_non_reasoning_tokens_counted": 3292,
    "total_tokens_usage": 166124
  },
  "chains_for_voting_details": [
    {
      "chain_index": 1,
      "finish_reason": "stop",
      "extracted_answer": "\\dfrac{23\\sqrt{3}}{24}",
      "prompt_tokens": 146,
      "completion_tokens": 20983,
      "reasoning_tokens_counted": 20395,
      "non_reasoning_tokens_counted": 586
    },
    {
      "chain_index": 2,
      "finish_reason": "stop",
      "extracted_answer": "2",
      "prompt_tokens": 146,
      "completion_tokens": 19751,
      "reasoning_tokens_counted": 19363,
      "non_reasoning_tokens_counted": 386
    },
    {
      "chain_index": 3,
      "finish_reason": "stop",
      "extracted_answer": "1",
      "prompt_tokens": 146,
      "completion_tokens": 22540,
      "reasoning_tokens_counted": 22172,
      "non_reasoning_tokens_counted": 366
    },
    {
      "chain_index": 4,
      "finish_reason": "stop",
      "extracted_answer": "\\sqrt{23}",
      "prompt_tokens": 146,
      "completion_tokens": 23869,
      "reasoning_tokens_counted": 23328,
      "non_reasoning_tokens_counted": 539
    },
    {
      "chain_index": 5,
      "finish_reason": "stop",
      "extracted_answer": "1",
      "prompt_tokens": 146,
      "completion_tokens": 15378,
      "reasoning_tokens_counted": 15098,
      "non_reasoning_tokens_counted": 278
    },
    {
      "chain_index": 6,
      "finish_reason": "stop",
      "extracted_answer": "2",
      "prompt_tokens": 146,
      "completion_tokens": 18089,
      "reasoning_tokens_counted": 17701,
      "non_reasoning_tokens_counted": 386
    },
    {
      "chain_index": 7,
      "finish_reason": "stop",
      "extracted_answer": "3",
      "prompt_tokens": 146,
      "completion_tokens": 19090,
      "reasoning_tokens_counted": 18803,
      "non_reasoning_tokens_counted": 285
    },
    {
      "chain_index": 8,
      "finish_reason": "stop",
      "extracted_answer": "1",
      "prompt_tokens": 146,
      "completion_tokens": 26278,
      "reasoning_tokens_counted": 25810,
      "non_reasoning_tokens_counted": 466
    }
  ],
  "error_chain_details": []
}