{
  "iteration": 15,
  "question_id": "index_14",
  "status": "SUCCESS",
  "n_chains_requested": 8,
  "n_chains_completed_stream_with_content": 8,
  "n_chains_completed_stream_for_voting": 8,
  "error_chains_count": 0,
  "prompt_len": 610,
  "correct_answer_reference": "200",
  "individual_answers": [
    "120",
    "120",
    "120",
    "120",
    "120",
    "203",
    "202",
    "203"
  ],
  "voted_answer": "120",
  "final_score": 0,
  "avg_kv_cache_usage": 0.0750002484038548,
  "max_kv_cache_usage": 0.1289695882836434,
  "processing_duration_sec": 152.06146597862244,
  "usage_aggregated": {
    "prompt_tokens": 144,
    "total_completion_tokens_across_all_requested_chains": 43159,
    "total_reasoning_tokens_counted": 40812,
    "total_non_reasoning_tokens_counted": 2331,
    "total_tokens_usage": 43303
  },
  "chains_for_voting_details": [
    {
      "chain_index": 1,
      "finish_reason": "stop",
      "extracted_answer": "120",
      "prompt_tokens": 144,
      "completion_tokens": 6600,
      "reasoning_tokens_counted": 6402,
      "non_reasoning_tokens_counted": 196
    },
    {
      "chain_index": 2,
      "finish_reason": "stop",
      "extracted_answer": "120",
      "prompt_tokens": 144,
      "completion_tokens": 5231,
      "reasoning_tokens_counted": 4984,
      "non_reasoning_tokens_counted": 245
    },
    {
      "chain_index": 3,
      "finish_reason": "stop",
      "extracted_answer": "120",
      "prompt_tokens": 144,
      "completion_tokens": 5547,
      "reasoning_tokens_counted": 5215,
      "non_reasoning_tokens_counted": 330
    },
    {
      "chain_index": 4,
      "finish_reason": "stop",
      "extracted_answer": "120",
      "prompt_tokens": 144,
      "completion_tokens": 2825,
      "reasoning_tokens_counted": 2564,
      "non_reasoning_tokens_counted": 259
    },
    {
      "chain_index": 5,
      "finish_reason": "stop",
      "extracted_answer": "120",
      "prompt_tokens": 144,
      "completion_tokens": 6776,
      "reasoning_tokens_counted": 6573,
      "non_reasoning_tokens_counted": 201
    },
    {
      "chain_index": 6,
      "finish_reason": "stop",
      "extracted_answer": "203",
      "prompt_tokens": 144,
      "completion_tokens": 3802,
      "reasoning_tokens_counted": 3433,
      "non_reasoning_tokens_counted": 367
    },
    {
      "chain_index": 7,
      "finish_reason": "stop",
      "extracted_answer": "202",
      "prompt_tokens": 144,
      "completion_tokens": 3994,
      "reasoning_tokens_counted": 3634,
      "non_reasoning_tokens_counted": 358
    },
    {
      "chain_index": 8,
      "finish_reason": "stop",
      "extracted_answer": "203",
      "prompt_tokens": 144,
      "completion_tokens": 8384,
      "reasoning_tokens_counted": 8007,
      "non_reasoning_tokens_counted": 375
    }
  ],
  "error_chain_details": []
}