{
  "iteration": 7,
  "question_id": "index_6",
  "status": "SUCCESS",
  "n_chains_requested": 8,
  "n_chains_completed_stream_with_content": 8,
  "n_chains_completed_stream_for_voting": 8,
  "error_chains_count": 0,
  "prompt_len": 471,
  "correct_answer_reference": "\\frac{9 \\sqrt{23}}{23}",
  "individual_answers": [
    "\\dfrac{15}{8}",
    "2",
    "\\dfrac{15}{8}",
    "\\dfrac{9\\sqrt{23}}{23}",
    "\\dfrac{\\sqrt{13}}{2}",
    "2",
    "\\sqrt{\\dfrac{3 + \\sqrt{15}}{2}}",
    "\\dfrac{15}{8}"
  ],
  "voted_answer": "\\dfrac{15}{8}",
  "final_score": 0,
  "avg_kv_cache_usage": 0.27433818358944134,
  "max_kv_cache_usage": 0.4383172681760442,
  "processing_duration_sec": 557.8650226593018,
  "usage_aggregated": {
    "prompt_tokens": 138,
    "total_completion_tokens_across_all_requested_chains": 142689,
    "total_reasoning_tokens_counted": 139091,
    "total_non_reasoning_tokens_counted": 3581,
    "total_tokens_usage": 142827
  },
  "chains_for_voting_details": [
    {
      "chain_index": 1,
      "finish_reason": "stop",
      "extracted_answer": "\\dfrac{15}{8}",
      "prompt_tokens": 138,
      "completion_tokens": 13260,
      "reasoning_tokens_counted": 12587,
      "non_reasoning_tokens_counted": 671
    },
    {
      "chain_index": 2,
      "finish_reason": "stop",
      "extracted_answer": "2",
      "prompt_tokens": 138,
      "completion_tokens": 17121,
      "reasoning_tokens_counted": 16666,
      "non_reasoning_tokens_counted": 453
    },
    {
      "chain_index": 3,
      "finish_reason": "stop",
      "extracted_answer": "\\dfrac{15}{8}",
      "prompt_tokens": 138,
      "completion_tokens": 23629,
      "reasoning_tokens_counted": 23228,
      "non_reasoning_tokens_counted": 398
    },
    {
      "chain_index": 4,
      "finish_reason": "stop",
      "extracted_answer": "\\dfrac{9\\sqrt{23}}{23}",
      "prompt_tokens": 138,
      "completion_tokens": 8442,
      "reasoning_tokens_counted": 7871,
      "non_reasoning_tokens_counted": 569
    },
    {
      "chain_index": 5,
      "finish_reason": "stop",
      "extracted_answer": "\\dfrac{\\sqrt{13}}{2}",
      "prompt_tokens": 138,
      "completion_tokens": 23949,
      "reasoning_tokens_counted": 23600,
      "non_reasoning_tokens_counted": 347
    },
    {
      "chain_index": 6,
      "finish_reason": "stop",
      "extracted_answer": "2",
      "prompt_tokens": 138,
      "completion_tokens": 19256,
      "reasoning_tokens_counted": 18789,
      "non_reasoning_tokens_counted": 465
    },
    {
      "chain_index": 7,
      "finish_reason": "stop",
      "extracted_answer": "\\sqrt{\\dfrac{3 + \\sqrt{15}}{2}}",
      "prompt_tokens": 138,
      "completion_tokens": 23192,
      "reasoning_tokens_counted": 22759,
      "non_reasoning_tokens_counted": 431
    },
    {
      "chain_index": 8,
      "finish_reason": "stop",
      "extracted_answer": "\\dfrac{15}{8}",
      "prompt_tokens": 138,
      "completion_tokens": 13840,
      "reasoning_tokens_counted": 13591,
      "non_reasoning_tokens_counted": 247
    }
  ],
  "error_chain_details": []
}