{
  "iteration": 28,
  "question_id": "index_27",
  "status": "SUCCESS",
  "n_chains_requested": 8,
  "n_chains_completed_stream_with_content": 8,
  "n_chains_completed_stream_for_voting": 8,
  "error_chains_count": 0,
  "prompt_len": 527,
  "correct_answer_reference": "\\sqrt{6}",
  "individual_answers": [
    "\\sqrt{\\dfrac{31}{2} - \\sqrt{21}}",
    "\\sqrt{6}",
    "2\\sqrt{6}",
    "\\sqrt{6}",
    "\\sqrt{6}",
    "\\sqrt{\\dfrac{505}{84}}",
    "\\sqrt{6}",
    "\\sqrt{6}"
  ],
  "voted_answer": "\\sqrt{6}",
  "final_score": 1,
  "avg_kv_cache_usage": 0.16511615371106228,
  "max_kv_cache_usage": 0.2734812822237167,
  "processing_duration_sec": 355.70197892189026,
  "usage_aggregated": {
    "prompt_tokens": 160,
    "total_completion_tokens_across_all_requested_chains": 90413,
    "total_reasoning_tokens_counted": 85615,
    "total_non_reasoning_tokens_counted": 4782,
    "total_tokens_usage": 90573
  },
  "chains_for_voting_details": [
    {
      "chain_index": 1,
      "finish_reason": "stop",
      "extracted_answer": "\\sqrt{\\dfrac{31}{2} - \\sqrt{21}}",
      "prompt_tokens": 160,
      "completion_tokens": 15205,
      "reasoning_tokens_counted": 14724,
      "non_reasoning_tokens_counted": 479
    },
    {
      "chain_index": 2,
      "finish_reason": "stop",
      "extracted_answer": "\\sqrt{6}",
      "prompt_tokens": 160,
      "completion_tokens": 9593,
      "reasoning_tokens_counted": 8826,
      "non_reasoning_tokens_counted": 765
    },
    {
      "chain_index": 3,
      "finish_reason": "stop",
      "extracted_answer": "2\\sqrt{6}",
      "prompt_tokens": 160,
      "completion_tokens": 13550,
      "reasoning_tokens_counted": 12972,
      "non_reasoning_tokens_counted": 576
    },
    {
      "chain_index": 4,
      "finish_reason": "stop",
      "extracted_answer": "\\sqrt{6}",
      "prompt_tokens": 160,
      "completion_tokens": 9617,
      "reasoning_tokens_counted": 8963,
      "non_reasoning_tokens_counted": 652
    },
    {
      "chain_index": 5,
      "finish_reason": "stop",
      "extracted_answer": "\\sqrt{6}",
      "prompt_tokens": 160,
      "completion_tokens": 6535,
      "reasoning_tokens_counted": 5952,
      "non_reasoning_tokens_counted": 581
    },
    {
      "chain_index": 6,
      "finish_reason": "stop",
      "extracted_answer": "\\sqrt{\\dfrac{505}{84}}",
      "prompt_tokens": 160,
      "completion_tokens": 16022,
      "reasoning_tokens_counted": 15422,
      "non_reasoning_tokens_counted": 598
    },
    {
      "chain_index": 7,
      "finish_reason": "stop",
      "extracted_answer": "\\sqrt{6}",
      "prompt_tokens": 160,
      "completion_tokens": 8174,
      "reasoning_tokens_counted": 7671,
      "non_reasoning_tokens_counted": 501
    },
    {
      "chain_index": 8,
      "finish_reason": "stop",
      "extracted_answer": "\\sqrt{6}",
      "prompt_tokens": 160,
      "completion_tokens": 11717,
      "reasoning_tokens_counted": 11085,
      "non_reasoning_tokens_counted": 630
    }
  ],
  "error_chain_details": []
}