{
  "iteration": 16,
  "question_id": "index_15",
  "status": "SUCCESS",
  "n_chains_requested": 8,
  "n_chains_completed_stream_with_content": 8,
  "n_chains_completed_stream_for_voting": 8,
  "error_chains_count": 0,
  "prompt_len": 533,
  "correct_answer_reference": "6300",
  "individual_answers": [
    "2646",
    "18300",
    "8568",
    "2025",
    "6525",
    "2775",
    "5868",
    "225"
  ],
  "voted_answer": "5868",
  "final_score": 0,
  "avg_kv_cache_usage": 0.2503935019768828,
  "max_kv_cache_usage": 0.4372711649107076,
  "processing_duration_sec": 475.1283047199249,
  "usage_aggregated": {
    "prompt_tokens": 114,
    "total_completion_tokens_across_all_requested_chains": 131090,
    "total_reasoning_tokens_counted": 128161,
    "total_non_reasoning_tokens_counted": 2913,
    "total_tokens_usage": 131204
  },
  "chains_for_voting_details": [
    {
      "chain_index": 1,
      "finish_reason": "stop",
      "extracted_answer": "2646",
      "prompt_tokens": 114,
      "completion_tokens": 13262,
      "reasoning_tokens_counted": 12813,
      "non_reasoning_tokens_counted": 447
    },
    {
      "chain_index": 2,
      "finish_reason": "stop",
      "extracted_answer": "18300",
      "prompt_tokens": 114,
      "completion_tokens": 20928,
      "reasoning_tokens_counted": 20632,
      "non_reasoning_tokens_counted": 294
    },
    {
      "chain_index": 3,
      "finish_reason": "stop",
      "extracted_answer": "8568",
      "prompt_tokens": 114,
      "completion_tokens": 16659,
      "reasoning_tokens_counted": 16118,
      "non_reasoning_tokens_counted": 539
    },
    {
      "chain_index": 4,
      "finish_reason": "stop",
      "extracted_answer": "2025",
      "prompt_tokens": 114,
      "completion_tokens": 13364,
      "reasoning_tokens_counted": 12928,
      "non_reasoning_tokens_counted": 434
    },
    {
      "chain_index": 5,
      "finish_reason": "stop",
      "extracted_answer": "6525",
      "prompt_tokens": 114,
      "completion_tokens": 17905,
      "reasoning_tokens_counted": 17369,
      "non_reasoning_tokens_counted": 534
    },
    {
      "chain_index": 6,
      "finish_reason": "stop",
      "extracted_answer": "2775",
      "prompt_tokens": 114,
      "completion_tokens": 9816,
      "reasoning_tokens_counted": 9382,
      "non_reasoning_tokens_counted": 432
    },
    {
      "chain_index": 7,
      "finish_reason": "stop",
      "extracted_answer": "5868",
      "prompt_tokens": 114,
      "completion_tokens": 21370,
      "reasoning_tokens_counted": 21309,
      "non_reasoning_tokens_counted": 59
    },
    {
      "chain_index": 8,
      "finish_reason": "stop",
      "extracted_answer": "225",
      "prompt_tokens": 114,
      "completion_tokens": 17786,
      "reasoning_tokens_counted": 17610,
      "non_reasoning_tokens_counted": 174
    }
  ],
  "error_chain_details": []
}