{
  "iteration": 1,
  "question_id": "index_0",
  "status": "SUCCESS",
  "n_chains_requested": 8,
  "n_chains_completed_stream_with_content": 8,
  "n_chains_completed_stream_for_voting": 8,
  "error_chains_count": 0,
  "prompt_len": 338,
  "correct_answer_reference": "103",
  "individual_answers": [
    "103",
    "103",
    "103",
    "103",
    "103",
    "103",
    "103",
    "103"
  ],
  "voted_answer": "103",
  "final_score": 1,
  "avg_kv_cache_usage": 0.0673015311830901,
  "max_kv_cache_usage": 0.1399536725696779,
  "processing_duration_sec": 128.8729019165039,
  "usage_aggregated": {
    "prompt_tokens": 79,
    "total_completion_tokens_across_all_requested_chains": 39296,
    "total_reasoning_tokens_counted": 35559,
    "total_non_reasoning_tokens_counted": 3721,
    "total_tokens_usage": 39375
  },
  "chains_for_voting_details": [
    {
      "chain_index": 1,
      "finish_reason": "stop",
      "extracted_answer": "103",
      "prompt_tokens": 79,
      "completion_tokens": 4206,
      "reasoning_tokens_counted": 3718,
      "non_reasoning_tokens_counted": 486
    },
    {
      "chain_index": 2,
      "finish_reason": "stop",
      "extracted_answer": "103",
      "prompt_tokens": 79,
      "completion_tokens": 4624,
      "reasoning_tokens_counted": 3943,
      "non_reasoning_tokens_counted": 679
    },
    {
      "chain_index": 3,
      "finish_reason": "stop",
      "extracted_answer": "103",
      "prompt_tokens": 79,
      "completion_tokens": 6183,
      "reasoning_tokens_counted": 5623,
      "non_reasoning_tokens_counted": 558
    },
    {
      "chain_index": 4,
      "finish_reason": "stop",
      "extracted_answer": "103",
      "prompt_tokens": 79,
      "completion_tokens": 4675,
      "reasoning_tokens_counted": 4257,
      "non_reasoning_tokens_counted": 416
    },
    {
      "chain_index": 5,
      "finish_reason": "stop",
      "extracted_answer": "103",
      "prompt_tokens": 79,
      "completion_tokens": 4618,
      "reasoning_tokens_counted": 4226,
      "non_reasoning_tokens_counted": 390
    },
    {
      "chain_index": 6,
      "finish_reason": "stop",
      "extracted_answer": "103",
      "prompt_tokens": 79,
      "completion_tokens": 3666,
      "reasoning_tokens_counted": 3376,
      "non_reasoning_tokens_counted": 288
    },
    {
      "chain_index": 7,
      "finish_reason": "stop",
      "extracted_answer": "103",
      "prompt_tokens": 79,
      "completion_tokens": 4036,
      "reasoning_tokens_counted": 3624,
      "non_reasoning_tokens_counted": 410
    },
    {
      "chain_index": 8,
      "finish_reason": "stop",
      "extracted_answer": "103",
      "prompt_tokens": 79,
      "completion_tokens": 7288,
      "reasoning_tokens_counted": 6792,
      "non_reasoning_tokens_counted": 494
    }
  ],
  "error_chain_details": []
}