{
  "iteration": 11,
  "question_id": "index_10",
  "status": "SUCCESS",
  "n_chains_requested": 8,
  "n_chains_completed_stream_with_content": 8,
  "n_chains_completed_stream_for_voting": 8,
  "error_chains_count": 0,
  "prompt_len": 481,
  "correct_answer_reference": "56",
  "individual_answers": [
    "8",
    "72",
    "4",
    "8",
    "7",
    "8",
    "8",
    "8"
  ],
  "voted_answer": "8",
  "final_score": 0,
  "avg_kv_cache_usage": 0.17865381857714385,
  "max_kv_cache_usage": 0.3269072704176941,
  "processing_duration_sec": 314.4545147418976,
  "usage_aggregated": {
    "prompt_tokens": 111,
    "total_completion_tokens_across_all_requested_chains": 93421,
    "total_reasoning_tokens_counted": 90034,
    "total_non_reasoning_tokens_counted": 3371,
    "total_tokens_usage": 93532
  },
  "chains_for_voting_details": [
    {
      "chain_index": 1,
      "finish_reason": "stop",
      "extracted_answer": "8",
      "prompt_tokens": 111,
      "completion_tokens": 13043,
      "reasoning_tokens_counted": 12645,
      "non_reasoning_tokens_counted": 396
    },
    {
      "chain_index": 2,
      "finish_reason": "stop",
      "extracted_answer": "72",
      "prompt_tokens": 111,
      "completion_tokens": 14957,
      "reasoning_tokens_counted": 14597,
      "non_reasoning_tokens_counted": 358
    },
    {
      "chain_index": 3,
      "finish_reason": "stop",
      "extracted_answer": "4",
      "prompt_tokens": 111,
      "completion_tokens": 13881,
      "reasoning_tokens_counted": 13826,
      "non_reasoning_tokens_counted": 53
    },
    {
      "chain_index": 4,
      "finish_reason": "stop",
      "extracted_answer": "8",
      "prompt_tokens": 111,
      "completion_tokens": 11101,
      "reasoning_tokens_counted": 10518,
      "non_reasoning_tokens_counted": 581
    },
    {
      "chain_index": 5,
      "finish_reason": "stop",
      "extracted_answer": "7",
      "prompt_tokens": 111,
      "completion_tokens": 9885,
      "reasoning_tokens_counted": 9395,
      "non_reasoning_tokens_counted": 488
    },
    {
      "chain_index": 6,
      "finish_reason": "stop",
      "extracted_answer": "8",
      "prompt_tokens": 111,
      "completion_tokens": 10819,
      "reasoning_tokens_counted": 10290,
      "non_reasoning_tokens_counted": 527
    },
    {
      "chain_index": 7,
      "finish_reason": "stop",
      "extracted_answer": "8",
      "prompt_tokens": 111,
      "completion_tokens": 11120,
      "reasoning_tokens_counted": 10710,
      "non_reasoning_tokens_counted": 408
    },
    {
      "chain_index": 8,
      "finish_reason": "stop",
      "extracted_answer": "8",
      "prompt_tokens": 111,
      "completion_tokens": 8615,
      "reasoning_tokens_counted": 8053,
      "non_reasoning_tokens_counted": 560
    }
  ],
  "error_chain_details": []
}