{
  "iteration": 2,
  "question_id": "index_1",
  "status": "SUCCESS",
  "n_chains_requested": 8,
  "n_chains_completed_stream_with_content": 8,
  "n_chains_completed_stream_for_voting": 8,
  "error_chains_count": 0,
  "prompt_len": 600,
  "correct_answer_reference": "3375",
  "individual_answers": [
    "3375",
    "3375",
    "3375",
    "3375",
    "3375",
    "3375",
    "3375",
    "3375"
  ],
  "voted_answer": "3375",
  "final_score": 1,
  "avg_kv_cache_usage": 0.03963772492429722,
  "max_kv_cache_usage": 0.0717327953373683,
  "processing_duration_sec": 38.97692632675171,
  "usage_aggregated": {
    "prompt_tokens": 148,
    "total_completion_tokens_across_all_requested_chains": 16137,
    "total_reasoning_tokens_counted": 13204,
    "total_non_reasoning_tokens_counted": 2917,
    "total_tokens_usage": 16285
  },
  "chains_for_voting_details": [
    {
      "chain_index": 1,
      "finish_reason": "stop",
      "extracted_answer": "3375",
      "prompt_tokens": 148,
      "completion_tokens": 1988,
      "reasoning_tokens_counted": 1688,
      "non_reasoning_tokens_counted": 298
    },
    {
      "chain_index": 2,
      "finish_reason": "stop",
      "extracted_answer": "3375",
      "prompt_tokens": 148,
      "completion_tokens": 2224,
      "reasoning_tokens_counted": 2003,
      "non_reasoning_tokens_counted": 219
    },
    {
      "chain_index": 3,
      "finish_reason": "stop",
      "extracted_answer": "3375",
      "prompt_tokens": 148,
      "completion_tokens": 1853,
      "reasoning_tokens_counted": 1484,
      "non_reasoning_tokens_counted": 367
    },
    {
      "chain_index": 4,
      "finish_reason": "stop",
      "extracted_answer": "3375",
      "prompt_tokens": 148,
      "completion_tokens": 1896,
      "reasoning_tokens_counted": 1436,
      "non_reasoning_tokens_counted": 458
    },
    {
      "chain_index": 5,
      "finish_reason": "stop",
      "extracted_answer": "3375",
      "prompt_tokens": 148,
      "completion_tokens": 2143,
      "reasoning_tokens_counted": 1730,
      "non_reasoning_tokens_counted": 411
    },
    {
      "chain_index": 6,
      "finish_reason": "stop",
      "extracted_answer": "3375",
      "prompt_tokens": 148,
      "completion_tokens": 1761,
      "reasoning_tokens_counted": 1254,
      "non_reasoning_tokens_counted": 505
    },
    {
      "chain_index": 7,
      "finish_reason": "stop",
      "extracted_answer": "3375",
      "prompt_tokens": 148,
      "completion_tokens": 2185,
      "reasoning_tokens_counted": 1865,
      "non_reasoning_tokens_counted": 318
    },
    {
      "chain_index": 8,
      "finish_reason": "stop",
      "extracted_answer": "3375",
      "prompt_tokens": 148,
      "completion_tokens": 2087,
      "reasoning_tokens_counted": 1744,
      "non_reasoning_tokens_counted": 341
    }
  ],
  "error_chain_details": []
}