{
  "iteration": 30,
  "question_id": "index_29",
  "status": "SUCCESS",
  "n_chains_requested": 8,
  "n_chains_completed_stream_with_content": 8,
  "n_chains_completed_stream_for_voting": 8,
  "error_chains_count": 0,
  "prompt_len": 456,
  "correct_answer_reference": "\\sqrt{\\frac{95}{24}}",
  "individual_answers": [
    "3\\sqrt{11}",
    "\\dfrac{70}{3}",
    "\\dfrac{101}{3}",
    "\\dfrac{70}{3}",
    "35",
    "30",
    "30.43",
    "\\dfrac{\\sqrt{5555}}{2}"
  ],
  "voted_answer": "\\dfrac{70}{3}",
  "final_score": 0,
  "avg_kv_cache_usage": 0.3043060095699514,
  "max_kv_cache_usage": 0.5625793917656728,
  "processing_duration_sec": 688.8691139221191,
  "usage_aggregated": {
    "prompt_tokens": 115,
    "total_completion_tokens_across_all_requested_chains": 166868,
    "total_reasoning_tokens_counted": 164719,
    "total_non_reasoning_tokens_counted": 2133,
    "total_tokens_usage": 166983
  },
  "chains_for_voting_details": [
    {
      "chain_index": 1,
      "finish_reason": "stop",
      "extracted_answer": "3\\sqrt{11}",
      "prompt_tokens": 115,
      "completion_tokens": 14943,
      "reasoning_tokens_counted": 14783,
      "non_reasoning_tokens_counted": 158
    },
    {
      "chain_index": 2,
      "finish_reason": "stop",
      "extracted_answer": "\\dfrac{70}{3}",
      "prompt_tokens": 115,
      "completion_tokens": 21771,
      "reasoning_tokens_counted": 21645,
      "non_reasoning_tokens_counted": 124
    },
    {
      "chain_index": 3,
      "finish_reason": "stop",
      "extracted_answer": "\\dfrac{101}{3}",
      "prompt_tokens": 115,
      "completion_tokens": 16240,
      "reasoning_tokens_counted": 16035,
      "non_reasoning_tokens_counted": 203
    },
    {
      "chain_index": 4,
      "finish_reason": "stop",
      "extracted_answer": "\\dfrac{70}{3}",
      "prompt_tokens": 115,
      "completion_tokens": 24915,
      "reasoning_tokens_counted": 24419,
      "non_reasoning_tokens_counted": 494
    },
    {
      "chain_index": 5,
      "finish_reason": "stop",
      "extracted_answer": "35",
      "prompt_tokens": 115,
      "completion_tokens": 24820,
      "reasoning_tokens_counted": 24798,
      "non_reasoning_tokens_counted": 20
    },
    {
      "chain_index": 6,
      "finish_reason": "stop",
      "extracted_answer": "30",
      "prompt_tokens": 115,
      "completion_tokens": 19312,
      "reasoning_tokens_counted": 19039,
      "non_reasoning_tokens_counted": 271
    },
    {
      "chain_index": 7,
      "finish_reason": "stop",
      "extracted_answer": "30.43",
      "prompt_tokens": 115,
      "completion_tokens": 28287,
      "reasoning_tokens_counted": 27812,
      "non_reasoning_tokens_counted": 473
    },
    {
      "chain_index": 8,
      "finish_reason": "stop",
      "extracted_answer": "\\dfrac{\\sqrt{5555}}{2}",
      "prompt_tokens": 115,
      "completion_tokens": 16580,
      "reasoning_tokens_counted": 16188,
      "non_reasoning_tokens_counted": 390
    }
  ],
  "error_chain_details": []
}