{
  "iteration": 19,
  "question_id": "index_18",
  "status": "SUCCESS",
  "n_chains_requested": 8,
  "n_chains_completed_stream_with_content": 8,
  "n_chains_completed_stream_for_voting": 8,
  "error_chains_count": 0,
  "prompt_len": 457,
  "correct_answer_reference": "\\frac{4}{9}",
  "individual_answers": [
    "\\dfrac{1}{2}",
    "\\dfrac{1}{4}",
    "\\dfrac{1}{2}",
    "\\dfrac{1}{2}",
    "\\dfrac{1}{2}",
    "\\dfrac{1}{6}",
    "\\dfrac{15}{16}",
    "\\dfrac{1}{2}"
  ],
  "voted_answer": "\\dfrac{1}{2}",
  "final_score": 0,
  "avg_kv_cache_usage": 0.23833071119307936,
  "max_kv_cache_usage": 0.4973473810057536,
  "processing_duration_sec": 403.6997957229614,
  "usage_aggregated": {
    "prompt_tokens": 90,
    "total_completion_tokens_across_all_requested_chains": 118475,
    "total_reasoning_tokens_counted": 116335,
    "total_non_reasoning_tokens_counted": 2124,
    "total_tokens_usage": 118565
  },
  "chains_for_voting_details": [
    {
      "chain_index": 1,
      "finish_reason": "stop",
      "extracted_answer": "\\dfrac{1}{2}",
      "prompt_tokens": 90,
      "completion_tokens": 13679,
      "reasoning_tokens_counted": 13381,
      "non_reasoning_tokens_counted": 296
    },
    {
      "chain_index": 2,
      "finish_reason": "stop",
      "extracted_answer": "\\dfrac{1}{4}",
      "prompt_tokens": 90,
      "completion_tokens": 16294,
      "reasoning_tokens_counted": 15896,
      "non_reasoning_tokens_counted": 396
    },
    {
      "chain_index": 3,
      "finish_reason": "stop",
      "extracted_answer": "\\dfrac{1}{2}",
      "prompt_tokens": 90,
      "completion_tokens": 14996,
      "reasoning_tokens_counted": 14727,
      "non_reasoning_tokens_counted": 267
    },
    {
      "chain_index": 4,
      "finish_reason": "stop",
      "extracted_answer": "\\dfrac{1}{2}",
      "prompt_tokens": 90,
      "completion_tokens": 15626,
      "reasoning_tokens_counted": 15505,
      "non_reasoning_tokens_counted": 119
    },
    {
      "chain_index": 5,
      "finish_reason": "stop",
      "extracted_answer": "\\dfrac{1}{2}",
      "prompt_tokens": 90,
      "completion_tokens": 13377,
      "reasoning_tokens_counted": 12943,
      "non_reasoning_tokens_counted": 432
    },
    {
      "chain_index": 6,
      "finish_reason": "stop",
      "extracted_answer": "\\dfrac{1}{6}",
      "prompt_tokens": 90,
      "completion_tokens": 13695,
      "reasoning_tokens_counted": 13194,
      "non_reasoning_tokens_counted": 499
    },
    {
      "chain_index": 7,
      "finish_reason": "stop",
      "extracted_answer": "\\dfrac{15}{16}",
      "prompt_tokens": 90,
      "completion_tokens": 13220,
      "reasoning_tokens_counted": 13138,
      "non_reasoning_tokens_counted": 80
    },
    {
      "chain_index": 8,
      "finish_reason": "stop",
      "extracted_answer": "\\dfrac{1}{2}",
      "prompt_tokens": 90,
      "completion_tokens": 17588,
      "reasoning_tokens_counted": 17551,
      "non_reasoning_tokens_counted": 35
    }
  ],
  "error_chain_details": []
}