{
  "iteration": 24,
  "question_id": "index_23",
  "status": "SUCCESS",
  "n_chains_requested": 8,
  "n_chains_completed_stream_with_content": 8,
  "n_chains_completed_stream_for_voting": 8,
  "error_chains_count": 0,
  "prompt_len": 1759,
  "correct_answer_reference": "20",
  "individual_answers": [
    "100",
    "100",
    "20\\sqrt{2}",
    "25",
    "100",
    "4",
    "80",
    "28"
  ],
  "voted_answer": "100",
  "final_score": 0,
  "avg_kv_cache_usage": 0.19356309725757584,
  "max_kv_cache_usage": 0.3102443398341179,
  "processing_duration_sec": 411.9549894332886,
  "usage_aggregated": {
    "prompt_tokens": 677,
    "total_completion_tokens_across_all_requested_chains": 100074,
    "total_reasoning_tokens_counted": 95646,
    "total_non_reasoning_tokens_counted": 4412,
    "total_tokens_usage": 100751
  },
  "chains_for_voting_details": [
    {
      "chain_index": 1,
      "finish_reason": "stop",
      "extracted_answer": "100",
      "prompt_tokens": 677,
      "completion_tokens": 17939,
      "reasoning_tokens_counted": 17638,
      "non_reasoning_tokens_counted": 299
    },
    {
      "chain_index": 2,
      "finish_reason": "stop",
      "extracted_answer": "100",
      "prompt_tokens": 677,
      "completion_tokens": 12408,
      "reasoning_tokens_counted": 11838,
      "non_reasoning_tokens_counted": 568
    },
    {
      "chain_index": 3,
      "finish_reason": "stop",
      "extracted_answer": "20\\sqrt{2}",
      "prompt_tokens": 677,
      "completion_tokens": 15173,
      "reasoning_tokens_counted": 14575,
      "non_reasoning_tokens_counted": 596
    },
    {
      "chain_index": 4,
      "finish_reason": "stop",
      "extracted_answer": "25",
      "prompt_tokens": 677,
      "completion_tokens": 9576,
      "reasoning_tokens_counted": 9122,
      "non_reasoning_tokens_counted": 452
    },
    {
      "chain_index": 5,
      "finish_reason": "stop",
      "extracted_answer": "100",
      "prompt_tokens": 677,
      "completion_tokens": 12443,
      "reasoning_tokens_counted": 11788,
      "non_reasoning_tokens_counted": 653
    },
    {
      "chain_index": 6,
      "finish_reason": "stop",
      "extracted_answer": "4",
      "prompt_tokens": 677,
      "completion_tokens": 16278,
      "reasoning_tokens_counted": 15550,
      "non_reasoning_tokens_counted": 726
    },
    {
      "chain_index": 7,
      "finish_reason": "stop",
      "extracted_answer": "80",
      "prompt_tokens": 677,
      "completion_tokens": 7624,
      "reasoning_tokens_counted": 6972,
      "non_reasoning_tokens_counted": 650
    },
    {
      "chain_index": 8,
      "finish_reason": "stop",
      "extracted_answer": "28",
      "prompt_tokens": 677,
      "completion_tokens": 8633,
      "reasoning_tokens_counted": 8163,
      "non_reasoning_tokens_counted": 468
    }
  ],
  "error_chain_details": []
}