{
  "iteration": 17,
  "question_id": "index_16",
  "status": "SUCCESS",
  "n_chains_requested": 8,
  "n_chains_completed_stream_with_content": 8,
  "n_chains_completed_stream_for_voting": 8,
  "error_chains_count": 0,
  "prompt_len": 579,
  "correct_answer_reference": "2^{25} \\cdot 26!",
  "individual_answers": [
    "(26!)^3",
    "2 \\times 26!",
    "26!",
    "2 \\times 26!",
    "26!",
    "2 \\times 26!",
    "26!",
    "26!"
  ],
  "voted_answer": "26!",
  "final_score": 0,
  "avg_kv_cache_usage": 0.15690345127944202,
  "max_kv_cache_usage": 0.2649630127774042,
  "processing_duration_sec": 273.69870495796204,
  "usage_aggregated": {
    "prompt_tokens": 142,
    "total_completion_tokens_across_all_requested_chains": 80236,
    "total_reasoning_tokens_counted": 76747,
    "total_non_reasoning_tokens_counted": 3473,
    "total_tokens_usage": 80378
  },
  "chains_for_voting_details": [
    {
      "chain_index": 1,
      "finish_reason": "stop",
      "extracted_answer": "(26!)^3",
      "prompt_tokens": 142,
      "completion_tokens": 5642,
      "reasoning_tokens_counted": 5218,
      "non_reasoning_tokens_counted": 422
    },
    {
      "chain_index": 2,
      "finish_reason": "stop",
      "extracted_answer": "2 \\times 26!",
      "prompt_tokens": 142,
      "completion_tokens": 9307,
      "reasoning_tokens_counted": 8841,
      "non_reasoning_tokens_counted": 464
    },
    {
      "chain_index": 3,
      "finish_reason": "stop",
      "extracted_answer": "26!",
      "prompt_tokens": 142,
      "completion_tokens": 10513,
      "reasoning_tokens_counted": 10020,
      "non_reasoning_tokens_counted": 491
    },
    {
      "chain_index": 4,
      "finish_reason": "stop",
      "extracted_answer": "2 \\times 26!",
      "prompt_tokens": 142,
      "completion_tokens": 12937,
      "reasoning_tokens_counted": 12472,
      "non_reasoning_tokens_counted": 463
    },
    {
      "chain_index": 5,
      "finish_reason": "stop",
      "extracted_answer": "26!",
      "prompt_tokens": 142,
      "completion_tokens": 10314,
      "reasoning_tokens_counted": 9866,
      "non_reasoning_tokens_counted": 446
    },
    {
      "chain_index": 6,
      "finish_reason": "stop",
      "extracted_answer": "2 \\times 26!",
      "prompt_tokens": 142,
      "completion_tokens": 12770,
      "reasoning_tokens_counted": 12398,
      "non_reasoning_tokens_counted": 370
    },
    {
      "chain_index": 7,
      "finish_reason": "stop",
      "extracted_answer": "26!",
      "prompt_tokens": 142,
      "completion_tokens": 5403,
      "reasoning_tokens_counted": 5050,
      "non_reasoning_tokens_counted": 351
    },
    {
      "chain_index": 8,
      "finish_reason": "stop",
      "extracted_answer": "26!",
      "prompt_tokens": 142,
      "completion_tokens": 13350,
      "reasoning_tokens_counted": 12882,
      "non_reasoning_tokens_counted": 466
    }
  ],
  "error_chain_details": []
}