{
  "iteration": 23,
  "question_id": "index_22",
  "status": "SUCCESS",
  "n_chains_requested": 8,
  "n_chains_completed_stream_with_content": 8,
  "n_chains_completed_stream_for_voting": 8,
  "error_chains_count": 0,
  "prompt_len": 466,
  "correct_answer_reference": "8\\sqrt{10}",
  "individual_answers": [
    "8\\sqrt{10}",
    "8\\sqrt{10}",
    "8\\sqrt{10}",
    "8\\sqrt{10}",
    "8\\sqrt{10}",
    "8\\sqrt{10}",
    "8\\sqrt{10}",
    "8\\sqrt{10}"
  ],
  "voted_answer": "8\\sqrt{10}",
  "final_score": 1,
  "avg_kv_cache_usage": 0.11434909149942289,
  "max_kv_cache_usage": 0.1924830008219382,
  "processing_duration_sec": 145.5170967578888,
  "usage_aggregated": {
    "prompt_tokens": 130,
    "total_completion_tokens_across_all_requested_chains": 53545,
    "total_reasoning_tokens_counted": 48222,
    "total_non_reasoning_tokens_counted": 5307,
    "total_tokens_usage": 53675
  },
  "chains_for_voting_details": [
    {
      "chain_index": 1,
      "finish_reason": "stop",
      "extracted_answer": "8\\sqrt{10}",
      "prompt_tokens": 130,
      "completion_tokens": 7028,
      "reasoning_tokens_counted": 5727,
      "non_reasoning_tokens_counted": 1299
    },
    {
      "chain_index": 2,
      "finish_reason": "stop",
      "extracted_answer": "8\\sqrt{10}",
      "prompt_tokens": 130,
      "completion_tokens": 7763,
      "reasoning_tokens_counted": 7011,
      "non_reasoning_tokens_counted": 750
    },
    {
      "chain_index": 3,
      "finish_reason": "stop",
      "extracted_answer": "8\\sqrt{10}",
      "prompt_tokens": 130,
      "completion_tokens": 6491,
      "reasoning_tokens_counted": 5948,
      "non_reasoning_tokens_counted": 541
    },
    {
      "chain_index": 4,
      "finish_reason": "stop",
      "extracted_answer": "8\\sqrt{10}",
      "prompt_tokens": 130,
      "completion_tokens": 5457,
      "reasoning_tokens_counted": 4857,
      "non_reasoning_tokens_counted": 598
    },
    {
      "chain_index": 5,
      "finish_reason": "stop",
      "extracted_answer": "8\\sqrt{10}",
      "prompt_tokens": 130,
      "completion_tokens": 5015,
      "reasoning_tokens_counted": 4422,
      "non_reasoning_tokens_counted": 591
    },
    {
      "chain_index": 6,
      "finish_reason": "stop",
      "extracted_answer": "8\\sqrt{10}",
      "prompt_tokens": 130,
      "completion_tokens": 7453,
      "reasoning_tokens_counted": 7017,
      "non_reasoning_tokens_counted": 434
    },
    {
      "chain_index": 7,
      "finish_reason": "stop",
      "extracted_answer": "8\\sqrt{10}",
      "prompt_tokens": 130,
      "completion_tokens": 6704,
      "reasoning_tokens_counted": 6123,
      "non_reasoning_tokens_counted": 579
    },
    {
      "chain_index": 8,
      "finish_reason": "stop",
      "extracted_answer": "8\\sqrt{10}",
      "prompt_tokens": 130,
      "completion_tokens": 7634,
      "reasoning_tokens_counted": 7117,
      "non_reasoning_tokens_counted": 515
    }
  ],
  "error_chain_details": []
}