{
  "iteration": 13,
  "question_id": "index_12",
  "status": "SUCCESS",
  "n_chains_requested": 8,
  "n_chains_completed_stream_with_content": 8,
  "n_chains_completed_stream_for_voting": 8,
  "error_chains_count": 0,
  "prompt_len": 592,
  "correct_answer_reference": "105",
  "individual_answers": [
    "1",
    "90",
    "1",
    "14",
    "1",
    "1",
    "90",
    "1"
  ],
  "voted_answer": "1",
  "final_score": 0,
  "avg_kv_cache_usage": 0.19864304766196747,
  "max_kv_cache_usage": 0.3514906971531046,
  "processing_duration_sec": 356.9192953109741,
  "usage_aggregated": {
    "prompt_tokens": 149,
    "total_completion_tokens_across_all_requested_chains": 101896,
    "total_reasoning_tokens_counted": 99667,
    "total_non_reasoning_tokens_counted": 2213,
    "total_tokens_usage": 102045
  },
  "chains_for_voting_details": [
    {
      "chain_index": 1,
      "finish_reason": "stop",
      "extracted_answer": "1",
      "prompt_tokens": 149,
      "completion_tokens": 12212,
      "reasoning_tokens_counted": 11728,
      "non_reasoning_tokens_counted": 482
    },
    {
      "chain_index": 2,
      "finish_reason": "stop",
      "extracted_answer": "90",
      "prompt_tokens": 149,
      "completion_tokens": 13691,
      "reasoning_tokens_counted": 13578,
      "non_reasoning_tokens_counted": 111
    },
    {
      "chain_index": 3,
      "finish_reason": "stop",
      "extracted_answer": "1",
      "prompt_tokens": 149,
      "completion_tokens": 5115,
      "reasoning_tokens_counted": 4788,
      "non_reasoning_tokens_counted": 325
    },
    {
      "chain_index": 4,
      "finish_reason": "stop",
      "extracted_answer": "14",
      "prompt_tokens": 149,
      "completion_tokens": 16749,
      "reasoning_tokens_counted": 16604,
      "non_reasoning_tokens_counted": 143
    },
    {
      "chain_index": 5,
      "finish_reason": "stop",
      "extracted_answer": "1",
      "prompt_tokens": 149,
      "completion_tokens": 14412,
      "reasoning_tokens_counted": 14014,
      "non_reasoning_tokens_counted": 396
    },
    {
      "chain_index": 6,
      "finish_reason": "stop",
      "extracted_answer": "1",
      "prompt_tokens": 149,
      "completion_tokens": 16266,
      "reasoning_tokens_counted": 16128,
      "non_reasoning_tokens_counted": 136
    },
    {
      "chain_index": 7,
      "finish_reason": "stop",
      "extracted_answer": "90",
      "prompt_tokens": 149,
      "completion_tokens": 12847,
      "reasoning_tokens_counted": 12674,
      "non_reasoning_tokens_counted": 171
    },
    {
      "chain_index": 8,
      "finish_reason": "stop",
      "extracted_answer": "1",
      "prompt_tokens": 149,
      "completion_tokens": 10604,
      "reasoning_tokens_counted": 10153,
      "non_reasoning_tokens_counted": 449
    }
  ],
  "error_chain_details": []
}