{
  "iteration": 14,
  "question_id": "index_13",
  "status": "SUCCESS",
  "n_chains_requested": 8,
  "n_chains_completed_stream_with_content": 8,
  "n_chains_completed_stream_for_voting": 8,
  "error_chains_count": 0,
  "prompt_len": 638,
  "correct_answer_reference": "2304",
  "individual_answers": [
    "20",
    "20",
    "20",
    "20",
    "6",
    "20",
    "44",
    "168"
  ],
  "voted_answer": "20",
  "final_score": 0,
  "avg_kv_cache_usage": 0.13833679195806722,
  "max_kv_cache_usage": 0.2412762459837106,
  "processing_duration_sec": 218.95123505592346,
  "usage_aggregated": {
    "prompt_tokens": 183,
    "total_completion_tokens_across_all_requested_chains": 69235,
    "total_reasoning_tokens_counted": 67938,
    "total_non_reasoning_tokens_counted": 1281,
    "total_tokens_usage": 69418
  },
  "chains_for_voting_details": [
    {
      "chain_index": 1,
      "finish_reason": "stop",
      "extracted_answer": "20",
      "prompt_tokens": 183,
      "completion_tokens": 7181,
      "reasoning_tokens_counted": 7027,
      "non_reasoning_tokens_counted": 152
    },
    {
      "chain_index": 2,
      "finish_reason": "stop",
      "extracted_answer": "20",
      "prompt_tokens": 183,
      "completion_tokens": 9919,
      "reasoning_tokens_counted": 9733,
      "non_reasoning_tokens_counted": 184
    },
    {
      "chain_index": 3,
      "finish_reason": "stop",
      "extracted_answer": "20",
      "prompt_tokens": 183,
      "completion_tokens": 6281,
      "reasoning_tokens_counted": 6075,
      "non_reasoning_tokens_counted": 204
    },
    {
      "chain_index": 4,
      "finish_reason": "stop",
      "extracted_answer": "20",
      "prompt_tokens": 183,
      "completion_tokens": 6625,
      "reasoning_tokens_counted": 6435,
      "non_reasoning_tokens_counted": 188
    },
    {
      "chain_index": 5,
      "finish_reason": "stop",
      "extracted_answer": "6",
      "prompt_tokens": 183,
      "completion_tokens": 9735,
      "reasoning_tokens_counted": 9642,
      "non_reasoning_tokens_counted": 91
    },
    {
      "chain_index": 6,
      "finish_reason": "stop",
      "extracted_answer": "20",
      "prompt_tokens": 183,
      "completion_tokens": 10910,
      "reasoning_tokens_counted": 10769,
      "non_reasoning_tokens_counted": 139
    },
    {
      "chain_index": 7,
      "finish_reason": "stop",
      "extracted_answer": "44",
      "prompt_tokens": 183,
      "completion_tokens": 9693,
      "reasoning_tokens_counted": 9452,
      "non_reasoning_tokens_counted": 239
    },
    {
      "chain_index": 8,
      "finish_reason": "stop",
      "extracted_answer": "168",
      "prompt_tokens": 183,
      "completion_tokens": 8891,
      "reasoning_tokens_counted": 8805,
      "non_reasoning_tokens_counted": 84
    }
  ],
  "error_chain_details": []
}